run,lmst,mode,time_s,sol,t_out_c,tau,t_in_c,rh_pct,soil_vwc,par_umol,heater_pct,led_pct,co2_valve_pct,pump_pct,co2_k30_ppm,co2_scd41_ppm
1,00:00,MANUAL,60,0.0007,-70.00,0.50,15.21,49.34,0.4011,0.0,0.0,0.0,0.0,0.0,903.4,930.5
1,00:01,MANUAL,120,0.0014,-70.00,0.50,9.84,64.58,0.3939,0.0,0.0,0.0,0.0,0.0,904.2,884.9
1,00:02,MANUAL,180,0.0020,-70.00,0.50,5.19,79.80,0.4071,0.0,0.0,0.0,0.0,0.0,891.4,928.9
1,00:03,MANUAL,240,0.0027,-70.00,0.50,0.57,97.14,0.4131,4.2,0.0,0.0,0.0,0.0,896.8,910.6
1,00:04,MANUAL,300,0.0034,-69.99,0.50,-3.35,100.00,0.3873,13.0,0.0,0.0,0.0,0.0,892.6,897.5
1,00:05,MANUAL,360,0.0041,-69.99,0.50,-7.60,100.00,0.4090,0.0,0.0,0.0,0.0,0.0,864.3,936.9
1,00:06,MANUAL,420,0.0047,-69.99,0.50,-10.88,99.80,0.4143,12.9,0.0,0.0,0.0,0.0,898.1,918.7
1,00:07,MANUAL,480,0.0054,-69.98,0.50,-14.56,98.75,0.3939,0.0,0.0,0.0,0.0,0.0,909.7,888.7
1,00:08,MANUAL,540,0.0061,-69.98,0.50,-18.07,99.31,0.3956,0.0,0.0,0.0,0.0,0.0,918.9,920.5
1,00:09,MANUAL,600,0.0068,-69.97,0.50,-20.95,99.96,0.4005,0.0,0.0,0.0,0.0,0.0,890.2,924.9
1,00:10,MANUAL,660,0.0074,-69.96,0.50,-24.16,100.00,0.4080,0.0,0.0,0.0,0.0,0.0,943.4,921.4
1,00:11,MANUAL,720,0.0081,-69.96,0.50,-26.91,98.92,0.4019,6.9,0.0,0.0,0.0,0.0,925.7,901.0
1,00:12,MANUAL,780,0.0088,-69.95,0.50,-29.31,99.64,0.4033,5.8,0.0,0.0,0.0,0.0,942.8,923.9
1,00:13,MANUAL,840,0.0095,-69.94,0.50,-31.65,98.10,0.4095,7.5,0.0,0.0,0.0,0.0,871.0,875.6
1,00:14,MANUAL,900,0.0101,-69.93,0.50,-33.84,100.00,0.3981,0.0,0.0,0.0,0.0,0.0,926.5,887.0
1,00:15,MANUAL,960,0.0108,-69.93,0.50,-36.20,99.92,0.3933,13.6,0.0,0.0,0.0,0.0,896.7,925.9
1,00:16,MANUAL,1020,0.0115,-69.92,0.50,-38.25,100.00,0.4160,6.9,0.0,0.0,0.0,0.0,919.3,915.8
1,00:17,MANUAL,1080,0.0122,-69.91,0.50,-39.80,100.00,0.4044,2.6,0.0,0.0,0.0,0.0,901.9,913.2
1,00:18,MANUAL,1140,0.0128,-69.89,0.50,-41.82,99.92,0.4049,0.0,0.0,0.0,0.0,0.0,916.4,915.9
1,00:19,MANUAL,1200,0.0135,-69.88,0.50,-43.34,100.00,0.4136,14.2,0.0,0.0,0.0,0.0,905.4,881.7
1,00:20,MANUAL,1260,0.0142,-69.87,0.50,-44.93,100.00,0.4152,0.0,0.0,0.0,0.0,0.0,905.8,913.5
1,00:21,MANUAL,1320,0.0149,-69.86,0.50,-46.20,100.00,0.3820,13.3,0.0,0.0,0.0,0.0,873.7,896.2
1,00:22,MANUAL,1380,0.0155,-69.85,0.50,-47.90,99.10,0.3852,0.0,0.0,0.0,0.0,0.0,941.6,908.5
1,00:23,MANUAL,1440,0.0162,-69.83,0.50,-49.29,98.83,0.3969,0.0,0.0,0.0,0.0,0.0,883.5,922.5
1,00:24,MANUAL,1500,0.0169,-69.82,0.50,-50.20,100.00,0.3761,0.0,0.0,0.0,0.0,0.0,903.7,917.2
1,00:25,MANUAL,1560,0.0176,-69.80,0.50,-51.14,100.00,0.3895,1.3,0.0,0.0,0.0,0.0,917.9,918.0
1,00:26,MANUAL,1620,0.0182,-69.79,0.50,-52.55,100.00,0.4044,18.7,0.0,0.0,0.0,0.0,921.8,908.1
1,00:27,MANUAL,1680,0.0189,-69.77,0.50,-53.82,99.54,0.4010,0.0,0.0,0.0,0.0,0.0,921.8,882.2
1,00:28,MANUAL,1740,0.0196,-69.75,0.50,-54.42,99.55,0.3998,6.7,0.0,0.0,0.0,0.0,897.6,907.8
1,00:29,MANUAL,1800,0.0203,-69.74,0.50,-55.61,98.83,0.4127,12.8,0.0,0.0,0.0,0.0,906.8,899.2
1,00:30,MANUAL,1860,0.0210,-69.72,0.50,-56.41,99.93,0.3968,0.0,0.0,0.0,0.0,0.0,895.0,901.6
1,00:31,MANUAL,1920,0.0216,-69.70,0.50,-56.87,97.04,0.3865,4.2,0.0,0.0,0.0,0.0,903.8,925.7
1,00:32,MANUAL,1980,0.0223,-69.68,0.50,-58.02,97.94,0.3923,0.0,0.0,0.0,0.0,0.0,885.8,881.0
1,00:33,MANUAL,2040,0.0230,-69.66,0.50,-58.46,99.50,0.3974,17.6,0.0,0.0,0.0,0.0,905.1,870.7
1,00:34,MANUAL,2100,0.0237,-69.64,0.50,-59.28,98.71,0.3982,13.9,0.0,0.0,0.0,0.0,854.5,948.4
1,00:35,MANUAL,2160,0.0243,-69.62,0.50,-59.73,100.00,0.3921,0.0,0.0,0.0,0.0,0.0,956.0,882.7
1,00:36,MANUAL,2220,0.0250,-69.60,0.50,-60.49,99.82,0.4034,5.4,0.0,0.0,0.0,0.0,930.0,874.1
1,00:36,MANUAL,2280,0.0257,-69.58,0.50,-60.76,100.00,0.4149,0.0,0.0,0.0,0.0,0.0,877.4,927.3
1,00:37,MANUAL,2340,0.0264,-69.56,0.50,-61.91,97.47,0.3952,0.0,0.0,0.0,0.0,0.0,911.9,920.7
1,00:38,MANUAL,2400,0.0270,-69.53,0.50,-61.99,99.34,0.3971,0.0,0.0,0.0,0.0,0.0,888.3,900.7
1,00:39,MANUAL,2460,0.0277,-69.51,0.50,-62.57,100.00,0.3948,0.0,0.0,0.0,0.0,0.0,916.6,901.9
1,00:40,MANUAL,2520,0.0284,-69.48,0.50,-62.91,100.00,0.4033,0.0,0.0,0.0,0.0,0.0,902.7,918.0
1,00:41,MANUAL,2580,0.0291,-69.46,0.50,-63.24,99.05,0.3942,0.9,0.0,0.0,0.0,0.0,879.0,902.3
1,00:42,MANUAL,2640,0.0297,-69.43,0.50,-64.02,99.27,0.3900,9.6,0.0,0.0,0.0,0.0,917.3,910.8
1,00:43,MANUAL,2700,0.0304,-69.41,0.50,-64.17,100.00,0.4015,0.0,0.0,0.0,0.0,0.0,907.8,903.2
1,00:44,MANUAL,2760,0.0311,-69.38,0.50,-64.08,99.95,0.4051,0.0,0.0,0.0,0.0,0.0,881.8,938.9
1,00:45,MANUAL,2820,0.0318,-69.35,0.50,-64.72,99.15,0.4039,0.0,0.0,0.0,0.0,0.0,870.9,899.1
1,00:46,MANUAL,2880,0.0324,-69.33,0.50,-65.02,100.00,0.4134,1.0,0.0,0.0,0.0,0.0,898.8,897.2
1,00:47,MANUAL,2940,0.0331,-69.30,0.50,-64.99,99.14,0.4037,0.0,0.0,0.0,0.0,0.0,870.6,902.3
1,00:48,MANUAL,3000,0.0338,-69.27,0.50,-65.43,100.00,0.4167,0.0,0.0,0.0,0.0,0.0,901.6,904.3
1,00:49,MANUAL,3060,0.0345,-69.24,0.50,-65.54,99.90,0.3864,9.7,0.0,0.0,0.0,0.0,930.5,912.3
1,00:50,MANUAL,3120,0.0351,-69.21,0.50,-65.78,99.40,0.4098,0.0,0.0,0.0,0.0,0.0,888.5,879.3
1,00:51,MANUAL,3180,0.0358,-69.18,0.50,-65.65,98.93,0.4173,20.7,0.0,0.0,0.0,0.0,887.0,907.4
1,00:52,MANUAL,3240,0.0365,-69.15,0.50,-66.01,99.25,0.4070,0.0,0.0,0.0,0.0,0.0,893.1,918.6
1,00:53,MANUAL,3300,0.0372,-69.12,0.50,-66.48,97.62,0.3943,0.0,0.0,0.0,0.0,0.0,942.5,861.9
1,00:54,MANUAL,3360,0.0378,-69.09,0.50,-66.85,99.70,0.4080,2.2,0.0,0.0,0.0,0.0,914.1,895.3
1,00:55,MANUAL,3420,0.0385,-69.05,0.50,-66.73,99.94,0.4115,8.9,0.0,0.0,0.0,0.0,882.1,882.7
1,00:56,MANUAL,3480,0.0392,-69.02,0.50,-66.77,99.55,0.4082,6.9,0.0,0.0,0.0,0.0,908.2,893.8
1,00:57,MANUAL,3540,0.0399,-68.99,0.50,-66.99,100.00,0.3994,17.0,0.0,0.0,0.0,0.0,937.4,895.6
1,00:58,MANUAL,3600,0.0406,-68.95,0.50,-66.89,99.96,0.3999,7.8,0.0,0.0,0.0,0.0,899.1,943.5
1,00:59,MANUAL,3660,0.0412,-68.92,0.50,-67.14,100.00,0.4046,0.0,0.0,0.0,0.0,0.0,881.3,879.3
1,01:00,MANUAL,3720,0.0419,-68.88,0.50,-67.63,99.15,0.4009,8.2,0.0,0.0,0.0,0.0,920.5,906.8
1,01:01,MANUAL,3780,0.0426,-68.84,0.50,-67.44,100.00,0.3986,8.0,0.0,0.0,0.0,0.0,936.0,885.2
1,01:02,MANUAL,3840,0.0433,-68.81,0.50,-67.48,100.00,0.4152,0.0,0.0,0.0,0.0,0.0,894.6,880.2
1,01:03,MANUAL,3900,0.0439,-68.77,0.50,-67.60,99.87,0.4047,0.0,0.0,0.0,0.0,0.0,942.0,910.0
1,01:04,MANUAL,3960,0.0446,-68.73,0.50,-67.47,100.00,0.3934,0.0,0.0,0.0,0.0,0.0,912.1,867.2
1,01:05,MANUAL,4020,0.0453,-68.69,0.50,-67.65,100.00,0.3998,0.0,0.0,0.0,0.0,0.0,916.9,880.9
1,01:06,MANUAL,4080,0.0460,-68.65,0.50,-68.00,99.04,0.4052,8.7,0.0,0.0,0.0,0.0,912.7,895.8
1,01:07,MANUAL,4140,0.0466,-68.61,0.50,-67.80,99.55,0.3980,0.0,0.0,0.0,0.0,0.0,924.4,910.7
1,01:08,MANUAL,4200,0.0473,-68.57,0.50,-67.84,100.00,0.3864,0.0,0.0,0.0,0.0,0.0,933.6,895.5
1,01:09,MANUAL,4260,0.0480,-68.53,0.50,-67.99,100.00,0.4190,5.7,0.0,0.0,0.0,0.0,904.3,851.1
1,01:10,MANUAL,4320,0.0487,-68.49,0.50,-67.91,99.00,0.4109,0.0,0.0,0.0,0.0,0.0,895.7,909.7
1,01:11,MANUAL,4380,0.0493,-68.45,0.50,-68.05,100.00,0.4187,3.6,0.0,0.0,0.0,0.0,888.8,859.9
1,01:12,MANUAL,4440,0.0500,-68.41,0.50,-67.88,100.00,0.4020,0.0,0.0,0.0,0.0,0.0,931.9,909.5
1,01:12,MANUAL,4500,0.0507,-68.37,0.50,-68.18,99.74,0.3917,0.0,0.0,0.0,0.0,0.0,920.6,898.6
1,01:13,MANUAL,4560,0.0514,-68.32,0.50,-67.93,100.00,0.4061,3.3,0.0,0.0,0.0,0.0,893.6,903.1
1,01:14,MANUAL,4620,0.0520,-68.28,0.50,-68.02,99.71,0.3778,9.2,0.0,0.0,0.0,0.0,930.0,884.2
1,01:15,MANUAL,4680,0.0527,-68.23,0.50,-67.89,100.00,0.4229,0.0,0.0,0.0,0.0,0.0,890.3,887.8
1,01:16,MANUAL,4740,0.0534,-68.19,0.50,-68.11,99.60,0.4002,0.0,0.0,0.0,0.0,0.0,931.3,919.0
1,01:17,MANUAL,4800,0.0541,-68.14,0.50,-67.93,99.96,0.3953,0.0,0.0,0.0,0.0,0.0,908.1,932.6
1,01:18,MANUAL,4860,0.0547,-68.10,0.50,-68.18,100.00,0.4008,0.0,0.0,0.0,0.0,0.0,916.0,941.6
1,01:19,MANUAL,4920,0.0554,-68.05,0.50,-67.92,100.00,0.3941,0.0,0.0,0.0,0.0,0.0,914.6,866.1
1,01:20,MANUAL,4980,0.0561,-68.00,0.50,-68.31,99.02,0.4053,9.0,0.0,0.0,0.0,0.0,901.7,882.6
1,01:21,MANUAL,5040,0.0568,-67.95,0.50,-68.08,100.00,0.3918,0.0,0.0,0.0,0.0,0.0,901.8,913.4
1,01:22,MANUAL,5100,0.0574,-67.91,0.50,-67.80,99.73,0.3894,0.0,0.0,0.0,0.0,0.0,913.2,910.4
1,01:23,MANUAL,5160,0.0581,-67.86,0.50,-68.08,99.52,0.3935,8.6,0.0,0.0,0.0,0.0,869.0,896.2
1,01:24,MANUAL,5220,0.0588,-67.81,0.50,-68.22,99.03,0.4003,0.0,0.0,0.0,0.0,0.0,928.2,904.4
1,01:25,MANUAL,5280,0.0595,-67.76,0.50,-67.98,98.31,0.4119,0.0,0.0,0.0,0.0,0.0,935.5,890.4
1,01:26,MANUAL,5340,0.0602,-67.71,0.50,-68.11,99.27,0.3908,0.0,0.0,0.0,0.0,0.0,914.4,902.4
1,01:27,MANUAL,5400,0.0608,-67.66,0.50,-67.72,98.80,0.4113,3.7,0.0,0.0,0.0,0.0,908.8,913.6
1,01:28,MANUAL,5460,0.0615,-67.60,0.50,-68.13,97.44,0.4005,9.9,0.0,0.0,0.0,0.0,915.1,936.8
1,01:29,MANUAL,5520,0.0622,-67.55,0.50,-67.74,98.25,0.3955,5.3,0.0,0.0,0.0,0.0,888.3,891.2
1,01:30,MANUAL,5580,0.0629,-67.50,0.50,-68.06,98.56,0.3941,0.0,0.0,0.0,0.0,0.0,895.7,891.9
1,01:31,MANUAL,5640,0.0635,-67.44,0.50,-67.97,96.64,0.3826,0.4,0.0,0.0,0.0,0.0,914.6,916.5
1,01:32,MANUAL,5700,0.0642,-67.39,0.50,-68.00,97.66,0.3672,0.0,0.0,0.0,0.0,0.0,903.0,928.8
1,01:33,MANUAL,5760,0.0649,-67.34,0.50,-68.02,95.41,0.3917,9.1,0.0,0.0,0.0,0.0,893.5,888.5
1,01:34,MANUAL,5820,0.0656,-67.28,0.50,-67.86,96.28,0.4047,0.0,0.0,0.0,0.0,0.0,893.0,923.5
1,01:35,MANUAL,5880,0.0662,-67.23,0.50,-67.74,94.29,0.4114,6.8,0.0,0.0,0.0,0.0,910.6,913.3
1,01:36,MANUAL,5940,0.0669,-67.17,0.50,-67.49,96.89,0.3927,0.0,0.0,0.0,0.0,0.0,912.7,902.9
1,01:37,MANUAL,6000,0.0676,-67.11,0.50,-68.04,93.79,0.4056,0.0,0.0,0.0,0.0,0.0,940.1,894.6
1,01:38,MANUAL,6060,0.0683,-67.06,0.50,-67.33,92.21,0.3784,0.0,0.0,0.0,0.0,0.0,908.4,904.2
1,01:39,MANUAL,6120,0.0689,-67.00,0.50,-67.30,93.41,0.4057,0.0,0.0,0.0,0.0,0.0,908.2,901.9
1,01:40,MANUAL,6180,0.0696,-66.94,0.50,-67.63,93.84,0.3941,0.0,0.0,0.0,0.0,0.0,933.7,920.2
1,01:41,MANUAL,6240,0.0703,-66.88,0.50,-67.69,93.90,0.3955,14.3,0.0,0.0,0.0,0.0,881.1,913.6
1,01:42,MANUAL,6300,0.0710,-66.82,0.50,-67.60,92.39,0.4015,13.0,0.0,0.0,0.0,0.0,888.4,890.0
1,01:43,MANUAL,6360,0.0716,-66.76,0.50,-67.34,89.79,0.4124,0.0,0.0,0.0,0.0,0.0,896.2,906.1
1,01:44,MANUAL,6420,0.0723,-66.70,0.50,-67.45,90.41,0.3903,0.0,0.0,0.0,0.0,0.0,928.3,940.9
1,01:45,MANUAL,6480,0.0730,-66.64,0.50,-67.40,89.83,0.3992,0.0,0.0,0.0,0.0,0.0,883.2,883.8
1,01:46,MANUAL,6540,0.0737,-66.58,0.50,-67.48,89.50,0.3858,0.4,0.0,0.0,0.0,0.0,930.5,913.0
1,01:47,MANUAL,6600,0.0743,-66.52,0.50,-67.16,89.23,0.4061,9.3,0.0,0.0,0.0,0.0,928.3,907.9
1,01:48,MANUAL,6660,0.0750,-66.46,0.50,-67.25,87.63,0.3959,0.0,0.0,0.0,0.0,0.0,925.1,938.4
1,01:49,MANUAL,6720,0.0757,-66.39,0.50,-67.06,87.78,0.3849,0.0,0.0,0.0,0.0,0.0,922.6,898.9
1,01:49,MANUAL,6780,0.0764,-66.33,0.50,-66.82,85.81,0.4142,1.9,0.0,0.0,0.0,0.0,958.6,903.2
1,01:50,MANUAL,6840,0.0770,-66.27,0.50,-67.27,86.76,0.4148,4.4,0.0,0.0,0.0,0.0,921.8,924.4
1,01:51,MANUAL,6900,0.0777,-66.20,0.50,-67.29,85.62,0.3989,4.3,0.0,0.0,0.0,0.0,896.3,927.7
1,01:52,MANUAL,6960,0.0784,-66.14,0.50,-66.90,85.26,0.3991,10.7,0.0,0.0,0.0,0.0,907.0,915.0
1,01:53,MANUAL,7020,0.0791,-66.07,0.50,-67.04,85.15,0.4051,4.3,0.0,0.0,0.0,0.0,882.2,897.8
1,01:54,MANUAL,7080,0.0798,-66.00,0.50,-67.00,84.82,0.4000,0.0,0.0,0.0,0.0,0.0,880.7,910.3
1,01:55,MANUAL,7140,0.0804,-65.94,0.50,-66.99,84.77,0.4041,0.0,0.0,0.0,0.0,0.0,930.3,896.1
1,01:56,MANUAL,7200,0.0811,-65.87,0.50,-67.03,82.30,0.3970,0.0,0.0,0.0,0.0,0.0,917.0,900.5
1,01:57,MANUAL,7260,0.0818,-65.80,0.50,-66.81,83.34,0.4027,0.0,0.0,0.0,0.0,0.0,946.7,865.7
1,01:58,MANUAL,7320,0.0825,-65.74,0.50,-66.44,82.02,0.3994,17.5,0.0,0.0,0.0,0.0,891.8,905.9
1,01:59,MANUAL,7380,0.0831,-65.67,0.50,-66.90,80.21,0.4049,0.0,0.0,0.0,0.0,0.0,902.3,925.3
1,02:00,MANUAL,7440,0.0838,-65.60,0.50,-66.34,79.31,0.3917,1.6,0.0,0.0,0.0,0.0,890.5,940.8
1,02:01,MANUAL,7500,0.0845,-65.53,0.50,-66.60,79.04,0.4027,12.5,0.0,0.0,0.0,0.0,964.1,918.9
1,02:02,MANUAL,7560,0.0852,-65.46,0.50,-66.94,77.41,0.4142,0.0,0.0,0.0,0.0,0.0,874.4,899.5
1,02:03,MANUAL,7620,0.0858,-65.39,0.50,-66.26,77.96,0.4071,0.0,0.0,0.0,0.0,0.0,916.5,934.0
1,02:04,MANUAL,7680,0.0865,-65.32,0.50,-66.48,78.44,0.4090,0.0,0.0,0.0,0.0,0.0,926.5,904.9
1,02:05,MANUAL,7740,0.0872,-65.24,0.50,-66.41,79.21,0.3976,0.0,0.0,0.0,0.0,0.0,906.4,895.8
1,02:06,MANUAL,7800,0.0879,-65.17,0.50,-66.18,75.98,0.4149,0.0,0.0,0.0,0.0,0.0,902.4,934.9
1,02:07,MANUAL,7860,0.0885,-65.10,0.50,-65.96,75.77,0.3926,0.0,0.0,0.0,0.0,0.0,918.2,924.9
1,02:08,MANUAL,7920,0.0892,-65.03,0.50,-66.13,73.20,0.4037,4.0,0.0,0.0,0.0,0.0,908.1,938.6
1,02:09,MANUAL,7980,0.0899,-64.95,0.50,-66.35,73.98,0.3927,0.0,0.0,0.0,0.0,0.0,910.2,875.5
1,02:10,MANUAL,8040,0.0906,-64.88,0.50,-65.62,74.65,0.3847,0.0,0.0,0.0,0.0,0.0,890.7,890.4
1,02:11,MANUAL,8100,0.0912,-64.80,0.50,-66.11,72.45,0.3966,0.0,0.0,0.0,0.0,0.0,896.7,914.8
1,02:12,MANUAL,8160,0.0919,-64.73,0.50,-65.81,71.08,0.3895,0.0,0.0,0.0,0.0,0.0,900.0,946.9
1,02:13,MANUAL,8220,0.0926,-64.65,0.50,-65.34,72.40,0.3844,26.1,0.0,0.0,0.0,0.0,900.8,892.6
1,02:14,MANUAL,8280,0.0933,-64.58,0.50,-65.47,69.77,0.3938,0.0,0.0,0.0,0.0,0.0,908.5,909.8
1,02:15,MANUAL,8340,0.0939,-64.50,0.50,-65.50,71.96,0.3895,12.6,0.0,0.0,0.0,0.0,893.3,884.4
1,02:16,MANUAL,8400,0.0946,-64.42,0.50,-65.30,70.70,0.3922,0.0,0.0,0.0,0.0,0.0,939.5,939.8
1,02:17,MANUAL,8460,0.0953,-64.35,0.50,-65.64,68.42,0.4140,2.9,0.0,0.0,0.0,0.0,928.3,913.1
1,02:18,MANUAL,8520,0.0960,-64.27,0.50,-65.25,68.43,0.3850,0.0,0.0,0.0,0.0,0.0,925.7,917.6
1,02:19,MANUAL,8580,0.0966,-64.19,0.50,-65.33,67.82,0.3960,8.6,0.0,0.0,0.0,0.0,889.5,942.8
1,02:20,MANUAL,8640,0.0973,-64.11,0.50,-65.31,67.92,0.4070,0.0,0.0,0.0,0.0,0.0,906.3,931.9
1,02:21,MANUAL,8700,0.0980,-64.03,0.50,-65.65,66.46,0.4046,0.0,0.0,0.0,0.0,0.0,906.4,931.4
1,02:22,MANUAL,8760,0.0987,-63.95,0.50,-65.11,66.42,0.4007,0.0,0.0,0.0,0.0,0.0,922.7,942.3
1,02:23,MANUAL,8820,0.0994,-63.87,0.50,-64.97,66.07,0.3993,7.8,0.0,0.0,0.0,0.0,904.8,905.9
1,02:24,MANUAL,8880,0.1000,-63.79,0.50,-65.06,62.61,0.4032,0.0,0.0,0.0,0.0,0.0,911.2,916.3
1,02:25,MANUAL,8940,0.1007,-63.71,0.50,-64.87,62.37,0.4116,0.0,0.0,0.0,0.0,0.0,931.6,933.2
1,02:25,MANUAL,9000,0.1014,-63.63,0.50,-64.98,63.91,0.4145,0.0,0.0,0.0,0.0,0.0,909.7,896.5
1,02:26,MANUAL,9060,0.1021,-63.54,0.50,-65.03,63.68,0.3790,0.0,0.0,0.0,0.0,0.0,908.8,963.7
1,02:27,MANUAL,9120,0.1027,-63.46,0.50,-64.86,63.09,0.4010,0.0,0.0,0.0,0.0,0.0,917.8,948.6
1,02:28,MANUAL,9180,0.1034,-63.38,0.50,-64.58,62.72,0.3964,3.1,0.0,0.0,0.0,0.0,924.5,902.2
1,02:29,MANUAL,9240,0.1041,-63.29,0.50,-64.68,60.46,0.3744,4.4,0.0,0.0,0.0,0.0,918.8,893.0
1,02:30,MANUAL,9300,0.1048,-63.21,0.50,-64.59,62.17,0.3986,0.9,0.0,0.0,0.0,0.0,906.5,935.8
1,02:31,MANUAL,9360,0.1054,-63.13,0.50,-64.35,60.04,0.3920,8.2,0.0,0.0,0.0,0.0,929.2,904.1
1,02:32,MANUAL,9420,0.1061,-63.04,0.50,-64.17,59.17,0.3920,0.0,0.0,0.0,0.0,0.0,921.1,941.6
1,02:33,MANUAL,9480,0.1068,-62.95,0.50,-63.95,55.70,0.4098,0.0,0.0,0.0,0.0,0.0,941.2,949.4
1,02:34,MANUAL,9540,0.1075,-62.87,0.50,-64.38,57.60,0.4025,0.0,0.0,0.0,0.0,0.0,905.3,878.4
1,02:35,MANUAL,9600,0.1081,-62.78,0.50,-64.44,56.11,0.3806,0.0,0.0,0.0,0.0,0.0,900.2,901.7
1,02:36,MANUAL,9660,0.1088,-62.70,0.50,-63.88,57.56,0.4164,0.0,0.0,0.0,0.0,0.0,925.7,932.3
1,02:37,MANUAL,9720,0.1095,-62.61,0.50,-64.05,55.46,0.3999,0.0,0.0,0.0,0.0,0.0,862.8,912.1
1,02:38,MANUAL,9780,0.1102,-62.52,0.50,-63.81,55.60,0.3930,0.0,0.0,0.0,0.0,0.0,908.3,911.8
1,02:39,MANUAL,9840,0.1108,-62.43,0.50,-63.96,54.86,0.3767,1.6,0.0,0.0,0.0,0.0,911.1,883.7
1,02:40,MANUAL,9900,0.1115,-62.34,0.50,-63.67,52.94,0.4190,0.0,0.0,0.0,0.0,0.0,911.8,888.9
1,02:41,MANUAL,9960,0.1122,-62.25,0.50,-63.74,53.23,0.3973,0.0,0.0,0.0,0.0,0.0,898.1,921.6
1,02:42,MANUAL,10020,0.1129,-62.16,0.50,-63.65,50.86,0.4018,12.0,0.0,0.0,0.0,0.0,942.3,937.7
1,02:43,MANUAL,10080,0.1135,-62.07,0.50,-63.63,50.80,0.3945,0.0,0.0,0.0,0.0,0.0,906.2,903.4
1,02:44,MANUAL,10140,0.1142,-61.98,0.50,-63.10,51.60,0.3876,10.8,0.0,0.0,0.0,0.0,926.5,953.9
1,02:45,MANUAL,10200,0.1149,-61.89,0.50,-63.53,51.49,0.3947,0.0,0.0,0.0,0.0,0.0,884.0,913.0
1,02:46,MANUAL,10260,0.1156,-61.80,0.50,-63.54,50.50,0.3934,6.4,0.0,0.0,0.0,0.0,937.0,939.4
1,02:47,MANUAL,10320,0.1162,-61.71,0.50,-63.23,48.37,0.3876,3.2,0.0,0.0,0.0,0.0,911.5,924.6
1,02:48,MANUAL,10380,0.1169,-61.62,0.50,-63.03,50.60,0.4023,11.2,0.0,0.0,0.0,0.0,947.0,903.2
1,02:49,MANUAL,10440,0.1176,-61.52,0.50,-62.94,50.42,0.3755,0.0,0.0,0.0,0.0,0.0,896.2,904.7
1,02:50,MANUAL,10500,0.1183,-61.43,0.50,-62.99,48.74,0.3907,0.0,0.0,0.0,0.0,0.0,922.9,919.3
1,02:51,MANUAL,10560,0.1190,-61.34,0.50,-62.93,46.94,0.3999,2.9,0.0,0.0,0.0,0.0,913.3,912.6
1,02:52,MANUAL,10620,0.1196,-61.24,0.50,-63.15,47.69,0.4061,8.2,0.0,0.0,0.0,0.0,907.9,910.5
1,02:53,MANUAL,10680,0.1203,-61.15,0.50,-62.49,46.97,0.3763,0.0,0.0,0.0,0.0,0.0,940.8,886.1
1,02:54,MANUAL,10740,0.1210,-61.05,0.50,-62.81,46.88,0.3903,6.7,0.0,0.0,0.0,0.0,914.0,928.0
1,02:55,MANUAL,10800,0.1217,-60.96,0.50,-62.44,45.34,0.3927,0.0,0.0,0.0,0.0,0.0,906.4,922.7
1,02:56,MANUAL,10860,0.1223,-60.86,0.50,-62.33,44.38,0.3931,18.3,0.0,0.0,0.0,0.0,962.6,917.1
1,02:57,MANUAL,10920,0.1230,-60.77,0.50,-62.41,44.12,0.4076,0.0,0.0,0.0,0.0,0.0,913.1,893.2
1,02:58,MANUAL,10980,0.1237,-60.67,0.50,-62.48,42.75,0.4132,0.0,0.0,0.0,0.0,0.0,906.6,936.2
1,02:59,MANUAL,11040,0.1244,-60.57,0.50,-62.11,41.63,0.4043,5.3,0.0,0.0,0.0,0.0,934.7,934.0
1,03:00,MANUAL,11100,0.1250,-60.48,0.50,-61.79,42.08,0.3902,0.0,0.0,0.0,0.0,0.0,912.3,958.4
1,03:01,MANUAL,11160,0.1257,-60.38,0.50,-61.89,45.06,0.4164,0.0,0.0,0.0,0.0,0.0,909.2,901.9
1,03:01,MANUAL,11220,0.1264,-60.28,0.50,-61.76,43.11,0.3993,0.0,0.0,0.0,0.0,0.0,855.6,938.6
1,03:02,MANUAL,11280,0.1271,-60.18,0.50,-61.57,41.21,0.4046,0.0,0.0,0.0,0.0,0.0,907.4,950.7
1,03:03,MANUAL,11340,0.1277,-60.08,0.50,-61.51,40.95,0.4073,0.0,0.0,0.0,0.0,0.0,887.5,892.1
1,03:04,MANUAL,11400,0.1284,-59.98,0.50,-61.43,41.06,0.4094,0.0,0.0,0.0,0.0,0.0,907.0,898.9
1,03:05,MANUAL,11460,0.1291,-59.88,0.50,-61.52,39.97,0.4095,17.6,0.0,0.0,0.0,0.0,888.8,929.4
1,03:06,MANUAL,11520,0.1298,-59.78,0.50,-61.01,39.24,0.4027,0.0,0.0,0.0,0.0,0.0,917.2,918.2
1,03:07,MANUAL,11580,0.1304,-59.68,0.50,-61.27,38.75,0.3933,11.3,0.0,0.0,0.0,0.0,943.0,885.0
1,03:08,MANUAL,11640,0.1311,-59.58,0.50,-61.21,40.53,0.4062,0.0,0.0,0.0,0.0,0.0,924.4,900.4
1,03:09,MANUAL,11700,0.1318,-59.48,0.50,-60.95,37.80,0.4191,0.0,0.0,0.0,0.0,0.0,911.0,899.7
1,03:10,MANUAL,11760,0.1325,-59.38,0.50,-60.93,37.55,0.3833,0.9,0.0,0.0,0.0,0.0,915.8,926.9
1,03:11,MANUAL,11820,0.1331,-59.28,0.50,-60.59,37.92,0.4045,1.5,0.0,0.0,0.0,0.0,928.5,955.4
1,03:12,MANUAL,11880,0.1338,-59.17,0.50,-60.77,36.73,0.3976,0.0,0.0,0.0,0.0,0.0,892.5,912.9
1,03:13,MANUAL,11940,0.1345,-59.07,0.50,-61.15,35.29,0.3910,8.1,0.0,0.0,0.0,0.0,914.3,902.3
1,03:14,MANUAL,12000,0.1352,-58.97,0.50,-60.66,35.68,0.3977,0.0,0.0,0.0,0.0,0.0,904.2,897.4
1,03:15,MANUAL,12060,0.1358,-58.86,0.50,-60.13,34.37,0.4062,26.6,0.0,0.0,0.0,0.0,916.3,913.7
1,03:16,MANUAL,12120,0.1365,-58.76,0.50,-60.27,36.11,0.4103,0.0,0.0,0.0,0.0,0.0,927.8,921.5
1,03:17,MANUAL,12180,0.1372,-58.65,0.50,-60.31,33.98,0.4026,4.7,0.0,0.0,0.0,0.0,922.3,925.5
1,03:18,MANUAL,12240,0.1379,-58.55,0.50,-60.33,33.67,0.4114,9.6,0.0,0.0,0.0,0.0,905.6,910.9
1,03:19,MANUAL,12300,0.1386,-58.44,0.50,-60.31,34.04,0.3995,0.0,0.0,0.0,0.0,0.0,873.2,924.2
1,03:20,MANUAL,12360,0.1392,-58.34,0.50,-59.75,33.70,0.4074,0.0,0.0,0.0,0.0,0.0,919.8,968.0
1,03:21,MANUAL,12420,0.1399,-58.23,0.50,-60.00,33.29,0.3924,0.4,0.0,0.0,0.0,0.0,927.6,909.4
1,03:22,MANUAL,12480,0.1406,-58.12,0.50,-59.59,32.87,0.4032,0.0,0.0,0.0,0.0,0.0,917.7,906.9
1,03:23,MANUAL,12540,0.1413,-58.02,0.50,-59.86,32.43,0.3835,6.4,0.0,0.0,0.0,0.0,964.7,939.4
1,03:24,MANUAL,12600,0.1419,-57.91,0.50,-60.06,30.93,0.3874,7.0,0.0,0.0,0.0,0.0,918.9,940.4
1,03:25,MANUAL,12660,0.1426,-57.80,0.50,-59.50,29.56,0.4232,13.7,0.0,0.0,0.0,0.0,921.4,919.9
1,03:26,MANUAL,12720,0.1433,-57.70,0.50,-59.39,30.64,0.3944,0.0,0.0,0.0,0.0,0.0,917.7,870.2
1,03:27,MANUAL,12780,0.1440,-57.59,0.50,-59.37,29.22,0.3823,1.7,0.0,0.0,0.0,0.0,946.0,913.2
1,03:28,MANUAL,12840,0.1446,-57.48,0.50,-59.32,28.37,0.4099,6.2,0.0,0.0,0.0,0.0,936.7,934.8
1,03:29,MANUAL,12900,0.1453,-57.37,0.50,-59.12,30.49,0.3916,0.0,0.0,0.0,0.0,0.0,901.1,932.4
1,03:30,MANUAL,12960,0.1460,-57.26,0.50,-58.99,27.86,0.4032,5.6,0.0,0.0,0.0,0.0,914.5,888.8
1,03:31,MANUAL,13020,0.1467,-57.15,0.50,-59.01,28.33,0.3840,2.9,0.0,0.0,0.0,0.0,924.8,924.1
1,03:32,MANUAL,13080,0.1473,-57.04,0.50,-58.54,28.91,0.4145,0.0,0.0,0.0,0.0,0.0,899.2,916.5
1,03:33,MANUAL,13140,0.1480,-56.93,0.50,-58.64,27.88,0.3953,0.0,0.0,0.0,0.0,0.0,937.7,928.0
1,03:34,MANUAL,13200,0.1487,-56.82,0.50,-58.70,28.52,0.3993,4.0,0.0,0.0,0.0,0.0,900.0,910.9
1,03:35,MANUAL,13260,0.1494,-56.71,0.50,-58.48,27.12,0.3953,0.0,0.0,0.0,0.0,0.0,947.2,893.7
1,03:36,MANUAL,13320,0.1500,-56.60,0.50,-58.33,27.74,0.3990,20.5,0.0,0.0,0.0,0.0,922.6,921.1
1,03:37,MANUAL,13380,0.1507,-56.48,0.50,-58.11,26.94,0.3896,16.2,0.0,0.0,0.0,0.0,902.4,918.1
1,03:38,MANUAL,13440,0.1514,-56.37,0.50,-58.05,26.61,0.4183,0.0,0.0,0.0,0.0,0.0,931.9,921.0
1,03:38,MANUAL,13500,0.1521,-56.26,0.50,-58.25,26.06,0.3994,7.2,0.0,0.0,0.0,0.0,916.7,937.0
1,03:39,MANUAL,13560,0.1527,-56.15,0.50,-57.80,25.80,0.4088,0.0,0.0,0.0,0.0,0.0,932.7,921.3
1,03:40,MANUAL,13620,0.1534,-56.03,0.50,-57.63,25.47,0.3989,0.0,0.0,0.0,0.0,0.0,943.7,881.4
1,03:41,MANUAL,13680,0.1541,-55.92,0.50,-57.95,24.30,0.4141,15.6,0.0,0.0,0.0,0.0,938.3,920.9
1,03:42,MANUAL,13740,0.1548,-55.81,0.50,-57.59,24.22,0.4113,0.0,0.0,0.0,0.0,0.0,900.8,888.1
1,03:43,MANUAL,13800,0.1554,-55.69,0.50,-57.77,22.80,0.3904,8.8,0.0,0.0,0.0,0.0,939.7,874.5
1,03:44,MANUAL,13860,0.1561,-55.58,0.50,-57.07,24.71,0.4007,0.0,0.0,0.0,0.0,0.0,928.0,928.6
1,03:45,MANUAL,13920,0.1568,-55.46,0.50,-56.81,24.07,0.3984,4.8,0.0,0.0,0.0,0.0,923.5,931.7
1,03:46,MANUAL,13980,0.1575,-55.35,0.50,-57.33,23.81,0.4080,15.2,0.0,0.0,0.0,0.0,921.9,924.2
1,03:47,MANUAL,14040,0.1582,-55.23,0.50,-57.25,23.31,0.3969,11.0,0.0,0.0,0.0,0.0,925.5,917.2
1,03:48,MANUAL,14100,0.1588,-55.12,0.50,-57.04,21.58,0.4096,0.0,0.0,0.0,0.0,0.0,951.6,919.0
1,03:49,MANUAL,14160,0.1595,-55.00,0.50,-56.94,22.31,0.3912,0.0,0.0,0.0,0.0,0.0,932.5,921.0
1,03:50,MANUAL,14220,0.1602,-54.88,0.50,-56.70,22.50,0.3955,3.3,0.0,0.0,0.0,0.0,975.7,920.1
1,03:51,MANUAL,14280,0.1609,-54.77,0.50,-56.60,19.97,0.4077,20.3,0.0,0.0,0.0,0.0,917.7,934.8
1,03:52,MANUAL,14340,0.1615,-54.65,0.50,-56.54,19.80,0.3937,0.0,0.0,0.0,0.0,0.0,926.6,926.7
1,03:53,MANUAL,14400,0.1622,-54.53,0.50,-56.30,19.59,0.4107,0.0,0.0,0.0,0.0,0.0,917.3,901.7
1,03:54,MANUAL,14460,0.1629,-54.41,0.50,-56.34,20.27,0.4044,17.7,0.0,0.0,0.0,0.0,924.3,917.1
1,03:55,MANUAL,14520,0.1636,-54.30,0.50,-56.15,21.18,0.4030,8.1,0.0,0.0,0.0,0.0,911.3,923.8
1,03:56,MANUAL,14580,0.1642,-54.18,0.50,-56.01,20.41,0.3930,3.1,0.0,0.0,0.0,0.0,948.9,906.3
1,03:57,MANUAL,14640,0.1649,-54.06,0.50,-56.00,21.13,0.3869,6.9,0.0,0.0,0.0,0.0,943.5,878.6
1,03:58,MANUAL,14700,0.1656,-53.94,0.50,-56.00,19.74,0.3995,0.0,0.0,0.0,0.0,0.0,928.1,928.0
1,03:59,MANUAL,14760,0.1663,-53.82,0.50,-55.54,18.27,0.4198,26.1,0.0,0.0,0.0,0.0,903.6,922.2
1,04:00,MANUAL,14820,0.1669,-53.70,0.50,-55.86,20.59,0.3884,17.6,0.0,0.0,0.0,0.0,910.0,912.6
1,04:01,MANUAL,14880,0.1676,-53.58,0.50,-55.53,17.34,0.3968,2.4,0.0,0.0,0.0,0.0,928.9,941.4
1,04:02,MANUAL,14940,0.1683,-53.46,0.50,-55.32,17.55,0.3971,1.5,0.0,0.0,0.0,0.0,935.3,902.7
1,04:03,MANUAL,15000,0.1690,-53.34,0.50,-55.43,18.96,0.4024,0.0,0.0,0.0,0.0,0.0,933.9,929.6
1,04:04,MANUAL,15060,0.1696,-53.22,0.50,-55.40,19.33,0.3947,2.2,0.0,0.0,0.0,0.0,919.3,951.1
1,04:05,MANUAL,15120,0.1703,-53.10,0.50,-54.70,17.29,0.4038,0.0,0.0,0.0,0.0,0.0,909.6,923.4
1,04:06,MANUAL,15180,0.1710,-52.98,0.50,-54.95,16.88,0.4029,0.0,0.0,0.0,0.0,0.0,922.9,922.7
1,04:07,MANUAL,15240,0.1717,-52.86,0.50,-55.01,17.55,0.4127,0.0,0.0,0.0,0.0,0.0,916.2,925.6
1,04:08,MANUAL,15300,0.1723,-52.74,0.50,-54.67,15.43,0.3900,3.0,0.0,0.0,0.0,0.0,949.0,915.3
1,04:09,MANUAL,15360,0.1730,-52.61,0.50,-54.49,16.09,0.3958,3.8,0.0,0.0,0.0,0.0,944.3,923.2
1,04:10,MANUAL,15420,0.1737,-52.49,0.50,-54.32,16.79,0.3953,13.1,0.0,0.0,0.0,0.0,940.0,948.9
1,04:11,MANUAL,15480,0.1744,-52.37,0.50,-54.36,16.65,0.3852,1.7,0.0,0.0,0.0,0.0,953.0,912.0
1,04:12,MANUAL,15540,0.1750,-52.25,0.50,-54.30,14.81,0.3915,0.0,0.0,0.0,0.0,0.0,954.1,914.9
1,04:13,MANUAL,15600,0.1757,-52.12,0.50,-54.03,16.59,0.4089,7.3,0.0,0.0,0.0,0.0,934.1,915.5
1,04:14,MANUAL,15660,0.1764,-52.00,0.50,-53.75,15.34,0.4296,10.6,0.0,0.0,0.0,0.0,955.0,918.7
1,04:14,MANUAL,15720,0.1771,-51.88,0.50,-53.41,16.22,0.3985,0.7,0.0,0.0,0.0,0.0,907.5,931.3
1,04:15,MANUAL,15780,0.1778,-51.75,0.50,-53.62,13.72,0.3871,3.6,0.0,0.0,0.0,0.0,935.6,909.8
1,04:16,MANUAL,15840,0.1784,-51.63,0.50,-53.70,12.92,0.3925,0.0,0.0,0.0,0.0,0.0,939.3,935.3
1,04:17,MANUAL,15900,0.1791,-51.50,0.50,-53.37,14.02,0.3762,6.0,0.0,0.0,0.0,0.0,910.9,944.0
1,04:18,MANUAL,15960,0.1798,-51.38,0.50,-53.29,14.23,0.4118,0.0,0.0,0.0,0.0,0.0,933.9,962.0
1,04:19,MANUAL,16020,0.1805,-51.25,0.50,-53.26,13.83,0.4002,15.7,0.0,0.0,0.0,0.0,951.8,919.7
1,04:20,MANUAL,16080,0.1811,-51.13,0.50,-53.03,13.55,0.3970,5.4,0.0,0.0,0.0,0.0,915.8,908.5
1,04:21,MANUAL,16140,0.1818,-51.00,0.50,-53.15,12.75,0.4073,0.0,0.0,0.0,0.0,0.0,916.9,896.1
1,04:22,MANUAL,16200,0.1825,-50.88,0.50,-52.67,13.23,0.4016,18.7,0.0,0.0,0.0,0.0,926.9,930.0
1,04:23,MANUAL,16260,0.1832,-50.75,0.50,-52.77,12.87,0.3963,13.2,0.0,0.0,0.0,0.0,901.9,963.1
1,04:24,MANUAL,16320,0.1838,-50.63,0.50,-52.63,13.77,0.3997,0.0,0.0,0.0,0.0,0.0,902.3,909.9
1,04:25,MANUAL,16380,0.1845,-50.50,0.50,-52.79,11.41,0.3924,2.0,0.0,0.0,0.0,0.0,923.5,887.7
1,04:26,MANUAL,16440,0.1852,-50.37,0.50,-52.52,13.80,0.3987,7.1,0.0,0.0,0.0,0.0,919.1,929.3
1,04:27,MANUAL,16500,0.1859,-50.25,0.50,-52.23,12.21,0.4056,10.0,0.0,0.0,0.0,0.0,917.6,944.6
1,04:28,MANUAL,16560,0.1865,-50.12,0.50,-52.43,13.61,0.3841,0.0,0.0,0.0,0.0,0.0,923.8,927.1
1,04:29,MANUAL,16620,0.1872,-49.99,0.50,-52.05,12.35,0.4023,0.0,0.0,0.0,0.0,0.0,911.5,887.2
1,04:30,MANUAL,16680,0.1879,-49.86,0.50,-52.24,11.02,0.3858,0.0,0.0,0.0,0.0,0.0,937.7,897.5
1,04:31,MANUAL,16740,0.1886,-49.74,0.50,-51.82,13.11,0.3898,0.0,0.0,0.0,0.0,0.0,948.9,947.3
1,04:32,MANUAL,16800,0.1892,-49.61,0.50,-51.95,13.68,0.3841,0.2,0.0,0.0,0.0,0.0,914.5,883.2
1,04:33,MANUAL,16860,0.1899,-49.48,0.50,-51.80,12.68,0.3979,12.7,0.0,0.0,0.0,0.0,945.2,919.3
1,04:34,MANUAL,16920,0.1906,-49.35,0.50,-51.21,12.39,0.4113,0.0,0.0,0.0,0.0,0.0,910.0,919.9
1,04:35,MANUAL,16980,0.1913,-49.22,0.50,-51.34,11.13,0.3971,1.7,0.0,0.0,0.0,0.0,931.3,942.7
1,04:36,MANUAL,17040,0.1919,-49.09,0.50,-51.31,11.42,0.4026,0.0,0.0,0.0,0.0,0.0,916.6,905.7
1,04:37,MANUAL,17100,0.1926,-48.96,0.50,-51.15,10.08,0.4000,25.1,0.0,0.0,0.0,0.0,934.9,919.9
1,04:38,MANUAL,17160,0.1933,-48.84,0.50,-50.94,9.75,0.4093,0.0,0.0,0.0,0.0,0.0,939.3,898.0
1,04:39,MANUAL,17220,0.1940,-48.71,0.50,-50.92,9.70,0.3905,0.0,0.0,0.0,0.0,0.0,926.9,959.8
1,04:40,MANUAL,17280,0.1946,-48.58,0.50,-50.79,11.07,0.4021,0.0,0.0,0.0,0.0,0.0,935.5,950.3
1,04:41,MANUAL,17340,0.1953,-48.45,0.50,-50.43,10.13,0.3999,10.5,0.0,0.0,0.0,0.0,920.6,909.2
1,04:42,MANUAL,17400,0.1960,-48.32,0.50,-50.57,10.27,0.3911,0.0,0.0,0.0,0.0,0.0,952.5,899.2
1,04:43,MANUAL,17460,0.1967,-48.19,0.50,-50.23,9.93,0.4092,0.0,0.0,0.0,0.0,0.0,917.9,915.0
1,04:44,MANUAL,17520,0.1974,-48.06,0.50,-50.04,11.40,0.3882,1.4,0.0,0.0,0.0,0.0,952.5,913.0
1,04:45,MANUAL,17580,0.1980,-47.93,0.50,-50.24,11.35,0.4051,21.2,0.0,0.0,0.0,0.0,940.4,903.5
1,04:46,MANUAL,17640,0.1987,-47.79,0.50,-50.13,9.57,0.4076,0.0,0.0,0.0,0.0,0.0,906.3,921.3
1,04:47,MANUAL,17700,0.1994,-47.66,0.50,-49.56,10.14,0.3991,39.2,0.0,0.0,0.0,0.0,936.1,934.6
1,04:48,MANUAL,17760,0.2001,-47.53,0.50,-49.74,8.17,0.3889,0.0,0.0,0.0,0.0,0.0,939.5,923.1
1,04:49,MANUAL,17820,0.2007,-47.40,0.50,-49.61,9.74,0.4078,0.0,0.0,0.0,0.0,0.0,913.7,891.1
1,04:50,MANUAL,17880,0.2014,-47.27,0.50,-49.46,10.08,0.3823,9.7,0.0,0.0,0.0,0.0,932.5,905.1
1,04:51,MANUAL,17940,0.2021,-47.14,0.50,-49.25,8.66,0.3928,16.1,0.0,0.0,0.0,0.0,934.2,903.4
1,04:51,MANUAL,18000,0.2028,-47.01,0.50,-48.65,9.46,0.3968,0.0,0.0,0.0,0.0,0.0,882.3,882.2
1,04:52,MANUAL,18060,0.2034,-46.87,0.50,-49.15,7.78,0.4018,6.3,0.0,0.0,0.0,0.0,942.5,902.4
1,04:53,MANUAL,18120,0.2041,-46.74,0.50,-49.03,7.75,0.3951,0.0,0.0,0.0,0.0,0.0,942.2,943.2
1,04:54,MANUAL,18180,0.2048,-46.61,0.50,-48.98,10.00,0.4120,0.0,0.0,0.0,0.0,0.0,954.4,893.0
1,04:55,MANUAL,18240,0.2055,-46.48,0.50,-48.66,7.99,0.3841,0.0,0.0,0.0,0.0,0.0,932.3,906.4
1,04:56,MANUAL,18300,0.2061,-46.34,0.50,-48.47,7.95,0.4092,0.0,0.0,0.0,0.0,0.0,907.3,919.4
1,04:57,MANUAL,18360,0.2068,-46.21,0.50,-48.11,8.72,0.4058,6.9,0.0,0.0,0.0,0.0,961.0,904.3
1,04:58,MANUAL,18420,0.2075,-46.08,0.50,-48.32,7.47,0.4084,0.0,0.0,0.0,0.0,0.0,912.5,946.1
1,04:59,MANUAL,18480,0.2082,-45.94,0.50,-48.01,7.33,0.3868,0.0,0.0,0.0,0.0,0.0,911.0,921.2
1,05:00,MANUAL,18540,0.2088,-45.81,0.50,-48.22,4.76,0.4061,5.4,0.0,0.0,0.0,0.0,957.2,948.5
1,05:01,MANUAL,18600,0.2095,-45.68,0.50,-47.92,8.71,0.3967,0.0,0.0,0.0,0.0,0.0,944.1,933.8
1,05:02,MANUAL,18660,0.2102,-45.54,0.50,-48.17,9.32,0.4083,3.5,0.0,0.0,0.0,0.0,932.0,948.2
1,05:03,MANUAL,18720,0.2109,-45.41,0.50,-47.53,8.15,0.4164,0.0,0.0,0.0,0.0,0.0,896.1,909.3
1,05:04,MANUAL,18780,0.2115,-45.28,0.50,-47.76,8.32,0.4035,20.1,0.0,0.0,0.0,0.0,934.6,913.4
1,05:05,MANUAL,18840,0.2122,-45.14,0.50,-47.22,9.92,0.4098,0.0,0.0,0.0,0.0,0.0,953.0,952.7
1,05:06,MANUAL,18900,0.2129,-45.01,0.50,-47.43,6.96,0.4012,0.0,0.0,0.0,0.0,0.0,916.1,916.7
1,05:07,MANUAL,18960,0.2136,-44.87,0.50,-47.56,6.00,0.3988,0.0,0.0,0.0,0.0,0.0,922.0,947.4
1,05:08,MANUAL,19020,0.2142,-44.74,0.50,-46.96,8.24,0.3966,0.0,0.0,0.0,0.0,0.0,940.8,912.5
1,05:09,MANUAL,19080,0.2149,-44.60,0.50,-46.79,6.55,0.4038,0.2,0.0,0.0,0.0,0.0,954.3,910.3
1,05:10,MANUAL,19140,0.2156,-44.47,0.50,-46.89,6.92,0.4006,21.2,0.0,0.0,0.0,0.0,918.5,917.6
1,05:11,MANUAL,19200,0.2163,-44.33,0.50,-46.62,4.89,0.3827,0.0,0.0,0.0,0.0,0.0,899.1,906.7
1,05:12,MANUAL,19260,0.2170,-44.20,0.50,-46.32,5.87,0.4139,7.9,0.0,0.0,0.0,0.0,915.3,908.0
1,05:13,MANUAL,19320,0.2176,-44.06,0.50,-46.56,6.46,0.3757,7.5,0.0,0.0,0.0,0.0,914.4,933.2
1,05:14,MANUAL,19380,0.2183,-43.93,0.50,-46.28,5.56,0.3965,4.7,0.0,0.0,0.0,0.0,931.6,912.8
1,05:15,MANUAL,19440,0.2190,-43.79,0.50,-46.06,6.54,0.4078,2.8,0.0,0.0,0.0,0.0,925.2,901.0
1,05:16,MANUAL,19500,0.2197,-43.66,0.50,-45.41,5.56,0.3817,27.4,0.0,0.0,0.0,0.0,925.8,936.2
1,05:17,MANUAL,19560,0.2203,-43.52,0.50,-45.48,6.71,0.4011,0.0,0.0,0.0,0.0,0.0,924.5,923.6
1,05:18,MANUAL,19620,0.2210,-43.39,0.50,-45.69,5.88,0.4091,30.4,0.0,0.0,0.0,0.0,906.1,934.3
1,05:19,MANUAL,19680,0.2217,-43.25,0.50,-45.53,5.49,0.3917,4.6,0.0,0.0,0.0,0.0,946.2,917.3
1,05:20,MANUAL,19740,0.2224,-43.12,0.50,-45.62,6.45,0.4002,0.0,0.0,0.0,0.0,0.0,930.0,968.0
1,05:21,MANUAL,19800,0.2230,-42.98,0.50,-45.45,4.41,0.3956,2.7,0.0,0.0,0.0,0.0,944.3,953.3
1,05:22,MANUAL,19860,0.2237,-42.84,0.50,-44.82,7.36,0.4069,0.0,0.0,0.0,0.0,0.0,946.8,920.1
1,05:23,MANUAL,19920,0.2244,-42.71,0.50,-45.07,4.44,0.3892,0.8,0.0,0.0,0.0,0.0,946.3,889.8
1,05:24,MANUAL,19980,0.2251,-42.57,0.50,-44.98,6.34,0.3915,9.4,0.0,0.0,0.0,0.0,934.0,907.6
1,05:25,MANUAL,20040,0.2257,-42.43,0.50,-44.52,4.99,0.4094,0.1,0.0,0.0,0.0,0.0,944.6,940.8
1,05:26,MANUAL,20100,0.2264,-42.30,0.50,-44.82,5.63,0.3855,10.1,0.0,0.0,0.0,0.0,942.4,902.1
1,05:27,MANUAL,20160,0.2271,-42.16,0.50,-44.23,7.93,0.4020,0.0,0.0,0.0,0.0,0.0,980.1,870.7
1,05:27,MANUAL,20220,0.2278,-42.03,0.50,-44.10,5.46,0.4153,0.0,0.0,0.0,0.0,0.0,962.4,935.9
1,05:28,MANUAL,20280,0.2284,-41.89,0.50,-43.98,4.29,0.3999,10.1,0.0,0.0,0.0,0.0,932.8,927.2
1,05:29,MANUAL,20340,0.2291,-41.75,0.50,-43.84,4.69,0.3914,8.2,0.0,0.0,0.0,0.0,936.4,964.1
1,05:30,MANUAL,20400,0.2298,-41.61,0.50,-44.14,7.04,0.4070,5.7,0.0,0.0,0.0,0.0,914.3,922.7
1,05:31,MANUAL,20460,0.2305,-41.48,0.50,-43.48,3.86,0.4095,0.0,0.0,0.0,0.0,0.0,946.1,944.1
1,05:32,MANUAL,20520,0.2311,-41.34,0.50,-43.55,4.99,0.3933,0.0,0.0,0.0,0.0,0.0,956.8,930.7
1,05:33,MANUAL,20580,0.2318,-41.20,0.50,-43.45,3.86,0.4047,0.0,0.0,0.0,0.0,0.0,945.9,922.0
1,05:34,MANUAL,20640,0.2325,-41.07,0.50,-43.94,4.49,0.3881,0.0,0.0,0.0,0.0,0.0,907.8,916.6
1,05:35,MANUAL,20700,0.2332,-40.93,0.50,-43.19,4.71,0.3696,11.0,0.0,0.0,0.0,0.0,922.9,937.8
1,05:36,MANUAL,20760,0.2338,-40.79,0.50,-42.96,4.75,0.3930,0.0,0.0,0.0,0.0,0.0,955.0,944.6
1,05:37,MANUAL,20820,0.2345,-40.65,0.50,-43.25,3.91,0.3988,6.0,0.0,0.0,0.0,0.0,890.8,929.0
1,05:38,MANUAL,20880,0.2352,-40.52,0.50,-42.77,5.23,0.4042,27.6,0.0,0.0,0.0,0.0,916.6,933.2
1,05:39,MANUAL,20940,0.2359,-40.38,0.50,-42.40,2.99,0.3987,0.0,0.0,0.0,0.0,0.0,946.3,962.5
1,05:40,MANUAL,21000,0.2366,-40.24,0.50,-42.70,3.91,0.3936,0.0,0.0,0.0,0.0,0.0,904.8,931.8
1,05:41,MANUAL,21060,0.2372,-40.11,0.50,-42.54,4.80,0.4006,16.4,0.0,0.0,0.0,0.0,930.1,906.1
1,05:42,MANUAL,21120,0.2379,-39.97,0.50,-42.44,4.09,0.4081,11.3,0.0,0.0,0.0,0.0,951.9,896.8
1,05:43,MANUAL,21180,0.2386,-39.83,0.50,-42.48,4.20,0.3965,4.9,0.0,0.0,0.0,0.0,935.2,955.9
1,05:44,MANUAL,21240,0.2393,-39.69,0.50,-42.09,5.66,0.3973,6.6,0.0,0.0,0.0,0.0,953.7,895.5
1,05:45,MANUAL,21300,0.2399,-39.55,0.50,-41.97,4.05,0.3958,1.4,0.0,0.0,0.0,0.0,918.2,949.3
1,05:46,MANUAL,21360,0.2406,-39.42,0.50,-41.31,2.54,0.4117,0.0,0.0,0.0,0.0,0.0,946.5,919.5
1,05:47,MANUAL,21420,0.2413,-39.28,0.50,-41.91,4.08,0.4049,0.0,0.0,0.0,0.0,0.0,916.3,933.2
1,05:48,MANUAL,21480,0.2420,-39.14,0.50,-41.37,5.32,0.4057,1.0,0.0,0.0,0.0,0.0,896.0,952.6
1,05:49,MANUAL,21540,0.2426,-39.00,0.50,-41.51,4.72,0.3948,0.0,0.0,0.0,0.0,0.0,951.9,927.8
1,05:50,MANUAL,21600,0.2433,-38.87,0.50,-40.84,3.87,0.4002,0.0,0.0,0.0,0.0,0.0,927.9,963.9
1,05:51,MANUAL,21660,0.2440,-38.73,0.50,-40.86,3.50,0.3944,0.0,0.0,0.0,0.0,0.0,956.1,909.2
1,05:52,MANUAL,21720,0.2447,-38.59,0.50,-41.13,3.18,0.4052,0.0,0.0,0.0,0.0,0.0,940.1,927.9
1,05:53,MANUAL,21780,0.2453,-38.45,0.50,-40.99,4.85,0.3995,6.5,0.0,0.0,0.0,0.0,943.7,905.5
1,05:54,MANUAL,21840,0.2460,-38.31,0.50,-40.52,1.28,0.3954,9.2,0.0,0.0,0.0,0.0,944.5,937.2
1,05:55,MANUAL,21900,0.2467,-38.18,0.50,-40.56,3.93,0.3811,0.0,0.0,0.0,0.0,0.0,918.8,929.6
1,05:56,MANUAL,21960,0.2474,-38.04,0.50,-40.48,3.73,0.3799,11.8,0.0,0.0,0.0,0.0,945.5,901.1
1,05:57,MANUAL,22020,0.2480,-37.90,0.50,-40.35,4.77,0.4061,3.7,0.0,0.0,0.0,0.0,913.6,930.8
1,05:58,MANUAL,22080,0.2487,-37.76,0.50,-39.93,3.47,0.4048,2.4,0.0,0.0,0.0,0.0,928.2,944.4
1,05:59,MANUAL,22140,0.2494,-37.62,0.50,-39.70,2.90,0.4105,0.0,0.0,0.0,0.0,0.0,929.4,913.7
1,06:00,MANUAL,22200,0.2501,-37.49,0.50,-39.50,2.72,0.4007,0.0,0.0,0.0,0.0,0.0,962.5,911.9
1,06:01,MANUAL,22260,0.2507,-37.35,0.50,-39.62,2.64,0.4055,4.6,0.0,0.0,0.0,0.0,919.0,927.2
1,06:02,MANUAL,22320,0.2514,-37.21,0.50,-39.42,1.83,0.4012,0.0,0.0,0.0,0.0,0.0,906.2,943.8
1,06:03,MANUAL,22380,0.2521,-37.07,0.50,-39.12,1.69,0.3937,2.8,0.0,0.0,0.0,0.0,921.3,928.0
1,06:03,MANUAL,22440,0.2528,-36.93,0.50,-39.02,2.33,0.3998,9.8,0.0,0.0,0.0,0.0,927.8,970.5
1,06:04,MANUAL,22500,0.2534,-36.80,0.50,-39.03,3.93,0.4033,23.2,0.0,0.0,0.0,0.0,937.6,945.7
1,06:05,MANUAL,22560,0.2541,-36.66,0.50,-39.17,4.27,0.4214,19.2,0.0,0.0,0.0,0.0,958.1,961.2
1,06:06,MANUAL,22620,0.2548,-36.52,0.50,-38.92,2.80,0.3955,18.7,0.0,0.0,0.0,0.0,909.2,967.5
1,06:07,MANUAL,22680,0.2555,-36.38,0.50,-38.57,3.31,0.3917,32.5,0.0,0.0,0.0,0.0,932.8,956.4
1,06:08,MANUAL,22740,0.2562,-36.24,0.50,-38.41,3.67,0.4158,33.7,0.0,0.0,0.0,0.0,920.5,901.8
1,06:09,MANUAL,22800,0.2568,-36.11,0.50,-37.83,4.08,0.3986,57.4,0.0,0.0,0.0,0.0,938.7,952.8
1,06:10,MANUAL,22860,0.2575,-35.97,0.50,-38.49,1.51,0.3819,44.5,0.0,0.0,0.0,0.0,935.7,955.8
1,06:11,MANUAL,22920,0.2582,-35.83,0.50,-38.15,3.61,0.4007,32.5,0.0,0.0,0.0,0.0,921.5,933.1
1,06:12,MANUAL,22980,0.2589,-35.69,0.50,-38.23,0.64,0.3948,50.6,0.0,0.0,0.0,0.0,944.7,918.2
1,06:13,MANUAL,23040,0.2595,-35.55,0.50,-37.32,3.91,0.3896,33.2,0.0,0.0,0.0,0.0,968.3,948.5
1,06:14,MANUAL,23100,0.2602,-35.42,0.50,-37.17,2.69,0.3867,58.0,0.0,0.0,0.0,0.0,929.0,938.8
1,06:15,MANUAL,23160,0.2609,-35.28,0.50,-37.49,1.46,0.4070,46.3,0.0,0.0,0.0,0.0,932.6,928.5
1,06:16,MANUAL,23220,0.2616,-35.14,0.50,-37.09,5.58,0.3946,57.0,0.0,0.0,0.0,0.0,953.0,927.9
1,06:17,MANUAL,23280,0.2622,-35.00,0.50,-36.83,3.55,0.3942,65.2,0.0,0.0,0.0,0.0,953.0,963.0
1,06:18,MANUAL,23340,0.2629,-34.87,0.50,-36.76,2.51,0.3995,65.9,0.0,0.0,0.0,0.0,956.1,956.5
1,06:19,MANUAL,23400,0.2636,-34.73,0.50,-36.81,2.93,0.4033,56.3,0.0,0.0,0.0,0.0,942.1,940.0
1,06:20,MANUAL,23460,0.2643,-34.59,0.50,-36.45,2.49,0.3808,67.7,0.0,0.0,0.0,0.0,924.6,929.2
1,06:21,MANUAL,23520,0.2649,-34.45,0.50,-36.39,2.83,0.3982,50.4,0.0,0.0,0.0,0.0,956.1,925.0
1,06:22,MANUAL,23580,0.2656,-34.32,0.50,-36.29,0.38,0.4024,65.6,0.0,0.0,0.0,0.0,980.0,942.9
1,06:23,MANUAL,23640,0.2663,-34.18,0.50,-36.11,1.81,0.3953,76.4,0.0,0.0,0.0,0.0,930.5,924.2
1,06:24,MANUAL,23700,0.2670,-34.04,0.50,-35.70,2.91,0.3965,90.4,0.0,0.0,0.0,0.0,957.0,923.6
1,06:25,MANUAL,23760,0.2676,-33.90,0.50,-35.63,3.51,0.3831,82.2,0.0,0.0,0.0,0.0,941.1,931.8
1,06:26,MANUAL,23820,0.2683,-33.77,0.50,-35.38,2.14,0.4043,60.6,0.0,0.0,0.0,0.0,931.2,928.4
1,06:27,MANUAL,23880,0.2690,-33.63,0.50,-35.45,2.75,0.3994,83.6,0.0,0.0,0.0,0.0,910.1,974.5
1,06:28,MANUAL,23940,0.2697,-33.49,0.50,-34.97,3.43,0.3996,88.0,0.0,0.0,0.0,0.0,934.3,943.9
1,06:29,MANUAL,24000,0.2703,-33.36,0.50,-34.92,0.52,0.3777,107.9,0.0,0.0,0.0,0.0,947.4,926.6
1,06:30,MANUAL,24060,0.2710,-33.22,0.50,-34.70,2.05,0.3916,90.2,0.0,0.0,0.0,0.0,916.0,965.0
1,06:31,MANUAL,24120,0.2717,-33.08,0.50,-34.58,0.77,0.3938,118.3,0.0,0.0,0.0,0.0,905.2,955.8
1,06:32,MANUAL,24180,0.2724,-32.95,0.50,-34.69,2.89,0.4080,106.3,0.0,0.0,0.0,0.0,968.1,916.6
1,06:33,MANUAL,24240,0.2730,-32.81,0.50,-34.08,0.93,0.4189,118.6,0.0,0.0,0.0,0.0,916.6,958.2
1,06:34,MANUAL,24300,0.2737,-32.67,0.50,-33.96,2.41,0.4000,115.5,0.0,0.0,0.0,0.0,896.6,888.9
1,06:35,MANUAL,24360,0.2744,-32.54,0.50,-33.77,0.65,0.3851,120.8,0.0,0.0,0.0,0.0,947.9,910.0
1,06:36,MANUAL,24420,0.2751,-32.40,0.50,-33.74,1.99,0.4065,131.5,0.0,0.0,0.0,0.0,949.5,951.1
1,06:37,MANUAL,24480,0.2758,-32.26,0.50,-33.33,1.88,0.3938,124.3,0.0,0.0,0.0,0.0,946.4,923.1
1,06:38,MANUAL,24540,0.2764,-32.13,0.50,-33.43,3.66,0.4060,128.1,0.0,0.0,0.0,0.0,958.2,956.9
1,06:39,MANUAL,24600,0.2771,-31.99,0.50,-33.14,1.43,0.4002,154.6,0.0,0.0,0.0,0.0,953.7,918.4
1,06:40,MANUAL,24660,0.2778,-31.86,0.50,-32.89,2.18,0.4014,141.9,0.0,0.0,0.0,0.0,943.3,924.9
1,06:40,MANUAL,24720,0.2785,-31.72,0.50,-32.57,3.49,0.3977,141.6,0.0,0.0,0.0,0.0,960.7,950.5
1,06:41,MANUAL,24780,0.2791,-31.58,0.50,-32.71,1.02,0.4003,157.3,0.0,0.0,0.0,0.0,961.2,932.4
1,06:42,MANUAL,24840,0.2798,-31.45,0.50,-32.25,3.70,0.3856,134.6,0.0,0.0,0.0,0.0,964.3,933.0
1,06:43,MANUAL,24900,0.2805,-31.31,0.50,-32.23,0.50,0.4053,135.2,0.0,0.0,0.0,0.0,939.1,932.0
1,06:44,MANUAL,24960,0.2812,-31.18,0.50,-31.76,0.02,0.3916,137.4,0.0,0.0,0.0,0.0,911.4,959.5
1,06:45,MANUAL,25020,0.2818,-31.04,0.50,-31.76,1.25,0.4077,164.1,0.0,0.0,0.0,0.0,934.6,933.5
1,06:46,MANUAL,25080,0.2825,-30.91,0.50,-31.45,1.27,0.3736,159.6,0.0,0.0,0.0,0.0,915.2,933.6
1,06:47,MANUAL,25140,0.2832,-30.77,0.50,-31.23,1.34,0.3910,166.9,0.0,0.0,0.0,0.0,966.3,960.0
1,06:48,MANUAL,25200,0.2839,-30.64,0.50,-31.22,0.67,0.4078,177.2,0.0,0.0,0.0,0.0,921.7,940.7
1,06:49,MANUAL,25260,0.2845,-30.50,0.50,-31.05,2.45,0.3972,166.9,0.0,0.0,0.0,0.0,926.0,922.3
1,06:50,MANUAL,25320,0.2852,-30.37,0.50,-30.96,0.98,0.4080,162.0,0.0,0.0,0.0,0.0,903.4,944.3
1,06:51,MANUAL,25380,0.2859,-30.23,0.50,-30.38,1.24,0.3977,174.6,0.0,0.0,0.0,0.0,934.6,945.5
1,06:52,MANUAL,25440,0.2866,-30.10,0.50,-30.30,2.56,0.4002,168.9,0.0,0.0,0.0,0.0,939.8,917.2
1,06:53,MANUAL,25500,0.2872,-29.96,0.50,-30.39,1.49,0.4062,177.9,0.0,0.0,0.0,0.0,944.9,899.5
1,06:54,MANUAL,25560,0.2879,-29.83,0.50,-29.95,3.24,0.3909,204.7,0.0,0.0,0.0,0.0,945.6,931.0
1,06:55,MANUAL,25620,0.2886,-29.70,0.50,-30.08,3.55,0.3992,198.3,0.0,0.0,0.0,0.0,931.2,944.5
1,06:56,MANUAL,25680,0.2893,-29.56,0.50,-29.36,0.41,0.4000,186.7,0.0,0.0,0.0,0.0,933.2,913.4
1,06:57,MANUAL,25740,0.2899,-29.43,0.50,-29.94,3.49,0.3879,211.2,0.0,0.0,0.0,0.0,961.4,950.1
1,06:58,MANUAL,25800,0.2906,-29.29,0.50,-29.45,0.00,0.3939,204.8,0.0,0.0,0.0,0.0,959.0,894.8
1,06:59,MANUAL,25860,0.2913,-29.16,0.50,-29.02,0.77,0.3860,192.9,0.0,0.0,0.0,0.0,947.1,921.6
1,07:00,MANUAL,25920,0.2920,-29.03,0.50,-29.15,0.70,0.3929,210.2,0.0,0.0,0.0,0.0,922.9,937.4
1,07:01,MANUAL,25980,0.2926,-28.89,0.50,-28.38,3.06,0.3948,213.3,0.0,0.0,0.0,0.0,946.8,947.1
1,07:02,MANUAL,26040,0.2933,-28.76,0.50,-28.74,1.92,0.3905,231.0,0.0,0.0,0.0,0.0,959.1,951.5
1,07:03,MANUAL,26100,0.2940,-28.63,0.50,-28.35,0.70,0.3871,213.0,0.0,0.0,0.0,0.0,972.3,917.5
1,07:04,MANUAL,26160,0.2947,-28.50,0.50,-28.41,1.72,0.4006,232.8,0.0,0.0,0.0,0.0,905.0,944.5
1,07:05,MANUAL,26220,0.2954,-28.36,0.50,-28.38,2.07,0.3916,215.1,0.0,0.0,0.0,0.0,980.1,901.6
1,07:06,MANUAL,26280,0.2960,-28.23,0.50,-27.77,1.43,0.3951,220.0,0.0,0.0,0.0,0.0,907.0,945.0
1,07:07,MANUAL,26340,0.2967,-28.10,0.50,-27.74,2.61,0.3956,234.2,0.0,0.0,0.0,0.0,941.5,938.1
1,07:08,MANUAL,26400,0.2974,-27.97,0.50,-27.82,1.56,0.3951,222.8,0.0,0.0,0.0,0.0,956.9,972.2
1,07:09,MANUAL,26460,0.2981,-27.84,0.50,-27.32,0.00,0.4238,220.7,0.0,0.0,0.0,0.0,918.3,931.1
1,07:10,MANUAL,26520,0.2987,-27.70,0.50,-26.88,2.56,0.3900,229.5,0.0,0.0,0.0,0.0,934.3,948.7
1,07:11,MANUAL,26580,0.2994,-27.57,0.50,-26.92,1.53,0.4035,241.4,0.0,0.0,0.0,0.0,939.5,923.9
1,07:12,MANUAL,26640,0.3001,-27.44,0.50,-26.73,0.14,0.3965,247.3,0.0,0.0,0.0,0.0,984.7,930.0
1,07:13,MANUAL,26700,0.3008,-27.31,0.50,-26.67,0.14,0.3943,231.7,0.0,0.0,0.0,0.0,977.3,918.2
1,07:14,MANUAL,26760,0.3014,-27.18,0.50,-26.68,0.16,0.3953,258.0,0.0,0.0,0.0,0.0,957.3,945.2
1,07:15,MANUAL,26820,0.3021,-27.05,0.50,-26.33,1.37,0.3906,258.1,0.0,0.0,0.0,0.0,926.2,943.3
1,07:16,MANUAL,26880,0.3028,-26.92,0.50,-26.17,1.52,0.4036,270.1,0.0,0.0,0.0,0.0,927.7,930.7
1,07:16,MANUAL,26940,0.3035,-26.79,0.50,-26.34,1.54,0.3938,267.3,0.0,0.0,0.0,0.0,955.1,963.8
1,07:17,MANUAL,27000,0.3041,-26.66,0.50,-25.80,1.83,0.4062,246.8,0.0,0.0,0.0,0.0,972.3,931.9
1,07:18,MANUAL,27060,0.3048,-26.53,0.50,-25.64,3.11,0.4123,269.9,0.0,0.0,0.0,0.0,951.9,935.8
1,07:19,MANUAL,27120,0.3055,-26.40,0.50,-25.40,0.52,0.3796,264.8,0.0,0.0,0.0,0.0,941.8,973.9
1,07:20,MANUAL,27180,0.3062,-26.27,0.50,-25.40,0.54,0.3983,258.3,0.0,0.0,0.0,0.0,925.2,908.6
1,07:21,MANUAL,27240,0.3068,-26.14,0.50,-25.19,1.27,0.4049,271.6,0.0,0.0,0.0,0.0,931.1,941.6
1,07:22,MANUAL,27300,0.3075,-26.01,0.50,-24.99,0.00,0.3970,288.9,0.0,0.0,0.0,0.0,933.2,957.2
1,07:23,MANUAL,27360,0.3082,-25.88,0.50,-24.94,0.50,0.3893,275.9,0.0,0.0,0.0,0.0,937.0,942.8
1,07:24,MANUAL,27420,0.3089,-25.75,0.50,-24.32,0.69,0.3934,286.8,0.0,0.0,0.0,0.0,948.4,956.5
1,07:25,MANUAL,27480,0.3095,-25.62,0.50,-24.32,0.23,0.4115,296.0,0.0,0.0,0.0,0.0,909.3,906.4
1,07:26,MANUAL,27540,0.3102,-25.49,0.50,-24.21,2.70,0.4040,295.7,0.0,0.0,0.0,0.0,931.2,923.5
1,07:27,MANUAL,27600,0.3109,-25.37,0.50,-24.07,0.24,0.3823,289.5,0.0,0.0,0.0,0.0,922.7,908.5
1,07:28,MANUAL,27660,0.3116,-25.24,0.50,-23.86,1.20,0.3913,301.5,0.0,0.0,0.0,0.0,974.8,909.5
1,07:29,MANUAL,27720,0.3123,-25.11,0.50,-23.75,0.34,0.4129,303.0,0.0,0.0,0.0,0.0,947.9,933.5
1,07:30,MANUAL,27780,0.3129,-24.98,0.50,-23.37,0.00,0.3845,300.8,0.0,0.0,0.0,0.0,921.5,918.0
1,07:31,MANUAL,27840,0.3136,-24.86,0.50,-23.25,2.13,0.4090,304.6,0.0,0.0,0.0,0.0,960.1,951.8
1,07:32,MANUAL,27900,0.3143,-24.73,0.50,-22.86,1.12,0.3948,293.2,0.0,0.0,0.0,0.0,954.8,940.6
1,07:33,MANUAL,27960,0.3150,-24.60,0.50,-22.79,0.00,0.4189,302.6,0.0,0.0,0.0,0.0,915.7,925.2
1,07:34,MANUAL,28020,0.3156,-24.47,0.50,-22.75,2.42,0.3995,310.6,0.0,0.0,0.0,0.0,963.5,964.2
1,07:35,MANUAL,28080,0.3163,-24.35,0.50,-22.42,1.57,0.3933,321.5,0.0,0.0,0.0,0.0,932.3,944.0
1,07:36,MANUAL,28140,0.3170,-24.22,0.50,-22.60,0.65,0.3797,324.5,0.0,0.0,0.0,0.0,934.3,952.9
1,07:37,MANUAL,28200,0.3177,-24.10,0.50,-22.43,0.00,0.3930,328.7,0.0,0.0,0.0,0.0,972.4,939.3
1,07:38,MANUAL,28260,0.3183,-23.97,0.50,-22.41,0.19,0.4043,339.6,0.0,0.0,0.0,0.0,941.9,998.2
1,07:39,MANUAL,28320,0.3190,-23.85,0.50,-21.76,0.61,0.3865,335.5,0.0,0.0,0.0,0.0,932.8,926.1
1,07:40,MANUAL,28380,0.3197,-23.72,0.50,-21.51,1.33,0.3977,332.1,0.0,0.0,0.0,0.0,928.6,967.6
1,07:41,MANUAL,28440,0.3204,-23.60,0.50,-21.35,0.00,0.3898,345.7,0.0,0.0,0.0,0.0,943.1,954.3
1,07:42,MANUAL,28500,0.3210,-23.47,0.50,-21.35,0.60,0.3987,336.2,0.0,0.0,0.0,0.0,939.4,969.9
1,07:43,MANUAL,28560,0.3217,-23.35,0.50,-21.43,0.54,0.3910,346.2,0.0,0.0,0.0,0.0,978.5,926.6
1,07:44,MANUAL,28620,0.3224,-23.22,0.50,-21.36,1.24,0.3953,350.1,0.0,0.0,0.0,0.0,941.5,958.4
1,07:45,MANUAL,28680,0.3231,-23.10,0.50,-20.79,0.56,0.3822,349.0,0.0,0.0,0.0,0.0,933.3,938.6
1,07:46,MANUAL,28740,0.3237,-22.98,0.50,-20.28,0.79,0.3936,359.2,0.0,0.0,0.0,0.0,911.0,930.2
1,07:47,MANUAL,28800,0.3244,-22.85,0.50,-20.78,0.75,0.4043,359.2,0.0,0.0,0.0,0.0,911.3,980.2
1,07:48,MANUAL,28860,0.3251,-22.73,0.50,-20.15,1.12,0.4071,372.6,0.0,0.0,0.0,0.0,976.4,934.4
1,07:49,MANUAL,28920,0.3258,-22.61,0.50,-20.23,0.00,0.3960,359.2,0.0,0.0,0.0,0.0,947.9,929.5
1,07:50,MANUAL,28980,0.3264,-22.48,0.50,-19.85,0.00,0.4132,366.4,0.0,0.0,0.0,0.0,967.7,982.9
1,07:51,MANUAL,29040,0.3271,-22.36,0.50,-19.73,0.00,0.3943,386.3,0.0,0.0,0.0,0.0,959.2,911.6
1,07:52,MANUAL,29100,0.3278,-22.24,0.50,-19.84,0.00,0.3771,380.4,0.0,0.0,0.0,0.0,949.2,890.7
1,07:52,MANUAL,29160,0.3285,-22.12,0.50,-19.50,0.00,0.3975,373.2,0.0,0.0,0.0,0.0,989.5,935.3
1,07:53,MANUAL,29220,0.3291,-22.00,0.50,-19.28,0.01,0.4064,401.1,0.0,0.0,0.0,0.0,950.1,948.1
1,07:54,MANUAL,29280,0.3298,-21.87,0.50,-19.33,1.43,0.4121,365.8,0.0,0.0,0.0,0.0,946.2,973.1
1,07:55,MANUAL,29340,0.3305,-21.75,0.50,-18.73,0.00,0.4076,367.0,0.0,0.0,0.0,0.0,938.1,951.4
1,07:56,MANUAL,29400,0.3312,-21.63,0.50,-18.83,0.00,0.3887,383.0,0.0,0.0,0.0,0.0,918.0,912.2
1,07:57,MANUAL,29460,0.3319,-21.51,0.50,-18.98,0.23,0.4032,382.7,0.0,0.0,0.0,0.0,928.9,936.6
1,07:58,MANUAL,29520,0.3325,-21.39,0.50,-18.79,0.00,0.3975,383.2,0.0,0.0,0.0,0.0,939.2,941.2
1,07:59,MANUAL,29580,0.3332,-21.27,0.50,-18.44,2.05,0.4020,400.9,0.0,0.0,0.0,0.0,983.0,919.7
1,08:00,MANUAL,29640,0.3339,-21.15,0.50,-18.05,1.58,0.4022,406.8,0.0,0.0,0.0,0.0,900.0,991.6
1,08:01,MANUAL,29700,0.3346,-21.03,0.50,-18.04,0.89,0.3960,395.8,0.0,0.0,0.0,0.0,918.9,943.5
1,08:02,MANUAL,29760,0.3352,-20.92,0.50,-17.65,0.00,0.3806,402.1,0.0,0.0,0.0,0.0,911.1,955.5
1,08:03,MANUAL,29820,0.3359,-20.80,0.50,-17.77,0.69,0.4139,420.0,0.0,0.0,0.0,0.0,940.1,940.5
1,08:04,MANUAL,29880,0.3366,-20.68,0.50,-17.59,0.60,0.3976,397.6,0.0,0.0,0.0,0.0,945.0,945.1
1,08:05,MANUAL,29940,0.3373,-20.56,0.50,-17.53,0.00,0.4019,395.7,0.0,0.0,0.0,0.0,958.9,925.4
1,08:06,MANUAL,30000,0.3379,-20.44,0.50,-17.05,0.05,0.3939,408.2,0.0,0.0,0.0,0.0,939.4,987.3
1,08:07,MANUAL,30060,0.3386,-20.33,0.50,-17.05,0.00,0.4143,421.9,0.0,0.0,0.0,0.0,947.9,989.9
1,08:08,MANUAL,30120,0.3393,-20.21,0.50,-17.00,0.29,0.4155,419.6,0.0,0.0,0.0,0.0,946.9,972.3
1,08:09,MANUAL,30180,0.3400,-20.09,0.50,-16.71,0.00,0.4095,439.0,0.0,0.0,0.0,0.0,934.2,958.5
1,08:10,MANUAL,30240,0.3406,-19.98,0.50,-16.52,0.82,0.4081,427.7,0.0,0.0,0.0,0.0,961.3,953.3
1,08:11,MANUAL,30300,0.3413,-19.86,0.50,-16.40,0.69,0.4001,431.5,0.0,0.0,0.0,0.0,930.5,948.7
1,08:12,MANUAL,30360,0.3420,-19.74,0.50,-16.39,0.00,0.3959,426.4,0.0,0.0,0.0,0.0,933.4,927.2
1,08:13,MANUAL,30420,0.3427,-19.63,0.50,-16.15,0.00,0.4008,450.9,0.0,0.0,0.0,0.0,939.9,963.0
1,08:14,MANUAL,30480,0.3433,-19.51,0.50,-16.31,0.00,0.4007,442.2,0.0,0.0,0.0,0.0,952.5,971.7
1,08:15,MANUAL,30540,0.3440,-19.40,0.50,-15.81,0.00,0.3769,431.0,0.0,0.0,0.0,0.0,967.6,943.2
1,08:16,MANUAL,30600,0.3447,-19.28,0.50,-15.55,1.86,0.4035,437.3,0.0,0.0,0.0,0.0,961.5,944.1
1,08:17,MANUAL,30660,0.3454,-19.17,0.50,-15.34,0.23,0.4110,436.2,0.0,0.0,0.0,0.0,935.1,971.7
1,08:18,MANUAL,30720,0.3460,-19.06,0.50,-15.22,0.00,0.4064,439.9,0.0,0.0,0.0,0.0,950.4,938.2
1,08:19,MANUAL,30780,0.3467,-18.94,0.50,-14.84,0.00,0.3827,465.9,0.0,0.0,0.0,0.0,966.0,965.5
1,08:20,MANUAL,30840,0.3474,-18.83,0.50,-14.85,0.08,0.4076,446.2,0.0,0.0,0.0,0.0,958.7,946.6
1,08:21,MANUAL,30900,0.3481,-18.72,0.50,-14.99,1.18,0.4196,455.9,0.0,0.0,0.0,0.0,948.1,939.5
1,08:22,MANUAL,30960,0.3487,-18.60,0.50,-14.41,0.37,0.3662,457.0,0.0,0.0,0.0,0.0,969.1,989.3
1,08:23,MANUAL,31020,0.3494,-18.49,0.50,-14.65,0.00,0.3952,450.1,0.0,0.0,0.0,0.0,982.8,955.3
1,08:24,MANUAL,31080,0.3501,-18.38,0.50,-14.17,0.00,0.4145,479.6,0.0,0.0,0.0,0.0,950.6,950.4
1,08:25,MANUAL,31140,0.3508,-18.27,0.50,-14.17,0.25,0.3972,465.2,0.0,0.0,0.0,0.0,936.2,940.9
1,08:26,MANUAL,31200,0.3515,-18.16,0.50,-13.61,0.33,0.4027,478.5,0.0,0.0,0.0,0.0,927.1,919.9
1,08:27,MANUAL,31260,0.3521,-18.05,0.50,-13.85,1.49,0.4037,489.1,0.0,0.0,0.0,0.0,911.5,950.2
1,08:28,MANUAL,31320,0.3528,-17.94,0.50,-13.37,0.00,0.3952,474.2,0.0,0.0,0.0,0.0,964.8,948.1
1,08:29,MANUAL,31380,0.3535,-17.83,0.50,-13.41,2.81,0.3972,484.8,0.0,0.0,0.0,0.0,944.5,946.3
1,08:29,MANUAL,31440,0.3542,-17.72,0.50,-13.33,2.57,0.4053,471.4,0.0,0.0,0.0,0.0,946.1,952.5
1,08:30,MANUAL,31500,0.3548,-17.61,0.50,-13.11,0.25,0.4065,479.3,0.0,0.0,0.0,0.0,949.1,948.8
1,08:31,MANUAL,31560,0.3555,-17.50,0.50,-13.27,1.13,0.4099,510.7,0.0,0.0,0.0,0.0,925.5,939.0
1,08:32,MANUAL,31620,0.3562,-17.39,0.50,-12.76,0.77,0.4111,472.4,0.0,0.0,0.0,0.0,901.4,918.9
1,08:33,MANUAL,31680,0.3569,-17.28,0.50,-12.65,0.08,0.4225,491.2,0.0,0.0,0.0,0.0,928.8,919.6
1,08:34,MANUAL,31740,0.3575,-17.17,0.50,-12.66,1.22,0.4062,499.4,0.0,0.0,0.0,0.0,945.2,962.4
1,08:35,MANUAL,31800,0.3582,-17.07,0.50,-12.44,0.16,0.4000,486.2,0.0,0.0,0.0,0.0,944.5,967.7
1,08:36,MANUAL,31860,0.3589,-16.96,0.50,-12.36,0.82,0.4012,494.7,0.0,0.0,0.0,0.0,977.1,957.2
1,08:37,MANUAL,31920,0.3596,-16.85,0.50,-11.96,1.16,0.4021,509.5,0.0,0.0,0.0,0.0,953.7,950.3
1,08:38,MANUAL,31980,0.3602,-16.75,0.50,-11.99,1.10,0.3917,515.3,0.0,0.0,0.0,0.0,972.9,946.8
1,08:39,MANUAL,32040,0.3609,-16.64,0.50,-11.95,0.21,0.3971,513.9,0.0,0.0,0.0,0.0,939.8,946.7
1,08:40,MANUAL,32100,0.3616,-16.53,0.50,-11.67,1.05,0.4146,502.5,0.0,0.0,0.0,0.0,965.8,942.7
1,08:41,MANUAL,32160,0.3623,-16.43,0.50,-11.73,0.53,0.3890,518.1,0.0,0.0,0.0,0.0,950.2,947.0
1,08:42,MANUAL,32220,0.3629,-16.32,0.50,-11.39,0.00,0.3973,515.6,0.0,0.0,0.0,0.0,969.3,966.9
1,08:43,MANUAL,32280,0.3636,-16.22,0.50,-11.19,0.51,0.4088,525.8,0.0,0.0,0.0,0.0,945.8,929.4
1,08:44,MANUAL,32340,0.3643,-16.12,0.50,-11.25,0.00,0.4198,524.3,0.0,0.0,0.0,0.0,960.5,979.9
1,08:45,MANUAL,32400,0.3650,-16.01,0.50,-10.81,0.60,0.3983,536.0,0.0,0.0,0.0,0.0,930.3,974.9
1,08:46,MANUAL,32460,0.3656,-15.91,0.50,-10.75,0.11,0.3970,532.0,0.0,0.0,0.0,0.0,974.4,967.8
1,08:47,MANUAL,32520,0.3663,-15.81,0.50,-10.50,0.00,0.4177,519.9,0.0,0.0,0.0,0.0,962.9,957.5
1,08:48,MANUAL,32580,0.3670,-15.70,0.50,-10.54,1.29,0.3973,533.2,0.0,0.0,0.0,0.0,933.9,942.7
1,08:49,MANUAL,32640,0.3677,-15.60,0.50,-10.35,0.42,0.4108,532.7,0.0,0.0,0.0,0.0,964.4,972.8
1,08:50,MANUAL,32700,0.3683,-15.50,0.50,-10.25,0.00,0.4156,552.7,0.0,0.0,0.0,0.0,942.9,945.5
1,08:51,MANUAL,32760,0.3690,-15.40,0.50,-10.30,0.71,0.3965,535.2,0.0,0.0,0.0,0.0,944.1,920.8
1,08:52,MANUAL,32820,0.3697,-15.30,0.50,-10.23,0.47,0.4140,550.8,0.0,0.0,0.0,0.0,919.3,983.2
1,08:53,MANUAL,32880,0.3704,-15.20,0.50,-9.99,0.82,0.3936,553.9,0.0,0.0,0.0,0.0,958.6,960.4
1,08:54,MANUAL,32940,0.3711,-15.10,0.50,-9.59,0.00,0.3965,562.3,0.0,0.0,0.0,0.0,941.6,947.2
1,08:55,MANUAL,33000,0.3717,-15.00,0.50,-9.57,1.99,0.3956,559.7,0.0,0.0,0.0,0.0,962.7,986.8
1,08:56,MANUAL,33060,0.3724,-14.90,0.50,-9.19,0.00,0.3819,572.8,0.0,0.0,0.0,0.0,941.6,911.5
1,08:57,MANUAL,33120,0.3731,-14.80,0.50,-9.06,0.00,0.4181,564.2,0.0,0.0,0.0,0.0,961.7,937.4
1,08:58,MANUAL,33180,0.3738,-14.70,0.50,-9.28,0.00,0.4136,564.6,0.0,0.0,0.0,0.0,932.7,958.9
1,08:59,MANUAL,33240,0.3744,-14.60,0.50,-8.82,0.00,0.3785,541.8,0.0,0.0,0.0,0.0,951.4,949.4
1,09:00,MANUAL,33300,0.3751,-14.50,0.50,-8.84,0.22,0.3929,560.2,0.0,0.0,0.0,0.0,940.8,911.5
1,09:01,MANUAL,33360,0.3758,-14.41,0.50,-8.33,0.84,0.3940,565.4,0.0,0.0,0.0,0.0,957.9,926.8
1,09:02,MANUAL,33420,0.3765,-14.31,0.50,-8.17,0.67,0.4013,562.2,0.0,0.0,0.0,0.0,960.3,953.3
1,09:03,MANUAL,33480,0.3771,-14.21,0.50,-8.17,1.15,0.3998,584.5,0.0,0.0,0.0,0.0,955.6,949.8
1,09:04,MANUAL,33540,0.3778,-14.12,0.50,-8.07,0.00,0.4141,560.8,0.0,0.0,0.0,0.0,917.3,979.5
1,09:05,MANUAL,33600,0.3785,-14.02,0.50,-8.07,0.00,0.4029,579.5,0.0,0.0,0.0,0.0,949.8,931.9
1,09:05,MANUAL,33660,0.3792,-13.93,0.50,-7.49,0.26,0.4092,568.9,0.0,0.0,0.0,0.0,977.6,961.6
1,09:06,MANUAL,33720,0.3798,-13.83,0.50,-7.55,0.00,0.3993,584.2,0.0,0.0,0.0,0.0,961.6,952.0
1,09:07,MANUAL,33780,0.3805,-13.74,0.50,-7.77,1.59,0.3973,576.0,0.0,0.0,0.0,0.0,930.7,939.2
1,09:08,MANUAL,33840,0.3812,-13.64,0.50,-7.75,1.29,0.3952,608.3,0.0,0.0,0.0,0.0,951.0,964.3
1,09:09,MANUAL,33900,0.3819,-13.55,0.50,-7.50,0.00,0.3981,592.1,0.0,0.0,0.0,0.0,966.6,963.9
1,09:10,MANUAL,33960,0.3825,-13.46,0.50,-7.41,2.15,0.4129,571.9,0.0,0.0,0.0,0.0,970.8,955.9
1,09:11,MANUAL,34020,0.3832,-13.36,0.50,-7.74,0.00,0.3941,591.9,0.0,0.0,0.0,0.0,944.5,939.2
1,09:12,MANUAL,34080,0.3839,-13.27,0.50,-6.86,0.00,0.4179,563.8,0.0,0.0,0.0,0.0,954.7,938.1
1,09:13,MANUAL,34140,0.3846,-13.18,0.50,-6.80,0.00,0.4107,582.3,0.0,0.0,0.0,0.0,933.6,963.4
1,09:14,MANUAL,34200,0.3852,-13.09,0.50,-6.68,0.00,0.4012,611.0,0.0,0.0,0.0,0.0,976.8,966.2
1,09:15,MANUAL,34260,0.3859,-13.00,0.50,-6.57,1.48,0.4090,596.7,0.0,0.0,0.0,0.0,968.0,1005.0
1,09:16,MANUAL,34320,0.3866,-12.91,0.50,-6.59,0.00,0.4046,621.7,0.0,0.0,0.0,0.0,972.2,979.2
1,09:17,MANUAL,34380,0.3873,-12.82,0.50,-6.31,0.44,0.3943,624.0,0.0,0.0,0.0,0.0,980.3,913.9
1,09:18,MANUAL,34440,0.3879,-12.73,0.50,-6.04,0.00,0.3932,606.4,0.0,0.0,0.0,0.0,968.6,955.6
1,09:19,MANUAL,34500,0.3886,-12.64,0.50,-5.90,1.42,0.3894,612.4,0.0,0.0,0.0,0.0,916.9,947.8
1,09:20,MANUAL,34560,0.3893,-12.55,0.50,-5.83,0.00,0.4109,599.9,0.0,0.0,0.0,0.0,932.4,953.1
1,09:21,MANUAL,34620,0.3900,-12.46,0.50,-5.65,0.07,0.3948,612.8,0.0,0.0,0.0,0.0,961.7,965.9
1,09:22,MANUAL,34680,0.3907,-12.37,0.50,-5.58,0.00,0.4126,618.5,0.0,0.0,0.0,0.0,951.4,945.5
1,09:23,MANUAL,34740,0.3913,-12.29,0.50,-5.76,0.00,0.4061,608.2,0.0,0.0,0.0,0.0,942.3,955.8
1,09:24,MANUAL,34800,0.3920,-12.20,0.50,-5.06,0.00,0.4061,627.2,0.0,0.0,0.0,0.0,954.1,930.2
1,09:25,MANUAL,34860,0.3927,-12.11,0.50,-5.38,0.39,0.4086,630.1,0.0,0.0,0.0,0.0,958.2,929.2
1,09:26,MANUAL,34920,0.3934,-12.03,0.50,-4.64,1.54,0.4024,611.5,0.0,0.0,0.0,0.0,956.1,973.4
1,09:27,MANUAL,34980,0.3940,-11.94,0.50,-5.05,0.72,0.4017,627.6,0.0,0.0,0.0,0.0,939.4,913.5
1,09:28,MANUAL,35040,0.3947,-11.86,0.50,-5.38,0.48,0.4051,625.5,0.0,0.0,0.0,0.0,983.4,953.5
1,09:29,MANUAL,35100,0.3954,-11.77,0.50,-5.04,0.67,0.4055,641.4,0.0,0.0,0.0,0.0,942.6,945.2
1,09:30,MANUAL,35160,0.3961,-11.69,0.50,-4.68,1.95,0.3952,629.5,0.0,0.0,0.0,0.0,956.2,927.4
1,09:31,MANUAL,35220,0.3967,-11.60,0.50,-4.43,0.84,0.4118,622.4,0.0,0.0,0.0,0.0,976.3,965.9
1,09:32,MANUAL,35280,0.3974,-11.52,0.50,-4.34,0.73,0.4122,622.2,0.0,0.0,0.0,0.0,937.0,965.0
1,09:33,MANUAL,35340,0.3981,-11.44,0.50,-4.36,0.77,0.3992,638.6,0.0,0.0,0.0,0.0,957.5,980.1
1,09:34,MANUAL,35400,0.3988,-11.36,0.50,-4.37,0.92,0.4050,656.0,0.0,0.0,0.0,0.0,967.5,960.3
1,09:35,MANUAL,35460,0.3994,-11.27,0.50,-4.04,0.00,0.4037,638.7,0.0,0.0,0.0,0.0,942.7,956.4
1,09:36,MANUAL,35520,0.4001,-11.19,0.50,-3.87,0.24,0.4074,662.6,0.0,0.0,0.0,0.0,939.0,947.2
1,09:37,MANUAL,35580,0.4008,-11.11,0.50,-4.03,0.00,0.3930,642.4,0.0,0.0,0.0,0.0,972.8,972.1
1,09:38,MANUAL,35640,0.4015,-11.03,0.50,-3.89,0.73,0.3990,634.1,0.0,0.0,0.0,0.0,948.8,906.2
1,09:39,MANUAL,35700,0.4021,-10.95,0.50,-3.58,0.65,0.4023,669.2,0.0,0.0,0.0,0.0,973.9,957.9
1,09:40,MANUAL,35760,0.4028,-10.87,0.50,-3.62,0.00,0.4158,653.3,0.0,0.0,0.0,0.0,1000.4,949.7
1,09:41,MANUAL,35820,0.4035,-10.79,0.50,-3.52,0.19,0.3757,655.1,0.0,0.0,0.0,0.0,962.8,958.8
1,09:42,MANUAL,35880,0.4042,-10.72,0.50,-3.46,1.68,0.4016,669.5,0.0,0.0,0.0,0.0,926.3,972.9
1,09:42,MANUAL,35940,0.4048,-10.64,0.50,-3.09,0.26,0.3930,660.3,0.0,0.0,0.0,0.0,939.3,978.9
1,09:43,MANUAL,36000,0.4055,-10.56,0.50,-2.91,0.00,0.3920,678.3,0.0,0.0,0.0,0.0,951.4,963.6
1,09:44,MANUAL,36060,0.4062,-10.48,0.50,-2.67,0.00,0.3898,675.9,0.0,0.0,0.0,0.0,972.0,945.4
1,09:45,MANUAL,36120,0.4069,-10.41,0.50,-3.02,0.84,0.3905,654.7,0.0,0.0,0.0,0.0,977.0,925.0
1,09:46,MANUAL,36180,0.4075,-10.33,0.50,-2.73,0.00,0.3950,675.0,0.0,0.0,0.0,0.0,935.4,920.8
1,09:47,MANUAL,36240,0.4082,-10.26,0.50,-2.21,0.00,0.3962,665.8,0.0,0.0,0.0,0.0,954.7,953.0
1,09:48,MANUAL,36300,0.4089,-10.18,0.50,-2.57,0.00,0.4102,653.5,0.0,0.0,0.0,0.0,965.2,936.3
1,09:49,MANUAL,36360,0.4096,-10.11,0.50,-2.32,1.40,0.4069,667.9,0.0,0.0,0.0,0.0,921.3,981.8
1,09:50,MANUAL,36420,0.4103,-10.03,0.50,-2.68,0.80,0.4265,678.7,0.0,0.0,0.0,0.0,952.9,963.3
1,09:51,MANUAL,36480,0.4109,-9.96,0.50,-2.26,0.00,0.3977,693.4,0.0,0.0,0.0,0.0,969.8,960.7
1,09:52,MANUAL,36540,0.4116,-9.89,0.50,-2.13,0.00,0.4081,665.8,0.0,0.0,0.0,0.0,930.5,967.4
1,09:53,MANUAL,36600,0.4123,-9.81,0.50,-1.97,0.41,0.3993,671.0,0.0,0.0,0.0,0.0,939.7,933.9
1,09:54,MANUAL,36660,0.4130,-9.74,0.50,-1.69,0.17,0.4009,688.2,0.0,0.0,0.0,0.0,965.6,957.9
1,09:55,MANUAL,36720,0.4136,-9.67,0.50,-1.48,0.00,0.3897,698.1,0.0,0.0,0.0,0.0,944.8,956.2
1,09:56,MANUAL,36780,0.4143,-9.60,0.50,-1.65,0.00,0.3920,696.6,0.0,0.0,0.0,0.0,966.5,982.7
1,09:57,MANUAL,36840,0.4150,-9.53,0.50,-1.53,0.72,0.3847,694.2,0.0,0.0,0.0,0.0,993.0,966.6
1,09:58,MANUAL,36900,0.4157,-9.46,0.50,-1.45,0.00,0.4009,696.5,0.0,0.0,0.0,0.0,956.0,985.2
1,09:59,MANUAL,36960,0.4163,-9.39,0.50,-1.04,0.80,0.3851,677.2,0.0,0.0,0.0,0.0,996.9,922.7
1,10:00,MANUAL,37020,0.4170,-9.32,0.50,-0.89,0.00,0.3883,704.4,0.0,0.0,0.0,0.0,931.4,948.6
1,10:01,MANUAL,37080,0.4177,-9.25,0.50,-0.93,0.11,0.3990,680.3,0.0,0.0,0.0,0.0,914.1,955.7
1,10:02,MANUAL,37140,0.4184,-9.18,0.50,-0.80,0.00,0.3775,691.0,0.0,0.0,0.0,0.0,949.9,959.0
1,10:03,MANUAL,37200,0.4190,-9.12,0.50,-0.65,0.00,0.4053,722.0,0.0,0.0,0.0,0.0,979.6,970.3
1,10:04,MANUAL,37260,0.4197,-9.05,0.50,-0.61,0.24,0.4165,699.3,0.0,0.0,0.0,0.0,918.7,930.6
1,10:05,MANUAL,37320,0.4204,-8.98,0.50,-0.78,1.09,0.3940,708.5,0.0,0.0,0.0,0.0,943.1,946.3
1,10:06,MANUAL,37380,0.4211,-8.92,0.50,-0.73,0.00,0.3933,707.9,0.0,0.0,0.0,0.0,978.8,954.4
1,10:07,MANUAL,37440,0.4217,-8.85,0.50,-0.77,1.44,0.3849,702.5,0.0,0.0,0.0,0.0,957.6,961.2
1,10:08,MANUAL,37500,0.4224,-8.79,0.50,-0.26,0.86,0.4019,704.9,0.0,0.0,0.0,0.0,995.8,960.7
1,10:09,MANUAL,37560,0.4231,-8.72,0.50,0.05,0.07,0.3915,695.4,0.0,0.0,0.0,0.0,981.1,958.9
1,10:10,MANUAL,37620,0.4238,-8.66,0.50,-0.17,0.31,0.3883,708.9,0.0,0.0,0.0,0.0,957.4,992.4
1,10:11,MANUAL,37680,0.4244,-8.59,0.50,0.01,0.05,0.3980,716.6,0.0,0.0,0.0,0.0,956.4,964.0
1,10:12,MANUAL,37740,0.4251,-8.53,0.50,0.07,0.09,0.3974,715.8,0.0,0.0,0.0,0.0,995.1,993.3
1,10:13,MANUAL,37800,0.4258,-8.47,0.50,0.23,0.00,0.3943,717.8,0.0,0.0,0.0,0.0,931.8,903.5
1,10:14,MANUAL,37860,0.4265,-8.41,0.50,0.56,0.00,0.4118,730.5,0.0,0.0,0.0,0.0,940.4,945.6
1,10:15,MANUAL,37920,0.4271,-8.35,0.50,0.27,0.10,0.4028,715.7,0.0,0.0,0.0,0.0,965.6,966.0
1,10:16,MANUAL,37980,0.4278,-8.29,0.50,0.61,0.00,0.3814,728.4,0.0,0.0,0.0,0.0,950.3,973.7
1,10:17,MANUAL,38040,0.4285,-8.22,0.50,0.57,0.00,0.3852,705.0,0.0,0.0,0.0,0.0,941.0,940.7
1,10:18,MANUAL,38100,0.4292,-8.17,0.50,0.57,0.00,0.3975,725.6,0.0,0.0,0.0,0.0,951.4,988.1
1,10:18,MANUAL,38160,0.4299,-8.11,0.50,0.56,0.00,0.3944,701.7,0.0,0.0,0.0,0.0,962.0,959.1
1,10:19,MANUAL,38220,0.4305,-8.05,0.50,0.89,0.14,0.3733,715.5,0.0,0.0,0.0,0.0,935.7,944.5
1,10:20,MANUAL,38280,0.4312,-7.99,0.50,0.58,2.00,0.3991,732.5,0.0,0.0,0.0,0.0,958.6,947.5
1,10:21,MANUAL,38340,0.4319,-7.93,0.50,1.11,0.35,0.4017,733.9,0.0,0.0,0.0,0.0,953.1,955.5
1,10:22,MANUAL,38400,0.4326,-7.87,0.50,1.03,0.00,0.4059,729.7,0.0,0.0,0.0,0.0,956.4,965.8
1,10:23,MANUAL,38460,0.4332,-7.82,0.50,1.31,0.05,0.4014,732.4,0.0,0.0,0.0,0.0,946.3,959.3
1,10:24,MANUAL,38520,0.4339,-7.76,0.50,1.21,0.47,0.4100,734.8,0.0,0.0,0.0,0.0,944.9,949.1
1,10:25,MANUAL,38580,0.4346,-7.71,0.50,1.04,0.90,0.3917,735.1,0.0,0.0,0.0,0.0,947.4,943.6
1,10:26,MANUAL,38640,0.4353,-7.65,0.50,1.70,2.04,0.4077,728.7,0.0,0.0,0.0,0.0,921.4,983.7
1,10:27,MANUAL,38700,0.4359,-7.60,0.50,1.71,1.51,0.4003,744.8,0.0,0.0,0.0,0.0,958.6,950.3
1,10:28,MANUAL,38760,0.4366,-7.54,0.50,1.72,2.55,0.4144,723.3,0.0,0.0,0.0,0.0,935.7,952.3
1,10:29,MANUAL,38820,0.4373,-7.49,0.50,1.98,3.11,0.3884,741.8,0.0,0.0,0.0,0.0,951.5,994.0
1,10:30,MANUAL,38880,0.4380,-7.44,0.50,1.41,0.00,0.3922,741.5,0.0,0.0,0.0,0.0,942.1,946.0
1,10:31,MANUAL,38940,0.4386,-7.39,0.50,1.74,2.29,0.3953,750.2,0.0,0.0,0.0,0.0,958.4,971.8
1,10:32,MANUAL,39000,0.4393,-7.33,0.50,2.15,0.99,0.3972,733.0,0.0,0.0,0.0,0.0,987.6,949.0
1,10:33,MANUAL,39060,0.4400,-7.28,0.50,2.13,2.22,0.4041,742.1,0.0,0.0,0.0,0.0,958.5,938.6
1,10:34,MANUAL,39120,0.4407,-7.23,0.50,1.95,2.58,0.4003,738.1,0.0,0.0,0.0,0.0,948.8,941.8
1,10:35,MANUAL,39180,0.4413,-7.18,0.50,2.35,1.83,0.4085,748.6,0.0,0.0,0.0,0.0,986.6,963.3
1,10:36,MANUAL,39240,0.4420,-7.13,0.50,2.52,3.64,0.3939,741.6,0.0,0.0,0.0,0.0,941.9,981.9
1,10:37,MANUAL,39300,0.4427,-7.08,0.50,2.55,1.45,0.3992,755.9,0.0,0.0,0.0,0.0,941.5,978.2
1,10:38,MANUAL,39360,0.4434,-7.04,0.50,2.60,1.78,0.4027,763.7,0.0,0.0,0.0,0.0,937.0,967.6
1,10:39,MANUAL,39420,0.4440,-6.99,0.50,2.44,3.69,0.4051,737.3,0.0,0.0,0.0,0.0,972.6,967.0
1,10:40,MANUAL,39480,0.4447,-6.94,0.50,2.52,1.78,0.3991,751.1,0.0,0.0,0.0,0.0,929.0,963.1
1,10:41,MANUAL,39540,0.4454,-6.89,0.50,2.51,3.38,0.4013,753.2,0.0,0.0,0.0,0.0,926.0,954.8
1,10:42,MANUAL,39600,0.4461,-6.85,0.50,2.92,4.75,0.3964,742.4,0.0,0.0,0.0,0.0,958.9,947.1
1,10:43,MANUAL,39660,0.4467,-6.80,0.50,2.88,3.09,0.3936,755.3,0.0,0.0,0.0,0.0,928.1,944.6
1,10:44,MANUAL,39720,0.4474,-6.76,0.50,2.56,2.62,0.3752,753.3,0.0,0.0,0.0,0.0,922.9,970.7
1,10:45,MANUAL,39780,0.4481,-6.71,0.50,3.55,4.72,0.4023,760.5,0.0,0.0,0.0,0.0,992.0,958.1
1,10:46,MANUAL,39840,0.4488,-6.67,0.50,2.80,3.29,0.4096,741.4,0.0,0.0,0.0,0.0,915.5,962.7
1,10:47,MANUAL,39900,0.4495,-6.63,0.50,3.00,3.91,0.4027,751.7,0.0,0.0,0.0,0.0,945.6,905.4
1,10:48,MANUAL,39960,0.4501,-6.58,0.50,3.06,2.47,0.3986,755.3,0.0,0.0,0.0,0.0,909.5,958.3
1,10:49,MANUAL,40020,0.4508,-6.54,0.50,3.55,2.57,0.3878,752.8,0.0,0.0,0.0,0.0,952.0,973.8
1,10:50,MANUAL,40080,0.4515,-6.50,0.50,3.13,4.13,0.3997,744.5,0.0,0.0,0.0,0.0,957.2,956.6
1,10:51,MANUAL,40140,0.4522,-6.46,0.50,3.57,7.57,0.4002,765.7,0.0,0.0,0.0,0.0,950.8,960.5
1,10:52,MANUAL,40200,0.4528,-6.42,0.50,3.31,6.51,0.3879,757.5,0.0,0.0,0.0,0.0,954.5,968.0
1,10:53,MANUAL,40260,0.4535,-6.38,0.50,3.82,5.91,0.3885,760.1,0.0,0.0,0.0,0.0,941.2,969.7
1,10:54,MANUAL,40320,0.4542,-6.34,0.50,3.41,5.56,0.4057,751.6,0.0,0.0,0.0,0.0,975.9,979.7
1,10:54,MANUAL,40380,0.4549,-6.30,0.50,3.36,6.03,0.4071,760.5,0.0,0.0,0.0,0.0,926.5,970.3
1,10:55,MANUAL,40440,0.4555,-6.26,0.50,3.76,6.59,0.4102,767.2,0.0,0.0,0.0,0.0,947.5,949.9
1,10:56,MANUAL,40500,0.4562,-6.22,0.50,3.56,7.48,0.3829,766.2,0.0,0.0,0.0,0.0,967.5,936.3
1,10:57,MANUAL,40560,0.4569,-6.19,0.50,3.91,7.74,0.3921,774.7,0.0,0.0,0.0,0.0,963.5,954.2
1,10:58,MANUAL,40620,0.4576,-6.15,0.50,3.44,8.65,0.4099,756.4,0.0,0.0,0.0,0.0,945.1,977.8
1,10:59,MANUAL,40680,0.4582,-6.11,0.50,3.98,5.99,0.3862,776.1,0.0,0.0,0.0,0.0,967.6,971.8
1,11:00,MANUAL,40740,0.4589,-6.08,0.50,3.88,8.60,0.3885,770.7,0.0,0.0,0.0,0.0,985.9,971.8
1,11:01,MANUAL,40800,0.4596,-6.04,0.50,4.30,7.51,0.4067,790.6,0.0,0.0,0.0,0.0,937.5,955.5
1,11:02,MANUAL,40860,0.4603,-6.01,0.50,4.03,9.13,0.3965,777.4,0.0,0.0,0.0,0.0,950.6,965.6
1,11:03,MANUAL,40920,0.4609,-5.97,0.50,4.19,8.27,0.4003,774.8,0.0,0.0,0.0,0.0,941.8,947.5
1,11:04,MANUAL,40980,0.4616,-5.94,0.50,4.40,7.68,0.3957,772.4,0.0,0.0,0.0,0.0,972.0,971.0
1,11:05,MANUAL,41040,0.4623,-5.91,0.50,4.37,7.99,0.4023,771.5,0.0,0.0,0.0,0.0,947.4,960.2
1,11:06,MANUAL,41100,0.4630,-5.88,0.50,4.59,7.76,0.3921,777.4,0.0,0.0,0.0,0.0,942.5,959.7
1,11:07,MANUAL,41160,0.4636,-5.84,0.50,4.19,9.43,0.3910,774.6,0.0,0.0,0.0,0.0,968.4,961.5
1,11:08,MANUAL,41220,0.4643,-5.81,0.50,4.48,9.01,0.3946,790.0,0.0,0.0,0.0,0.0,956.3,985.4
1,11:09,MANUAL,41280,0.4650,-5.78,0.50,4.44,8.69,0.4046,780.7,0.0,0.0,0.0,0.0,944.2,943.4
1,11:10,MANUAL,41340,0.4657,-5.75,0.50,4.49,10.74,0.4028,774.6,0.0,0.0,0.0,0.0,990.6,1012.8
1,11:11,MANUAL,41400,0.4663,-5.72,0.50,4.86,9.65,0.3905,775.0,0.0,0.0,0.0,0.0,971.7,942.5
1,11:12,MANUAL,41460,0.4670,-5.70,0.50,4.64,9.12,0.4114,777.9,0.0,0.0,0.0,0.0,946.1,954.4
1,11:13,MANUAL,41520,0.4677,-5.67,0.50,4.77,12.77,0.3997,795.7,0.0,0.0,0.0,0.0,1018.0,983.1
1,11:14,MANUAL,41580,0.4684,-5.64,0.50,4.83,8.66,0.4019,776.1,0.0,0.0,0.0,0.0,983.8,949.9
1,11:15,MANUAL,41640,0.4691,-5.61,0.50,4.72,8.90,0.4119,786.3,0.0,0.0,0.0,0.0,988.7,936.4
1,11:16,MANUAL,41700,0.4697,-5.59,0.50,4.85,9.54,0.4024,791.4,0.0,0.0,0.0,0.0,994.6,949.1
1,11:17,MANUAL,41760,0.4704,-5.56,0.50,4.91,11.29,0.3902,773.1,0.0,0.0,0.0,0.0,1009.1,987.5
1,11:18,MANUAL,41820,0.4711,-5.54,0.50,5.17,10.61,0.3998,775.2,0.0,0.0,0.0,0.0,949.0,980.8
1,11:19,MANUAL,41880,0.4718,-5.51,0.50,4.96,10.67,0.4038,775.9,0.0,0.0,0.0,0.0,943.4,972.5
1,11:20,MANUAL,41940,0.4724,-5.49,0.50,4.87,12.75,0.4021,784.4,0.0,0.0,0.0,0.0,972.8,970.5
1,11:21,MANUAL,42000,0.4731,-5.46,0.50,4.99,11.65,0.4067,784.4,0.0,0.0,0.0,0.0,963.6,983.9
1,11:22,MANUAL,42060,0.4738,-5.44,0.50,5.10,13.19,0.3930,800.7,0.0,0.0,0.0,0.0,954.3,936.1
1,11:23,MANUAL,42120,0.4745,-5.42,0.50,5.53,11.11,0.3995,794.0,0.0,0.0,0.0,0.0,937.9,969.0
1,11:24,MANUAL,42180,0.4751,-5.40,0.50,5.33,13.14,0.4063,791.1,0.0,0.0,0.0,0.0,980.9,970.2
1,11:25,MANUAL,42240,0.4758,-5.37,0.50,5.17,13.69,0.4084,797.7,0.0,0.0,0.0,0.0,908.7,952.1
1,11:26,MANUAL,42300,0.4765,-5.35,0.50,5.11,11.01,0.4092,780.6,0.0,0.0,0.0,0.0,969.0,962.1
1,11:27,MANUAL,42360,0.4772,-5.33,0.50,5.27,13.95,0.3982,778.0,0.0,0.0,0.0,0.0,930.3,934.9
1,11:28,MANUAL,42420,0.4778,-5.31,0.50,5.57,14.27,0.4124,783.0,0.0,0.0,0.0,0.0,989.4,951.0
1,11:29,MANUAL,42480,0.4785,-5.30,0.50,5.54,14.42,0.4120,792.1,0.0,0.0,0.0,0.0,972.7,952.5
1,11:30,MANUAL,42540,0.4792,-5.28,0.50,5.67,15.59,0.3992,790.4,0.0,0.0,0.0,0.0,944.3,983.8
1,11:31,MANUAL,42600,0.4799,-5.26,0.50,5.67,13.69,0.4059,811.3,0.0,0.0,0.0,0.0,944.2,940.7
1,11:31,MANUAL,42660,0.4805,-5.24,0.50,5.66,14.19,0.4057,783.9,0.0,0.0,0.0,0.0,950.9,991.6
1,11:32,MANUAL,42720,0.4812,-5.23,0.50,5.23,15.14,0.3955,800.3,0.0,0.0,0.0,0.0,969.6,963.3
1,11:33,MANUAL,42780,0.4819,-5.21,0.50,5.35,15.71,0.3972,791.6,0.0,0.0,0.0,0.0,975.0,987.3
1,11:34,MANUAL,42840,0.4826,-5.19,0.50,5.55,15.63,0.4025,795.9,0.0,0.0,0.0,0.0,956.5,962.9
1,11:35,MANUAL,42900,0.4832,-5.18,0.50,6.01,14.53,0.3823,813.1,0.0,0.0,0.0,0.0,975.0,937.3
1,11:36,MANUAL,42960,0.4839,-5.17,0.50,5.78,14.98,0.3904,790.5,0.0,0.0,0.0,0.0,963.9,965.3
1,11:37,MANUAL,43020,0.4846,-5.15,0.50,5.70,14.79,0.3903,790.6,0.0,0.0,0.0,0.0,964.0,974.6
1,11:38,MANUAL,43080,0.4853,-5.14,0.50,5.96,16.22,0.3901,798.4,0.0,0.0,0.0,0.0,969.6,960.5
1,11:39,MANUAL,43140,0.4859,-5.13,0.50,5.78,16.34,0.3943,811.3,0.0,0.0,0.0,0.0,961.1,987.5
1,11:40,MANUAL,43200,0.4866,-5.11,0.50,5.88,17.11,0.4062,793.5,0.0,0.0,0.0,0.0,948.6,943.3
1,11:41,MANUAL,43260,0.4873,-5.10,0.50,6.25,15.99,0.3994,796.7,0.0,0.0,0.0,0.0,956.3,976.5
1,11:42,MANUAL,43320,0.4880,-5.09,0.50,6.21,16.63,0.3999,795.3,0.0,0.0,0.0,0.0,950.4,977.7
1,11:43,MANUAL,43380,0.4887,-5.08,0.50,5.79,16.18,0.4075,806.9,0.0,0.0,0.0,0.0,954.5,964.0
1,11:44,MANUAL,43440,0.4893,-5.07,0.50,6.17,17.99,0.3896,788.6,0.0,0.0,0.0,0.0,988.6,978.7
1,11:45,MANUAL,43500,0.4900,-5.06,0.50,5.90,17.04,0.4050,797.4,0.0,0.0,0.0,0.0,968.9,948.5
1,11:46,MANUAL,43560,0.4907,-5.06,0.50,6.01,16.13,0.4006,783.2,0.0,0.0,0.0,0.0,971.0,999.4
1,11:47,MANUAL,43620,0.4914,-5.05,0.50,5.88,17.91,0.3878,792.3,0.0,0.0,0.0,0.0,928.5,954.1
1,11:48,MANUAL,43680,0.4920,-5.04,0.50,6.17,17.19,0.4017,808.9,0.0,0.0,0.0,0.0,983.2,969.4
1,11:49,MANUAL,43740,0.4927,-5.03,0.50,6.28,17.26,0.3947,799.4,0.0,0.0,0.0,0.0,954.3,968.7
1,11:50,MANUAL,43800,0.4934,-5.03,0.50,6.02,18.08,0.3995,800.7,0.0,0.0,0.0,0.0,966.1,986.1
1,11:51,MANUAL,43860,0.4941,-5.02,0.50,5.77,20.30,0.4162,798.8,0.0,0.0,0.0,0.0,951.8,956.3
1,11:52,MANUAL,43920,0.4947,-5.02,0.50,6.17,19.46,0.3995,817.8,0.0,0.0,0.0,0.0,960.6,1019.6
1,11:53,MANUAL,43980,0.4954,-5.01,0.50,6.22,18.76,0.4003,805.6,0.0,0.0,0.0,0.0,944.1,956.4
1,11:54,MANUAL,44040,0.4961,-5.01,0.50,6.26,19.46,0.3938,817.3,0.0,0.0,0.0,0.0,970.2,954.5
1,11:55,MANUAL,44100,0.4968,-5.01,0.50,6.23,20.55,0.3998,797.3,0.0,0.0,0.0,0.0,1018.8,958.2
1,11:56,MANUAL,44160,0.4974,-5.00,0.50,6.21,21.40,0.4097,796.5,0.0,0.0,0.0,0.0,965.2,958.1
1,11:57,MANUAL,44220,0.4981,-5.00,0.50,6.60,18.49,0.3877,798.1,0.0,0.0,0.0,0.0,993.4,987.3
1,11:58,MANUAL,44280,0.4988,-5.00,0.50,6.35,21.81,0.4043,811.8,0.0,0.0,0.0,0.0,989.0,977.5
1,11:59,MANUAL,44340,0.4995,-5.00,0.50,5.89,19.42,0.4073,797.3,0.0,0.0,0.0,0.0,972.4,954.8
1,12:00,MANUAL,44400,0.5001,-5.00,0.50,6.58,19.93,0.3866,798.8,0.0,0.0,0.0,0.0,949.0,963.5
2,00:00,MANUAL,60,0.0007,-70.00,0.50,15.21,49.34,0.4011,0.0,25.0,0.0,0.0,0.0,903.4,930.5
2,00:01,MANUAL,120,0.0014,-70.00,0.50,10.99,60.61,0.3939,0.0,25.0,0.0,0.0,0.0,904.2,884.9
2,00:02,MANUAL,180,0.0020,-70.00,0.50,7.42,70.58,0.4071,0.0,25.0,0.0,0.0,0.0,891.4,928.9
2,00:03,MANUAL,240,0.0027,-70.00,0.50,3.81,81.31,0.4131,4.2,25.0,0.0,0.0,0.0,896.8,910.6
2,00:04,MANUAL,300,0.0034,-69.99,0.50,0.84,89.89,0.3873,13.0,25.0,0.0,0.0,0.0,892.6,897.5
2,00:05,MANUAL,360,0.0041,-69.99,0.50,-2.50,100.00,0.4090,0.0,25.0,0.0,0.0,0.0,864.3,936.9
2,00:06,MANUAL,420,0.0047,-69.99,0.50,-4.94,99.80,0.4143,12.9,25.0,0.0,0.0,0.0,898.1,918.7
2,00:07,MANUAL,480,0.0054,-69.98,0.50,-7.83,98.75,0.3939,0.0,25.0,0.0,0.0,0.0,909.7,888.7
2,00:08,MANUAL,540,0.0061,-69.98,0.50,-10.59,99.31,0.3956,0.0,25.0,0.0,0.0,0.0,918.9,920.5
2,00:09,MANUAL,600,0.0068,-69.97,0.50,-12.77,99.96,0.4005,0.0,25.0,0.0,0.0,0.0,890.2,924.9
2,00:10,MANUAL,660,0.0074,-69.96,0.50,-15.31,100.00,0.4080,0.0,25.0,0.0,0.0,0.0,943.4,921.4
2,00:11,MANUAL,720,0.0081,-69.96,0.50,-17.45,98.92,0.4019,6.9,25.0,0.0,0.0,0.0,925.7,901.0
2,00:12,MANUAL,780,0.0088,-69.95,0.50,-19.26,99.64,0.4033,5.8,25.0,0.0,0.0,0.0,942.8,923.9
2,00:13,MANUAL,840,0.0095,-69.94,0.50,-21.05,98.10,0.4095,7.5,25.0,0.0,0.0,0.0,871.0,875.6
2,00:14,MANUAL,900,0.0101,-69.93,0.50,-22.72,100.00,0.3981,0.0,25.0,0.0,0.0,0.0,926.5,887.0
2,00:15,MANUAL,960,0.0108,-69.93,0.50,-24.60,99.92,0.3933,13.6,25.0,0.0,0.0,0.0,896.7,925.9
2,00:16,MANUAL,1020,0.0115,-69.92,0.50,-26.19,100.00,0.4160,6.9,25.0,0.0,0.0,0.0,919.3,915.8
2,00:17,MANUAL,1080,0.0122,-69.91,0.50,-27.31,100.00,0.4044,2.6,25.0,0.0,0.0,0.0,901.9,913.2
2,00:18,MANUAL,1140,0.0128,-69.89,0.50,-28.92,99.92,0.4049,0.0,25.0,0.0,0.0,0.0,916.4,915.9
2,00:19,MANUAL,1200,0.0135,-69.88,0.50,-30.06,100.00,0.4136,14.2,25.0,0.0,0.0,0.0,905.4,881.7
2,00:20,MANUAL,1260,0.0142,-69.87,0.50,-31.30,100.00,0.4152,0.0,25.0,0.0,0.0,0.0,905.8,913.5
2,00:21,MANUAL,1320,0.0149,-69.86,0.50,-32.23,100.00,0.3820,13.3,25.0,0.0,0.0,0.0,873.7,896.2
2,00:22,MANUAL,1380,0.0155,-69.85,0.50,-33.61,99.10,0.3852,0.0,25.0,0.0,0.0,0.0,941.6,908.5
2,00:23,MANUAL,1440,0.0162,-69.83,0.50,-34.70,98.83,0.3969,0.0,25.0,0.0,0.0,0.0,883.5,922.5
2,00:24,MANUAL,1500,0.0169,-69.82,0.50,-35.34,100.00,0.3761,0.0,25.0,0.0,0.0,0.0,903.7,917.2
2,00:25,MANUAL,1560,0.0176,-69.80,0.50,-36.01,100.00,0.3895,1.3,25.0,0.0,0.0,0.0,917.9,918.0
2,00:26,MANUAL,1620,0.0182,-69.79,0.50,-37.18,100.00,0.4044,18.7,25.0,0.0,0.0,0.0,921.8,908.1
2,00:27,MANUAL,1680,0.0189,-69.77,0.50,-38.22,98.65,0.4010,0.0,25.0,0.0,0.0,0.0,921.8,882.2
2,00:28,MANUAL,1740,0.0196,-69.75,0.50,-38.59,97.89,0.3998,6.7,25.0,0.0,0.0,0.0,897.6,907.8
2,00:29,MANUAL,1800,0.0203,-69.74,0.50,-39.58,96.24,0.4127,12.8,25.0,0.0,0.0,0.0,906.8,899.2
2,00:30,MANUAL,1860,0.0210,-69.72,0.50,-40.18,96.31,0.3968,0.0,25.0,0.0,0.0,0.0,895.0,901.6
2,00:31,MANUAL,1920,0.0216,-69.70,0.50,-40.46,92.28,0.3865,4.2,25.0,0.0,0.0,0.0,903.8,925.7
2,00:32,MANUAL,1980,0.0223,-69.68,0.50,-41.43,91.99,0.3923,0.0,25.0,0.0,0.0,0.0,885.8,881.0
2,00:33,MANUAL,2040,0.0230,-69.66,0.50,-41.72,92.33,0.3974,17.6,25.0,0.0,0.0,0.0,905.1,870.7
2,00:34,MANUAL,2100,0.0237,-69.64,0.50,-42.38,90.31,0.3982,13.9,25.0,0.0,0.0,0.0,854.5,948.4
2,00:35,MANUAL,2160,0.0243,-69.62,0.50,-42.69,91.33,0.3921,0.0,25.0,0.0,0.0,0.0,956.0,882.7
2,00:36,MANUAL,2220,0.0250,-69.60,0.50,-43.32,88.98,0.4034,5.4,25.0,0.0,0.0,0.0,930.0,874.1
2,00:36,MANUAL,2280,0.0257,-69.58,0.50,-43.46,88.59,0.4149,0.0,25.0,0.0,0.0,0.0,877.4,927.3
2,00:37,MANUAL,2340,0.0264,-69.56,0.50,-44.50,84.32,0.3952,0.0,25.0,0.0,0.0,0.0,911.9,920.7
2,00:38,MANUAL,2400,0.0270,-69.53,0.50,-44.46,85.11,0.3971,0.0,25.0,0.0,0.0,0.0,888.3,900.7
2,00:39,MANUAL,2460,0.0277,-69.51,0.50,-44.94,86.47,0.3948,0.0,25.0,0.0,0.0,0.0,916.6,901.9
2,00:40,MANUAL,2520,0.0284,-69.48,0.50,-45.18,84.24,0.4033,0.0,25.0,0.0,0.0,0.0,902.7,918.0
2,00:41,MANUAL,2580,0.0291,-69.46,0.50,-45.41,81.88,0.3942,0.9,25.0,0.0,0.0,0.0,879.0,902.3
2,00:42,MANUAL,2640,0.0297,-69.43,0.50,-46.11,81.22,0.3900,9.6,25.0,0.0,0.0,0.0,917.3,910.8
2,00:43,MANUAL,2700,0.0304,-69.41,0.50,-46.18,81.65,0.4015,0.0,25.0,0.0,0.0,0.0,907.8,903.2
2,00:44,MANUAL,2760,0.0311,-69.38,0.50,-46.01,80.32,0.4051,0.0,25.0,0.0,0.0,0.0,881.8,938.9
2,00:45,MANUAL,2820,0.0318,-69.35,0.50,-46.58,78.80,0.4039,0.0,25.0,0.0,0.0,0.0,870.9,899.1
2,00:46,MANUAL,2880,0.0324,-69.33,0.50,-46.81,79.17,0.4134,1.0,25.0,0.0,0.0,0.0,898.8,897.2
2,00:47,MANUAL,2940,0.0331,-69.30,0.50,-46.71,77.52,0.4037,0.0,25.0,0.0,0.0,0.0,870.6,902.3
2,00:48,MANUAL,3000,0.0338,-69.27,0.50,-47.09,80.46,0.4167,0.0,25.0,0.0,0.0,0.0,901.6,904.3
2,00:49,MANUAL,3060,0.0345,-69.24,0.50,-47.15,77.17,0.3864,9.7,25.0,0.0,0.0,0.0,930.5,912.3
2,00:50,MANUAL,3120,0.0351,-69.21,0.50,-47.34,76.18,0.4098,0.0,25.0,0.0,0.0,0.0,888.5,879.3
2,00:51,MANUAL,3180,0.0358,-69.18,0.50,-47.15,75.26,0.4173,20.7,25.0,0.0,0.0,0.0,887.0,907.4
2,00:52,MANUAL,3240,0.0365,-69.15,0.50,-47.47,75.16,0.4070,0.0,25.0,0.0,0.0,0.0,893.1,918.6
2,00:53,MANUAL,3300,0.0372,-69.12,0.50,-47.89,73.13,0.3943,0.0,25.0,0.0,0.0,0.0,942.5,861.9
2,00:54,MANUAL,3360,0.0378,-69.09,0.50,-48.22,74.85,0.4080,2.2,25.0,0.0,0.0,0.0,914.1,895.3
2,00:55,MANUAL,3420,0.0385,-69.05,0.50,-48.06,74.76,0.4115,8.9,25.0,0.0,0.0,0.0,882.1,882.7
2,00:56,MANUAL,3480,0.0392,-69.02,0.50,-48.07,74.06,0.4082,6.9,25.0,0.0,0.0,0.0,908.2,893.8
2,00:57,MANUAL,3540,0.0399,-68.99,0.50,-48.25,75.47,0.3994,17.0,25.0,0.0,0.0,0.0,937.4,895.6
2,00:58,MANUAL,3600,0.0406,-68.95,0.50,-48.11,73.92,0.3999,7.8,25.0,0.0,0.0,0.0,899.1,943.5
2,00:59,MANUAL,3660,0.0412,-68.92,0.50,-48.34,74.08,0.4046,0.0,25.0,0.0,0.0,0.0,881.3,879.3
2,01:00,MANUAL,3720,0.0419,-68.88,0.50,-48.79,72.64,0.4009,8.2,25.0,0.0,0.0,0.0,920.5,906.8
2,01:01,MANUAL,3780,0.0426,-68.84,0.50,-48.58,73.46,0.3986,8.0,25.0,0.0,0.0,0.0,936.0,885.2
2,01:02,MANUAL,3840,0.0433,-68.81,0.50,-48.59,73.25,0.4152,0.0,25.0,0.0,0.0,0.0,894.6,880.2
2,01:03,MANUAL,3900,0.0439,-68.77,0.50,-48.69,72.77,0.4047,0.0,25.0,0.0,0.0,0.0,942.0,910.0
2,01:04,MANUAL,3960,0.0446,-68.73,0.50,-48.54,73.11,0.3934,0.0,25.0,0.0,0.0,0.0,912.1,867.2
2,01:05,MANUAL,4020,0.0453,-68.69,0.50,-48.70,72.62,0.3998,0.0,25.0,0.0,0.0,0.0,916.9,880.9
2,01:06,MANUAL,4080,0.0460,-68.65,0.50,-49.03,71.49,0.4052,8.7,25.0,0.0,0.0,0.0,912.7,895.8
2,01:07,MANUAL,4140,0.0466,-68.61,0.50,-48.81,71.85,0.3980,0.0,25.0,0.0,0.0,0.0,924.4,910.7
2,01:08,MANUAL,4200,0.0473,-68.57,0.50,-48.83,72.90,0.3864,0.0,25.0,0.0,0.0,0.0,933.6,895.5
2,01:09,MANUAL,4260,0.0480,-68.53,0.50,-48.97,73.25,0.4189,5.7,25.0,0.0,0.0,0.0,904.3,851.1
2,01:10,MANUAL,4320,0.0487,-68.49,0.50,-48.87,70.96,0.4109,0.0,25.0,0.0,0.0,0.0,895.7,909.7
2,01:11,MANUAL,4380,0.0493,-68.45,0.50,-48.99,73.16,0.4187,3.6,25.0,0.0,0.0,0.0,888.8,859.9
2,01:12,MANUAL,4440,0.0500,-68.41,0.50,-48.81,72.68,0.4020,0.0,25.0,0.0,0.0,0.0,931.9,909.5
2,01:12,MANUAL,4500,0.0507,-68.37,0.50,-49.10,71.42,0.3917,0.0,25.0,0.0,0.0,0.0,920.6,898.6
2,01:13,MANUAL,4560,0.0514,-68.32,0.50,-48.84,71.99,0.4061,3.3,25.0,0.0,0.0,0.0,893.6,903.1
2,01:14,MANUAL,4620,0.0520,-68.28,0.50,-48.91,71.23,0.3778,9.2,25.0,0.0,0.0,0.0,930.0,884.2
2,01:15,MANUAL,4680,0.0527,-68.23,0.50,-48.77,71.63,0.4229,0.0,25.0,0.0,0.0,0.0,890.3,887.8
2,01:16,MANUAL,4740,0.0534,-68.19,0.50,-48.98,70.99,0.4002,0.0,25.0,0.0,0.0,0.0,931.3,919.0
2,01:17,MANUAL,4800,0.0541,-68.14,0.50,-48.79,71.29,0.3953,0.0,25.0,0.0,0.0,0.0,908.1,932.6
2,01:18,MANUAL,4860,0.0547,-68.10,0.50,-49.03,72.07,0.4008,0.0,25.0,0.0,0.0,0.0,916.0,941.6
2,01:19,MANUAL,4920,0.0554,-68.05,0.50,-48.76,71.70,0.3941,0.0,25.0,0.0,0.0,0.0,914.6,866.1
2,01:20,MANUAL,4980,0.0561,-68.00,0.50,-49.15,70.20,0.4053,9.0,25.0,0.0,0.0,0.0,901.7,882.6
2,01:21,MANUAL,5040,0.0568,-67.95,0.50,-48.91,71.64,0.3918,0.0,25.0,0.0,0.0,0.0,901.8,913.4
2,01:22,MANUAL,5100,0.0574,-67.91,0.50,-48.62,70.89,0.3894,0.0,25.0,0.0,0.0,0.0,913.2,910.4
2,01:23,MANUAL,5160,0.0581,-67.86,0.50,-48.89,70.70,0.3935,8.6,25.0,0.0,0.0,0.0,869.0,896.2
2,01:24,MANUAL,5220,0.0588,-67.81,0.50,-49.03,70.24,0.4003,0.0,25.0,0.0,0.0,0.0,928.2,904.4
2,01:25,MANUAL,5280,0.0595,-67.76,0.50,-48.78,69.57,0.4119,0.0,25.0,0.0,0.0,0.0,935.5,890.4
2,01:26,MANUAL,5340,0.0602,-67.71,0.50,-48.91,70.60,0.3908,0.0,25.0,0.0,0.0,0.0,914.4,902.4
2,01:27,MANUAL,5400,0.0608,-67.66,0.50,-48.51,70.21,0.4113,3.7,25.0,0.0,0.0,0.0,908.8,913.6
2,01:28,MANUAL,5460,0.0615,-67.60,0.50,-48.92,68.94,0.4005,9.9,25.0,0.0,0.0,0.0,915.1,936.8
2,01:29,MANUAL,5520,0.0622,-67.55,0.50,-48.52,69.85,0.3955,5.3,25.0,0.0,0.0,0.0,888.3,891.2
2,01:30,MANUAL,5580,0.0629,-67.50,0.50,-48.84,70.28,0.3941,0.0,25.0,0.0,0.0,0.0,895.7,891.9
2,01:31,MANUAL,5640,0.0635,-67.44,0.50,-48.75,68.49,0.3826,0.4,25.0,0.0,0.0,0.0,914.6,916.5
2,01:32,MANUAL,5700,0.0642,-67.39,0.50,-48.77,69.65,0.3672,0.0,25.0,0.0,0.0,0.0,903.0,928.8
2,01:33,MANUAL,5760,0.0649,-67.34,0.50,-48.79,67.55,0.3917,9.1,25.0,0.0,0.0,0.0,893.5,888.5
2,01:34,MANUAL,5820,0.0656,-67.28,0.50,-48.63,68.57,0.4047,0.0,25.0,0.0,0.0,0.0,893.0,923.5
2,01:35,MANUAL,5880,0.0662,-67.23,0.50,-48.50,66.76,0.4114,6.8,25.0,0.0,0.0,0.0,910.6,913.3
2,01:36,MANUAL,5940,0.0669,-67.17,0.50,-48.25,69.53,0.3927,0.0,25.0,0.0,0.0,0.0,912.7,902.9
2,01:37,MANUAL,6000,0.0676,-67.11,0.50,-48.79,66.62,0.4056,0.0,25.0,0.0,0.0,0.0,940.1,894.6
2,01:38,MANUAL,6060,0.0683,-67.06,0.50,-48.09,65.22,0.3784,0.0,25.0,0.0,0.0,0.0,908.4,904.2
2,01:39,MANUAL,6120,0.0689,-67.00,0.50,-48.05,66.62,0.4057,0.0,25.0,0.0,0.0,0.0,908.2,901.9
2,01:40,MANUAL,6180,0.0696,-66.94,0.50,-48.38,67.25,0.3941,0.0,25.0,0.0,0.0,0.0,933.7,920.2
2,01:41,MANUAL,6240,0.0703,-66.88,0.50,-48.43,67.52,0.3955,14.3,25.0,0.0,0.0,0.0,881.1,913.6
2,01:42,MANUAL,6300,0.0710,-66.82,0.50,-48.34,66.22,0.4015,13.0,25.0,0.0,0.0,0.0,888.4,890.0
2,01:43,MANUAL,6360,0.0716,-66.76,0.50,-48.08,63.84,0.4124,0.0,25.0,0.0,0.0,0.0,896.2,906.1
2,01:44,MANUAL,6420,0.0723,-66.70,0.50,-48.19,64.69,0.3903,0.0,25.0,0.0,0.0,0.0,928.3,940.9
2,01:45,MANUAL,6480,0.0730,-66.64,0.50,-48.13,64.34,0.3992,0.0,25.0,0.0,0.0,0.0,883.2,883.8
2,01:46,MANUAL,6540,0.0737,-66.58,0.50,-48.22,64.23,0.3858,0.4,25.0,0.0,0.0,0.0,930.5,913.0
2,01:47,MANUAL,6600,0.0743,-66.52,0.50,-47.89,64.20,0.4061,9.3,25.0,0.0,0.0,0.0,928.3,907.9
2,01:48,MANUAL,6660,0.0750,-66.46,0.50,-47.98,62.84,0.3959,0.0,25.0,0.0,0.0,0.0,925.1,938.4
2,01:49,MANUAL,6720,0.0757,-66.39,0.50,-47.79,63.23,0.3849,0.0,25.0,0.0,0.0,0.0,922.6,898.9
2,01:49,MANUAL,6780,0.0764,-66.33,0.50,-47.55,61.51,0.4142,1.9,25.0,0.0,0.0,0.0,958.6,903.2
2,01:50,MANUAL,6840,0.0770,-66.27,0.50,-47.99,62.71,0.4148,4.4,25.0,0.0,0.0,0.0,921.8,924.4
2,01:51,MANUAL,6900,0.0777,-66.20,0.50,-48.02,61.82,0.3989,4.3,25.0,0.0,0.0,0.0,896.3,927.7
2,01:52,MANUAL,6960,0.0784,-66.14,0.50,-47.63,61.71,0.3991,10.7,25.0,0.0,0.0,0.0,907.0,915.0
2,01:53,MANUAL,7020,0.0791,-66.07,0.50,-47.77,61.85,0.4051,4.3,25.0,0.0,0.0,0.0,882.2,897.8
2,01:54,MANUAL,7080,0.0798,-66.00,0.50,-47.72,61.77,0.4000,0.0,25.0,0.0,0.0,0.0,880.7,910.3
2,01:55,MANUAL,7140,0.0804,-65.94,0.50,-47.72,61.99,0.4041,0.0,25.0,0.0,0.0,0.0,930.3,896.1
2,01:56,MANUAL,7200,0.0811,-65.87,0.50,-47.75,59.77,0.3970,0.0,25.0,0.0,0.0,0.0,917.0,900.5
2,01:57,MANUAL,7260,0.0818,-65.80,0.50,-47.53,61.06,0.4027,0.0,25.0,0.0,0.0,0.0,946.7,865.7
2,01:58,MANUAL,7320,0.0825,-65.74,0.50,-47.16,60.01,0.3994,17.5,25.0,0.0,0.0,0.0,891.8,905.9
2,01:59,MANUAL,7380,0.0831,-65.67,0.50,-47.62,58.46,0.4049,0.0,25.0,0.0,0.0,0.0,902.3,925.3
2,02:00,MANUAL,7440,0.0838,-65.60,0.50,-47.06,57.82,0.3917,1.6,25.0,0.0,0.0,0.0,890.5,940.8
2,02:01,MANUAL,7500,0.0845,-65.53,0.50,-47.32,57.81,0.4027,12.5,25.0,0.0,0.0,0.0,964.1,918.9
2,02:02,MANUAL,7560,0.0852,-65.46,0.50,-47.66,56.44,0.4142,0.0,25.0,0.0,0.0,0.0,874.4,899.5
2,02:03,MANUAL,7620,0.0858,-65.39,0.50,-46.98,57.25,0.4071,0.0,25.0,0.0,0.0,0.0,916.5,934.0
2,02:04,MANUAL,7680,0.0865,-65.32,0.50,-47.20,58.00,0.4090,0.0,25.0,0.0,0.0,0.0,926.5,904.9
2,02:05,MANUAL,7740,0.0872,-65.24,0.50,-47.13,59.03,0.3976,0.0,25.0,0.0,0.0,0.0,906.4,895.8
2,02:06,MANUAL,7800,0.0879,-65.17,0.50,-46.90,56.06,0.4149,0.0,25.0,0.0,0.0,0.0,902.4,934.9
2,02:07,MANUAL,7860,0.0885,-65.10,0.50,-46.68,56.12,0.3926,0.0,25.0,0.0,0.0,0.0,918.2,924.9
2,02:08,MANUAL,7920,0.0892,-65.03,0.50,-46.84,53.80,0.4037,4.0,25.0,0.0,0.0,0.0,908.1,938.6
2,02:09,MANUAL,7980,0.0899,-64.95,0.50,-47.06,54.85,0.3927,0.0,25.0,0.0,0.0,0.0,910.2,875.5
2,02:10,MANUAL,8040,0.0906,-64.88,0.50,-46.34,55.78,0.3847,0.0,25.0,0.0,0.0,0.0,890.7,890.4
2,02:11,MANUAL,8100,0.0912,-64.80,0.50,-46.82,53.84,0.3966,0.0,25.0,0.0,0.0,0.0,896.7,914.8
2,02:12,MANUAL,8160,0.0919,-64.73,0.50,-46.53,52.72,0.3895,0.0,25.0,0.0,0.0,0.0,900.0,946.9
2,02:13,MANUAL,8220,0.0926,-64.65,0.50,-46.05,54.30,0.3844,26.1,25.0,0.0,0.0,0.0,900.8,892.6
2,02:14,MANUAL,8280,0.0933,-64.58,0.50,-46.19,51.93,0.3938,0.0,25.0,0.0,0.0,0.0,908.5,909.8
2,02:15,MANUAL,8340,0.0939,-64.50,0.50,-46.22,54.38,0.3895,12.6,25.0,0.0,0.0,0.0,893.3,884.4
2,02:16,MANUAL,8400,0.0946,-64.42,0.50,-46.01,53.37,0.3922,0.0,25.0,0.0,0.0,0.0,939.5,939.8
2,02:17,MANUAL,8460,0.0953,-64.35,0.50,-46.35,51.34,0.4140,2.9,25.0,0.0,0.0,0.0,928.3,913.1
2,02:18,MANUAL,8520,0.0960,-64.27,0.50,-45.96,51.60,0.3850,0.0,25.0,0.0,0.0,0.0,925.7,917.6
2,02:19,MANUAL,8580,0.0966,-64.19,0.50,-46.04,51.25,0.3960,8.6,25.0,0.0,0.0,0.0,889.5,942.8
2,02:20,MANUAL,8640,0.0973,-64.11,0.50,-46.03,51.60,0.4070,0.0,25.0,0.0,0.0,0.0,906.3,931.9
2,02:21,MANUAL,8700,0.0980,-64.03,0.50,-46.37,50.39,0.4046,0.0,25.0,0.0,0.0,0.0,906.4,931.4
2,02:22,MANUAL,8760,0.0987,-63.95,0.50,-45.82,50.60,0.4007,0.0,25.0,0.0,0.0,0.0,922.7,942.3
2,02:23,MANUAL,8820,0.0994,-63.87,0.50,-45.68,50.49,0.3993,7.8,25.0,0.0,0.0,0.0,904.8,905.9
2,02:24,MANUAL,8880,0.1000,-63.79,0.50,-45.77,47.27,0.4032,0.0,25.0,0.0,0.0,0.0,911.2,916.3
2,02:25,MANUAL,8940,0.1007,-63.71,0.50,-45.59,47.28,0.4116,0.0,25.0,0.0,0.0,0.0,931.6,933.2
2,02:25,MANUAL,9000,0.1014,-63.63,0.50,-45.69,49.06,0.4145,0.0,25.0,0.0,0.0,0.0,909.7,896.5
2,02:26,MANUAL,9060,0.1021,-63.54,0.50,-45.74,49.07,0.3790,0.0,25.0,0.0,0.0,0.0,908.8,963.7
2,02:27,MANUAL,9120,0.1027,-63.46,0.50,-45.57,48.72,0.4010,0.0,25.0,0.0,0.0,0.0,917.8,948.6
2,02:28,MANUAL,9180,0.1034,-63.38,0.50,-45.29,48.58,0.3964,3.1,25.0,0.0,0.0,0.0,924.5,902.2
2,02:29,MANUAL,9240,0.1041,-63.29,0.50,-45.39,46.55,0.3744,4.4,25.0,0.0,0.0,0.0,918.8,893.0
2,02:30,MANUAL,9300,0.1048,-63.21,0.50,-45.31,48.50,0.3986,0.9,25.0,0.0,0.0,0.0,906.5,935.8
2,02:31,MANUAL,9360,0.1054,-63.13,0.50,-45.06,46.60,0.3920,8.2,25.0,0.0,0.0,0.0,929.2,904.1
2,02:32,MANUAL,9420,0.1061,-63.04,0.50,-44.89,45.95,0.3920,0.0,25.0,0.0,0.0,0.0,921.1,941.6
2,02:33,MANUAL,9480,0.1068,-62.95,0.50,-44.66,42.72,0.4098,0.0,25.0,0.0,0.0,0.0,941.2,949.4
2,02:34,MANUAL,9540,0.1075,-62.87,0.50,-45.10,44.84,0.4025,0.0,25.0,0.0,0.0,0.0,905.3,878.4
2,02:35,MANUAL,9600,0.1081,-62.78,0.50,-45.15,43.57,0.3806,0.0,25.0,0.0,0.0,0.0,900.2,901.7
2,02:36,MANUAL,9660,0.1088,-62.70,0.50,-44.59,45.24,0.4164,0.0,25.0,0.0,0.0,0.0,925.7,932.3
2,02:37,MANUAL,9720,0.1095,-62.61,0.50,-44.76,43.36,0.3999,0.0,25.0,0.0,0.0,0.0,862.8,912.1
2,02:38,MANUAL,9780,0.1102,-62.52,0.50,-44.52,43.72,0.3930,0.0,25.0,0.0,0.0,0.0,908.3,911.8
2,02:39,MANUAL,9840,0.1108,-62.43,0.50,-44.67,43.20,0.3767,1.6,25.0,0.0,0.0,0.0,911.1,883.7
2,02:40,MANUAL,9900,0.1115,-62.34,0.50,-44.38,41.49,0.4190,0.0,25.0,0.0,0.0,0.0,911.8,888.9
2,02:41,MANUAL,9960,0.1122,-62.25,0.50,-44.45,41.99,0.3973,0.0,25.0,0.0,0.0,0.0,898.1,921.6
2,02:42,MANUAL,10020,0.1129,-62.16,0.50,-44.36,39.83,0.4018,12.0,25.0,0.0,0.0,0.0,942.3,937.7
2,02:43,MANUAL,10080,0.1135,-62.07,0.50,-44.34,39.97,0.3945,0.0,25.0,0.0,0.0,0.0,906.2,903.4
2,02:44,MANUAL,10140,0.1142,-61.98,0.50,-43.81,40.98,0.3876,10.8,25.0,0.0,0.0,0.0,926.5,953.9
2,02:45,MANUAL,10200,0.1149,-61.89,0.50,-44.24,41.07,0.3947,0.0,25.0,0.0,0.0,0.0,884.0,913.0
2,02:46,MANUAL,10260,0.1156,-61.80,0.50,-44.25,40.28,0.3934,6.4,25.0,0.0,0.0,0.0,937.0,939.4
2,02:47,MANUAL,10320,0.1162,-61.71,0.50,-43.94,38.35,0.3876,3.2,25.0,0.0,0.0,0.0,911.5,924.6
2,02:48,MANUAL,10380,0.1169,-61.62,0.50,-43.74,40.78,0.4023,11.2,25.0,0.0,0.0,0.0,947.0,903.2
2,02:49,MANUAL,10440,0.1176,-61.52,0.50,-43.65,40.79,0.3755,0.0,25.0,0.0,0.0,0.0,896.2,904.7
2,02:50,MANUAL,10500,0.1183,-61.43,0.50,-43.70,39.30,0.3907,0.0,25.0,0.0,0.0,0.0,922.9,919.3
2,02:51,MANUAL,10560,0.1190,-61.34,0.50,-43.64,37.70,0.3999,2.9,25.0,0.0,0.0,0.0,913.3,912.6
2,02:52,MANUAL,10620,0.1196,-61.24,0.50,-43.86,38.63,0.4061,8.2,25.0,0.0,0.0,0.0,907.9,910.5
2,02:53,MANUAL,10680,0.1203,-61.15,0.50,-43.20,38.10,0.3763,0.0,25.0,0.0,0.0,0.0,940.8,886.1
2,02:54,MANUAL,10740,0.1210,-61.05,0.50,-43.52,38.19,0.3903,6.7,25.0,0.0,0.0,0.0,914.0,928.0
2,02:55,MANUAL,10800,0.1217,-60.96,0.50,-43.15,36.83,0.3927,0.0,25.0,0.0,0.0,0.0,906.4,922.7
2,02:56,MANUAL,10860,0.1223,-60.86,0.50,-43.04,36.05,0.3931,18.3,25.0,0.0,0.0,0.0,962.6,917.1
2,02:57,MANUAL,10920,0.1230,-60.77,0.50,-43.12,35.97,0.4076,0.0,25.0,0.0,0.0,0.0,913.1,893.2
2,02:58,MANUAL,10980,0.1237,-60.67,0.50,-43.19,34.77,0.4132,0.0,25.0,0.0,0.0,0.0,906.6,936.2
2,02:59,MANUAL,11040,0.1244,-60.57,0.50,-42.82,33.83,0.4043,5.3,25.0,0.0,0.0,0.0,934.7,934.0
2,03:00,MANUAL,11100,0.1250,-60.48,0.50,-42.50,34.45,0.3902,0.0,25.0,0.0,0.0,0.0,912.3,958.4
2,03:01,MANUAL,11160,0.1257,-60.38,0.50,-42.60,37.59,0.4164,0.0,25.0,0.0,0.0,0.0,909.2,901.9
2,03:01,MANUAL,11220,0.1264,-60.28,0.50,-42.47,35.82,0.3992,0.0,25.0,0.0,0.0,0.0,855.6,938.6
2,03:02,MANUAL,11280,0.1271,-60.18,0.50,-42.28,34.08,0.4046,0.0,25.0,0.0,0.0,0.0,907.4,950.7
2,03:03,MANUAL,11340,0.1277,-60.08,0.50,-42.22,33.98,0.4073,0.0,25.0,0.0,0.0,0.0,887.5,892.1
2,03:04,MANUAL,11400,0.1284,-59.98,0.50,-42.14,34.25,0.4094,0.0,25.0,0.0,0.0,0.0,907.0,898.9
2,03:05,MANUAL,11460,0.1291,-59.88,0.50,-42.23,33.32,0.4095,17.6,25.0,0.0,0.0,0.0,888.8,929.4
2,03:06,MANUAL,11520,0.1298,-59.78,0.50,-41.72,32.74,0.4027,0.0,25.0,0.0,0.0,0.0,917.2,918.2
2,03:07,MANUAL,11580,0.1304,-59.68,0.50,-41.98,32.40,0.3933,11.3,25.0,0.0,0.0,0.0,943.0,885.0
2,03:08,MANUAL,11640,0.1311,-59.58,0.50,-41.92,34.33,0.4062,0.0,25.0,0.0,0.0,0.0,924.4,900.4
2,03:09,MANUAL,11700,0.1318,-59.48,0.50,-41.66,31.76,0.4191,0.0,25.0,0.0,0.0,0.0,911.0,899.7
2,03:10,MANUAL,11760,0.1325,-59.38,0.50,-41.64,31.65,0.3833,0.9,25.0,0.0,0.0,0.0,915.8,926.9
2,03:11,MANUAL,11820,0.1331,-59.28,0.50,-41.30,32.16,0.4045,1.5,25.0,0.0,0.0,0.0,928.5,955.4
2,03:12,MANUAL,11880,0.1338,-59.17,0.50,-41.48,31.12,0.3976,0.0,25.0,0.0,0.0,0.0,892.5,912.9
2,03:13,MANUAL,11940,0.1345,-59.07,0.50,-41.86,29.82,0.3910,8.1,25.0,0.0,0.0,0.0,914.3,902.3
2,03:14,MANUAL,12000,0.1352,-58.97,0.50,-41.37,30.34,0.3977,0.0,25.0,0.0,0.0,0.0,904.2,897.4
2,03:15,MANUAL,12060,0.1358,-58.86,0.50,-40.84,29.18,0.4062,26.6,25.0,0.0,0.0,0.0,916.3,913.7
2,03:16,MANUAL,12120,0.1365,-58.76,0.50,-40.98,31.05,0.4103,0.0,25.0,0.0,0.0,0.0,927.8,921.5
2,03:17,MANUAL,12180,0.1372,-58.65,0.50,-41.02,29.05,0.4026,4.7,25.0,0.0,0.0,0.0,922.3,925.5
2,03:18,MANUAL,12240,0.1379,-58.55,0.50,-41.04,28.88,0.4114,9.6,25.0,0.0,0.0,0.0,905.6,910.9
2,03:19,MANUAL,12300,0.1386,-58.44,0.50,-41.02,29.37,0.3995,0.0,25.0,0.0,0.0,0.0,873.2,924.2
2,03:20,MANUAL,12360,0.1392,-58.34,0.50,-40.46,29.16,0.4073,0.0,25.0,0.0,0.0,0.0,919.8,968.0
2,03:21,MANUAL,12420,0.1399,-58.23,0.50,-40.71,28.87,0.3924,0.4,25.0,0.0,0.0,0.0,927.6,909.4
2,03:22,MANUAL,12480,0.1406,-58.12,0.50,-40.30,28.58,0.4032,0.0,25.0,0.0,0.0,0.0,917.7,906.9
2,03:23,MANUAL,12540,0.1413,-58.02,0.50,-40.57,28.26,0.3835,6.4,25.0,0.0,0.0,0.0,964.7,939.4
2,03:24,MANUAL,12600,0.1419,-57.91,0.50,-40.77,26.88,0.3874,7.0,25.0,0.0,0.0,0.0,918.9,940.4
2,03:25,MANUAL,12660,0.1426,-57.80,0.50,-40.21,25.62,0.4232,13.7,25.0,0.0,0.0,0.0,921.4,919.9
2,03:26,MANUAL,12720,0.1433,-57.70,0.50,-40.10,26.82,0.3944,0.0,25.0,0.0,0.0,0.0,917.7,870.2
2,03:27,MANUAL,12780,0.1440,-57.59,0.50,-40.08,25.51,0.3823,1.7,25.0,0.0,0.0,0.0,946.0,913.2
2,03:28,MANUAL,12840,0.1446,-57.48,0.50,-40.03,24.77,0.4099,6.2,25.0,0.0,0.0,0.0,936.7,934.8
2,03:29,MANUAL,12900,0.1453,-57.37,0.50,-39.83,27.01,0.3916,0.0,25.0,0.0,0.0,0.0,901.1,932.4
2,03:30,MANUAL,12960,0.1460,-57.26,0.50,-39.70,24.48,0.4032,5.6,25.0,0.0,0.0,0.0,914.5,888.8
2,03:31,MANUAL,13020,0.1467,-57.15,0.50,-39.72,25.05,0.3840,2.9,25.0,0.0,0.0,0.0,924.8,924.1
2,03:32,MANUAL,13080,0.1473,-57.04,0.50,-39.25,25.74,0.4145,0.0,25.0,0.0,0.0,0.0,899.2,916.5
2,03:33,MANUAL,13140,0.1480,-56.93,0.50,-39.35,24.81,0.3953,0.0,25.0,0.0,0.0,0.0,937.7,928.0
2,03:34,MANUAL,13200,0.1487,-56.82,0.50,-39.41,25.56,0.3993,4.0,25.0,0.0,0.0,0.0,900.0,910.9
2,03:35,MANUAL,13260,0.1494,-56.71,0.50,-39.19,24.25,0.3953,0.0,25.0,0.0,0.0,0.0,947.2,893.7
2,03:36,MANUAL,13320,0.1500,-56.60,0.50,-39.04,24.97,0.3990,20.5,25.0,0.0,0.0,0.0,922.6,921.1
2,03:37,MANUAL,13380,0.1507,-56.48,0.50,-38.82,24.26,0.3896,16.2,25.0,0.0,0.0,0.0,902.4,918.1
2,03:38,MANUAL,13440,0.1514,-56.37,0.50,-38.76,24.03,0.4183,0.0,25.0,0.0,0.0,0.0,931.9,921.0
2,03:38,MANUAL,13500,0.1521,-56.26,0.50,-38.96,23.57,0.3994,7.2,25.0,0.0,0.0,0.0,916.7,937.0
2,03:39,MANUAL,13560,0.1527,-56.15,0.50,-38.51,23.40,0.4088,0.0,25.0,0.0,0.0,0.0,932.7,921.3
2,03:40,MANUAL,13620,0.1534,-56.03,0.50,-38.34,23.16,0.3989,0.0,25.0,0.0,0.0,0.0,943.7,881.4
2,03:41,MANUAL,13680,0.1541,-55.92,0.50,-38.66,22.07,0.4141,15.6,25.0,0.0,0.0,0.0,938.3,920.9
2,03:42,MANUAL,13740,0.1548,-55.81,0.50,-38.30,22.08,0.4113,0.0,25.0,0.0,0.0,0.0,900.8,888.1
2,03:43,MANUAL,13800,0.1554,-55.69,0.50,-38.48,20.74,0.3904,8.8,25.0,0.0,0.0,0.0,939.7,874.5
2,03:44,MANUAL,13860,0.1561,-55.58,0.50,-37.78,22.74,0.4007,0.0,25.0,0.0,0.0,0.0,928.0,928.6
2,03:45,MANUAL,13920,0.1568,-55.46,0.50,-37.52,22.18,0.3984,4.8,25.0,0.0,0.0,0.0,923.5,931.7
2,03:46,MANUAL,13980,0.1575,-55.35,0.50,-38.04,21.99,0.4080,15.2,25.0,0.0,0.0,0.0,921.9,924.2
2,03:47,MANUAL,14040,0.1582,-55.23,0.50,-37.96,21.57,0.3969,11.0,25.0,0.0,0.0,0.0,925.5,917.2
2,03:48,MANUAL,14100,0.1588,-55.12,0.50,-37.75,19.92,0.4096,0.0,25.0,0.0,0.0,0.0,951.6,919.0
2,03:49,MANUAL,14160,0.1595,-55.00,0.50,-37.65,20.73,0.3912,0.0,25.0,0.0,0.0,0.0,932.5,921.0
2,03:50,MANUAL,14220,0.1602,-54.88,0.50,-37.41,20.99,0.3955,3.3,25.0,0.0,0.0,0.0,975.7,920.1
2,03:51,MANUAL,14280,0.1609,-54.77,0.50,-37.31,18.53,0.4077,20.3,25.0,0.0,0.0,0.0,917.7,934.8
2,03:52,MANUAL,14340,0.1615,-54.65,0.50,-37.25,18.43,0.3937,0.0,25.0,0.0,0.0,0.0,926.6,926.7
2,03:53,MANUAL,14400,0.1622,-54.53,0.50,-37.01,18.29,0.4107,0.0,25.0,0.0,0.0,0.0,917.3,901.7
2,03:54,MANUAL,14460,0.1629,-54.41,0.50,-37.05,19.03,0.4044,17.7,25.0,0.0,0.0,0.0,924.3,917.1
2,03:55,MANUAL,14520,0.1636,-54.30,0.50,-36.86,20.01,0.4030,8.1,25.0,0.0,0.0,0.0,911.3,923.8
2,03:56,MANUAL,14580,0.1642,-54.18,0.50,-36.72,19.31,0.3930,3.1,25.0,0.0,0.0,0.0,948.9,906.3
2,03:57,MANUAL,14640,0.1649,-54.06,0.50,-36.71,20.09,0.3869,6.9,25.0,0.0,0.0,0.0,943.5,878.6
2,03:58,MANUAL,14700,0.1656,-53.94,0.50,-36.71,18.76,0.3995,0.0,25.0,0.0,0.0,0.0,928.1,928.0
2,03:59,MANUAL,14760,0.1663,-53.82,0.50,-36.25,17.35,0.4198,26.1,25.0,0.0,0.0,0.0,903.6,922.2
2,04:00,MANUAL,14820,0.1669,-53.70,0.50,-36.57,19.73,0.3884,17.6,25.0,0.0,0.0,0.0,910.0,912.6
2,04:01,MANUAL,14880,0.1676,-53.58,0.50,-36.24,16.54,0.3968,2.4,25.0,0.0,0.0,0.0,928.9,941.4
2,04:02,MANUAL,14940,0.1683,-53.46,0.50,-36.03,16.80,0.3971,1.5,25.0,0.0,0.0,0.0,935.3,902.7
2,04:03,MANUAL,15000,0.1690,-53.34,0.50,-36.14,18.27,0.4024,0.0,25.0,0.0,0.0,0.0,933.9,929.6
2,04:04,MANUAL,15060,0.1696,-53.22,0.50,-36.11,18.70,0.3947,2.2,25.0,0.0,0.0,0.0,919.3,951.1
2,04:05,MANUAL,15120,0.1703,-53.10,0.50,-35.41,16.71,0.4038,0.0,25.0,0.0,0.0,0.0,909.6,923.4
2,04:06,MANUAL,15180,0.1710,-52.98,0.50,-35.66,16.35,0.4029,0.0,25.0,0.0,0.0,0.0,922.9,922.7
2,04:07,MANUAL,15240,0.1717,-52.86,0.50,-35.72,17.07,0.4127,0.0,25.0,0.0,0.0,0.0,916.2,925.6
2,04:08,MANUAL,15300,0.1723,-52.74,0.50,-35.38,15.00,0.3900,3.0,25.0,0.0,0.0,0.0,949.0,915.3
2,04:09,MANUAL,15360,0.1730,-52.61,0.50,-35.20,15.71,0.3958,3.8,25.0,0.0,0.0,0.0,944.3,923.2
2,04:10,MANUAL,15420,0.1737,-52.49,0.50,-35.03,16.45,0.3953,13.1,25.0,0.0,0.0,0.0,940.0,948.9
2,04:11,MANUAL,15480,0.1744,-52.37,0.50,-35.07,16.36,0.3852,1.7,25.0,0.0,0.0,0.0,953.0,912.0
2,04:12,MANUAL,15540,0.1750,-52.25,0.50,-35.01,14.56,0.3915,0.0,25.0,0.0,0.0,0.0,954.1,914.9
2,04:13,MANUAL,15600,0.1757,-52.12,0.50,-34.74,16.38,0.4089,7.3,25.0,0.0,0.0,0.0,934.1,915.5
2,04:14,MANUAL,15660,0.1764,-52.00,0.50,-34.46,15.18,0.4296,10.6,25.0,0.0,0.0,0.0,955.0,918.7
2,04:14,MANUAL,15720,0.1771,-51.88,0.50,-34.12,16.10,0.3985,0.7,25.0,0.0,0.0,0.0,907.5,931.3
2,04:15,MANUAL,15780,0.1778,-51.75,0.50,-34.33,13.64,0.3871,3.6,25.0,0.0,0.0,0.0,935.6,909.8
2,04:16,MANUAL,15840,0.1784,-51.63,0.50,-34.41,12.89,0.3925,0.0,25.0,0.0,0.0,0.0,939.3,935.3
2,04:17,MANUAL,15900,0.1791,-51.50,0.50,-34.08,14.03,0.3762,6.0,25.0,0.0,0.0,0.0,910.9,944.0
2,04:18,MANUAL,15960,0.1798,-51.38,0.50,-34.00,14.27,0.4118,0.0,25.0,0.0,0.0,0.0,933.9,962.0
2,04:19,MANUAL,16020,0.1805,-51.25,0.50,-33.97,13.91,0.4002,15.7,25.0,0.0,0.0,0.0,951.8,919.7
2,04:20,MANUAL,16080,0.1811,-51.13,0.50,-33.74,13.66,0.3970,5.4,25.0,0.0,0.0,0.0,915.8,908.5
2,04:21,MANUAL,16140,0.1818,-51.00,0.50,-33.86,12.90,0.4073,0.0,25.0,0.0,0.0,0.0,916.9,896.1
2,04:22,MANUAL,16200,0.1825,-50.88,0.50,-33.38,13.41,0.4016,18.7,25.0,0.0,0.0,0.0,926.9,930.0
2,04:23,MANUAL,16260,0.1832,-50.75,0.50,-33.48,13.09,0.3963,13.2,25.0,0.0,0.0,0.0,901.9,963.1
2,04:24,MANUAL,16320,0.1838,-50.63,0.50,-33.34,14.02,0.3997,0.0,25.0,0.0,0.0,0.0,902.3,909.9
2,04:25,MANUAL,16380,0.1845,-50.50,0.50,-33.50,11.69,0.3924,2.0,25.0,0.0,0.0,0.0,923.5,887.7
2,04:26,MANUAL,16440,0.1852,-50.37,0.50,-33.23,14.11,0.3987,7.1,25.0,0.0,0.0,0.0,919.1,929.3
2,04:27,MANUAL,16500,0.1859,-50.25,0.50,-32.94,12.55,0.4056,10.0,25.0,0.0,0.0,0.0,917.6,944.6
2,04:28,MANUAL,16560,0.1865,-50.12,0.50,-33.14,13.98,0.3841,0.0,25.0,0.0,0.0,0.0,923.8,927.1
2,04:29,MANUAL,16620,0.1872,-49.99,0.50,-32.76,12.75,0.4023,0.0,25.0,0.0,0.0,0.0,911.5,887.2
2,04:30,MANUAL,16680,0.1879,-49.86,0.50,-32.95,11.44,0.3858,0.0,25.0,0.0,0.0,0.0,937.7,897.5
2,04:31,MANUAL,16740,0.1886,-49.74,0.50,-32.53,13.56,0.3898,0.0,25.0,0.0,0.0,0.0,948.9,947.3
2,04:32,MANUAL,16800,0.1892,-49.61,0.50,-32.66,14.15,0.3841,0.2,25.0,0.0,0.0,0.0,914.5,883.2
2,04:33,MANUAL,16860,0.1899,-49.48,0.50,-32.51,13.18,0.3979,12.7,25.0,0.0,0.0,0.0,945.2,919.3
2,04:34,MANUAL,16920,0.1906,-49.35,0.50,-31.92,12.91,0.4113,0.0,25.0,0.0,0.0,0.0,910.0,919.9
2,04:35,MANUAL,16980,0.1913,-49.22,0.50,-32.05,11.68,0.3971,1.7,25.0,0.0,0.0,0.0,931.3,942.7
2,04:36,MANUAL,17040,0.1919,-49.09,0.50,-32.02,11.99,0.4026,0.0,25.0,0.0,0.0,0.0,916.6,905.7
2,04:37,MANUAL,17100,0.1926,-48.96,0.50,-31.86,10.67,0.4000,25.1,25.0,0.0,0.0,0.0,934.9,919.9
2,04:38,MANUAL,17160,0.1933,-48.84,0.50,-31.65,10.36,0.4093,0.0,25.0,0.0,0.0,0.0,939.3,898.0
2,04:39,MANUAL,17220,0.1940,-48.71,0.50,-31.63,10.34,0.3905,0.0,25.0,0.0,0.0,0.0,926.9,959.8
2,04:40,MANUAL,17280,0.1946,-48.58,0.50,-31.50,11.72,0.4021,0.0,25.0,0.0,0.0,0.0,935.5,950.3
2,04:41,MANUAL,17340,0.1953,-48.45,0.50,-31.14,10.81,0.3999,10.5,25.0,0.0,0.0,0.0,920.6,909.2
2,04:42,MANUAL,17400,0.1960,-48.32,0.50,-31.28,10.96,0.3911,0.0,25.0,0.0,0.0,0.0,952.5,899.2
2,04:43,MANUAL,17460,0.1967,-48.19,0.50,-30.94,10.64,0.4092,0.0,25.0,0.0,0.0,0.0,917.9,915.0
2,04:44,MANUAL,17520,0.1974,-48.06,0.50,-30.75,12.13,0.3882,1.4,25.0,0.0,0.0,0.0,952.5,913.0
2,04:45,MANUAL,17580,0.1980,-47.93,0.50,-30.95,12.10,0.4051,21.2,25.0,0.0,0.0,0.0,940.4,903.5
2,04:46,MANUAL,17640,0.1987,-47.79,0.50,-30.84,10.33,0.4076,0.0,25.0,0.0,0.0,0.0,906.3,921.3
2,04:47,MANUAL,17700,0.1994,-47.66,0.50,-30.27,10.92,0.3991,39.2,25.0,0.0,0.0,0.0,936.1,934.6
2,04:48,MANUAL,17760,0.2001,-47.53,0.50,-30.45,8.97,0.3889,0.0,25.0,0.0,0.0,0.0,939.5,923.1
2,04:49,MANUAL,17820,0.2007,-47.40,0.50,-30.32,10.55,0.4078,0.0,25.0,0.0,0.0,0.0,913.7,891.1
2,04:50,MANUAL,17880,0.2014,-47.27,0.50,-30.17,10.91,0.3823,9.7,25.0,0.0,0.0,0.0,932.5,905.1
2,04:51,MANUAL,17940,0.2021,-47.14,0.50,-29.96,9.50,0.3928,16.1,25.0,0.0,0.0,0.0,934.2,903.4
2,04:51,MANUAL,18000,0.2028,-47.01,0.50,-29.36,10.31,0.3968,0.0,25.0,0.0,0.0,0.0,882.3,882.2
2,04:52,MANUAL,18060,0.2034,-46.87,0.50,-29.86,8.64,0.4018,6.3,25.0,0.0,0.0,0.0,942.5,902.4
2,04:53,MANUAL,18120,0.2041,-46.74,0.50,-29.74,8.63,0.3951,0.0,25.0,0.0,0.0,0.0,942.2,943.2
2,04:54,MANUAL,18180,0.2048,-46.61,0.50,-29.69,10.89,0.4120,0.0,25.0,0.0,0.0,0.0,954.4,893.0
2,04:55,MANUAL,18240,0.2055,-46.48,0.50,-29.37,8.89,0.3841,0.0,25.0,0.0,0.0,0.0,932.3,906.4
2,04:56,MANUAL,18300,0.2061,-46.34,0.50,-29.18,8.87,0.4092,0.0,25.0,0.0,0.0,0.0,907.3,919.4
2,04:57,MANUAL,18360,0.2068,-46.21,0.50,-28.82,9.64,0.4058,6.9,25.0,0.0,0.0,0.0,961.0,904.3
2,04:58,MANUAL,18420,0.2075,-46.08,0.50,-29.03,8.40,0.4084,0.0,25.0,0.0,0.0,0.0,912.5,946.1
2,04:59,MANUAL,18480,0.2082,-45.94,0.50,-28.72,8.27,0.3868,0.0,25.0,0.0,0.0,0.0,911.0,921.2
2,05:00,MANUAL,18540,0.2088,-45.81,0.50,-28.93,5.71,0.4061,5.4,25.0,0.0,0.0,0.0,957.2,948.5
2,05:01,MANUAL,18600,0.2095,-45.68,0.50,-28.63,9.67,0.3967,0.0,25.0,0.0,0.0,0.0,944.1,933.8
2,05:02,MANUAL,18660,0.2102,-45.54,0.50,-28.88,10.29,0.4083,3.5,25.0,0.0,0.0,0.0,932.0,948.2
2,05:03,MANUAL,18720,0.2109,-45.41,0.50,-28.24,9.13,0.4164,0.0,25.0,0.0,0.0,0.0,896.1,909.3
2,05:04,MANUAL,18780,0.2115,-45.28,0.50,-28.47,9.30,0.4035,20.1,25.0,0.0,0.0,0.0,934.6,913.4
2,05:05,MANUAL,18840,0.2122,-45.14,0.50,-27.93,10.91,0.4098,0.0,25.0,0.0,0.0,0.0,953.0,952.7
2,05:06,MANUAL,18900,0.2129,-45.01,0.50,-28.14,7.95,0.4012,0.0,25.0,0.0,0.0,0.0,916.1,916.7
2,05:07,MANUAL,18960,0.2136,-44.87,0.50,-28.27,7.01,0.3988,0.0,25.0,0.0,0.0,0.0,922.0,947.4
2,05:08,MANUAL,19020,0.2142,-44.74,0.50,-27.67,9.25,0.3966,0.0,25.0,0.0,0.0,0.0,940.8,912.5
2,05:09,MANUAL,19080,0.2149,-44.60,0.50,-27.50,7.56,0.4038,0.2,25.0,0.0,0.0,0.0,954.3,910.3
2,05:10,MANUAL,19140,0.2156,-44.47,0.50,-27.60,7.93,0.4006,21.2,25.0,0.0,0.0,0.0,918.5,917.6
2,05:11,MANUAL,19200,0.2163,-44.33,0.50,-27.33,5.92,0.3827,0.0,25.0,0.0,0.0,0.0,899.1,906.7
2,05:12,MANUAL,19260,0.2170,-44.20,0.50,-27.03,6.90,0.4139,7.9,25.0,0.0,0.0,0.0,915.3,908.0
2,05:13,MANUAL,19320,0.2176,-44.06,0.50,-27.27,7.49,0.3757,7.5,25.0,0.0,0.0,0.0,914.4,933.2
2,05:14,MANUAL,19380,0.2183,-43.93,0.50,-26.99,6.59,0.3965,4.7,25.0,0.0,0.0,0.0,931.6,912.8
2,05:15,MANUAL,19440,0.2190,-43.79,0.50,-26.77,7.58,0.4078,2.8,25.0,0.0,0.0,0.0,925.2,901.0
2,05:16,MANUAL,19500,0.2197,-43.66,0.50,-26.12,6.60,0.3817,27.4,25.0,0.0,0.0,0.0,925.8,936.2
2,05:17,MANUAL,19560,0.2203,-43.52,0.50,-26.19,7.76,0.4011,0.0,25.0,0.0,0.0,0.0,924.5,923.6
2,05:18,MANUAL,19620,0.2210,-43.39,0.50,-26.40,6.93,0.4091,30.4,25.0,0.0,0.0,0.0,906.1,934.3
2,05:19,MANUAL,19680,0.2217,-43.25,0.50,-26.24,6.54,0.3917,4.6,25.0,0.0,0.0,0.0,946.2,917.3
2,05:20,MANUAL,19740,0.2224,-43.12,0.50,-26.33,7.51,0.4002,0.0,25.0,0.0,0.0,0.0,930.0,968.0
2,05:21,MANUAL,19800,0.2230,-42.98,0.50,-26.16,5.47,0.3956,2.7,25.0,0.0,0.0,0.0,944.3,953.3
2,05:22,MANUAL,19860,0.2237,-42.84,0.50,-25.53,8.42,0.4069,0.0,25.0,0.0,0.0,0.0,946.8,920.1
2,05:23,MANUAL,19920,0.2244,-42.71,0.50,-25.78,5.50,0.3892,0.8,25.0,0.0,0.0,0.0,946.3,889.8
2,05:24,MANUAL,19980,0.2251,-42.57,0.50,-25.69,7.40,0.3915,9.4,25.0,0.0,0.0,0.0,934.0,907.6
2,05:25,MANUAL,20040,0.2257,-42.43,0.50,-25.23,6.05,0.4094,0.1,25.0,0.0,0.0,0.0,944.6,940.8
2,05:26,MANUAL,20100,0.2264,-42.30,0.50,-25.53,6.69,0.3855,10.1,25.0,0.0,0.0,0.0,942.4,902.1
2,05:27,MANUAL,20160,0.2271,-42.16,0.50,-24.94,9.00,0.4020,0.0,25.0,0.0,0.0,0.0,980.1,870.7
2,05:27,MANUAL,20220,0.2278,-42.03,0.50,-24.81,6.52,0.4153,0.0,25.0,0.0,0.0,0.0,962.4,935.9
2,05:28,MANUAL,20280,0.2284,-41.89,0.50,-24.69,5.35,0.3999,10.1,25.0,0.0,0.0,0.0,932.8,927.2
2,05:29,MANUAL,20340,0.2291,-41.75,0.50,-24.55,5.76,0.3914,8.2,25.0,0.0,0.0,0.0,936.4,964.1
2,05:30,MANUAL,20400,0.2298,-41.61,0.50,-24.85,8.11,0.4070,5.7,25.0,0.0,0.0,0.0,914.3,922.7
2,05:31,MANUAL,20460,0.2305,-41.48,0.50,-24.19,4.92,0.4095,0.0,25.0,0.0,0.0,0.0,946.1,944.1
2,05:32,MANUAL,20520,0.2311,-41.34,0.50,-24.26,6.05,0.3933,0.0,25.0,0.0,0.0,0.0,956.8,930.7
2,05:33,MANUAL,20580,0.2318,-41.20,0.50,-24.16,4.93,0.4047,0.0,25.0,0.0,0.0,0.0,945.9,922.0
2,05:34,MANUAL,20640,0.2325,-41.07,0.50,-24.65,5.55,0.3881,0.0,25.0,0.0,0.0,0.0,907.8,916.6
2,05:35,MANUAL,20700,0.2332,-40.93,0.50,-23.90,5.77,0.3696,11.0,25.0,0.0,0.0,0.0,922.9,937.8
2,05:36,MANUAL,20760,0.2338,-40.79,0.50,-23.67,5.81,0.3930,0.0,25.0,0.0,0.0,0.0,955.0,944.6
2,05:37,MANUAL,20820,0.2345,-40.65,0.50,-23.96,4.97,0.3988,6.0,25.0,0.0,0.0,0.0,890.8,929.0
2,05:38,MANUAL,20880,0.2352,-40.52,0.50,-23.48,6.29,0.4042,27.6,25.0,0.0,0.0,0.0,916.6,933.2
2,05:39,MANUAL,20940,0.2359,-40.38,0.50,-23.11,4.05,0.3987,0.0,25.0,0.0,0.0,0.0,946.3,962.5
2,05:40,MANUAL,21000,0.2366,-40.24,0.50,-23.41,4.97,0.3936,0.0,25.0,0.0,0.0,0.0,904.8,931.8
2,05:41,MANUAL,21060,0.2372,-40.11,0.50,-23.25,5.86,0.4006,16.4,25.0,0.0,0.0,0.0,930.1,906.1
2,05:42,MANUAL,21120,0.2379,-39.97,0.50,-23.15,5.14,0.4081,11.3,25.0,0.0,0.0,0.0,951.9,896.8
2,05:43,MANUAL,21180,0.2386,-39.83,0.50,-23.19,5.24,0.3965,4.9,25.0,0.0,0.0,0.0,935.2,955.9
2,05:44,MANUAL,21240,0.2393,-39.69,0.50,-22.80,6.70,0.3973,6.6,25.0,0.0,0.0,0.0,953.7,895.5
2,05:45,MANUAL,21300,0.2399,-39.55,0.50,-22.68,5.09,0.3958,1.4,25.0,0.0,0.0,0.0,918.2,949.3
2,05:46,MANUAL,21360,0.2406,-39.42,0.50,-22.02,3.58,0.4117,0.0,25.0,0.0,0.0,0.0,946.5,919.5
2,05:47,MANUAL,21420,0.2413,-39.28,0.50,-22.62,5.12,0.4049,0.0,25.0,0.0,0.0,0.0,916.3,933.2
2,05:48,MANUAL,21480,0.2420,-39.14,0.50,-22.08,6.36,0.4057,1.0,25.0,0.0,0.0,0.0,896.0,952.6
2,05:49,MANUAL,21540,0.2426,-39.00,0.50,-22.22,5.75,0.3948,0.0,25.0,0.0,0.0,0.0,951.9,927.8
2,05:50,MANUAL,21600,0.2433,-38.87,0.50,-21.55,4.90,0.4002,0.0,25.0,0.0,0.0,0.0,927.9,963.9
2,05:51,MANUAL,21660,0.2440,-38.73,0.50,-21.57,4.53,0.3944,0.0,25.0,0.0,0.0,0.0,956.1,909.2
2,05:52,MANUAL,21720,0.2447,-38.59,0.50,-21.84,4.21,0.4052,0.0,25.0,0.0,0.0,0.0,940.1,927.9
2,05:53,MANUAL,21780,0.2453,-38.45,0.50,-21.70,5.87,0.3995,6.5,25.0,0.0,0.0,0.0,943.7,905.5
2,05:54,MANUAL,21840,0.2460,-38.31,0.50,-21.23,2.29,0.3954,9.2,25.0,0.0,0.0,0.0,944.5,937.2
2,05:55,MANUAL,21900,0.2467,-38.18,0.50,-21.27,4.95,0.3811,0.0,25.0,0.0,0.0,0.0,918.8,929.6
2,05:56,MANUAL,21960,0.2474,-38.04,0.50,-21.19,4.74,0.3799,11.8,25.0,0.0,0.0,0.0,945.5,901.1
2,05:57,MANUAL,22020,0.2480,-37.90,0.50,-21.06,5.78,0.4061,3.7,25.0,0.0,0.0,0.0,913.6,930.8
2,05:58,MANUAL,22080,0.2487,-37.76,0.50,-20.64,4.47,0.4048,2.4,25.0,0.0,0.0,0.0,928.2,944.4
2,05:59,MANUAL,22140,0.2494,-37.62,0.50,-20.41,3.90,0.4105,0.0,25.0,0.0,0.0,0.0,929.4,913.7
2,06:00,MANUAL,22200,0.2501,-37.49,0.50,-20.21,3.72,0.4007,0.0,25.0,0.0,0.0,0.0,962.5,911.9
2,06:01,MANUAL,22260,0.2507,-37.35,0.50,-20.33,3.63,0.4055,4.6,25.0,0.0,0.0,0.0,919.0,927.2
2,06:02,MANUAL,22320,0.2514,-37.21,0.50,-20.13,2.82,0.4012,0.0,25.0,0.0,0.0,0.0,906.2,943.8
2,06:03,MANUAL,22380,0.2521,-37.07,0.50,-19.83,2.67,0.3937,2.8,25.0,0.0,0.0,0.0,921.3,928.0
2,06:03,MANUAL,22440,0.2528,-36.93,0.50,-19.73,3.31,0.3998,9.8,25.0,0.0,0.0,0.0,927.8,970.5
2,06:04,MANUAL,22500,0.2534,-36.80,0.50,-19.74,4.90,0.4033,23.2,25.0,0.0,0.0,0.0,937.6,945.7
2,06:05,MANUAL,22560,0.2541,-36.66,0.50,-19.88,5.24,0.4214,19.2,25.0,0.0,0.0,0.0,958.1,961.2
2,06:06,MANUAL,22620,0.2548,-36.52,0.50,-19.63,3.76,0.3955,18.7,25.0,0.0,0.0,0.0,909.2,967.5
2,06:07,MANUAL,22680,0.2555,-36.38,0.50,-19.28,4.27,0.3917,32.5,25.0,0.0,0.0,0.0,932.8,956.4
2,06:08,MANUAL,22740,0.2562,-36.24,0.50,-19.12,4.62,0.4158,33.7,25.0,0.0,0.0,0.0,920.5,901.8
2,06:09,MANUAL,22800,0.2568,-36.11,0.50,-18.54,5.03,0.3986,57.4,25.0,0.0,0.0,0.0,938.7,952.8
2,06:10,MANUAL,22860,0.2575,-35.97,0.50,-19.20,2.46,0.3819,44.5,25.0,0.0,0.0,0.0,935.7,955.8
2,06:11,MANUAL,22920,0.2582,-35.83,0.50,-18.86,4.55,0.4007,32.5,25.0,0.0,0.0,0.0,921.5,933.1
2,06:12,MANUAL,22980,0.2589,-35.69,0.50,-18.94,1.58,0.3948,50.6,25.0,0.0,0.0,0.0,944.7,918.2
2,06:13,MANUAL,23040,0.2595,-35.55,0.50,-18.03,4.83,0.3896,33.2,25.0,0.0,0.0,0.0,968.3,948.5
2,06:14,MANUAL,23100,0.2602,-35.42,0.50,-17.88,3.61,0.3867,58.0,25.0,0.0,0.0,0.0,929.0,938.8
2,06:15,MANUAL,23160,0.2609,-35.28,0.50,-18.20,2.38,0.4070,46.3,25.0,0.0,0.0,0.0,932.6,928.5
2,06:16,MANUAL,23220,0.2616,-35.14,0.50,-17.80,6.49,0.3946,57.0,25.0,0.0,0.0,0.0,953.0,927.9
2,06:17,MANUAL,23280,0.2622,-35.00,0.50,-17.54,4.46,0.3942,65.2,25.0,0.0,0.0,0.0,953.0,963.0
2,06:18,MANUAL,23340,0.2629,-34.87,0.50,-17.47,3.41,0.3995,65.9,25.0,0.0,0.0,0.0,956.1,956.5
2,06:19,MANUAL,23400,0.2636,-34.73,0.50,-17.52,3.83,0.4033,56.3,25.0,0.0,0.0,0.0,942.1,940.0
2,06:20,MANUAL,23460,0.2643,-34.59,0.50,-17.15,3.38,0.3808,67.7,25.0,0.0,0.0,0.0,924.6,929.2
2,06:21,MANUAL,23520,0.2649,-34.45,0.50,-17.10,3.72,0.3982,50.4,25.0,0.0,0.0,0.0,956.1,925.0
2,06:22,MANUAL,23580,0.2656,-34.32,0.50,-17.00,1.26,0.4024,65.6,25.0,0.0,0.0,0.0,980.0,942.9
2,06:23,MANUAL,23640,0.2663,-34.18,0.50,-16.82,2.68,0.3953,76.4,25.0,0.0,0.0,0.0,930.5,924.2
2,06:24,MANUAL,23700,0.2670,-34.04,0.50,-16.41,3.77,0.3965,90.4,25.0,0.0,0.0,0.0,957.0,923.6
2,06:25,MANUAL,23760,0.2676,-33.90,0.50,-16.34,4.36,0.3831,82.2,25.0,0.0,0.0,0.0,941.1,931.8
2,06:26,MANUAL,23820,0.2683,-33.77,0.50,-16.09,2.99,0.4043,60.6,25.0,0.0,0.0,0.0,931.2,928.4
2,06:27,MANUAL,23880,0.2690,-33.63,0.50,-16.16,3.59,0.3994,83.6,25.0,0.0,0.0,0.0,910.1,974.5
2,06:28,MANUAL,23940,0.2697,-33.49,0.50,-15.68,4.27,0.3996,88.0,25.0,0.0,0.0,0.0,934.3,943.9
2,06:29,MANUAL,24000,0.2703,-33.36,0.50,-15.63,1.36,0.3777,107.9,25.0,0.0,0.0,0.0,947.4,926.6
2,06:30,MANUAL,24060,0.2710,-33.22,0.50,-15.41,2.88,0.3916,90.2,25.0,0.0,0.0,0.0,916.0,965.0
2,06:31,MANUAL,24120,0.2717,-33.08,0.50,-15.29,1.59,0.3938,118.3,25.0,0.0,0.0,0.0,905.2,955.8
2,06:32,MANUAL,24180,0.2724,-32.95,0.50,-15.40,3.71,0.4080,106.3,25.0,0.0,0.0,0.0,968.1,916.6
2,06:33,MANUAL,24240,0.2730,-32.81,0.50,-14.79,1.74,0.4189,118.6,25.0,0.0,0.0,0.0,916.6,958.2
2,06:34,MANUAL,24300,0.2737,-32.67,0.50,-14.67,3.21,0.4000,115.5,25.0,0.0,0.0,0.0,896.6,888.9
2,06:35,MANUAL,24360,0.2744,-32.54,0.50,-14.48,1.44,0.3851,120.8,25.0,0.0,0.0,0.0,947.9,910.0
2,06:36,MANUAL,24420,0.2751,-32.40,0.50,-14.45,2.78,0.4065,131.5,25.0,0.0,0.0,0.0,949.5,951.1
2,06:37,MANUAL,24480,0.2758,-32.26,0.50,-14.04,2.67,0.3938,124.3,25.0,0.0,0.0,0.0,946.4,923.1
2,06:38,MANUAL,24540,0.2764,-32.13,0.50,-14.14,4.43,0.4060,128.1,25.0,0.0,0.0,0.0,958.2,956.9
2,06:39,MANUAL,24600,0.2771,-31.99,0.50,-13.85,2.20,0.4002,154.6,25.0,0.0,0.0,0.0,953.7,918.4
2,06:40,MANUAL,24660,0.2778,-31.86,0.50,-13.60,2.94,0.4014,141.9,25.0,0.0,0.0,0.0,943.3,924.9
2,06:40,MANUAL,24720,0.2785,-31.72,0.50,-13.28,4.25,0.3977,141.6,25.0,0.0,0.0,0.0,960.7,950.5
2,06:41,MANUAL,24780,0.2791,-31.58,0.50,-13.42,1.78,0.4003,157.3,25.0,0.0,0.0,0.0,961.2,932.4
2,06:42,MANUAL,24840,0.2798,-31.45,0.50,-12.96,4.44,0.3856,134.6,25.0,0.0,0.0,0.0,964.3,933.0
2,06:43,MANUAL,24900,0.2805,-31.31,0.50,-12.94,1.24,0.4053,135.2,25.0,0.0,0.0,0.0,939.1,932.0
2,06:44,MANUAL,24960,0.2812,-31.18,0.50,-12.47,0.75,0.3916,137.4,25.0,0.0,0.0,0.0,911.4,959.5
2,06:45,MANUAL,25020,0.2818,-31.04,0.50,-12.47,1.98,0.4077,164.1,25.0,0.0,0.0,0.0,934.6,933.5
2,06:46,MANUAL,25080,0.2825,-30.91,0.50,-12.16,1.99,0.3736,159.6,25.0,0.0,0.0,0.0,915.2,933.6
2,06:47,MANUAL,25140,0.2832,-30.77,0.50,-11.94,2.05,0.3910,166.9,25.0,0.0,0.0,0.0,966.3,960.0
2,06:48,MANUAL,25200,0.2839,-30.64,0.50,-11.93,1.37,0.4078,177.2,25.0,0.0,0.0,0.0,921.7,940.7
2,06:49,MANUAL,25260,0.2845,-30.50,0.50,-11.76,3.15,0.3972,166.9,25.0,0.0,0.0,0.0,926.0,922.3
2,06:50,MANUAL,25320,0.2852,-30.37,0.50,-11.67,1.68,0.4080,162.0,25.0,0.0,0.0,0.0,903.4,944.3
2,06:51,MANUAL,25380,0.2859,-30.23,0.50,-11.09,1.93,0.3977,174.6,25.0,0.0,0.0,0.0,934.6,945.5
2,06:52,MANUAL,25440,0.2866,-30.10,0.50,-11.01,3.24,0.4002,168.9,25.0,0.0,0.0,0.0,939.8,917.2
2,06:53,MANUAL,25500,0.2872,-29.96,0.50,-11.10,2.16,0.4062,177.9,25.0,0.0,0.0,0.0,944.9,899.5
2,06:54,MANUAL,25560,0.2879,-29.83,0.50,-10.66,3.92,0.3909,204.7,25.0,0.0,0.0,0.0,945.6,931.0
2,06:55,MANUAL,25620,0.2886,-29.70,0.50,-10.79,4.22,0.3992,198.3,25.0,0.0,0.0,0.0,931.2,944.5
2,06:56,MANUAL,25680,0.2893,-29.56,0.50,-10.07,1.07,0.4000,186.7,25.0,0.0,0.0,0.0,933.2,913.4
2,06:57,MANUAL,25740,0.2899,-29.43,0.50,-10.65,4.14,0.3879,211.2,25.0,0.0,0.0,0.0,961.4,950.1
2,06:58,MANUAL,25800,0.2906,-29.29,0.50,-10.16,0.40,0.3939,204.8,25.0,0.0,0.0,0.0,959.0,894.8
2,06:59,MANUAL,25860,0.2913,-29.16,0.50,-9.73,1.41,0.3860,192.9,25.0,0.0,0.0,0.0,947.1,921.6
2,07:00,MANUAL,25920,0.2920,-29.03,0.50,-9.86,1.34,0.3929,210.2,25.0,0.0,0.0,0.0,922.9,937.4
2,07:01,MANUAL,25980,0.2926,-28.89,0.50,-9.09,3.69,0.3948,213.3,25.0,0.0,0.0,0.0,946.8,947.1
2,07:02,MANUAL,26040,0.2933,-28.76,0.50,-9.45,2.55,0.3905,231.0,25.0,0.0,0.0,0.0,959.1,951.5
2,07:03,MANUAL,26100,0.2940,-28.63,0.50,-9.06,1.32,0.3871,213.0,25.0,0.0,0.0,0.0,972.3,917.5
2,07:04,MANUAL,26160,0.2947,-28.50,0.50,-9.12,2.34,0.4006,232.8,25.0,0.0,0.0,0.0,905.0,944.5
2,07:05,MANUAL,26220,0.2954,-28.36,0.50,-9.09,2.67,0.3916,215.1,25.0,0.0,0.0,0.0,980.1,901.6
2,07:06,MANUAL,26280,0.2960,-28.23,0.50,-8.48,2.04,0.3951,220.0,25.0,0.0,0.0,0.0,907.0,945.0
2,07:07,MANUAL,26340,0.2967,-28.10,0.50,-8.45,3.21,0.3956,234.2,25.0,0.0,0.0,0.0,941.5,938.1
2,07:08,MANUAL,26400,0.2974,-27.97,0.50,-8.53,2.15,0.3951,222.8,25.0,0.0,0.0,0.0,956.9,972.2
2,07:09,MANUAL,26460,0.2981,-27.84,0.50,-8.03,0.34,0.4238,220.7,25.0,0.0,0.0,0.0,918.3,931.1
2,07:10,MANUAL,26520,0.2987,-27.70,0.50,-7.59,3.14,0.3900,229.5,25.0,0.0,0.0,0.0,934.3,948.7
2,07:11,MANUAL,26580,0.2994,-27.57,0.50,-7.63,2.10,0.4035,241.4,25.0,0.0,0.0,0.0,939.5,923.9
2,07:12,MANUAL,26640,0.3001,-27.44,0.50,-7.44,0.71,0.3965,247.3,25.0,0.0,0.0,0.0,984.7,930.0
2,07:13,MANUAL,26700,0.3008,-27.31,0.50,-7.38,0.70,0.3943,231.7,25.0,0.0,0.0,0.0,977.3,918.2
2,07:14,MANUAL,26760,0.3014,-27.18,0.50,-7.39,0.72,0.3953,258.0,25.0,0.0,0.0,0.0,957.3,945.2
2,07:15,MANUAL,26820,0.3021,-27.05,0.50,-7.04,1.92,0.3906,258.1,25.0,0.0,0.0,0.0,926.2,943.3
2,07:16,MANUAL,26880,0.3028,-26.92,0.50,-6.88,2.07,0.4036,270.1,25.0,0.0,0.0,0.0,927.7,930.7
2,07:16,MANUAL,26940,0.3035,-26.79,0.50,-7.05,2.09,0.3938,267.3,25.0,0.0,0.0,0.0,955.1,963.8
2,07:17,MANUAL,27000,0.3041,-26.66,0.50,-6.51,2.37,0.4062,246.8,25.0,0.0,0.0,0.0,972.3,931.9
2,07:18,MANUAL,27060,0.3048,-26.53,0.50,-6.35,3.65,0.4123,269.9,25.0,0.0,0.0,0.0,951.9,935.8
2,07:19,MANUAL,27120,0.3055,-26.40,0.50,-6.11,1.05,0.3796,264.8,25.0,0.0,0.0,0.0,941.8,973.9
2,07:20,MANUAL,27180,0.3062,-26.27,0.50,-6.11,1.06,0.3983,258.3,25.0,0.0,0.0,0.0,925.2,908.6
2,07:21,MANUAL,27240,0.3068,-26.14,0.50,-5.90,1.79,0.4049,271.6,25.0,0.0,0.0,0.0,931.1,941.6
2,07:22,MANUAL,27300,0.3075,-26.01,0.50,-5.70,0.39,0.3970,288.9,25.0,0.0,0.0,0.0,933.2,957.2
2,07:23,MANUAL,27360,0.3082,-25.88,0.50,-5.65,1.01,0.3893,275.9,25.0,0.0,0.0,0.0,937.0,942.8
2,07:24,MANUAL,27420,0.3089,-25.75,0.50,-5.03,1.20,0.3934,286.8,25.0,0.0,0.0,0.0,948.4,956.5
2,07:25,MANUAL,27480,0.3095,-25.62,0.50,-5.03,0.73,0.4115,296.0,25.0,0.0,0.0,0.0,909.3,906.4
2,07:26,MANUAL,27540,0.3102,-25.49,0.50,-4.92,3.19,0.4040,295.7,25.0,0.0,0.0,0.0,931.2,923.5
2,07:27,MANUAL,27600,0.3109,-25.37,0.50,-4.78,0.73,0.3823,289.5,25.0,0.0,0.0,0.0,922.7,908.5
2,07:28,MANUAL,27660,0.3116,-25.24,0.50,-4.57,1.68,0.3913,301.5,25.0,0.0,0.0,0.0,974.8,909.5
2,07:29,MANUAL,27720,0.3123,-25.11,0.50,-4.46,0.82,0.4129,303.0,25.0,0.0,0.0,0.0,947.9,933.5
2,07:30,MANUAL,27780,0.3129,-24.98,0.50,-4.08,0.23,0.3845,300.8,25.0,0.0,0.0,0.0,921.5,918.0
2,07:31,MANUAL,27840,0.3136,-24.86,0.50,-3.96,2.60,0.4090,304.6,25.0,0.0,0.0,0.0,960.1,951.8
2,07:32,MANUAL,27900,0.3143,-24.73,0.50,-3.57,1.59,0.3948,293.2,25.0,0.0,0.0,0.0,954.8,940.6
2,07:33,MANUAL,27960,0.3150,-24.60,0.50,-3.50,0.00,0.4189,302.6,25.0,0.0,0.0,0.0,915.7,925.2
2,07:34,MANUAL,28020,0.3156,-24.47,0.50,-3.46,2.88,0.3995,310.6,25.0,0.0,0.0,0.0,963.5,964.2
2,07:35,MANUAL,28080,0.3163,-24.35,0.50,-3.13,2.03,0.3933,321.5,25.0,0.0,0.0,0.0,932.3,944.0
2,07:36,MANUAL,28140,0.3170,-24.22,0.50,-3.31,1.10,0.3797,324.5,25.0,0.0,0.0,0.0,934.3,952.9
2,07:37,MANUAL,28200,0.3177,-24.10,0.50,-3.14,0.30,0.3930,328.7,25.0,0.0,0.0,0.0,972.4,939.3
2,07:38,MANUAL,28260,0.3183,-23.97,0.50,-3.12,0.64,0.4043,339.6,25.0,0.0,0.0,0.0,941.9,998.2
2,07:39,MANUAL,28320,0.3190,-23.85,0.50,-2.47,1.04,0.3865,335.5,25.0,0.0,0.0,0.0,932.8,926.1
2,07:40,MANUAL,28380,0.3197,-23.72,0.50,-2.22,1.76,0.3977,332.1,25.0,0.0,0.0,0.0,928.6,967.6
2,07:41,MANUAL,28440,0.3204,-23.60,0.50,-2.06,0.40,0.3898,345.7,25.0,0.0,0.0,0.0,943.1,954.3
2,07:42,MANUAL,28500,0.3210,-23.47,0.50,-2.06,1.03,0.3987,336.2,25.0,0.0,0.0,0.0,939.4,969.9
2,07:43,MANUAL,28560,0.3217,-23.35,0.50,-2.14,0.97,0.3910,346.2,25.0,0.0,0.0,0.0,978.5,926.6
2,07:44,MANUAL,28620,0.3224,-23.22,0.50,-2.07,1.66,0.3953,350.1,25.0,0.0,0.0,0.0,941.5,958.4
2,07:45,MANUAL,28680,0.3231,-23.10,0.50,-1.50,0.98,0.3822,349.0,25.0,0.0,0.0,0.0,933.3,938.6
2,07:46,MANUAL,28740,0.3237,-22.98,0.50,-0.99,1.20,0.3936,359.2,25.0,0.0,0.0,0.0,911.0,930.2
2,07:47,MANUAL,28800,0.3244,-22.85,0.50,-1.49,1.15,0.4043,359.2,25.0,0.0,0.0,0.0,911.3,980.2
2,07:48,MANUAL,28860,0.3251,-22.73,0.50,-0.86,1.52,0.4071,372.6,25.0,0.0,0.0,0.0,976.4,934.4
2,07:49,MANUAL,28920,0.3258,-22.61,0.50,-0.94,0.00,0.3960,359.2,25.0,0.0,0.0,0.0,947.9,929.5
2,07:50,MANUAL,28980,0.3264,-22.48,0.50,-0.56,0.00,0.4132,366.4,25.0,0.0,0.0,0.0,967.7,982.9
2,07:51,MANUAL,29040,0.3271,-22.36,0.50,-0.44,0.12,0.3943,386.3,25.0,0.0,0.0,0.0,959.2,911.6
2,07:52,MANUAL,29100,0.3278,-22.24,0.50,-0.55,0.00,0.3771,380.4,25.0,0.0,0.0,0.0,949.2,890.7
2,07:52,MANUAL,29160,0.3285,-22.12,0.50,-0.21,0.33,0.3975,373.2,25.0,0.0,0.0,0.0,989.5,935.3
2,07:53,MANUAL,29220,0.3291,-22.00,0.50,0.01,0.39,0.4064,401.1,25.0,0.0,0.0,0.0,950.1,948.1
2,07:54,MANUAL,29280,0.3298,-21.87,0.50,-0.04,1.81,0.4121,365.8,25.0,0.0,0.0,0.0,946.2,973.1
2,07:55,MANUAL,29340,0.3305,-21.75,0.50,0.56,0.07,0.4076,367.0,25.0,0.0,0.0,0.0,938.1,951.4
2,07:56,MANUAL,29400,0.3312,-21.63,0.50,0.46,0.00,0.3887,383.0,25.0,0.0,0.0,0.0,918.0,912.2
2,07:57,MANUAL,29460,0.3319,-21.51,0.50,0.31,0.66,0.4032,382.7,25.0,0.0,0.0,0.0,928.9,936.6
2,07:58,MANUAL,29520,0.3325,-21.39,0.50,0.50,0.31,0.3975,383.2,25.0,0.0,0.0,0.0,939.2,941.2
2,07:59,MANUAL,29580,0.3332,-21.27,0.50,0.85,2.59,0.4020,400.9,25.0,0.0,0.0,0.0,983.0,919.7
2,08:00,MANUAL,29640,0.3339,-21.15,0.50,1.24,2.19,0.4022,406.8,25.0,0.0,0.0,0.0,900.0,991.6
2,08:01,MANUAL,29700,0.3346,-21.03,0.50,1.25,1.59,0.3960,395.8,25.0,0.0,0.0,0.0,918.9,943.5
2,08:02,MANUAL,29760,0.3352,-20.92,0.50,1.65,0.55,0.3806,402.1,25.0,0.0,0.0,0.0,911.1,955.5
2,08:03,MANUAL,29820,0.3359,-20.80,0.50,1.52,1.58,0.4139,420.0,25.0,0.0,0.0,0.0,940.1,940.5
2,08:04,MANUAL,29880,0.3366,-20.68,0.50,1.70,1.61,0.3976,397.6,25.0,0.0,0.0,0.0,945.0,945.1
2,08:05,MANUAL,29940,0.3373,-20.56,0.50,1.76,0.00,0.4019,395.7,25.0,0.0,0.0,0.0,958.9,925.4
2,08:06,MANUAL,30000,0.3379,-20.44,0.50,2.24,1.32,0.3939,408.2,25.0,0.0,0.0,0.0,939.4,987.3
2,08:07,MANUAL,30060,0.3386,-20.33,0.50,2.24,0.98,0.4143,421.9,25.0,0.0,0.0,0.0,947.9,989.9
2,08:08,MANUAL,30120,0.3393,-20.21,0.50,2.29,1.85,0.4155,419.6,25.0,0.0,0.0,0.0,946.9,972.3
2,08:09,MANUAL,30180,0.3400,-20.09,0.50,2.58,0.63,0.4095,439.0,25.0,0.0,0.0,0.0,934.2,958.5
2,08:10,MANUAL,30240,0.3406,-19.98,0.50,2.77,2.70,0.4081,427.7,25.0,0.0,0.0,0.0,961.3,953.3
2,08:11,MANUAL,30300,0.3413,-19.86,0.50,2.89,2.75,0.4001,431.5,25.0,0.0,0.0,0.0,930.5,948.7
2,08:12,MANUAL,30360,0.3420,-19.74,0.50,2.90,1.70,0.3959,426.4,25.0,0.0,0.0,0.0,933.4,927.2
2,08:13,MANUAL,30420,0.3427,-19.63,0.50,3.14,1.48,0.4008,450.9,25.0,0.0,0.0,0.0,939.9,963.0
2,08:14,MANUAL,30480,0.3433,-19.51,0.50,2.98,1.54,0.4007,442.2,25.0,0.0,0.0,0.0,952.5,971.7
2,08:15,MANUAL,30540,0.3440,-19.40,0.50,3.48,1.56,0.3769,431.0,25.0,0.0,0.0,0.0,967.6,943.2
2,08:16,MANUAL,30600,0.3447,-19.28,0.50,3.74,4.90,0.4035,437.3,25.0,0.0,0.0,0.0,961.5,944.1
2,08:17,MANUAL,30660,0.3454,-19.17,0.50,3.95,3.48,0.4110,436.2,25.0,0.0,0.0,0.0,935.1,971.7
2,08:18,MANUAL,30720,0.3460,-19.06,0.50,4.07,2.85,0.4064,439.9,25.0,0.0,0.0,0.0,950.4,938.2
2,08:19,MANUAL,30780,0.3467,-18.94,0.50,4.45,3.08,0.3827,465.9,25.0,0.0,0.0,0.0,966.0,965.5
2,08:20,MANUAL,30840,0.3474,-18.83,0.50,4.44,3.99,0.4076,446.2,25.0,0.0,0.0,0.0,958.7,946.6
2,08:21,MANUAL,30900,0.3481,-18.72,0.50,4.30,5.32,0.4196,455.9,25.0,0.0,0.0,0.0,948.1,939.5
2,08:22,MANUAL,30960,0.3487,-18.60,0.50,4.88,4.75,0.3662,457.0,25.0,0.0,0.0,0.0,969.1,989.3
2,08:23,MANUAL,31020,0.3494,-18.49,0.50,4.64,4.59,0.3952,450.1,25.0,0.0,0.0,0.0,982.8,955.3
2,08:24,MANUAL,31080,0.3501,-18.38,0.50,5.12,4.03,0.4144,479.6,25.0,0.0,0.0,0.0,950.6,950.4
2,08:25,MANUAL,31140,0.3508,-18.27,0.50,5.12,5.35,0.3972,465.2,25.0,0.0,0.0,0.0,936.2,940.9
2,08:26,MANUAL,31200,0.3515,-18.16,0.50,5.68,5.67,0.4026,478.5,25.0,0.0,0.0,0.0,927.1,919.9
2,08:27,MANUAL,31260,0.3521,-18.05,0.50,5.44,7.06,0.4036,489.1,25.0,0.0,0.0,0.0,911.5,950.2
2,08:28,MANUAL,31320,0.3528,-17.94,0.50,5.92,5.55,0.3951,474.2,25.0,0.0,0.0,0.0,964.8,948.1
2,08:29,MANUAL,31380,0.3535,-17.83,0.50,5.88,8.83,0.3972,484.8,25.0,0.0,0.0,0.0,944.5,946.3
2,08:29,MANUAL,31440,0.3542,-17.72,0.50,5.96,8.80,0.4053,471.4,25.0,0.0,0.0,0.0,946.1,952.5
2,08:30,MANUAL,31500,0.3548,-17.61,0.50,6.18,6.70,0.4065,479.3,25.0,0.0,0.0,0.0,949.1,948.8
2,08:31,MANUAL,31560,0.3555,-17.50,0.50,6.02,7.78,0.4099,510.7,25.0,0.0,0.0,0.0,925.5,939.0
2,08:32,MANUAL,31620,0.3562,-17.39,0.50,6.53,7.62,0.4110,472.4,25.0,0.0,0.0,0.0,901.4,918.9
2,08:33,MANUAL,31680,0.3569,-17.28,0.50,6.64,7.12,0.4224,491.2,25.0,0.0,0.0,0.0,928.8,919.6
2,08:34,MANUAL,31740,0.3575,-17.17,0.50,6.63,8.45,0.4061,499.4,25.0,0.0,0.0,0.0,945.2,962.4
2,08:35,MANUAL,31800,0.3582,-17.07,0.50,6.85,7.57,0.3999,486.2,25.0,0.0,0.0,0.0,944.5,967.7
2,08:36,MANUAL,31860,0.3589,-16.96,0.50,6.93,8.41,0.4011,494.7,25.0,0.0,0.0,0.0,977.1,957.2
2,08:37,MANUAL,31920,0.3596,-16.85,0.50,7.33,8.93,0.4021,509.5,25.0,0.0,0.0,0.0,953.7,950.3
2,08:38,MANUAL,31980,0.3602,-16.75,0.50,7.30,9.04,0.3916,515.3,25.0,0.0,0.0,0.0,972.9,946.8
2,08:39,MANUAL,32040,0.3609,-16.64,0.50,7.34,8.31,0.3970,513.9,25.0,0.0,0.0,0.0,939.8,946.7
2,08:40,MANUAL,32100,0.3616,-16.53,0.50,7.62,9.32,0.4146,502.5,25.0,0.0,0.0,0.0,965.8,942.7
2,08:41,MANUAL,32160,0.3623,-16.43,0.50,7.56,8.95,0.3889,518.1,25.0,0.0,0.0,0.0,950.2,947.0
2,08:42,MANUAL,32220,0.3629,-16.32,0.50,7.90,8.58,0.3972,515.6,25.0,0.0,0.0,0.0,969.3,966.9
2,08:43,MANUAL,32280,0.3636,-16.22,0.50,8.10,9.25,0.4087,525.8,25.0,0.0,0.0,0.0,945.8,929.4
2,08:44,MANUAL,32340,0.3643,-16.12,0.50,8.04,8.73,0.4197,524.3,25.0,0.0,0.0,0.0,960.5,979.9
2,08:45,MANUAL,32400,0.3650,-16.01,0.50,8.48,9.62,0.3982,536.0,25.0,0.0,0.0,0.0,930.3,974.9
2,08:46,MANUAL,32460,0.3656,-15.91,0.50,8.54,9.27,0.3969,532.0,25.0,0.0,0.0,0.0,974.4,967.8
2,08:47,MANUAL,32520,0.3663,-15.81,0.50,8.79,8.99,0.4176,519.9,25.0,0.0,0.0,0.0,962.9,957.5
2,08:48,MANUAL,32580,0.3670,-15.70,0.50,8.75,10.72,0.3972,533.2,25.0,0.0,0.0,0.0,933.9,942.7
2,08:49,MANUAL,32640,0.3677,-15.60,0.50,8.94,9.98,0.4107,532.7,25.0,0.0,0.0,0.0,964.4,972.8
2,08:50,MANUAL,32700,0.3683,-15.50,0.50,9.04,9.69,0.4155,552.7,25.0,0.0,0.0,0.0,942.9,945.5
2,08:51,MANUAL,32760,0.3690,-15.40,0.50,8.99,10.52,0.3963,535.2,25.0,0.0,0.0,0.0,944.1,920.8
2,08:52,MANUAL,32820,0.3697,-15.30,0.50,9.06,10.40,0.4139,550.8,25.0,0.0,0.0,0.0,919.3,983.2
2,08:53,MANUAL,32880,0.3704,-15.20,0.50,9.30,10.87,0.3935,553.9,25.0,0.0,0.0,0.0,958.6,960.4
2,08:54,MANUAL,32940,0.3711,-15.10,0.50,9.70,9.93,0.3963,562.3,25.0,0.0,0.0,0.0,941.6,947.2
2,08:55,MANUAL,33000,0.3717,-15.00,0.50,9.73,12.26,0.3955,559.7,25.0,0.0,0.0,0.0,962.7,986.8
2,08:56,MANUAL,33060,0.3724,-14.90,0.50,10.10,10.27,0.3817,572.8,25.0,0.0,0.0,0.0,941.6,911.5
2,08:57,MANUAL,33120,0.3731,-14.80,0.50,10.23,10.46,0.4180,564.2,25.0,0.0,0.0,0.0,961.7,937.4
2,08:58,MANUAL,33180,0.3738,-14.70,0.50,10.01,10.48,0.4135,564.6,25.0,0.0,0.0,0.0,932.7,958.9
2,08:59,MANUAL,33240,0.3744,-14.60,0.50,10.47,9.66,0.3783,541.8,25.0,0.0,0.0,0.0,951.4,949.4
2,09:00,MANUAL,33300,0.3751,-14.50,0.50,10.45,11.00,0.3928,560.2,25.0,0.0,0.0,0.0,940.8,911.5
2,09:01,MANUAL,33360,0.3758,-14.41,0.50,10.96,11.72,0.3939,565.4,25.0,0.0,0.0,0.0,957.9,926.8
2,09:02,MANUAL,33420,0.3765,-14.31,0.50,11.12,11.64,0.4011,562.2,25.0,0.0,0.0,0.0,960.3,953.3
2,09:03,MANUAL,33480,0.3771,-14.21,0.50,11.12,12.21,0.3997,584.5,25.0,0.0,0.0,0.0,955.6,949.8
2,09:04,MANUAL,33540,0.3778,-14.12,0.50,11.22,10.72,0.4139,560.8,25.0,0.0,0.0,0.0,917.3,979.5
2,09:05,MANUAL,33600,0.3785,-14.02,0.50,11.22,9.74,0.4028,579.5,25.0,0.0,0.0,0.0,949.8,931.9
2,09:05,MANUAL,33660,0.3792,-13.93,0.50,11.80,11.59,0.4090,568.9,25.0,0.0,0.0,0.0,977.6,961.6
2,09:06,MANUAL,33720,0.3798,-13.83,0.50,11.74,10.64,0.3992,584.2,25.0,0.0,0.0,0.0,961.6,952.0
2,09:07,MANUAL,33780,0.3805,-13.74,0.50,11.52,13.08,0.3972,576.0,25.0,0.0,0.0,0.0,930.7,939.2
2,09:08,MANUAL,33840,0.3812,-13.64,0.50,11.54,12.86,0.3950,608.3,25.0,0.0,0.0,0.0,951.0,964.3
2,09:09,MANUAL,33900,0.3819,-13.55,0.50,11.79,10.69,0.3979,592.1,25.0,0.0,0.0,0.0,966.6,963.9
2,09:10,MANUAL,33960,0.3825,-13.46,0.50,11.88,13.87,0.4127,571.9,25.0,0.0,0.0,0.0,970.8,955.9
2,09:11,MANUAL,34020,0.3832,-13.36,0.50,11.55,10.58,0.3939,591.9,25.0,0.0,0.0,0.0,944.5,939.2
2,09:12,MANUAL,34080,0.3839,-13.27,0.50,12.43,11.85,0.4177,563.8,25.0,0.0,0.0,0.0,954.7,938.1
2,09:13,MANUAL,34140,0.3846,-13.18,0.50,12.49,11.14,0.4105,582.3,25.0,0.0,0.0,0.0,933.6,963.4
2,09:14,MANUAL,34200,0.3852,-13.09,0.50,12.61,11.54,0.4010,611.0,25.0,0.0,0.0,0.0,976.8,966.2
2,09:15,MANUAL,34260,0.3859,-13.00,0.50,12.72,13.56,0.4088,596.7,25.0,0.0,0.0,0.0,968.0,1005.0
2,09:16,MANUAL,34320,0.3866,-12.91,0.50,12.70,11.88,0.4044,621.7,25.0,0.0,0.0,0.0,972.2,979.2
2,09:17,MANUAL,34380,0.3873,-12.82,0.50,12.98,12.64,0.3941,624.0,25.0,0.0,0.0,0.0,980.3,913.9
2,09:18,MANUAL,34440,0.3879,-12.73,0.50,13.25,11.45,0.3930,606.4,25.0,0.0,0.0,0.0,968.6,955.6
2,09:19,MANUAL,34500,0.3886,-12.64,0.50,13.39,13.75,0.3892,612.4,25.0,0.0,0.0,0.0,916.9,947.8
2,09:20,MANUAL,34560,0.3893,-12.55,0.50,13.46,11.54,0.4107,599.9,25.0,0.0,0.0,0.0,932.4,953.1
2,09:21,MANUAL,34620,0.3900,-12.46,0.50,13.64,12.52,0.3946,612.8,25.0,0.0,0.0,0.0,961.7,965.9
2,09:22,MANUAL,34680,0.3907,-12.37,0.50,13.71,11.63,0.4124,618.5,25.0,0.0,0.0,0.0,951.4,945.5
2,09:23,MANUAL,34740,0.3913,-12.29,0.50,13.53,10.73,0.4059,608.2,25.0,0.0,0.0,0.0,942.3,955.8
2,09:24,MANUAL,34800,0.3920,-12.20,0.50,14.23,11.78,0.4059,627.2,25.0,0.0,0.0,0.0,954.1,930.2
2,09:25,MANUAL,34860,0.3927,-12.11,0.50,13.91,13.06,0.4084,630.1,25.0,0.0,0.0,0.0,958.2,929.2
2,09:26,MANUAL,34920,0.3934,-12.03,0.50,14.65,14.25,0.4021,611.5,25.0,0.0,0.0,0.0,956.1,973.4
2,09:27,MANUAL,34980,0.3940,-11.94,0.50,14.24,13.49,0.4015,627.6,25.0,0.0,0.0,0.0,939.4,913.5
2,09:28,MANUAL,35040,0.3947,-11.86,0.50,13.91,13.30,0.4049,625.5,25.0,0.0,0.0,0.0,983.4,953.5
2,09:29,MANUAL,35100,0.3954,-11.77,0.50,14.25,13.54,0.4053,641.4,25.0,0.0,0.0,0.0,942.6,945.2
2,09:30,MANUAL,35160,0.3961,-11.69,0.50,14.61,14.87,0.3950,629.5,25.0,0.0,0.0,0.0,956.2,927.4
2,09:31,MANUAL,35220,0.3967,-11.60,0.50,14.86,13.80,0.4115,622.4,25.0,0.0,0.0,0.0,976.3,965.9
2,09:32,MANUAL,35280,0.3974,-11.52,0.50,14.95,13.74,0.4119,622.2,25.0,0.0,0.0,0.0,937.0,965.0
2,09:33,MANUAL,35340,0.3981,-11.44,0.50,14.93,13.82,0.3990,638.6,25.0,0.0,0.0,0.0,957.5,980.1
2,09:34,MANUAL,35400,0.3988,-11.36,0.50,14.92,14.02,0.4048,656.0,25.0,0.0,0.0,0.0,967.5,960.3
2,09:35,MANUAL,35460,0.3994,-11.27,0.50,15.25,12.60,0.4035,638.7,25.0,0.0,0.0,0.0,942.7,956.4
2,09:36,MANUAL,35520,0.4001,-11.19,0.50,15.42,13.42,0.4072,662.6,25.0,0.0,0.0,0.0,939.0,947.2
2,09:37,MANUAL,35580,0.4008,-11.11,0.50,15.26,12.81,0.3927,642.4,25.0,0.0,0.0,0.0,972.8,972.1
2,09:38,MANUAL,35640,0.4015,-11.03,0.50,15.40,13.99,0.3987,634.1,25.0,0.0,0.0,0.0,948.8,906.2
2,09:39,MANUAL,35700,0.4021,-10.95,0.50,15.71,13.95,0.4020,669.2,25.0,0.0,0.0,0.0,973.9,957.9
2,09:40,MANUAL,35760,0.4028,-10.87,0.50,15.67,11.00,0.4155,653.3,25.0,0.0,0.0,0.0,1000.4,949.7
2,09:41,MANUAL,35820,0.4035,-10.79,0.50,15.77,13.57,0.3755,655.1,25.0,0.0,0.0,0.0,962.8,958.8
2,09:42,MANUAL,35880,0.4042,-10.72,0.50,15.83,15.09,0.4013,669.5,25.0,0.0,0.0,0.0,926.3,972.9
2,09:42,MANUAL,35940,0.4048,-10.64,0.50,16.20,13.72,0.3928,660.3,25.0,0.0,0.0,0.0,939.3,978.9
2,09:43,MANUAL,36000,0.4055,-10.56,0.50,16.38,12.64,0.3918,678.3,25.0,0.0,0.0,0.0,951.4,963.6
2,09:44,MANUAL,36060,0.4062,-10.48,0.50,16.62,11.47,0.3896,675.9,25.0,0.0,0.0,0.0,972.0,945.4
2,09:45,MANUAL,36120,0.4069,-10.41,0.50,16.27,14.40,0.3902,654.7,25.0,0.0,0.0,0.0,977.0,925.0
2,09:46,MANUAL,36180,0.4075,-10.33,0.50,16.56,12.12,0.3947,675.0,25.0,0.0,0.0,0.0,935.4,920.8
2,09:47,MANUAL,36240,0.4082,-10.26,0.50,17.08,13.54,0.3959,665.8,25.0,0.0,0.0,0.0,954.7,953.0
2,09:48,MANUAL,36300,0.4089,-10.18,0.50,16.72,12.05,0.4099,653.5,25.0,0.0,0.0,0.0,965.2,936.3
2,09:49,MANUAL,36360,0.4096,-10.11,0.50,16.97,15.09,0.4067,667.9,25.0,0.0,0.0,0.0,921.3,981.8
2,09:50,MANUAL,36420,0.4103,-10.03,0.50,16.61,14.53,0.4262,678.7,25.0,0.0,0.0,0.0,952.9,963.3
2,09:51,MANUAL,36480,0.4109,-9.96,0.50,17.03,12.45,0.3974,693.4,25.0,0.0,0.0,0.0,969.8,960.7
2,09:52,MANUAL,36540,0.4116,-9.89,0.50,17.16,13.19,0.4078,665.8,25.0,0.0,0.0,0.0,930.5,967.4
2,09:53,MANUAL,36600,0.4123,-9.81,0.50,17.32,14.23,0.3990,671.0,25.0,0.0,0.0,0.0,939.7,933.9
2,09:54,MANUAL,36660,0.4130,-9.74,0.50,17.60,14.02,0.4006,688.2,25.0,0.0,0.0,0.0,965.6,957.9
2,09:55,MANUAL,36720,0.4136,-9.67,0.50,17.81,13.22,0.3894,698.1,25.0,0.0,0.0,0.0,944.8,956.2
2,09:56,MANUAL,36780,0.4143,-9.60,0.50,17.64,13.30,0.3917,696.6,25.0,0.0,0.0,0.0,966.5,982.7
2,09:57,MANUAL,36840,0.4150,-9.53,0.50,17.76,14.65,0.3844,694.2,25.0,0.0,0.0,0.0,993.0,966.6
2,09:58,MANUAL,36900,0.4157,-9.46,0.50,17.84,12.37,0.4006,696.5,25.0,0.0,0.0,0.0,956.0,985.2
2,09:59,MANUAL,36960,0.4163,-9.39,0.50,18.25,14.79,0.3848,677.2,25.0,0.0,0.0,0.0,996.9,922.7
2,10:00,MANUAL,37020,0.4170,-9.32,0.50,18.40,12.92,0.3880,704.4,25.0,0.0,0.0,0.0,931.4,948.6
2,10:01,MANUAL,37080,0.4177,-9.25,0.50,18.36,14.16,0.3987,680.3,25.0,0.0,0.0,0.0,914.1,955.7
2,10:02,MANUAL,37140,0.4184,-9.18,0.50,18.49,13.22,0.3771,691.0,25.0,0.0,0.0,0.0,949.9,959.0
2,10:03,MANUAL,37200,0.4190,-9.12,0.50,18.64,12.60,0.4049,722.0,25.0,0.0,0.0,0.0,979.6,970.3
2,10:04,MANUAL,37260,0.4197,-9.05,0.50,18.68,14.37,0.4162,699.3,25.0,0.0,0.0,0.0,918.7,930.6
2,10:05,MANUAL,37320,0.4204,-8.98,0.50,18.51,15.25,0.3937,708.5,25.0,0.0,0.0,0.0,943.1,946.3
2,10:06,MANUAL,37380,0.4211,-8.92,0.50,18.56,13.05,0.3930,707.9,25.0,0.0,0.0,0.0,978.8,954.4
2,10:07,MANUAL,37440,0.4217,-8.85,0.50,18.52,15.65,0.3846,702.5,25.0,0.0,0.0,0.0,957.6,961.2
2,10:08,MANUAL,37500,0.4224,-8.79,0.50,19.03,15.09,0.4015,704.9,25.0,0.0,0.0,0.0,995.8,960.7
2,10:09,MANUAL,37560,0.4231,-8.72,0.50,19.34,14.33,0.3912,695.4,25.0,0.0,0.0,0.0,981.1,958.9
2,10:10,MANUAL,37620,0.4238,-8.66,0.50,19.12,14.60,0.3879,708.9,25.0,0.0,0.0,0.0,957.4,992.4
2,10:11,MANUAL,37680,0.4244,-8.59,0.50,19.30,14.36,0.3977,716.6,25.0,0.0,0.0,0.0,956.4,964.0
2,10:12,MANUAL,37740,0.4251,-8.53,0.50,19.36,14.43,0.3971,715.8,25.0,0.0,0.0,0.0,995.1,993.3
2,10:13,MANUAL,37800,0.4258,-8.47,0.50,19.52,13.02,0.3939,717.8,25.0,0.0,0.0,0.0,931.8,903.5
2,10:14,MANUAL,37860,0.4265,-8.41,0.50,19.85,13.83,0.4115,730.5,25.0,0.0,0.0,0.0,940.4,945.6
2,10:15,MANUAL,37920,0.4271,-8.35,0.50,19.56,14.46,0.4025,715.7,25.0,0.0,0.0,0.0,965.6,966.0
2,10:16,MANUAL,37980,0.4278,-8.29,0.50,19.90,13.60,0.3811,728.4,25.0,0.0,0.0,0.0,950.3,973.7
2,10:17,MANUAL,38040,0.4285,-8.22,0.50,19.86,13.57,0.3848,705.0,25.0,0.0,0.0,0.0,941.0,940.7
2,10:18,MANUAL,38100,0.4292,-8.17,0.50,19.86,13.24,0.3971,725.6,25.0,0.0,0.0,0.0,951.4,988.1
2,10:18,MANUAL,38160,0.4299,-8.11,0.50,19.85,13.62,0.3941,701.7,25.0,0.0,0.0,0.0,962.0,959.1
2,10:19,MANUAL,38220,0.4305,-8.05,0.50,20.18,14.38,0.3729,715.5,25.0,0.0,0.0,0.0,935.7,944.5
2,10:20,MANUAL,38280,0.4312,-7.99,0.50,19.87,16.20,0.3987,732.5,25.0,0.0,0.0,0.0,958.6,947.5
2,10:21,MANUAL,38340,0.4319,-7.93,0.50,20.40,14.49,0.4014,733.9,25.0,0.0,0.0,0.0,953.1,955.5
2,10:22,MANUAL,38400,0.4326,-7.87,0.50,20.32,13.72,0.4056,729.7,25.0,0.0,0.0,0.0,956.4,965.8
2,10:23,MANUAL,38460,0.4332,-7.82,0.50,20.60,14.08,0.4010,732.4,25.0,0.0,0.0,0.0,946.3,959.3
2,10:24,MANUAL,38520,0.4339,-7.76,0.50,20.50,14.43,0.4097,734.8,25.0,0.0,0.0,0.0,944.9,949.1
2,10:25,MANUAL,38580,0.4346,-7.71,0.50,20.33,14.77,0.3913,735.1,25.0,0.0,0.0,0.0,947.4,943.6
2,10:26,MANUAL,38640,0.4353,-7.65,0.50,20.99,15.83,0.4074,728.7,25.0,0.0,0.0,0.0,921.4,983.7
2,10:27,MANUAL,38700,0.4359,-7.60,0.50,21.00,15.22,0.3999,744.8,25.0,0.0,0.0,0.0,958.6,950.3
2,10:28,MANUAL,38760,0.4366,-7.54,0.50,21.01,16.17,0.4141,723.3,25.0,0.0,0.0,0.0,935.7,952.3
2,10:29,MANUAL,38820,0.4373,-7.49,0.50,21.27,16.63,0.3880,741.8,25.0,0.0,0.0,0.0,951.5,994.0
2,10:30,MANUAL,38880,0.4380,-7.44,0.50,20.70,13.13,0.3919,741.5,25.0,0.0,0.0,0.0,942.1,946.0
2,10:31,MANUAL,38940,0.4386,-7.39,0.50,21.03,15.60,0.3949,750.2,25.0,0.0,0.0,0.0,958.4,971.8
2,10:32,MANUAL,39000,0.4393,-7.33,0.50,21.44,14.19,0.3968,733.0,25.0,0.0,0.0,0.0,987.6,949.0
2,10:33,MANUAL,39060,0.4400,-7.28,0.50,21.43,15.31,0.4037,742.1,25.0,0.0,0.0,0.0,958.5,938.6
2,10:34,MANUAL,39120,0.4407,-7.23,0.50,21.24,15.55,0.3999,738.1,25.0,0.0,0.0,0.0,948.8,941.8
2,10:35,MANUAL,39180,0.4413,-7.18,0.50,21.64,14.67,0.4081,748.6,25.0,0.0,0.0,0.0,986.6,963.3
2,10:36,MANUAL,39240,0.4420,-7.13,0.50,21.81,16.36,0.3935,741.6,25.0,0.0,0.0,0.0,941.9,981.9
2,10:37,MANUAL,39300,0.4427,-7.08,0.50,21.84,14.04,0.3989,755.9,25.0,0.0,0.0,0.0,941.5,978.2
2,10:38,MANUAL,39360,0.4434,-7.04,0.50,21.89,14.23,0.4023,763.7,25.0,0.0,0.0,0.0,937.0,967.6
2,10:39,MANUAL,39420,0.4440,-6.99,0.50,21.73,16.00,0.4047,737.3,25.0,0.0,0.0,0.0,972.6,967.0
2,10:40,MANUAL,39480,0.4447,-6.94,0.50,21.81,13.95,0.3987,751.1,25.0,0.0,0.0,0.0,929.0,963.1
2,10:41,MANUAL,39540,0.4454,-6.89,0.50,21.80,15.40,0.4009,753.2,25.0,0.0,0.0,0.0,926.0,954.8
2,10:42,MANUAL,39600,0.4461,-6.85,0.50,22.21,16.63,0.3960,742.4,25.0,0.0,0.0,0.0,958.9,947.1
2,10:43,MANUAL,39660,0.4467,-6.80,0.50,22.17,14.81,0.3932,755.3,25.0,0.0,0.0,0.0,928.1,944.6
2,10:44,MANUAL,39720,0.4474,-6.76,0.50,21.85,14.18,0.3748,753.3,25.0,0.0,0.0,0.0,922.9,970.7
2,10:45,MANUAL,39780,0.4481,-6.71,0.50,22.84,16.13,0.4019,760.5,25.0,0.0,0.0,0.0,992.0,958.1
2,10:46,MANUAL,39840,0.4488,-6.67,0.50,22.09,14.53,0.4092,741.4,25.0,0.0,0.0,0.0,915.5,962.7
2,10:47,MANUAL,39900,0.4495,-6.63,0.50,22.29,15.00,0.4023,751.7,25.0,0.0,0.0,0.0,945.6,905.4
2,10:48,MANUAL,39960,0.4501,-6.58,0.50,22.35,13.38,0.3982,755.3,25.0,0.0,0.0,0.0,909.5,958.3
2,10:49,MANUAL,40020,0.4508,-6.54,0.50,22.84,13.31,0.3874,752.8,25.0,0.0,0.0,0.0,952.0,973.8
2,10:50,MANUAL,40080,0.4515,-6.50,0.50,22.42,14.71,0.3993,744.5,25.0,0.0,0.0,0.0,957.2,956.6
2,10:51,MANUAL,40140,0.4522,-6.46,0.50,22.86,17.98,0.3998,765.7,25.0,0.0,0.0,0.0,950.8,960.5
2,10:52,MANUAL,40200,0.4528,-6.42,0.50,22.60,16.74,0.3875,757.5,25.0,0.0,0.0,0.0,954.5,968.0
2,10:53,MANUAL,40260,0.4535,-6.38,0.50,23.11,15.96,0.3881,760.1,25.0,0.0,0.0,0.0,941.2,969.7
2,10:54,MANUAL,40320,0.4542,-6.34,0.50,22.70,15.43,0.4053,751.6,25.0,0.0,0.0,0.0,975.9,979.7
2,10:54,MANUAL,40380,0.4549,-6.30,0.50,22.65,15.72,0.4067,760.5,25.0,0.0,0.0,0.0,926.5,970.3
2,10:55,MANUAL,40440,0.4555,-6.26,0.50,23.05,16.10,0.4098,767.2,25.0,0.0,0.0,0.0,947.5,949.9
2,10:56,MANUAL,40500,0.4562,-6.22,0.50,22.85,16.80,0.3825,766.2,25.0,0.0,0.0,0.0,967.5,936.3
2,10:57,MANUAL,40560,0.4569,-6.19,0.50,23.20,16.87,0.3917,774.7,25.0,0.0,0.0,0.0,963.5,954.2
2,10:58,MANUAL,40620,0.4576,-6.15,0.50,22.73,17.60,0.4095,756.4,25.0,0.0,0.0,0.0,945.1,977.8
2,10:59,MANUAL,40680,0.4582,-6.11,0.50,23.27,14.75,0.3858,776.1,25.0,0.0,0.0,0.0,967.6,971.8
2,11:00,MANUAL,40740,0.4589,-6.08,0.50,23.17,17.16,0.3881,770.7,25.0,0.0,0.0,0.0,985.9,971.8
2,11:01,MANUAL,40800,0.4596,-6.04,0.50,23.59,15.88,0.4063,790.6,25.0,0.0,0.0,0.0,937.5,955.5
2,11:02,MANUAL,40860,0.4603,-6.01,0.50,23.32,17.31,0.3961,777.4,25.0,0.0,0.0,0.0,950.6,965.6
2,11:03,MANUAL,40920,0.4609,-5.97,0.50,23.48,16.26,0.3999,774.8,25.0,0.0,0.0,0.0,941.8,947.5
2,11:04,MANUAL,40980,0.4616,-5.94,0.50,23.69,15.47,0.3953,772.4,25.0,0.0,0.0,0.0,972.0,971.0
2,11:05,MANUAL,41040,0.4623,-5.91,0.50,23.66,15.58,0.4019,771.5,25.0,0.0,0.0,0.0,947.4,960.2
2,11:06,MANUAL,41100,0.4630,-5.88,0.50,23.88,15.15,0.3917,777.4,25.0,0.0,0.0,0.0,942.5,959.7
2,11:07,MANUAL,41160,0.4636,-5.84,0.50,23.48,16.63,0.3906,774.6,25.0,0.0,0.0,0.0,968.4,961.5
2,11:08,MANUAL,41220,0.4643,-5.81,0.50,23.77,16.00,0.3942,790.0,25.0,0.0,0.0,0.0,956.3,985.4
2,11:09,MANUAL,41280,0.4650,-5.78,0.50,23.73,15.49,0.4042,780.7,25.0,0.0,0.0,0.0,944.2,943.4
2,11:10,MANUAL,41340,0.4657,-5.75,0.50,23.78,17.33,0.4024,774.6,25.0,0.0,0.0,0.0,990.6,1012.8
2,11:11,MANUAL,41400,0.4663,-5.72,0.50,24.15,16.04,0.3901,775.0,25.0,0.0,0.0,0.0,971.7,942.5
2,11:12,MANUAL,41460,0.4670,-5.70,0.50,23.93,15.31,0.4110,777.9,25.0,0.0,0.0,0.0,946.1,954.4
2,11:13,MANUAL,41520,0.4677,-5.67,0.50,24.06,18.75,0.3993,795.7,25.0,0.0,0.0,0.0,1018.0,983.1
2,11:14,MANUAL,41580,0.4684,-5.64,0.50,24.12,14.44,0.4015,776.1,25.0,0.0,0.0,0.0,983.8,949.9
2,11:15,MANUAL,41640,0.4691,-5.61,0.50,24.01,14.48,0.4115,786.3,25.0,0.0,0.0,0.0,988.7,936.4
2,11:16,MANUAL,41700,0.4697,-5.59,0.50,24.14,14.91,0.4020,791.4,25.0,0.0,0.0,0.0,994.6,949.1
2,11:17,MANUAL,41760,0.4704,-5.56,0.50,24.20,16.45,0.3898,773.1,25.0,0.0,0.0,0.0,1009.1,987.5
2,11:18,MANUAL,41820,0.4711,-5.54,0.50,24.46,15.57,0.3994,775.2,25.0,0.0,0.0,0.0,949.0,980.8
2,11:19,MANUAL,41880,0.4718,-5.51,0.50,24.25,15.42,0.4034,775.9,25.0,0.0,0.0,0.0,943.4,972.5
2,11:20,MANUAL,41940,0.4724,-5.49,0.50,24.16,17.29,0.4017,784.4,25.0,0.0,0.0,0.0,972.8,970.5
2,11:21,MANUAL,42000,0.4731,-5.46,0.50,24.28,15.99,0.4063,784.4,25.0,0.0,0.0,0.0,963.6,983.9
2,11:22,MANUAL,42060,0.4738,-5.44,0.50,24.39,17.34,0.3926,800.7,25.0,0.0,0.0,0.0,954.3,936.1
2,11:23,MANUAL,42120,0.4745,-5.42,0.50,24.82,15.05,0.3991,794.0,25.0,0.0,0.0,0.0,937.9,969.0
2,11:24,MANUAL,42180,0.4751,-5.40,0.50,24.62,16.88,0.4059,791.1,25.0,0.0,0.0,0.0,980.9,970.2
2,11:25,MANUAL,42240,0.4758,-5.37,0.50,24.46,17.24,0.4080,797.7,25.0,0.0,0.0,0.0,908.7,952.1
2,11:26,MANUAL,42300,0.4765,-5.35,0.50,24.40,14.37,0.4088,780.6,25.0,0.0,0.0,0.0,969.0,962.1
2,11:27,MANUAL,42360,0.4772,-5.33,0.50,24.56,17.12,0.3978,778.0,25.0,0.0,0.0,0.0,930.3,934.9
2,11:28,MANUAL,42420,0.4778,-5.31,0.50,24.86,17.25,0.4120,783.0,25.0,0.0,0.0,0.0,989.4,951.0
2,11:29,MANUAL,42480,0.4785,-5.30,0.50,24.83,17.21,0.4116,792.1,25.0,0.0,0.0,0.0,972.7,952.5
2,11:30,MANUAL,42540,0.4792,-5.28,0.50,24.96,18.19,0.3988,790.4,25.0,0.0,0.0,0.0,944.3,983.8
2,11:31,MANUAL,42600,0.4799,-5.26,0.50,24.96,16.11,0.4055,811.3,25.0,0.0,0.0,0.0,944.2,940.7
2,11:31,MANUAL,42660,0.4805,-5.24,0.50,24.95,16.42,0.4053,783.9,25.0,0.0,0.0,0.0,950.9,991.6
2,11:32,MANUAL,42720,0.4812,-5.23,0.50,24.52,17.19,0.3951,800.3,25.0,0.0,0.0,0.0,969.6,963.3
2,11:33,MANUAL,42780,0.4819,-5.21,0.50,24.64,17.58,0.3967,791.6,25.0,0.0,0.0,0.0,975.0,987.3
2,11:34,MANUAL,42840,0.4826,-5.19,0.50,24.84,17.32,0.4021,795.9,25.0,0.0,0.0,0.0,956.5,962.9
2,11:35,MANUAL,42900,0.4832,-5.18,0.50,25.31,16.04,0.3819,813.1,25.0,0.0,0.0,0.0,975.0,937.3
2,11:36,MANUAL,42960,0.4839,-5.17,0.50,25.07,16.33,0.3900,790.5,25.0,0.0,0.0,0.0,963.9,965.3
2,11:37,MANUAL,43020,0.4846,-5.15,0.50,24.99,15.96,0.3899,790.6,25.0,0.0,0.0,0.0,964.0,974.6
2,11:38,MANUAL,43080,0.4853,-5.14,0.50,25.25,17.21,0.3897,798.4,25.0,0.0,0.0,0.0,969.6,960.5
2,11:39,MANUAL,43140,0.4859,-5.13,0.50,25.07,17.16,0.3939,811.3,25.0,0.0,0.0,0.0,961.1,987.5
2,11:40,MANUAL,43200,0.4866,-5.11,0.50,25.17,17.76,0.4058,793.5,25.0,0.0,0.0,0.0,948.6,943.3
2,11:41,MANUAL,43260,0.4873,-5.10,0.50,25.54,16.48,0.3990,796.7,25.0,0.0,0.0,0.0,956.3,976.5
2,11:42,MANUAL,43320,0.4880,-5.09,0.50,25.50,16.95,0.3995,795.3,25.0,0.0,0.0,0.0,950.4,977.7
2,11:43,MANUAL,43380,0.4887,-5.08,0.50,25.08,16.33,0.4071,806.9,25.0,0.0,0.0,0.0,954.5,964.0
2,11:44,MANUAL,43440,0.4893,-5.07,0.50,25.46,17.98,0.3892,788.6,25.0,0.0,0.0,0.0,988.6,978.7
2,11:45,MANUAL,43500,0.4900,-5.06,0.50,25.19,16.86,0.4046,797.4,25.0,0.0,0.0,0.0,968.9,948.5
2,11:46,MANUAL,43560,0.4907,-5.06,0.50,25.30,15.79,0.4002,783.2,25.0,0.0,0.0,0.0,971.0,999.4
2,11:47,MANUAL,43620,0.4914,-5.05,0.50,25.17,17.40,0.3874,792.3,25.0,0.0,0.0,0.0,928.5,954.1
2,11:48,MANUAL,43680,0.4920,-5.04,0.50,25.46,16.53,0.4013,808.9,25.0,0.0,0.0,0.0,983.2,969.4
2,11:49,MANUAL,43740,0.4927,-5.03,0.50,25.57,16.44,0.3943,799.4,25.0,0.0,0.0,0.0,954.3,968.7
2,11:50,MANUAL,43800,0.4934,-5.03,0.50,25.31,17.09,0.3991,800.7,25.0,0.0,0.0,0.0,966.1,986.1
2,11:51,MANUAL,43860,0.4941,-5.02,0.50,25.06,19.16,0.4158,798.8,25.0,0.0,0.0,0.0,951.8,956.3
2,11:52,MANUAL,43920,0.4947,-5.02,0.50,25.46,18.16,0.3991,817.8,25.0,0.0,0.0,0.0,960.6,1019.6
2,11:53,MANUAL,43980,0.4954,-5.01,0.50,25.51,17.30,0.3998,805.6,25.0,0.0,0.0,0.0,944.1,956.4
2,11:54,MANUAL,44040,0.4961,-5.01,0.50,25.55,17.85,0.3934,817.3,25.0,0.0,0.0,0.0,970.2,954.5
2,11:55,MANUAL,44100,0.4968,-5.01,0.50,25.52,18.79,0.3994,797.3,25.0,0.0,0.0,0.0,1018.8,958.2
2,11:56,MANUAL,44160,0.4974,-5.00,0.50,25.50,19.47,0.4093,796.5,25.0,0.0,0.0,0.0,965.2,958.1
2,11:57,MANUAL,44220,0.4981,-5.00,0.50,25.89,16.41,0.3873,798.1,25.0,0.0,0.0,0.0,993.4,987.3
2,11:58,MANUAL,44280,0.4988,-5.00,0.50,25.64,19.59,0.4039,811.8,25.0,0.0,0.0,0.0,989.0,977.5
2,11:59,MANUAL,44340,0.4995,-5.00,0.50,25.18,17.03,0.4069,797.3,25.0,0.0,0.0,0.0,972.4,954.8
2,12:00,MANUAL,44400,0.5001,-5.00,0.50,25.87,17.39,0.3862,798.8,25.0,0.0,0.0,0.0,949.0,963.5
3,00:00,MANUAL,60,0.0007,-70.00,0.50,15.21,49.34,0.4011,0.0,50.0,0.0,0.0,0.0,903.4,930.5
3,00:01,MANUAL,120,0.0014,-70.00,0.50,12.13,56.96,0.3939,0.0,50.0,0.0,0.0,0.0,904.2,884.9
3,00:02,MANUAL,180,0.0020,-70.00,0.50,9.65,62.70,0.4071,0.0,50.0,0.0,0.0,0.0,891.4,928.9
3,00:03,MANUAL,240,0.0027,-70.00,0.50,7.06,68.75,0.4131,4.2,50.0,0.0,0.0,0.0,896.8,910.6
3,00:04,MANUAL,300,0.0034,-69.99,0.50,5.04,72.32,0.3873,13.0,50.0,0.0,0.0,0.0,892.6,897.5
3,00:05,MANUAL,360,0.0041,-69.99,0.50,2.59,78.63,0.4090,0.0,50.0,0.0,0.0,0.0,864.3,936.9
3,00:06,MANUAL,420,0.0047,-69.99,0.50,1.00,79.85,0.4143,12.9,50.0,0.0,0.0,0.0,898.1,918.7
3,00:07,MANUAL,480,0.0054,-69.98,0.50,-1.09,81.76,0.3939,0.0,50.0,0.0,0.0,0.0,909.7,888.7
3,00:08,MANUAL,540,0.0061,-69.98,0.50,-3.11,84.70,0.3956,0.0,50.0,0.0,0.0,0.0,918.9,920.5
3,00:09,MANUAL,600,0.0068,-69.97,0.50,-4.59,87.17,0.4005,0.0,50.0,0.0,0.0,0.0,890.2,924.9
3,00:10,MANUAL,660,0.0074,-69.96,0.50,-6.47,89.05,0.4080,0.0,50.0,0.0,0.0,0.0,943.4,921.4
3,00:11,MANUAL,720,0.0081,-69.96,0.50,-7.98,88.30,0.4019,6.9,50.0,0.0,0.0,0.0,925.7,901.0
3,00:12,MANUAL,780,0.0088,-69.95,0.50,-9.21,89.44,0.4033,5.8,50.0,0.0,0.0,0.0,942.8,923.9
3,00:13,MANUAL,840,0.0095,-69.94,0.50,-10.45,87.95,0.4095,7.5,50.0,0.0,0.0,0.0,871.0,875.6
3,00:14,MANUAL,900,0.0101,-69.93,0.50,-11.61,89.71,0.3981,0.0,50.0,0.0,0.0,0.0,926.5,887.0
3,00:15,MANUAL,960,0.0108,-69.93,0.50,-12.99,88.93,0.3933,13.6,50.0,0.0,0.0,0.0,896.7,925.9
3,00:16,MANUAL,1020,0.0115,-69.92,0.50,-14.13,89.07,0.4160,6.9,50.0,0.0,0.0,0.0,919.3,915.8
3,00:17,MANUAL,1080,0.0122,-69.91,0.50,-14.82,87.86,0.4044,2.6,50.0,0.0,0.0,0.0,901.9,913.2
3,00:18,MANUAL,1140,0.0128,-69.89,0.50,-16.02,86.01,0.4049,0.0,50.0,0.0,0.0,0.0,916.4,915.9
3,00:19,MANUAL,1200,0.0135,-69.88,0.50,-16.79,85.35,0.4136,14.2,50.0,0.0,0.0,0.0,905.4,881.7
3,00:20,MANUAL,1260,0.0142,-69.87,0.50,-17.66,83.94,0.4152,0.0,50.0,0.0,0.0,0.0,905.8,913.5
3,00:21,MANUAL,1320,0.0149,-69.86,0.50,-18.26,83.14,0.3820,13.3,50.0,0.0,0.0,0.0,873.7,896.2
3,00:22,MANUAL,1380,0.0155,-69.85,0.50,-19.32,79.84,0.3852,0.0,50.0,0.0,0.0,0.0,941.6,908.5
3,00:23,MANUAL,1440,0.0162,-69.83,0.50,-20.12,78.16,0.3969,0.0,50.0,0.0,0.0,0.0,883.5,922.5
3,00:24,MANUAL,1500,0.0169,-69.82,0.50,-20.47,78.40,0.3761,0.0,50.0,0.0,0.0,0.0,903.7,917.2
3,00:25,MANUAL,1560,0.0176,-69.80,0.50,-20.89,77.59,0.3895,1.3,50.0,0.0,0.0,0.0,917.9,918.0
3,00:26,MANUAL,1620,0.0182,-69.79,0.50,-21.80,77.77,0.4044,18.7,50.0,0.0,0.0,0.0,921.8,908.1
3,00:27,MANUAL,1680,0.0189,-69.77,0.50,-22.61,73.54,0.4010,0.0,50.0,0.0,0.0,0.0,921.8,882.2
3,00:28,MANUAL,1740,0.0196,-69.75,0.50,-22.77,72.34,0.3998,6.7,50.0,0.0,0.0,0.0,897.6,907.8
3,00:29,MANUAL,1800,0.0203,-69.74,0.50,-23.54,70.46,0.4127,12.8,50.0,0.0,0.0,0.0,906.8,899.2
3,00:30,MANUAL,1860,0.0210,-69.72,0.50,-23.95,70.48,0.3967,0.0,50.0,0.0,0.0,0.0,895.0,901.6
3,00:31,MANUAL,1920,0.0216,-69.70,0.50,-24.05,66.55,0.3865,4.2,50.0,0.0,0.0,0.0,903.8,925.7
3,00:32,MANUAL,1980,0.0223,-69.68,0.50,-24.85,66.49,0.3923,0.0,50.0,0.0,0.0,0.0,885.8,881.0
3,00:33,MANUAL,2040,0.0230,-69.66,0.50,-24.97,67.15,0.3974,17.6,50.0,0.0,0.0,0.0,905.1,870.7
3,00:34,MANUAL,2100,0.0237,-69.64,0.50,-25.49,65.52,0.3982,13.9,50.0,0.0,0.0,0.0,854.5,948.4
3,00:35,MANUAL,2160,0.0243,-69.62,0.50,-25.66,66.98,0.3921,0.0,50.0,0.0,0.0,0.0,956.0,882.7
3,00:36,MANUAL,2220,0.0250,-69.60,0.50,-26.14,65.11,0.4034,5.4,50.0,0.0,0.0,0.0,930.0,874.1
3,00:36,MANUAL,2280,0.0257,-69.58,0.50,-26.16,65.22,0.4149,0.0,50.0,0.0,0.0,0.0,877.4,927.3
3,00:37,MANUAL,2340,0.0264,-69.56,0.50,-27.08,61.46,0.3952,0.0,50.0,0.0,0.0,0.0,911.9,920.7
3,00:38,MANUAL,2400,0.0270,-69.53,0.50,-26.93,62.75,0.3971,0.0,50.0,0.0,0.0,0.0,888.3,900.7
3,00:39,MANUAL,2460,0.0277,-69.51,0.50,-27.30,64.61,0.3948,0.0,50.0,0.0,0.0,0.0,916.6,901.9
3,00:40,MANUAL,2520,0.0284,-69.48,0.50,-27.45,62.87,0.4033,0.0,50.0,0.0,0.0,0.0,902.7,918.0
3,00:41,MANUAL,2580,0.0291,-69.46,0.50,-27.59,60.98,0.3942,0.9,50.0,0.0,0.0,0.0,879.0,902.3
3,00:42,MANUAL,2640,0.0297,-69.43,0.50,-28.20,60.78,0.3900,9.6,50.0,0.0,0.0,0.0,917.3,910.8
3,00:43,MANUAL,2700,0.0304,-69.41,0.50,-28.19,61.63,0.4015,0.0,50.0,0.0,0.0,0.0,907.8,903.2
3,00:44,MANUAL,2760,0.0311,-69.38,0.50,-27.94,60.71,0.4051,0.0,50.0,0.0,0.0,0.0,881.8,938.9
3,00:45,MANUAL,2820,0.0318,-69.35,0.50,-28.43,59.58,0.4039,0.0,50.0,0.0,0.0,0.0,870.9,899.1
3,00:46,MANUAL,2880,0.0324,-69.33,0.50,-28.60,60.31,0.4134,1.0,50.0,0.0,0.0,0.0,898.8,897.2
3,00:47,MANUAL,2940,0.0331,-69.30,0.50,-28.44,58.98,0.4037,0.0,50.0,0.0,0.0,0.0,870.6,902.3
3,00:48,MANUAL,3000,0.0338,-69.27,0.50,-28.76,62.24,0.4167,0.0,50.0,0.0,0.0,0.0,901.6,904.3
3,00:49,MANUAL,3060,0.0345,-69.24,0.50,-28.75,59.23,0.3864,9.7,50.0,0.0,0.0,0.0,930.5,912.3
3,00:50,MANUAL,3120,0.0351,-69.21,0.50,-28.89,58.52,0.4098,0.0,50.0,0.0,0.0,0.0,888.5,879.3
3,00:51,MANUAL,3180,0.0358,-69.18,0.50,-28.66,57.84,0.4173,20.7,50.0,0.0,0.0,0.0,887.0,907.4
3,00:52,MANUAL,3240,0.0365,-69.15,0.50,-28.93,57.97,0.4070,0.0,50.0,0.0,0.0,0.0,893.1,918.6
3,00:53,MANUAL,3300,0.0372,-69.12,0.50,-29.31,56.16,0.3943,0.0,50.0,0.0,0.0,0.0,942.5,861.9
3,00:54,MANUAL,3360,0.0378,-69.09,0.50,-29.59,58.08,0.4080,2.2,50.0,0.0,0.0,0.0,914.1,895.3
3,00:55,MANUAL,3420,0.0385,-69.05,0.50,-29.39,58.17,0.4115,8.9,50.0,0.0,0.0,0.0,882.1,882.7
3,00:56,MANUAL,3480,0.0392,-69.02,0.50,-29.36,57.64,0.4082,6.9,50.0,0.0,0.0,0.0,908.2,893.8
3,00:57,MANUAL,3540,0.0399,-68.99,0.50,-29.50,59.20,0.3994,17.0,50.0,0.0,0.0,0.0,937.4,895.6
3,00:58,MANUAL,3600,0.0406,-68.95,0.50,-29.34,57.80,0.3999,7.8,50.0,0.0,0.0,0.0,899.1,943.5
3,00:59,MANUAL,3660,0.0412,-68.92,0.50,-29.54,58.09,0.4046,0.0,50.0,0.0,0.0,0.0,881.3,879.3
3,01:00,MANUAL,3720,0.0419,-68.88,0.50,-29.96,56.78,0.4009,8.2,50.0,0.0,0.0,0.0,920.5,906.8
3,01:01,MANUAL,3780,0.0426,-68.84,0.50,-29.72,57.71,0.3986,8.0,50.0,0.0,0.0,0.0,936.0,885.2
3,01:02,MANUAL,3840,0.0433,-68.81,0.50,-29.71,57.61,0.4152,0.0,50.0,0.0,0.0,0.0,894.6,880.2
3,01:03,MANUAL,3900,0.0439,-68.77,0.50,-29.78,57.22,0.4047,0.0,50.0,0.0,0.0,0.0,942.0,910.0
3,01:04,MANUAL,3960,0.0446,-68.73,0.50,-29.61,57.65,0.3934,0.0,50.0,0.0,0.0,0.0,912.1,867.2
3,01:05,MANUAL,4020,0.0453,-68.69,0.50,-29.75,57.24,0.3998,0.0,50.0,0.0,0.0,0.0,916.9,880.9
3,01:06,MANUAL,4080,0.0460,-68.65,0.50,-30.05,56.19,0.4052,8.7,50.0,0.0,0.0,0.0,912.7,895.8
3,01:07,MANUAL,4140,0.0466,-68.61,0.50,-29.81,56.63,0.3980,0.0,50.0,0.0,0.0,0.0,924.4,910.7
3,01:08,MANUAL,4200,0.0473,-68.57,0.50,-29.82,57.75,0.3864,0.0,50.0,0.0,0.0,0.0,933.6,895.5
3,01:09,MANUAL,4260,0.0480,-68.53,0.50,-29.94,58.16,0.4189,5.7,50.0,0.0,0.0,0.0,904.3,851.1
3,01:10,MANUAL,4320,0.0487,-68.49,0.50,-29.83,55.92,0.4109,0.0,50.0,0.0,0.0,0.0,895.7,909.7
3,01:11,MANUAL,4380,0.0493,-68.45,0.50,-29.93,58.18,0.4187,3.6,50.0,0.0,0.0,0.0,888.8,859.9
3,01:12,MANUAL,4440,0.0500,-68.41,0.50,-29.74,57.75,0.4020,0.0,50.0,0.0,0.0,0.0,931.9,909.5
3,01:12,MANUAL,4500,0.0507,-68.37,0.50,-30.01,56.54,0.3917,0.0,50.0,0.0,0.0,0.0,920.6,898.6
3,01:13,MANUAL,4560,0.0514,-68.32,0.50,-29.74,57.15,0.4061,3.3,50.0,0.0,0.0,0.0,893.6,903.1
3,01:14,MANUAL,4620,0.0520,-68.28,0.50,-29.81,56.41,0.3778,9.2,50.0,0.0,0.0,0.0,930.0,884.2
3,01:15,MANUAL,4680,0.0527,-68.23,0.50,-29.66,56.82,0.4229,0.0,50.0,0.0,0.0,0.0,890.3,887.8
3,01:16,MANUAL,4740,0.0534,-68.19,0.50,-29.85,56.17,0.4002,0.0,50.0,0.0,0.0,0.0,931.3,919.0
3,01:17,MANUAL,4800,0.0541,-68.14,0.50,-29.66,56.44,0.3953,0.0,50.0,0.0,0.0,0.0,908.1,932.6
3,01:18,MANUAL,4860,0.0547,-68.10,0.50,-29.89,57.19,0.4008,0.0,50.0,0.0,0.0,0.0,916.0,941.6
3,01:19,MANUAL,4920,0.0554,-68.05,0.50,-29.60,56.81,0.3941,0.0,50.0,0.0,0.0,0.0,914.6,866.1
3,01:20,MANUAL,4980,0.0561,-68.00,0.50,-29.99,55.30,0.4053,9.0,50.0,0.0,0.0,0.0,901.7,882.6
3,01:21,MANUAL,5040,0.0568,-67.95,0.50,-29.73,56.75,0.3918,0.0,50.0,0.0,0.0,0.0,901.8,913.4
3,01:22,MANUAL,5100,0.0574,-67.91,0.50,-29.44,56.01,0.3894,0.0,50.0,0.0,0.0,0.0,913.2,910.4
3,01:23,MANUAL,5160,0.0581,-67.86,0.50,-29.71,55.83,0.3935,8.6,50.0,0.0,0.0,0.0,869.0,896.2
3,01:24,MANUAL,5220,0.0588,-67.81,0.50,-29.84,55.40,0.4003,0.0,50.0,0.0,0.0,0.0,928.2,904.4
3,01:25,MANUAL,5280,0.0595,-67.76,0.50,-29.58,54.76,0.4119,0.0,50.0,0.0,0.0,0.0,935.5,890.4
3,01:26,MANUAL,5340,0.0602,-67.71,0.50,-29.71,55.83,0.3908,0.0,50.0,0.0,0.0,0.0,914.4,902.4
3,01:27,MANUAL,5400,0.0608,-67.66,0.50,-29.31,55.49,0.4113,3.7,50.0,0.0,0.0,0.0,908.8,913.6
3,01:28,MANUAL,5460,0.0615,-67.60,0.50,-29.70,54.27,0.4004,9.9,50.0,0.0,0.0,0.0,915.1,936.8
3,01:29,MANUAL,5520,0.0622,-67.55,0.50,-29.30,55.24,0.3955,5.3,50.0,0.0,0.0,0.0,888.3,891.2
3,01:30,MANUAL,5580,0.0629,-67.50,0.50,-29.62,55.72,0.3941,0.0,50.0,0.0,0.0,0.0,895.7,891.9
3,01:31,MANUAL,5640,0.0635,-67.44,0.50,-29.52,54.00,0.3826,0.4,50.0,0.0,0.0,0.0,914.6,916.5
3,01:32,MANUAL,5700,0.0642,-67.39,0.50,-29.54,55.23,0.3672,0.0,50.0,0.0,0.0,0.0,903.0,928.8
3,01:33,MANUAL,5760,0.0649,-67.34,0.50,-29.55,53.20,0.3917,9.1,50.0,0.0,0.0,0.0,893.5,888.5
3,01:34,MANUAL,5820,0.0656,-67.28,0.50,-29.39,54.31,0.4047,0.0,50.0,0.0,0.0,0.0,893.0,923.5
3,01:35,MANUAL,5880,0.0662,-67.23,0.50,-29.26,52.57,0.4114,6.8,50.0,0.0,0.0,0.0,910.6,913.3
3,01:36,MANUAL,5940,0.0669,-67.17,0.50,-29.01,55.43,0.3927,0.0,50.0,0.0,0.0,0.0,912.7,902.9
3,01:37,MANUAL,6000,0.0676,-67.11,0.50,-29.55,52.61,0.4056,0.0,50.0,0.0,0.0,0.0,940.1,894.6
3,01:38,MANUAL,6060,0.0683,-67.06,0.50,-28.84,51.31,0.3784,0.0,50.0,0.0,0.0,0.0,908.4,904.2
3,01:39,MANUAL,6120,0.0689,-67.00,0.50,-28.79,52.80,0.4057,0.0,50.0,0.0,0.0,0.0,908.2,901.9
3,01:40,MANUAL,6180,0.0696,-66.94,0.50,-29.12,53.53,0.3941,0.0,50.0,0.0,0.0,0.0,933.7,920.2
3,01:41,MANUAL,6240,0.0703,-66.88,0.50,-29.18,53.90,0.3955,14.3,50.0,0.0,0.0,0.0,881.1,913.6
3,01:42,MANUAL,6300,0.0710,-66.82,0.50,-29.08,52.70,0.4015,13.0,50.0,0.0,0.0,0.0,888.4,890.0
3,01:43,MANUAL,6360,0.0716,-66.76,0.50,-28.83,50.43,0.4124,0.0,50.0,0.0,0.0,0.0,896.2,906.1
3,01:44,MANUAL,6420,0.0723,-66.70,0.50,-28.92,51.39,0.3903,0.0,50.0,0.0,0.0,0.0,928.3,940.9
3,01:45,MANUAL,6480,0.0730,-66.64,0.50,-28.87,51.15,0.3992,0.0,50.0,0.0,0.0,0.0,883.2,883.8
3,01:46,MANUAL,6540,0.0737,-66.58,0.50,-28.95,51.15,0.3858,0.4,50.0,0.0,0.0,0.0,930.5,913.0
3,01:47,MANUAL,6600,0.0743,-66.52,0.50,-28.63,51.23,0.4061,9.3,50.0,0.0,0.0,0.0,928.3,907.9
3,01:48,MANUAL,6660,0.0750,-66.46,0.50,-28.71,49.99,0.3959,0.0,50.0,0.0,0.0,0.0,925.1,938.4
3,01:49,MANUAL,6720,0.0757,-66.39,0.50,-28.52,50.50,0.3849,0.0,50.0,0.0,0.0,0.0,922.6,898.9
3,01:49,MANUAL,6780,0.0764,-66.33,0.50,-28.28,48.89,0.4142,1.9,50.0,0.0,0.0,0.0,958.6,903.2
3,01:50,MANUAL,6840,0.0770,-66.27,0.50,-28.72,50.21,0.4148,4.4,50.0,0.0,0.0,0.0,921.8,924.4
3,01:51,MANUAL,6900,0.0777,-66.20,0.50,-28.75,49.44,0.3989,4.3,50.0,0.0,0.0,0.0,896.3,927.7
3,01:52,MANUAL,6960,0.0784,-66.14,0.50,-28.36,49.45,0.3991,10.7,50.0,0.0,0.0,0.0,907.0,915.0
3,01:53,MANUAL,7020,0.0791,-66.07,0.50,-28.49,49.71,0.4051,4.3,50.0,0.0,0.0,0.0,882.2,897.8
3,01:54,MANUAL,7080,0.0798,-66.00,0.50,-28.45,49.76,0.4000,0.0,50.0,0.0,0.0,0.0,880.7,910.3
3,01:55,MANUAL,7140,0.0804,-65.94,0.50,-28.44,50.10,0.4041,0.0,50.0,0.0,0.0,0.0,930.3,896.1
3,01:56,MANUAL,7200,0.0811,-65.87,0.50,-28.48,48.00,0.3970,0.0,50.0,0.0,0.0,0.0,917.0,900.5
3,01:57,MANUAL,7260,0.0818,-65.80,0.50,-28.25,49.42,0.4027,0.0,50.0,0.0,0.0,0.0,946.7,865.7
3,01:58,MANUAL,7320,0.0825,-65.74,0.50,-27.89,48.50,0.3994,17.5,50.0,0.0,0.0,0.0,891.8,905.9
3,01:59,MANUAL,7380,0.0831,-65.67,0.50,-28.34,47.07,0.4049,0.0,50.0,0.0,0.0,0.0,902.3,925.3
3,02:00,MANUAL,7440,0.0838,-65.60,0.50,-27.78,46.56,0.3917,1.6,50.0,0.0,0.0,0.0,890.5,940.8
3,02:01,MANUAL,7500,0.0845,-65.53,0.50,-28.04,46.68,0.4027,12.5,50.0,0.0,0.0,0.0,964.1,918.9
3,02:02,MANUAL,7560,0.0852,-65.46,0.50,-28.38,45.44,0.4142,0.0,50.0,0.0,0.0,0.0,874.4,899.5
3,02:03,MANUAL,7620,0.0858,-65.39,0.50,-27.70,46.37,0.4071,0.0,50.0,0.0,0.0,0.0,916.5,934.0
3,02:04,MANUAL,7680,0.0865,-65.32,0.50,-27.92,47.25,0.4090,0.0,50.0,0.0,0.0,0.0,926.5,904.9
3,02:05,MANUAL,7740,0.0872,-65.24,0.50,-27.85,48.41,0.3976,0.0,50.0,0.0,0.0,0.0,906.4,895.8
3,02:06,MANUAL,7800,0.0879,-65.17,0.50,-27.62,45.57,0.4149,0.0,50.0,0.0,0.0,0.0,902.4,934.9
3,02:07,MANUAL,7860,0.0885,-65.10,0.50,-27.40,45.75,0.3926,0.0,50.0,0.0,0.0,0.0,918.2,924.9
3,02:08,MANUAL,7920,0.0892,-65.03,0.50,-27.56,43.56,0.4037,4.0,50.0,0.0,0.0,0.0,908.1,938.6
3,02:09,MANUAL,7980,0.0899,-64.95,0.50,-27.78,44.73,0.3927,0.0,50.0,0.0,0.0,0.0,910.2,875.5
3,02:10,MANUAL,8040,0.0906,-64.88,0.50,-27.05,45.79,0.3847,0.0,50.0,0.0,0.0,0.0,890.7,890.4
3,02:11,MANUAL,8100,0.0912,-64.80,0.50,-27.54,43.98,0.3966,0.0,50.0,0.0,0.0,0.0,896.7,914.8
3,02:12,MANUAL,8160,0.0919,-64.73,0.50,-27.24,42.99,0.3895,0.0,50.0,0.0,0.0,0.0,900.0,946.9
3,02:13,MANUAL,8220,0.0926,-64.65,0.50,-26.77,44.70,0.3844,26.1,50.0,0.0,0.0,0.0,900.8,892.6
3,02:14,MANUAL,8280,0.0933,-64.58,0.50,-26.90,42.45,0.3938,0.0,50.0,0.0,0.0,0.0,908.5,909.8
3,02:15,MANUAL,8340,0.0939,-64.50,0.50,-26.93,45.03,0.3895,12.6,50.0,0.0,0.0,0.0,893.3,884.4
3,02:16,MANUAL,8400,0.0946,-64.42,0.50,-26.73,44.15,0.3922,0.0,50.0,0.0,0.0,0.0,939.5,939.8
3,02:17,MANUAL,8460,0.0953,-64.35,0.50,-27.06,42.24,0.4140,2.9,50.0,0.0,0.0,0.0,928.3,913.1
3,02:18,MANUAL,8520,0.0960,-64.27,0.50,-26.67,42.63,0.3850,0.0,50.0,0.0,0.0,0.0,925.7,917.6
3,02:19,MANUAL,8580,0.0966,-64.19,0.50,-26.75,42.40,0.3960,8.6,50.0,0.0,0.0,0.0,889.5,942.8
3,02:20,MANUAL,8640,0.0973,-64.11,0.50,-26.74,42.88,0.4070,0.0,50.0,0.0,0.0,0.0,906.3,931.9
3,02:21,MANUAL,8700,0.0980,-64.03,0.50,-27.08,41.79,0.4046,0.0,50.0,0.0,0.0,0.0,906.4,931.4
3,02:22,MANUAL,8760,0.0987,-63.95,0.50,-26.53,42.12,0.4007,0.0,50.0,0.0,0.0,0.0,922.7,942.3
3,02:23,MANUAL,8820,0.0994,-63.87,0.50,-26.40,42.14,0.3993,7.8,50.0,0.0,0.0,0.0,904.8,905.9
3,02:24,MANUAL,8880,0.1000,-63.79,0.50,-26.48,39.04,0.4032,0.0,50.0,0.0,0.0,0.0,911.2,916.3
3,02:25,MANUAL,8940,0.1007,-63.71,0.50,-26.30,39.17,0.4116,0.0,50.0,0.0,0.0,0.0,931.6,933.2
3,02:25,MANUAL,9000,0.1014,-63.63,0.50,-26.40,41.07,0.4145,0.0,50.0,0.0,0.0,0.0,909.7,896.5
3,02:26,MANUAL,9060,0.1021,-63.54,0.50,-26.45,41.20,0.3790,0.0,50.0,0.0,0.0,0.0,908.8,963.7
3,02:27,MANUAL,9120,0.1027,-63.46,0.50,-26.28,40.97,0.4010,0.0,50.0,0.0,0.0,0.0,917.8,948.6
3,02:28,MANUAL,9180,0.1034,-63.38,0.50,-26.01,40.95,0.3964,3.1,50.0,0.0,0.0,0.0,924.5,902.2
3,02:29,MANUAL,9240,0.1041,-63.29,0.50,-26.10,39.05,0.3744,4.4,50.0,0.0,0.0,0.0,918.8,893.0
3,02:30,MANUAL,9300,0.1048,-63.21,0.50,-26.02,41.11,0.3986,0.9,50.0,0.0,0.0,0.0,906.5,935.8
3,02:31,MANUAL,9360,0.1054,-63.13,0.50,-25.77,39.33,0.3920,8.2,50.0,0.0,0.0,0.0,929.2,904.1
3,02:32,MANUAL,9420,0.1061,-63.04,0.50,-25.60,38.80,0.3920,0.0,50.0,0.0,0.0,0.0,921.1,941.6
3,02:33,MANUAL,9480,0.1068,-62.95,0.50,-25.37,35.68,0.4098,0.0,50.0,0.0,0.0,0.0,941.2,949.4
3,02:34,MANUAL,9540,0.1075,-62.87,0.50,-25.81,37.92,0.4025,0.0,50.0,0.0,0.0,0.0,905.3,878.4
3,02:35,MANUAL,9600,0.1081,-62.78,0.50,-25.86,36.76,0.3806,0.0,50.0,0.0,0.0,0.0,900.2,901.7
3,02:36,MANUAL,9660,0.1088,-62.70,0.50,-25.30,38.55,0.4164,0.0,50.0,0.0,0.0,0.0,925.7,932.3
3,02:37,MANUAL,9720,0.1095,-62.61,0.50,-25.47,36.78,0.3999,0.0,50.0,0.0,0.0,0.0,862.8,912.1
3,02:38,MANUAL,9780,0.1102,-62.52,0.50,-25.23,37.25,0.3930,0.0,50.0,0.0,0.0,0.0,908.3,911.8
3,02:39,MANUAL,9840,0.1108,-62.43,0.50,-25.38,36.84,0.3767,1.6,50.0,0.0,0.0,0.0,911.1,883.7
3,02:40,MANUAL,9900,0.1115,-62.34,0.50,-25.09,35.24,0.4190,0.0,50.0,0.0,0.0,0.0,911.8,888.9
3,02:41,MANUAL,9960,0.1122,-62.25,0.50,-25.16,35.86,0.3973,0.0,50.0,0.0,0.0,0.0,898.1,921.6
3,02:42,MANUAL,10020,0.1129,-62.16,0.50,-25.07,33.80,0.4018,12.0,50.0,0.0,0.0,0.0,942.3,937.7
3,02:43,MANUAL,10080,0.1135,-62.07,0.50,-25.05,34.05,0.3945,0.0,50.0,0.0,0.0,0.0,906.2,903.4
3,02:44,MANUAL,10140,0.1142,-61.98,0.50,-24.52,35.17,0.3876,10.8,50.0,0.0,0.0,0.0,926.5,953.9
3,02:45,MANUAL,10200,0.1149,-61.89,0.50,-24.95,35.36,0.3947,0.0,50.0,0.0,0.0,0.0,884.0,913.0
3,02:46,MANUAL,10260,0.1156,-61.80,0.50,-24.96,34.68,0.3934,6.4,50.0,0.0,0.0,0.0,937.0,939.4
3,02:47,MANUAL,10320,0.1162,-61.71,0.50,-24.65,32.85,0.3876,3.2,50.0,0.0,0.0,0.0,911.5,924.6
3,02:48,MANUAL,10380,0.1169,-61.62,0.50,-24.45,35.39,0.4023,11.2,50.0,0.0,0.0,0.0,947.0,903.2
3,02:49,MANUAL,10440,0.1176,-61.52,0.50,-24.36,35.51,0.3755,0.0,50.0,0.0,0.0,0.0,896.2,904.7
3,02:50,MANUAL,10500,0.1183,-61.43,0.50,-24.41,34.12,0.3907,0.0,50.0,0.0,0.0,0.0,922.9,919.3
3,02:51,MANUAL,10560,0.1190,-61.34,0.50,-24.35,32.61,0.3999,2.9,50.0,0.0,0.0,0.0,913.3,912.6
3,02:52,MANUAL,10620,0.1196,-61.24,0.50,-24.57,33.65,0.4061,8.2,50.0,0.0,0.0,0.0,907.9,910.5
3,02:53,MANUAL,10680,0.1203,-61.15,0.50,-23.91,33.22,0.3763,0.0,50.0,0.0,0.0,0.0,940.8,886.1
3,02:54,MANUAL,10740,0.1210,-61.05,0.50,-24.24,33.41,0.3903,6.7,50.0,0.0,0.0,0.0,914.0,928.0
3,02:55,MANUAL,10800,0.1217,-60.96,0.50,-23.86,32.14,0.3927,0.0,50.0,0.0,0.0,0.0,906.4,922.7
3,02:56,MANUAL,10860,0.1223,-60.86,0.50,-23.75,31.46,0.3931,18.3,50.0,0.0,0.0,0.0,962.6,917.1
3,02:57,MANUAL,10920,0.1230,-60.77,0.50,-23.83,31.47,0.4076,0.0,50.0,0.0,0.0,0.0,913.1,893.2
3,02:58,MANUAL,10980,0.1237,-60.67,0.50,-23.90,30.37,0.4132,0.0,50.0,0.0,0.0,0.0,906.6,936.2
3,02:59,MANUAL,11040,0.1244,-60.57,0.50,-23.53,29.52,0.4043,5.3,50.0,0.0,0.0,0.0,934.7,934.0
3,03:00,MANUAL,11100,0.1250,-60.48,0.50,-23.21,30.23,0.3902,0.0,50.0,0.0,0.0,0.0,912.3,958.4
3,03:01,MANUAL,11160,0.1257,-60.38,0.50,-23.31,33.47,0.4164,0.0,50.0,0.0,0.0,0.0,909.2,901.9
3,03:01,MANUAL,11220,0.1264,-60.28,0.50,-23.18,31.78,0.3992,0.0,50.0,0.0,0.0,0.0,855.6,938.6
3,03:02,MANUAL,11280,0.1271,-60.18,0.50,-22.99,30.13,0.4046,0.0,50.0,0.0,0.0,0.0,907.4,950.7
3,03:03,MANUAL,11340,0.1277,-60.08,0.50,-22.93,30.12,0.4073,0.0,50.0,0.0,0.0,0.0,887.5,892.1
3,03:04,MANUAL,11400,0.1284,-59.98,0.50,-22.85,30.48,0.4094,0.0,50.0,0.0,0.0,0.0,907.0,898.9
3,03:05,MANUAL,11460,0.1291,-59.88,0.50,-22.94,29.63,0.4095,17.6,50.0,0.0,0.0,0.0,888.8,929.4
3,03:06,MANUAL,11520,0.1298,-59.78,0.50,-22.43,29.14,0.4027,0.0,50.0,0.0,0.0,0.0,917.2,918.2
3,03:07,MANUAL,11580,0.1304,-59.68,0.50,-22.69,28.89,0.3933,11.3,50.0,0.0,0.0,0.0,943.0,885.0
3,03:08,MANUAL,11640,0.1311,-59.58,0.50,-22.63,30.90,0.4062,0.0,50.0,0.0,0.0,0.0,924.4,900.4
3,03:09,MANUAL,11700,0.1318,-59.48,0.50,-22.37,28.41,0.4191,0.0,50.0,0.0,0.0,0.0,911.0,899.7
3,03:10,MANUAL,11760,0.1325,-59.38,0.50,-22.35,28.39,0.3833,0.9,50.0,0.0,0.0,0.0,915.8,926.9
3,03:11,MANUAL,11820,0.1331,-59.28,0.50,-22.01,28.98,0.4045,1.5,50.0,0.0,0.0,0.0,928.5,955.4
3,03:12,MANUAL,11880,0.1338,-59.17,0.50,-22.19,28.02,0.3976,0.0,50.0,0.0,0.0,0.0,892.5,912.9
3,03:13,MANUAL,11940,0.1345,-59.07,0.50,-22.57,26.80,0.3910,8.1,50.0,0.0,0.0,0.0,914.3,902.3
3,03:14,MANUAL,12000,0.1352,-58.97,0.50,-22.08,27.40,0.3977,0.0,50.0,0.0,0.0,0.0,904.2,897.4
3,03:15,MANUAL,12060,0.1358,-58.86,0.50,-21.55,26.31,0.4062,26.6,50.0,0.0,0.0,0.0,916.3,913.7
3,03:16,MANUAL,12120,0.1365,-58.76,0.50,-21.69,28.26,0.4103,0.0,50.0,0.0,0.0,0.0,927.8,921.5
3,03:17,MANUAL,12180,0.1372,-58.65,0.50,-21.73,26.33,0.4026,4.7,50.0,0.0,0.0,0.0,922.3,925.5
3,03:18,MANUAL,12240,0.1379,-58.55,0.50,-21.75,26.23,0.4114,9.6,50.0,0.0,0.0,0.0,905.6,910.9
3,03:19,MANUAL,12300,0.1386,-58.44,0.50,-21.73,26.80,0.3995,0.0,50.0,0.0,0.0,0.0,873.2,924.2
3,03:20,MANUAL,12360,0.1392,-58.34,0.50,-21.17,26.66,0.4073,0.0,50.0,0.0,0.0,0.0,919.8,968.0
3,03:21,MANUAL,12420,0.1399,-58.23,0.50,-21.42,26.44,0.3924,0.4,50.0,0.0,0.0,0.0,927.6,909.4
3,03:22,MANUAL,12480,0.1406,-58.12,0.50,-21.01,26.22,0.4032,0.0,50.0,0.0,0.0,0.0,917.7,906.9
3,03:23,MANUAL,12540,0.1413,-58.02,0.50,-21.28,25.97,0.3835,6.4,50.0,0.0,0.0,0.0,964.7,939.4
3,03:24,MANUAL,12600,0.1419,-57.91,0.50,-21.48,24.66,0.3874,7.0,50.0,0.0,0.0,0.0,918.9,940.4
3,03:25,MANUAL,12660,0.1426,-57.80,0.50,-20.92,23.47,0.4232,13.7,50.0,0.0,0.0,0.0,921.4,919.9
3,03:26,MANUAL,12720,0.1433,-57.70,0.50,-20.81,24.73,0.3944,0.0,50.0,0.0,0.0,0.0,917.7,870.2
3,03:27,MANUAL,12780,0.1440,-57.59,0.50,-20.79,23.49,0.3823,1.7,50.0,0.0,0.0,0.0,946.0,913.2
3,03:28,MANUAL,12840,0.1446,-57.48,0.50,-20.74,22.82,0.4099,6.2,50.0,0.0,0.0,0.0,936.7,934.8
3,03:29,MANUAL,12900,0.1453,-57.37,0.50,-20.54,25.12,0.3916,0.0,50.0,0.0,0.0,0.0,901.1,932.4
3,03:30,MANUAL,12960,0.1460,-57.26,0.50,-20.41,22.66,0.4032,5.6,50.0,0.0,0.0,0.0,914.5,888.8
3,03:31,MANUAL,13020,0.1467,-57.15,0.50,-20.43,23.29,0.3840,2.9,50.0,0.0,0.0,0.0,924.8,924.1
3,03:32,MANUAL,13080,0.1473,-57.04,0.50,-19.96,24.04,0.4145,0.0,50.0,0.0,0.0,0.0,899.2,916.5
3,03:33,MANUAL,13140,0.1480,-56.93,0.50,-20.06,23.17,0.3953,0.0,50.0,0.0,0.0,0.0,937.7,928.0
3,03:34,MANUAL,13200,0.1487,-56.82,0.50,-20.12,23.98,0.3993,4.0,50.0,0.0,0.0,0.0,900.0,910.9
3,03:35,MANUAL,13260,0.1494,-56.71,0.50,-19.90,22.73,0.3953,0.0,50.0,0.0,0.0,0.0,947.2,893.7
3,03:36,MANUAL,13320,0.1500,-56.60,0.50,-19.75,23.50,0.3990,20.5,50.0,0.0,0.0,0.0,922.6,921.1
3,03:37,MANUAL,13380,0.1507,-56.48,0.50,-19.53,22.86,0.3896,16.2,50.0,0.0,0.0,0.0,902.4,918.1
3,03:38,MANUAL,13440,0.1514,-56.37,0.50,-19.47,22.68,0.4183,0.0,50.0,0.0,0.0,0.0,931.9,921.0
3,03:38,MANUAL,13500,0.1521,-56.26,0.50,-19.67,22.27,0.3994,7.2,50.0,0.0,0.0,0.0,916.7,937.0
3,03:39,MANUAL,13560,0.1527,-56.15,0.50,-19.22,22.16,0.4088,0.0,50.0,0.0,0.0,0.0,932.7,921.3
3,03:40,MANUAL,13620,0.1534,-56.03,0.50,-19.05,21.97,0.3989,0.0,50.0,0.0,0.0,0.0,943.7,881.4
3,03:41,MANUAL,13680,0.1541,-55.92,0.50,-19.37,20.94,0.4141,15.6,50.0,0.0,0.0,0.0,938.3,920.9
3,03:42,MANUAL,13740,0.1548,-55.81,0.50,-19.01,20.99,0.4113,0.0,50.0,0.0,0.0,0.0,900.8,888.1
3,03:43,MANUAL,13800,0.1554,-55.69,0.50,-19.19,19.71,0.3904,8.8,50.0,0.0,0.0,0.0,939.7,874.5
3,03:44,MANUAL,13860,0.1561,-55.58,0.50,-18.49,21.76,0.4007,0.0,50.0,0.0,0.0,0.0,928.0,928.6
3,03:45,MANUAL,13920,0.1568,-55.46,0.50,-18.23,21.24,0.3984,4.8,50.0,0.0,0.0,0.0,923.5,931.7
3,03:46,MANUAL,13980,0.1575,-55.35,0.50,-18.75,21.11,0.4080,15.2,50.0,0.0,0.0,0.0,921.9,924.2
3,03:47,MANUAL,14040,0.1582,-55.23,0.50,-18.67,20.73,0.3969,11.0,50.0,0.0,0.0,0.0,925.5,917.2
3,03:48,MANUAL,14100,0.1588,-55.12,0.50,-18.46,19.13,0.4096,0.0,50.0,0.0,0.0,0.0,951.6,919.0
3,03:49,MANUAL,14160,0.1595,-55.00,0.50,-18.36,19.98,0.3912,0.0,50.0,0.0,0.0,0.0,932.5,921.0
3,03:50,MANUAL,14220,0.1602,-54.88,0.50,-18.12,20.29,0.3955,3.3,50.0,0.0,0.0,0.0,975.7,920.1
3,03:51,MANUAL,14280,0.1609,-54.77,0.50,-18.02,17.87,0.4077,20.3,50.0,0.0,0.0,0.0,917.7,934.8
3,03:52,MANUAL,14340,0.1615,-54.65,0.50,-17.96,17.81,0.3937,0.0,50.0,0.0,0.0,0.0,926.6,926.7
3,03:53,MANUAL,14400,0.1622,-54.53,0.50,-17.72,17.72,0.4107,0.0,50.0,0.0,0.0,0.0,917.3,901.7
3,03:54,MANUAL,14460,0.1629,-54.41,0.50,-17.76,18.51,0.4044,17.7,50.0,0.0,0.0,0.0,924.3,917.1
3,03:55,MANUAL,14520,0.1636,-54.30,0.50,-17.57,19.53,0.4030,8.1,50.0,0.0,0.0,0.0,911.3,923.8
3,03:56,MANUAL,14580,0.1642,-54.18,0.50,-17.43,18.87,0.3930,3.1,50.0,0.0,0.0,0.0,948.9,906.3
3,03:57,MANUAL,14640,0.1649,-54.06,0.50,-17.42,19.69,0.3869,6.9,50.0,0.0,0.0,0.0,943.5,878.6
3,03:58,MANUAL,14700,0.1656,-53.94,0.50,-17.42,18.39,0.3995,0.0,50.0,0.0,0.0,0.0,928.1,928.0
3,03:59,MANUAL,14760,0.1663,-53.82,0.50,-16.96,17.02,0.4198,26.1,50.0,0.0,0.0,0.0,903.6,922.2
3,04:00,MANUAL,14820,0.1669,-53.70,0.50,-17.28,19.45,0.3884,17.6,50.0,0.0,0.0,0.0,910.0,912.6
3,04:01,MANUAL,14880,0.1676,-53.58,0.50,-16.95,16.28,0.3968,2.4,50.0,0.0,0.0,0.0,928.9,941.4
3,04:02,MANUAL,14940,0.1683,-53.46,0.50,-16.74,16.59,0.3971,1.5,50.0,0.0,0.0,0.0,935.3,902.7
3,04:03,MANUAL,15000,0.1690,-53.34,0.50,-16.85,18.09,0.4024,0.0,50.0,0.0,0.0,0.0,933.9,929.6
3,04:04,MANUAL,15060,0.1696,-53.22,0.50,-16.82,18.55,0.3947,2.2,50.0,0.0,0.0,0.0,919.3,951.1
3,04:05,MANUAL,15120,0.1703,-53.10,0.50,-16.12,16.60,0.4038,0.0,50.0,0.0,0.0,0.0,909.6,923.4
3,04:06,MANUAL,15180,0.1710,-52.98,0.50,-16.37,16.28,0.4029,0.0,50.0,0.0,0.0,0.0,922.9,922.7
3,04:07,MANUAL,15240,0.1717,-52.86,0.50,-16.43,17.03,0.4127,0.0,50.0,0.0,0.0,0.0,916.2,925.6
3,04:08,MANUAL,15300,0.1723,-52.74,0.50,-16.09,14.99,0.3900,3.0,50.0,0.0,0.0,0.0,949.0,915.3
3,04:09,MANUAL,15360,0.1730,-52.61,0.50,-15.91,15.73,0.3958,3.8,50.0,0.0,0.0,0.0,944.3,923.2
3,04:10,MANUAL,15420,0.1737,-52.49,0.50,-15.74,16.51,0.3953,13.1,50.0,0.0,0.0,0.0,940.0,948.9
3,04:11,MANUAL,15480,0.1744,-52.37,0.50,-15.78,16.44,0.3852,1.7,50.0,0.0,0.0,0.0,953.0,912.0
3,04:12,MANUAL,15540,0.1750,-52.25,0.50,-15.72,14.68,0.3915,0.0,50.0,0.0,0.0,0.0,954.1,914.9
3,04:13,MANUAL,15600,0.1757,-52.12,0.50,-15.44,16.53,0.4089,7.3,50.0,0.0,0.0,0.0,934.1,915.5
3,04:14,MANUAL,15660,0.1764,-52.00,0.50,-15.17,15.36,0.4296,10.6,50.0,0.0,0.0,0.0,955.0,918.7
3,04:14,MANUAL,15720,0.1771,-51.88,0.50,-14.82,16.30,0.3985,0.7,50.0,0.0,0.0,0.0,907.5,931.3
3,04:15,MANUAL,15780,0.1778,-51.75,0.50,-15.04,13.87,0.3871,3.6,50.0,0.0,0.0,0.0,935.6,909.8
3,04:16,MANUAL,15840,0.1784,-51.63,0.50,-15.12,13.14,0.3925,0.0,50.0,0.0,0.0,0.0,939.3,935.3
3,04:17,MANUAL,15900,0.1791,-51.50,0.50,-14.79,14.31,0.3762,6.0,50.0,0.0,0.0,0.0,910.9,944.0
3,04:18,MANUAL,15960,0.1798,-51.38,0.50,-14.71,14.58,0.4118,0.0,50.0,0.0,0.0,0.0,933.9,962.0
3,04:19,MANUAL,16020,0.1805,-51.25,0.50,-14.68,14.24,0.4002,15.7,50.0,0.0,0.0,0.0,951.8,919.7
3,04:20,MANUAL,16080,0.1811,-51.13,0.50,-14.45,14.02,0.3970,5.4,50.0,0.0,0.0,0.0,915.8,908.5
3,04:21,MANUAL,16140,0.1818,-51.00,0.50,-14.57,13.28,0.4073,0.0,50.0,0.0,0.0,0.0,916.9,896.1
3,04:22,MANUAL,16200,0.1825,-50.88,0.50,-14.09,13.82,0.4016,18.7,50.0,0.0,0.0,0.0,926.9,930.0
3,04:23,MANUAL,16260,0.1832,-50.75,0.50,-14.19,13.52,0.3963,13.2,50.0,0.0,0.0,0.0,901.9,963.1
3,04:24,MANUAL,16320,0.1838,-50.63,0.50,-14.05,14.47,0.3997,0.0,50.0,0.0,0.0,0.0,902.3,909.9
3,04:25,MANUAL,16380,0.1845,-50.50,0.50,-14.21,12.16,0.3924,2.0,50.0,0.0,0.0,0.0,923.5,887.7
3,04:26,MANUAL,16440,0.1852,-50.37,0.50,-13.94,14.60,0.3987,7.1,50.0,0.0,0.0,0.0,919.1,929.3
3,04:27,MANUAL,16500,0.1859,-50.25,0.50,-13.65,13.06,0.4056,10.0,50.0,0.0,0.0,0.0,917.6,944.6
3,04:28,MANUAL,16560,0.1865,-50.12,0.50,-13.85,14.52,0.3841,0.0,50.0,0.0,0.0,0.0,923.8,927.1
3,04:29,MANUAL,16620,0.1872,-49.99,0.50,-13.47,13.30,0.4023,0.0,50.0,0.0,0.0,0.0,911.5,887.2
3,04:30,MANUAL,16680,0.1879,-49.86,0.50,-13.66,12.02,0.3858,0.0,50.0,0.0,0.0,0.0,937.7,897.5
3,04:31,MANUAL,16740,0.1886,-49.74,0.50,-13.24,14.15,0.3898,0.0,50.0,0.0,0.0,0.0,948.9,947.3
3,04:32,MANUAL,16800,0.1892,-49.61,0.50,-13.37,14.76,0.3841,0.2,50.0,0.0,0.0,0.0,914.5,883.2
3,04:33,MANUAL,16860,0.1899,-49.48,0.50,-13.22,13.81,0.3979,12.7,50.0,0.0,0.0,0.0,945.2,919.3
3,04:34,MANUAL,16920,0.1906,-49.35,0.50,-12.63,13.56,0.4113,0.0,50.0,0.0,0.0,0.0,910.0,919.9
3,04:35,MANUAL,16980,0.1913,-49.22,0.50,-12.76,12.34,0.3971,1.7,50.0,0.0,0.0,0.0,931.3,942.7
3,04:36,MANUAL,17040,0.1919,-49.09,0.50,-12.73,12.67,0.4026,0.0,50.0,0.0,0.0,0.0,916.6,905.7
3,04:37,MANUAL,17100,0.1926,-48.96,0.50,-12.57,11.37,0.4000,25.1,50.0,0.0,0.0,0.0,934.9,919.9
3,04:38,MANUAL,17160,0.1933,-48.84,0.50,-12.36,11.08,0.4093,0.0,50.0,0.0,0.0,0.0,939.3,898.0
3,04:39,MANUAL,17220,0.1940,-48.71,0.50,-12.34,11.06,0.3905,0.0,50.0,0.0,0.0,0.0,926.9,959.8
3,04:40,MANUAL,17280,0.1946,-48.58,0.50,-12.21,12.47,0.4021,0.0,50.0,0.0,0.0,0.0,935.5,950.3
3,04:41,MANUAL,17340,0.1953,-48.45,0.50,-11.85,11.56,0.3999,10.5,50.0,0.0,0.0,0.0,920.6,909.2
3,04:42,MANUAL,17400,0.1960,-48.32,0.50,-11.99,11.73,0.3911,0.0,50.0,0.0,0.0,0.0,952.5,899.2
3,04:43,MANUAL,17460,0.1967,-48.19,0.50,-11.65,11.43,0.4092,0.0,50.0,0.0,0.0,0.0,917.9,915.0
3,04:44,MANUAL,17520,0.1974,-48.06,0.50,-11.46,12.92,0.3882,1.4,50.0,0.0,0.0,0.0,952.5,913.0
3,04:45,MANUAL,17580,0.1980,-47.93,0.50,-11.66,12.91,0.4051,21.2,50.0,0.0,0.0,0.0,940.4,903.5
3,04:46,MANUAL,17640,0.1987,-47.79,0.50,-11.55,11.16,0.4076,0.0,50.0,0.0,0.0,0.0,906.3,921.3
3,04:47,MANUAL,17700,0.1994,-47.66,0.50,-10.98,11.75,0.3990,39.2,50.0,0.0,0.0,0.0,936.1,934.6
3,04:48,MANUAL,17760,0.2001,-47.53,0.50,-11.16,9.81,0.3889,0.0,50.0,0.0,0.0,0.0,939.5,923.1
3,04:49,MANUAL,17820,0.2007,-47.40,0.50,-11.03,11.41,0.4078,0.0,50.0,0.0,0.0,0.0,913.7,891.1
3,04:50,MANUAL,17880,0.2014,-47.27,0.50,-10.88,11.78,0.3823,9.7,50.0,0.0,0.0,0.0,932.5,905.1
3,04:51,MANUAL,17940,0.2021,-47.14,0.50,-10.67,10.38,0.3928,16.1,50.0,0.0,0.0,0.0,934.2,903.4
3,04:51,MANUAL,18000,0.2028,-47.01,0.50,-10.07,11.20,0.3968,0.0,50.0,0.0,0.0,0.0,882.3,882.2
3,04:52,MANUAL,18060,0.2034,-46.87,0.50,-10.57,9.54,0.4018,6.3,50.0,0.0,0.0,0.0,942.5,902.4
3,04:53,MANUAL,18120,0.2041,-46.74,0.50,-10.45,9.54,0.3951,0.0,50.0,0.0,0.0,0.0,942.2,943.2
3,04:54,MANUAL,18180,0.2048,-46.61,0.50,-10.40,11.80,0.4120,0.0,50.0,0.0,0.0,0.0,954.4,893.0
3,04:55,MANUAL,18240,0.2055,-46.48,0.50,-10.08,9.82,0.3841,0.0,50.0,0.0,0.0,0.0,932.3,906.4
3,04:56,MANUAL,18300,0.2061,-46.34,0.50,-9.89,9.80,0.4092,0.0,50.0,0.0,0.0,0.0,907.3,919.4
3,04:57,MANUAL,18360,0.2068,-46.21,0.50,-9.53,10.58,0.4058,6.9,50.0,0.0,0.0,0.0,961.0,904.3
3,04:58,MANUAL,18420,0.2075,-46.08,0.50,-9.74,9.36,0.4084,0.0,50.0,0.0,0.0,0.0,912.5,946.1
3,04:59,MANUAL,18480,0.2082,-45.94,0.50,-9.43,9.23,0.3868,0.0,50.0,0.0,0.0,0.0,911.0,921.2
3,05:00,MANUAL,18540,0.2088,-45.81,0.50,-9.64,6.68,0.4061,5.4,50.0,0.0,0.0,0.0,957.2,948.5
3,05:01,MANUAL,18600,0.2095,-45.68,0.50,-9.34,10.64,0.3967,0.0,50.0,0.0,0.0,0.0,944.1,933.8
3,05:02,MANUAL,18660,0.2102,-45.54,0.50,-9.59,11.27,0.4083,3.5,50.0,0.0,0.0,0.0,932.0,948.2
3,05:03,MANUAL,18720,0.2109,-45.41,0.50,-8.95,10.12,0.4164,0.0,50.0,0.0,0.0,0.0,896.1,909.3
3,05:04,MANUAL,18780,0.2115,-45.28,0.50,-9.18,10.30,0.4035,20.1,50.0,0.0,0.0,0.0,934.6,913.4
3,05:05,MANUAL,18840,0.2122,-45.14,0.50,-8.64,11.91,0.4098,0.0,50.0,0.0,0.0,0.0,953.0,952.7
3,05:06,MANUAL,18900,0.2129,-45.01,0.50,-8.85,8.96,0.4012,0.0,50.0,0.0,0.0,0.0,916.1,916.7
3,05:07,MANUAL,18960,0.2136,-44.87,0.50,-8.98,8.02,0.3988,0.0,50.0,0.0,0.0,0.0,922.0,947.4
3,05:08,MANUAL,19020,0.2142,-44.74,0.50,-8.38,10.27,0.3966,0.0,50.0,0.0,0.0,0.0,940.8,912.5
3,05:09,MANUAL,19080,0.2149,-44.60,0.50,-8.21,8.59,0.4038,0.2,50.0,0.0,0.0,0.0,954.3,910.3
3,05:10,MANUAL,19140,0.2156,-44.47,0.50,-8.31,8.96,0.4006,21.2,50.0,0.0,0.0,0.0,918.5,917.6
3,05:11,MANUAL,19200,0.2163,-44.33,0.50,-8.04,6.95,0.3827,0.0,50.0,0.0,0.0,0.0,899.1,906.7
3,05:12,MANUAL,19260,0.2170,-44.20,0.50,-7.74,7.94,0.4139,7.9,50.0,0.0,0.0,0.0,915.3,908.0
3,05:13,MANUAL,19320,0.2176,-44.06,0.50,-7.98,8.53,0.3757,7.5,50.0,0.0,0.0,0.0,914.4,933.2
3,05:14,MANUAL,19380,0.2183,-43.93,0.50,-7.70,7.64,0.3965,4.7,50.0,0.0,0.0,0.0,931.6,912.8
3,05:15,MANUAL,19440,0.2190,-43.79,0.50,-7.48,8.63,0.4078,2.8,50.0,0.0,0.0,0.0,925.2,901.0
3,05:16,MANUAL,19500,0.2197,-43.66,0.50,-6.83,7.66,0.3817,27.4,50.0,0.0,0.0,0.0,925.8,936.2
3,05:17,MANUAL,19560,0.2203,-43.52,0.50,-6.90,8.81,0.4011,0.0,50.0,0.0,0.0,0.0,924.5,923.6
3,05:18,MANUAL,19620,0.2210,-43.39,0.50,-7.11,7.99,0.4091,30.4,50.0,0.0,0.0,0.0,906.1,934.3
3,05:19,MANUAL,19680,0.2217,-43.25,0.50,-6.95,7.60,0.3917,4.6,50.0,0.0,0.0,0.0,946.2,917.3
3,05:20,MANUAL,19740,0.2224,-43.12,0.50,-7.04,8.57,0.4002,0.0,50.0,0.0,0.0,0.0,930.0,968.0
3,05:21,MANUAL,19800,0.2230,-42.98,0.50,-6.87,6.54,0.3956,2.7,50.0,0.0,0.0,0.0,944.3,953.3
3,05:22,MANUAL,19860,0.2237,-42.84,0.50,-6.24,9.49,0.4069,0.0,50.0,0.0,0.0,0.0,946.8,920.1
3,05:23,MANUAL,19920,0.2244,-42.71,0.50,-6.49,6.57,0.3892,0.8,50.0,0.0,0.0,0.0,946.3,889.8
3,05:24,MANUAL,19980,0.2251,-42.57,0.50,-6.40,8.47,0.3915,9.4,50.0,0.0,0.0,0.0,934.0,907.6
3,05:25,MANUAL,20040,0.2257,-42.43,0.50,-5.94,7.13,0.4094,0.1,50.0,0.0,0.0,0.0,944.6,940.8
3,05:26,MANUAL,20100,0.2264,-42.30,0.50,-6.24,7.77,0.3855,10.1,50.0,0.0,0.0,0.0,942.4,902.1
3,05:27,MANUAL,20160,0.2271,-42.16,0.50,-5.65,10.08,0.4020,0.0,50.0,0.0,0.0,0.0,980.1,870.7
3,05:27,MANUAL,20220,0.2278,-42.03,0.50,-5.52,7.60,0.4153,0.0,50.0,0.0,0.0,0.0,962.4,935.9
3,05:28,MANUAL,20280,0.2284,-41.89,0.50,-5.40,6.43,0.3999,10.1,50.0,0.0,0.0,0.0,932.8,927.2
3,05:29,MANUAL,20340,0.2291,-41.75,0.50,-5.26,6.84,0.3914,8.2,50.0,0.0,0.0,0.0,936.4,964.1
3,05:30,MANUAL,20400,0.2298,-41.61,0.50,-5.56,9.19,0.4070,5.7,50.0,0.0,0.0,0.0,914.3,922.7
3,05:31,MANUAL,20460,0.2305,-41.48,0.50,-4.90,6.00,0.4095,0.0,50.0,0.0,0.0,0.0,946.1,944.1
3,05:32,MANUAL,20520,0.2311,-41.34,0.50,-4.97,7.13,0.3933,0.0,50.0,0.0,0.0,0.0,956.8,930.7
3,05:33,MANUAL,20580,0.2318,-41.20,0.50,-4.87,6.01,0.4047,0.0,50.0,0.0,0.0,0.0,945.9,922.0
3,05:34,MANUAL,20640,0.2325,-41.07,0.50,-5.36,6.64,0.3881,0.0,50.0,0.0,0.0,0.0,907.8,916.6
3,05:35,MANUAL,20700,0.2332,-40.93,0.50,-4.61,6.86,0.3696,11.0,50.0,0.0,0.0,0.0,922.9,937.8
3,05:36,MANUAL,20760,0.2338,-40.79,0.50,-4.38,6.90,0.3930,0.0,50.0,0.0,0.0,0.0,955.0,944.6
3,05:37,MANUAL,20820,0.2345,-40.65,0.50,-4.67,6.05,0.3988,6.0,50.0,0.0,0.0,0.0,890.8,929.0
3,05:38,MANUAL,20880,0.2352,-40.52,0.50,-4.19,7.37,0.4042,27.6,50.0,0.0,0.0,0.0,916.6,933.2
3,05:39,MANUAL,20940,0.2359,-40.38,0.50,-3.82,5.13,0.3987,0.0,50.0,0.0,0.0,0.0,946.3,962.5
3,05:40,MANUAL,21000,0.2366,-40.24,0.50,-4.12,6.05,0.3936,0.0,50.0,0.0,0.0,0.0,904.8,931.8
3,05:41,MANUAL,21060,0.2372,-40.11,0.50,-3.96,6.94,0.4006,16.4,50.0,0.0,0.0,0.0,930.1,906.1
3,05:42,MANUAL,21120,0.2379,-39.97,0.50,-3.86,6.22,0.4081,11.3,50.0,0.0,0.0,0.0,951.9,896.8
3,05:43,MANUAL,21180,0.2386,-39.83,0.50,-3.90,6.32,0.3965,4.9,50.0,0.0,0.0,0.0,935.2,955.9
3,05:44,MANUAL,21240,0.2393,-39.69,0.50,-3.51,7.78,0.3973,6.6,50.0,0.0,0.0,0.0,953.7,895.5
3,05:45,MANUAL,21300,0.2399,-39.55,0.50,-3.39,6.17,0.3958,1.4,50.0,0.0,0.0,0.0,918.2,949.3
3,05:46,MANUAL,21360,0.2406,-39.42,0.50,-2.73,4.65,0.4117,0.0,50.0,0.0,0.0,0.0,946.5,919.5
3,05:47,MANUAL,21420,0.2413,-39.28,0.50,-3.33,6.19,0.4049,0.0,50.0,0.0,0.0,0.0,916.3,933.2
3,05:48,MANUAL,21480,0.2420,-39.14,0.50,-2.79,7.43,0.4057,1.0,50.0,0.0,0.0,0.0,896.0,952.6
3,05:49,MANUAL,21540,0.2426,-39.00,0.50,-2.93,6.82,0.3948,0.0,50.0,0.0,0.0,0.0,951.9,927.8
3,05:50,MANUAL,21600,0.2433,-38.87,0.50,-2.26,5.97,0.4002,0.0,50.0,0.0,0.0,0.0,927.9,963.9
3,05:51,MANUAL,21660,0.2440,-38.73,0.50,-2.28,5.59,0.3944,0.0,50.0,0.0,0.0,0.0,956.1,909.2
3,05:52,MANUAL,21720,0.2447,-38.59,0.50,-2.55,5.27,0.4052,0.0,50.0,0.0,0.0,0.0,940.1,927.9
3,05:53,MANUAL,21780,0.2453,-38.45,0.50,-2.41,6.93,0.3995,6.5,50.0,0.0,0.0,0.0,943.7,905.5
3,05:54,MANUAL,21840,0.2460,-38.31,0.50,-1.94,3.36,0.3954,9.2,50.0,0.0,0.0,0.0,944.5,937.2
3,05:55,MANUAL,21900,0.2467,-38.18,0.50,-1.98,6.00,0.3811,0.0,50.0,0.0,0.0,0.0,918.8,929.6
3,05:56,MANUAL,21960,0.2474,-38.04,0.50,-1.90,5.80,0.3799,11.8,50.0,0.0,0.0,0.0,945.5,901.1
3,05:57,MANUAL,22020,0.2480,-37.90,0.50,-1.77,6.83,0.4061,3.7,50.0,0.0,0.0,0.0,913.6,930.8
3,05:58,MANUAL,22080,0.2487,-37.76,0.50,-1.35,5.52,0.4048,2.4,50.0,0.0,0.0,0.0,928.2,944.4
3,05:59,MANUAL,22140,0.2494,-37.62,0.50,-1.12,4.95,0.4105,0.0,50.0,0.0,0.0,0.0,929.4,913.7
3,06:00,MANUAL,22200,0.2501,-37.49,0.50,-0.92,4.77,0.4007,0.0,50.0,0.0,0.0,0.0,962.5,911.9
3,06:01,MANUAL,22260,0.2507,-37.35,0.50,-1.04,4.67,0.4055,4.6,50.0,0.0,0.0,0.0,919.0,927.2
3,06:02,MANUAL,22320,0.2514,-37.21,0.50,-0.84,3.86,0.4012,0.0,50.0,0.0,0.0,0.0,906.2,943.8
3,06:03,MANUAL,22380,0.2521,-37.07,0.50,-0.54,3.71,0.3937,2.8,50.0,0.0,0.0,0.0,921.3,928.0
3,06:03,MANUAL,22440,0.2528,-36.93,0.50,-0.44,4.34,0.3998,9.8,50.0,0.0,0.0,0.0,927.8,970.5
3,06:04,MANUAL,22500,0.2534,-36.80,0.50,-0.45,5.93,0.4033,23.2,50.0,0.0,0.0,0.0,937.6,945.7
3,06:05,MANUAL,22560,0.2541,-36.66,0.50,-0.59,6.27,0.4214,19.2,50.0,0.0,0.0,0.0,958.1,961.2
3,06:06,MANUAL,22620,0.2548,-36.52,0.50,-0.34,4.79,0.3955,18.7,50.0,0.0,0.0,0.0,909.2,967.5
3,06:07,MANUAL,22680,0.2555,-36.38,0.50,0.01,5.30,0.3917,32.5,50.0,0.0,0.0,0.0,932.8,956.4
3,06:08,MANUAL,22740,0.2562,-36.24,0.50,0.17,5.64,0.4158,33.7,50.0,0.0,0.0,0.0,920.5,901.8
3,06:09,MANUAL,22800,0.2568,-36.11,0.50,0.75,6.06,0.3986,57.4,50.0,0.0,0.0,0.0,938.7,952.8
3,06:10,MANUAL,22860,0.2575,-35.97,0.50,0.09,3.50,0.3819,44.5,50.0,0.0,0.0,0.0,935.7,955.8
3,06:11,MANUAL,22920,0.2582,-35.83,0.50,0.43,5.63,0.4007,32.5,50.0,0.0,0.0,0.0,921.5,933.1
3,06:12,MANUAL,22980,0.2589,-35.69,0.50,0.35,2.70,0.3948,50.6,50.0,0.0,0.0,0.0,944.7,918.2
3,06:13,MANUAL,23040,0.2595,-35.55,0.50,1.26,6.01,0.3896,33.2,50.0,0.0,0.0,0.0,968.3,948.5
3,06:14,MANUAL,23100,0.2602,-35.42,0.50,1.41,4.85,0.3866,58.0,50.0,0.0,0.0,0.0,929.0,938.8
3,06:15,MANUAL,23160,0.2609,-35.28,0.50,1.09,3.70,0.4070,46.3,50.0,0.0,0.0,0.0,932.6,928.5
3,06:16,MANUAL,23220,0.2616,-35.14,0.50,1.49,7.90,0.3946,57.0,50.0,0.0,0.0,0.0,953.0,927.9
3,06:17,MANUAL,23280,0.2622,-35.00,0.50,1.75,5.96,0.3942,65.2,50.0,0.0,0.0,0.0,953.0,963.0
3,06:18,MANUAL,23340,0.2629,-34.87,0.50,1.82,5.02,0.3995,65.9,50.0,0.0,0.0,0.0,956.1,956.5
3,06:19,MANUAL,23400,0.2636,-34.73,0.50,1.77,5.56,0.4033,56.3,50.0,0.0,0.0,0.0,942.1,940.0
3,06:20,MANUAL,23460,0.2643,-34.59,0.50,2.14,5.24,0.3808,67.7,50.0,0.0,0.0,0.0,924.6,929.2
3,06:21,MANUAL,23520,0.2649,-34.45,0.50,2.19,5.71,0.3982,50.4,50.0,0.0,0.0,0.0,956.1,925.0
3,06:22,MANUAL,23580,0.2656,-34.32,0.50,2.29,3.40,0.4024,65.6,50.0,0.0,0.0,0.0,980.0,942.9
3,06:23,MANUAL,23640,0.2663,-34.18,0.50,2.47,4.97,0.3953,76.4,50.0,0.0,0.0,0.0,930.5,924.2
3,06:24,MANUAL,23700,0.2670,-34.04,0.50,2.88,6.23,0.3965,90.4,50.0,0.0,0.0,0.0,957.0,923.6
3,06:25,MANUAL,23760,0.2676,-33.90,0.50,2.95,6.99,0.3831,82.2,50.0,0.0,0.0,0.0,941.1,931.8
3,06:26,MANUAL,23820,0.2683,-33.77,0.50,3.20,5.78,0.4043,60.6,50.0,0.0,0.0,0.0,931.2,928.4
3,06:27,MANUAL,23880,0.2690,-33.63,0.50,3.13,6.57,0.3994,83.6,50.0,0.0,0.0,0.0,910.1,974.5
3,06:28,MANUAL,23940,0.2697,-33.49,0.50,3.61,7.43,0.3995,88.0,50.0,0.0,0.0,0.0,934.3,943.9
3,06:29,MANUAL,24000,0.2703,-33.36,0.50,3.66,4.72,0.3777,107.9,50.0,0.0,0.0,0.0,947.4,926.6
3,06:30,MANUAL,24060,0.2710,-33.22,0.50,3.88,6.44,0.3915,90.2,50.0,0.0,0.0,0.0,916.0,965.0
3,06:31,MANUAL,24120,0.2717,-33.08,0.50,4.00,5.36,0.3938,118.3,50.0,0.0,0.0,0.0,905.2,955.8
3,06:32,MANUAL,24180,0.2724,-32.95,0.50,3.89,7.69,0.4080,106.3,50.0,0.0,0.0,0.0,968.1,916.6
3,06:33,MANUAL,24240,0.2730,-32.81,0.50,4.50,5.94,0.4189,118.6,50.0,0.0,0.0,0.0,916.6,958.2
3,06:34,MANUAL,24300,0.2737,-32.67,0.50,4.62,7.63,0.4000,115.5,50.0,0.0,0.0,0.0,896.6,888.9
3,06:35,MANUAL,24360,0.2744,-32.54,0.50,4.81,6.09,0.3850,120.8,50.0,0.0,0.0,0.0,947.9,910.0
3,06:36,MANUAL,24420,0.2751,-32.40,0.50,4.84,7.65,0.4064,131.5,50.0,0.0,0.0,0.0,949.5,951.1
3,06:37,MANUAL,24480,0.2758,-32.26,0.50,5.25,7.77,0.3938,124.3,50.0,0.0,0.0,0.0,946.4,923.1
3,06:38,MANUAL,24540,0.2764,-32.13,0.50,5.15,9.77,0.4060,128.1,50.0,0.0,0.0,0.0,958.2,956.9
3,06:39,MANUAL,24600,0.2771,-31.99,0.50,5.44,7.75,0.4001,154.6,50.0,0.0,0.0,0.0,953.7,918.4
3,06:40,MANUAL,24660,0.2778,-31.86,0.50,5.69,8.71,0.4014,141.9,50.0,0.0,0.0,0.0,943.3,924.9
3,06:40,MANUAL,24720,0.2785,-31.72,0.50,6.01,10.23,0.3977,141.6,50.0,0.0,0.0,0.0,960.7,950.5
3,06:41,MANUAL,24780,0.2791,-31.58,0.50,5.87,7.96,0.4003,157.3,50.0,0.0,0.0,0.0,961.2,932.4
3,06:42,MANUAL,24840,0.2798,-31.45,0.50,6.33,10.82,0.3855,134.6,50.0,0.0,0.0,0.0,964.3,933.0
3,06:43,MANUAL,24900,0.2805,-31.31,0.50,6.35,7.80,0.4052,135.2,50.0,0.0,0.0,0.0,939.1,932.0
3,06:44,MANUAL,24960,0.2812,-31.18,0.50,6.82,7.50,0.3916,137.4,50.0,0.0,0.0,0.0,911.4,959.5
3,06:45,MANUAL,25020,0.2818,-31.04,0.50,6.82,8.91,0.4077,164.1,50.0,0.0,0.0,0.0,934.6,933.5
3,06:46,MANUAL,25080,0.2825,-30.91,0.50,7.13,9.09,0.3735,159.6,50.0,0.0,0.0,0.0,915.2,933.6
3,06:47,MANUAL,25140,0.2832,-30.77,0.50,7.35,9.33,0.3909,166.9,50.0,0.0,0.0,0.0,966.3,960.0
3,06:48,MANUAL,25200,0.2839,-30.64,0.50,7.36,8.81,0.4077,177.2,50.0,0.0,0.0,0.0,921.7,940.7
3,06:49,MANUAL,25260,0.2845,-30.50,0.50,7.53,10.74,0.3971,166.9,50.0,0.0,0.0,0.0,926.0,922.3
3,06:50,MANUAL,25320,0.2852,-30.37,0.50,7.62,9.42,0.4079,162.0,50.0,0.0,0.0,0.0,903.4,944.3
3,06:51,MANUAL,25380,0.2859,-30.23,0.50,8.20,9.82,0.3976,174.6,50.0,0.0,0.0,0.0,934.6,945.5
3,06:52,MANUAL,25440,0.2866,-30.10,0.50,8.28,11.28,0.4001,168.9,50.0,0.0,0.0,0.0,939.8,917.2
3,06:53,MANUAL,25500,0.2872,-29.96,0.50,8.19,10.33,0.4061,177.9,50.0,0.0,0.0,0.0,944.9,899.5
3,06:54,MANUAL,25560,0.2879,-29.83,0.50,8.63,12.22,0.3908,204.7,50.0,0.0,0.0,0.0,945.6,931.0
3,06:55,MANUAL,25620,0.2886,-29.70,0.50,8.50,12.65,0.3991,198.3,50.0,0.0,0.0,0.0,931.2,944.5
3,06:56,MANUAL,25680,0.2893,-29.56,0.50,9.22,9.63,0.3999,186.7,50.0,0.0,0.0,0.0,933.2,913.4
3,06:57,MANUAL,25740,0.2899,-29.43,0.50,8.64,12.82,0.3878,211.2,50.0,0.0,0.0,0.0,961.4,950.1
3,06:58,MANUAL,25800,0.2906,-29.29,0.50,9.13,9.19,0.3938,204.8,50.0,0.0,0.0,0.0,959.0,894.8
3,06:59,MANUAL,25860,0.2913,-29.16,0.50,9.56,10.32,0.3859,192.9,50.0,0.0,0.0,0.0,947.1,921.6
3,07:00,MANUAL,25920,0.2920,-29.03,0.50,9.43,10.35,0.3928,210.2,50.0,0.0,0.0,0.0,922.9,937.4
3,07:01,MANUAL,25980,0.2926,-28.89,0.50,10.20,12.81,0.3947,213.3,50.0,0.0,0.0,0.0,946.8,947.1
3,07:02,MANUAL,26040,0.2933,-28.76,0.50,9.84,11.77,0.3904,231.0,50.0,0.0,0.0,0.0,959.1,951.5
3,07:03,MANUAL,26100,0.2940,-28.63,0.50,10.23,10.64,0.3870,213.0,50.0,0.0,0.0,0.0,972.3,917.5
3,07:04,MANUAL,26160,0.2947,-28.50,0.50,10.17,11.75,0.4005,232.8,50.0,0.0,0.0,0.0,905.0,944.5
3,07:05,MANUAL,26220,0.2954,-28.36,0.50,10.20,12.18,0.3915,215.1,50.0,0.0,0.0,0.0,980.1,901.6
3,07:06,MANUAL,26280,0.2960,-28.23,0.50,10.81,11.63,0.3949,220.0,50.0,0.0,0.0,0.0,907.0,945.0
3,07:07,MANUAL,26340,0.2967,-28.10,0.50,10.84,12.88,0.3955,234.2,50.0,0.0,0.0,0.0,941.5,938.1
3,07:08,MANUAL,26400,0.2974,-27.97,0.50,10.76,11.91,0.3950,222.8,50.0,0.0,0.0,0.0,956.9,972.2
3,07:09,MANUAL,26460,0.2981,-27.84,0.50,11.26,10.18,0.4236,220.7,50.0,0.0,0.0,0.0,918.3,931.1
3,07:10,MANUAL,26520,0.2987,-27.70,0.50,11.70,13.05,0.3898,229.5,50.0,0.0,0.0,0.0,934.3,948.7
3,07:11,MANUAL,26580,0.2994,-27.57,0.50,11.66,12.08,0.4034,241.4,50.0,0.0,0.0,0.0,939.5,923.9
3,07:12,MANUAL,26640,0.3001,-27.44,0.50,11.85,10.77,0.3964,247.3,50.0,0.0,0.0,0.0,984.7,930.0
3,07:13,MANUAL,26700,0.3008,-27.31,0.50,11.91,10.82,0.3942,231.7,50.0,0.0,0.0,0.0,977.3,918.2
3,07:14,MANUAL,26760,0.3014,-27.18,0.50,11.90,10.90,0.3952,258.0,50.0,0.0,0.0,0.0,957.3,945.2
3,07:15,MANUAL,26820,0.3021,-27.05,0.50,12.25,12.17,0.3905,258.1,50.0,0.0,0.0,0.0,926.2,943.3
3,07:16,MANUAL,26880,0.3028,-26.92,0.50,12.41,12.37,0.4035,270.1,50.0,0.0,0.0,0.0,927.7,930.7
3,07:16,MANUAL,26940,0.3035,-26.79,0.50,12.24,12.45,0.3937,267.3,50.0,0.0,0.0,0.0,955.1,963.8
3,07:17,MANUAL,27000,0.3041,-26.66,0.50,12.78,12.78,0.4061,246.8,50.0,0.0,0.0,0.0,972.3,931.9
3,07:18,MANUAL,27060,0.3048,-26.53,0.50,12.94,14.11,0.4121,269.9,50.0,0.0,0.0,0.0,951.9,935.8
3,07:19,MANUAL,27120,0.3055,-26.40,0.50,13.18,11.56,0.3794,264.8,50.0,0.0,0.0,0.0,941.8,973.9
3,07:20,MANUAL,27180,0.3062,-26.27,0.50,13.18,11.63,0.3981,258.3,50.0,0.0,0.0,0.0,925.2,908.6
3,07:21,MANUAL,27240,0.3068,-26.14,0.50,13.39,12.39,0.4047,271.6,50.0,0.0,0.0,0.0,931.1,941.6
3,07:22,MANUAL,27300,0.3075,-26.01,0.50,13.59,11.04,0.3968,288.9,50.0,0.0,0.0,0.0,933.2,957.2
3,07:23,MANUAL,27360,0.3082,-25.88,0.50,13.64,11.70,0.3892,275.9,50.0,0.0,0.0,0.0,937.0,942.8
3,07:24,MANUAL,27420,0.3089,-25.75,0.50,14.26,11.93,0.3932,286.8,50.0,0.0,0.0,0.0,948.4,956.5
3,07:25,MANUAL,27480,0.3095,-25.62,0.50,14.26,11.50,0.4113,296.0,50.0,0.0,0.0,0.0,909.3,906.4
3,07:26,MANUAL,27540,0.3102,-25.49,0.50,14.37,14.00,0.4038,295.7,50.0,0.0,0.0,0.0,931.2,923.5
3,07:27,MANUAL,27600,0.3109,-25.37,0.50,14.51,11.57,0.3821,289.5,50.0,0.0,0.0,0.0,922.7,908.5
3,07:28,MANUAL,27660,0.3116,-25.24,0.50,14.72,12.55,0.3912,301.5,50.0,0.0,0.0,0.0,974.8,909.5
3,07:29,MANUAL,27720,0.3123,-25.11,0.50,14.83,11.72,0.4127,303.0,50.0,0.0,0.0,0.0,947.9,933.5
3,07:30,MANUAL,27780,0.3129,-24.98,0.50,15.21,11.16,0.3843,300.8,50.0,0.0,0.0,0.0,921.5,918.0
3,07:31,MANUAL,27840,0.3136,-24.86,0.50,15.33,13.56,0.4088,304.6,50.0,0.0,0.0,0.0,960.1,951.8
3,07:32,MANUAL,27900,0.3143,-24.73,0.50,15.72,12.57,0.3946,293.2,50.0,0.0,0.0,0.0,954.8,940.6
3,07:33,MANUAL,27960,0.3150,-24.60,0.50,15.79,10.39,0.4187,302.6,50.0,0.0,0.0,0.0,915.7,925.2
3,07:34,MANUAL,28020,0.3156,-24.47,0.50,15.83,13.91,0.3993,310.6,50.0,0.0,0.0,0.0,963.5,964.2
3,07:35,MANUAL,28080,0.3163,-24.35,0.50,16.16,13.08,0.3931,321.5,50.0,0.0,0.0,0.0,932.3,944.0
3,07:36,MANUAL,28140,0.3170,-24.22,0.50,15.98,12.17,0.3795,324.5,50.0,0.0,0.0,0.0,934.3,952.9
3,07:37,MANUAL,28200,0.3177,-24.10,0.50,16.15,11.39,0.3928,328.7,50.0,0.0,0.0,0.0,972.4,939.3
3,07:38,MANUAL,28260,0.3183,-23.97,0.50,16.17,11.74,0.4041,339.6,50.0,0.0,0.0,0.0,941.9,998.2
3,07:39,MANUAL,28320,0.3190,-23.85,0.50,16.82,12.16,0.3863,335.5,50.0,0.0,0.0,0.0,932.8,926.1
3,07:40,MANUAL,28380,0.3197,-23.72,0.50,17.07,12.90,0.3975,332.1,50.0,0.0,0.0,0.0,928.6,967.6
3,07:41,MANUAL,28440,0.3204,-23.60,0.50,17.23,11.54,0.3896,345.7,50.0,0.0,0.0,0.0,943.1,954.3
3,07:42,MANUAL,28500,0.3210,-23.47,0.50,17.23,12.19,0.3984,336.2,50.0,0.0,0.0,0.0,939.4,969.9
3,07:43,MANUAL,28560,0.3217,-23.35,0.50,17.15,12.14,0.3908,346.2,50.0,0.0,0.0,0.0,978.5,926.6
3,07:44,MANUAL,28620,0.3224,-23.22,0.50,17.22,12.84,0.3951,350.1,50.0,0.0,0.0,0.0,941.5,958.4
3,07:45,MANUAL,28680,0.3231,-23.10,0.50,17.79,12.17,0.3819,349.0,50.0,0.0,0.0,0.0,933.3,938.6
3,07:46,MANUAL,28740,0.3237,-22.98,0.50,18.30,12.39,0.3933,359.2,50.0,0.0,0.0,0.0,911.0,930.2
3,07:47,MANUAL,28800,0.3244,-22.85,0.50,17.80,12.36,0.4041,359.2,50.0,0.0,0.0,0.0,911.3,980.2
3,07:48,MANUAL,28860,0.3251,-22.73,0.50,18.43,12.73,0.4068,372.6,50.0,0.0,0.0,0.0,976.4,934.4
3,07:49,MANUAL,28920,0.3258,-22.61,0.50,18.35,10.79,0.3958,359.2,50.0,0.0,0.0,0.0,947.9,929.5
3,07:50,MANUAL,28980,0.3264,-22.48,0.50,18.73,11.05,0.4129,366.4,50.0,0.0,0.0,0.0,967.7,982.9
3,07:51,MANUAL,29040,0.3271,-22.36,0.50,18.85,11.34,0.3941,386.3,50.0,0.0,0.0,0.0,959.2,911.6
3,07:52,MANUAL,29100,0.3278,-22.24,0.50,18.74,11.02,0.3768,380.4,50.0,0.0,0.0,0.0,949.2,890.7
3,07:52,MANUAL,29160,0.3285,-22.12,0.50,19.08,11.55,0.3972,373.2,50.0,0.0,0.0,0.0,989.5,935.3
3,07:53,MANUAL,29220,0.3291,-22.00,0.50,19.30,11.62,0.4062,401.1,50.0,0.0,0.0,0.0,950.1,948.1
3,07:54,MANUAL,29280,0.3298,-21.87,0.50,19.25,13.04,0.4118,365.8,50.0,0.0,0.0,0.0,946.2,973.1
3,07:55,MANUAL,29340,0.3305,-21.75,0.50,19.85,11.29,0.4073,367.0,50.0,0.0,0.0,0.0,938.1,951.4
3,07:56,MANUAL,29400,0.3312,-21.63,0.50,19.75,10.44,0.3885,383.0,50.0,0.0,0.0,0.0,918.0,912.2
3,07:57,MANUAL,29460,0.3319,-21.51,0.50,19.60,11.82,0.4029,382.7,50.0,0.0,0.0,0.0,928.9,936.6
3,07:58,MANUAL,29520,0.3325,-21.39,0.50,19.79,11.41,0.3972,383.2,50.0,0.0,0.0,0.0,939.2,941.2
3,07:59,MANUAL,29580,0.3332,-21.27,0.50,20.14,13.62,0.4017,400.9,50.0,0.0,0.0,0.0,983.0,919.7
3,08:00,MANUAL,29640,0.3339,-21.15,0.50,20.53,13.15,0.4019,406.8,50.0,0.0,0.0,0.0,900.0,991.6
3,08:01,MANUAL,29700,0.3346,-21.03,0.50,20.54,12.45,0.3958,395.8,50.0,0.0,0.0,0.0,918.9,943.5
3,08:02,MANUAL,29760,0.3352,-20.92,0.50,20.94,11.31,0.3803,402.1,50.0,0.0,0.0,0.0,911.1,955.5
3,08:03,MANUAL,29820,0.3359,-20.80,0.50,20.81,12.23,0.4136,420.0,50.0,0.0,0.0,0.0,940.1,940.5
3,08:04,MANUAL,29880,0.3366,-20.68,0.50,20.99,12.13,0.3973,397.6,50.0,0.0,0.0,0.0,945.0,945.1
3,08:05,MANUAL,29940,0.3373,-20.56,0.50,21.05,9.68,0.4016,395.7,50.0,0.0,0.0,0.0,958.9,925.4
3,08:06,MANUAL,30000,0.3379,-20.44,0.50,21.53,11.56,0.3936,408.2,50.0,0.0,0.0,0.0,939.4,987.3
3,08:07,MANUAL,30060,0.3386,-20.33,0.50,21.53,11.07,0.4140,421.9,50.0,0.0,0.0,0.0,947.9,989.9
3,08:08,MANUAL,30120,0.3393,-20.21,0.50,21.58,11.77,0.4152,419.6,50.0,0.0,0.0,0.0,946.9,972.3
3,08:09,MANUAL,30180,0.3400,-20.09,0.50,21.87,10.38,0.4092,439.0,50.0,0.0,0.0,0.0,934.2,958.5
3,08:10,MANUAL,30240,0.3406,-19.98,0.50,22.06,12.28,0.4078,427.7,50.0,0.0,0.0,0.0,961.3,953.3
3,08:11,MANUAL,30300,0.3413,-19.86,0.50,22.18,12.14,0.3998,431.5,50.0,0.0,0.0,0.0,930.5,948.7
3,08:12,MANUAL,30360,0.3420,-19.74,0.50,22.19,10.89,0.3956,426.4,50.0,0.0,0.0,0.0,933.4,927.2
3,08:13,MANUAL,30420,0.3427,-19.63,0.50,22.43,10.46,0.4005,450.9,50.0,0.0,0.0,0.0,939.9,963.0
3,08:14,MANUAL,30480,0.3433,-19.51,0.50,22.27,10.32,0.4004,442.2,50.0,0.0,0.0,0.0,952.5,971.7
3,08:15,MANUAL,30540,0.3440,-19.40,0.50,22.77,10.12,0.3766,431.0,50.0,0.0,0.0,0.0,967.6,943.2
3,08:16,MANUAL,30600,0.3447,-19.28,0.50,23.03,13.24,0.4032,437.3,50.0,0.0,0.0,0.0,961.5,944.1
3,08:17,MANUAL,30660,0.3454,-19.17,0.50,23.24,11.59,0.4107,436.2,50.0,0.0,0.0,0.0,935.1,971.7
3,08:18,MANUAL,30720,0.3460,-19.06,0.50,23.36,10.73,0.4061,439.9,50.0,0.0,0.0,0.0,950.4,938.2
3,08:19,MANUAL,30780,0.3467,-18.94,0.50,23.74,10.72,0.3824,465.9,50.0,0.0,0.0,0.0,966.0,965.5
3,08:20,MANUAL,30840,0.3474,-18.83,0.50,23.73,11.39,0.4073,446.2,50.0,0.0,0.0,0.0,958.7,946.6
3,08:21,MANUAL,30900,0.3481,-18.72,0.50,23.59,12.47,0.4193,455.9,50.0,0.0,0.0,0.0,948.1,939.5
3,08:22,MANUAL,30960,0.3487,-18.60,0.50,24.17,11.65,0.3659,457.0,50.0,0.0,0.0,0.0,969.1,989.3
3,08:23,MANUAL,31020,0.3494,-18.49,0.50,23.93,11.23,0.3949,450.1,50.0,0.0,0.0,0.0,982.8,955.3
3,08:24,MANUAL,31080,0.3501,-18.38,0.50,24.41,10.42,0.4141,479.6,50.0,0.0,0.0,0.0,950.6,950.4
3,08:25,MANUAL,31140,0.3508,-18.27,0.50,24.41,11.48,0.3969,465.2,50.0,0.0,0.0,0.0,936.2,940.9
3,08:26,MANUAL,31200,0.3515,-18.16,0.50,24.97,11.54,0.4024,478.5,50.0,0.0,0.0,0.0,927.1,919.9
3,08:27,MANUAL,31260,0.3521,-18.05,0.50,24.73,12.68,0.4033,489.1,50.0,0.0,0.0,0.0,911.5,950.2
3,08:28,MANUAL,31320,0.3528,-17.94,0.50,25.21,10.93,0.3948,474.2,50.0,0.0,0.0,0.0,964.8,948.1
3,08:29,MANUAL,31380,0.3535,-17.83,0.50,25.17,13.96,0.3969,484.8,50.0,0.0,0.0,0.0,944.5,946.3
3,08:29,MANUAL,31440,0.3542,-17.72,0.50,25.25,13.71,0.4050,471.4,50.0,0.0,0.0,0.0,946.1,952.5
3,08:30,MANUAL,31500,0.3548,-17.61,0.50,25.47,11.37,0.4062,479.3,50.0,0.0,0.0,0.0,949.1,948.8
3,08:31,MANUAL,31560,0.3555,-17.50,0.50,25.31,12.24,0.4096,510.7,50.0,0.0,0.0,0.0,925.5,939.0
3,08:32,MANUAL,31620,0.3562,-17.39,0.50,25.82,11.86,0.4107,472.4,50.0,0.0,0.0,0.0,901.4,918.9
3,08:33,MANUAL,31680,0.3569,-17.28,0.50,25.93,11.15,0.4221,491.2,50.0,0.0,0.0,0.0,928.8,919.6
3,08:34,MANUAL,31740,0.3575,-17.17,0.50,25.92,12.27,0.4058,499.4,50.0,0.0,0.0,0.0,945.2,962.4
3,08:35,MANUAL,31800,0.3582,-17.07,0.50,26.14,11.19,0.3996,486.2,50.0,0.0,0.0,0.0,944.5,967.7
3,08:36,MANUAL,31860,0.3589,-16.96,0.50,26.22,11.82,0.4008,494.7,50.0,0.0,0.0,0.0,977.1,957.2
3,08:37,MANUAL,31920,0.3596,-16.85,0.50,26.62,12.15,0.4018,509.5,50.0,0.0,0.0,0.0,953.7,950.3
3,08:38,MANUAL,31980,0.3602,-16.75,0.50,26.59,12.07,0.3913,515.3,50.0,0.0,0.0,0.0,972.9,946.8
3,08:39,MANUAL,32040,0.3609,-16.64,0.50,26.63,11.16,0.3967,513.9,50.0,0.0,0.0,0.0,939.8,946.7
3,08:40,MANUAL,32100,0.3616,-16.53,0.50,26.91,11.98,0.4143,502.5,50.0,0.0,0.0,0.0,965.8,942.7
3,08:41,MANUAL,32160,0.3623,-16.43,0.50,26.85,11.44,0.3886,518.1,50.0,0.0,0.0,0.0,950.2,947.0
3,08:42,MANUAL,32220,0.3629,-16.32,0.50,27.19,10.89,0.3970,515.6,50.0,0.0,0.0,0.0,969.3,966.9
3,08:43,MANUAL,32280,0.3636,-16.22,0.50,27.39,11.39,0.4085,525.8,50.0,0.0,0.0,0.0,945.8,929.4
3,08:44,MANUAL,32340,0.3643,-16.12,0.50,27.33,10.71,0.4194,524.3,50.0,0.0,0.0,0.0,960.5,979.9
3,08:45,MANUAL,32400,0.3650,-16.01,0.50,27.77,11.44,0.3980,536.0,50.0,0.0,0.0,0.0,930.3,974.9
3,08:46,MANUAL,32460,0.3656,-15.91,0.50,27.83,10.92,0.3966,532.0,50.0,0.0,0.0,0.0,974.4,967.8
3,08:47,MANUAL,32520,0.3663,-15.81,0.50,28.08,10.49,0.4173,519.9,50.0,0.0,0.0,0.0,962.9,957.5
3,08:48,MANUAL,32580,0.3670,-15.70,0.50,28.04,12.07,0.3969,533.2,50.0,0.0,0.0,0.0,933.9,942.7
3,08:49,MANUAL,32640,0.3677,-15.60,0.50,28.23,11.18,0.4104,532.7,50.0,0.0,0.0,0.0,964.4,972.8
3,08:50,MANUAL,32700,0.3683,-15.50,0.50,28.33,10.74,0.4152,552.7,50.0,0.0,0.0,0.0,942.9,945.5
3,08:51,MANUAL,32760,0.3690,-15.40,0.50,28.28,11.43,0.3960,535.2,50.0,0.0,0.0,0.0,944.1,920.8
3,08:52,MANUAL,32820,0.3697,-15.30,0.50,28.35,11.17,0.4136,550.8,50.0,0.0,0.0,0.0,919.3,983.2
3,08:53,MANUAL,32880,0.3704,-15.20,0.50,28.59,11.50,0.3932,553.9,50.0,0.0,0.0,0.0,958.6,960.4
3,08:54,MANUAL,32940,0.3711,-15.10,0.50,28.99,10.43,0.3960,562.3,50.0,0.0,0.0,0.0,941.6,947.2
3,08:55,MANUAL,33000,0.3717,-15.00,0.50,29.02,12.63,0.3952,559.7,50.0,0.0,0.0,0.0,962.7,986.8
3,08:56,MANUAL,33060,0.3724,-14.90,0.50,29.39,10.51,0.3815,572.8,50.0,0.0,0.0,0.0,941.6,911.5
3,08:57,MANUAL,33120,0.3731,-14.80,0.50,29.52,10.58,0.4177,564.2,50.0,0.0,0.0,0.0,961.7,937.4
3,08:58,MANUAL,33180,0.3738,-14.70,0.50,29.30,10.47,0.4132,564.6,50.0,0.0,0.0,0.0,932.7,958.9
3,08:59,MANUAL,33240,0.3744,-14.60,0.50,29.76,9.53,0.3780,541.8,50.0,0.0,0.0,0.0,951.4,949.4
3,09:00,MANUAL,33300,0.3751,-14.50,0.50,29.74,10.76,0.3925,560.2,50.0,0.0,0.0,0.0,940.8,911.5
3,09:01,MANUAL,33360,0.3758,-14.41,0.50,30.25,11.36,0.3936,565.4,50.0,0.0,0.0,0.0,957.9,926.8
3,09:02,MANUAL,33420,0.3765,-14.31,0.50,30.41,11.17,0.4008,562.2,50.0,0.0,0.0,0.0,960.3,953.3
3,09:03,MANUAL,33480,0.3771,-14.21,0.50,30.41,11.63,0.3994,584.5,50.0,0.0,0.0,0.0,955.6,949.8
3,09:04,MANUAL,33540,0.3778,-14.12,0.50,30.51,10.03,0.4137,560.8,50.0,0.0,0.0,0.0,917.3,979.5
3,09:05,MANUAL,33600,0.3785,-14.02,0.50,30.51,8.95,0.4025,579.5,50.0,0.0,0.0,0.0,949.8,931.9
3,09:05,MANUAL,33660,0.3792,-13.93,0.50,31.09,10.68,0.4087,568.9,50.0,0.0,0.0,0.0,977.6,961.6
3,09:06,MANUAL,33720,0.3798,-13.83,0.50,31.03,9.63,0.3989,584.2,50.0,0.0,0.0,0.0,961.6,952.0
3,09:07,MANUAL,33780,0.3805,-13.74,0.50,30.81,11.98,0.3969,576.0,50.0,0.0,0.0,0.0,930.7,939.2
3,09:08,MANUAL,33840,0.3812,-13.64,0.50,30.83,11.66,0.3947,608.3,50.0,0.0,0.0,0.0,951.0,964.3
3,09:09,MANUAL,33900,0.3819,-13.55,0.50,31.08,9.40,0.3976,592.1,50.0,0.0,0.0,0.0,966.6,963.9
3,09:10,MANUAL,33960,0.3825,-13.46,0.50,31.17,12.48,0.4124,571.9,50.0,0.0,0.0,0.0,970.8,955.9
3,09:11,MANUAL,34020,0.3832,-13.36,0.50,30.84,9.10,0.3936,591.9,50.0,0.0,0.0,0.0,944.5,939.2
3,09:12,MANUAL,34080,0.3839,-13.27,0.50,31.72,10.28,0.4174,563.8,50.0,0.0,0.0,0.0,954.7,938.1
3,09:13,MANUAL,34140,0.3846,-13.18,0.50,31.78,9.48,0.4102,582.3,50.0,0.0,0.0,0.0,933.6,963.4
3,09:14,MANUAL,34200,0.3852,-13.09,0.50,31.90,9.79,0.4007,611.0,50.0,0.0,0.0,0.0,976.8,966.2
3,09:15,MANUAL,34260,0.3859,-13.00,0.50,32.01,11.72,0.4085,596.7,50.0,0.0,0.0,0.0,968.0,1005.0
3,09:16,MANUAL,34320,0.3866,-12.91,0.50,31.99,9.97,0.4041,621.7,50.0,0.0,0.0,0.0,972.2,979.2
3,09:17,MANUAL,34380,0.3873,-12.82,0.50,32.27,10.65,0.3938,624.0,50.0,0.0,0.0,0.0,980.3,913.9
3,09:18,MANUAL,34440,0.3879,-12.73,0.50,32.54,9.37,0.3927,606.4,50.0,0.0,0.0,0.0,968.6,955.6
3,09:19,MANUAL,34500,0.3886,-12.64,0.50,32.68,11.59,0.3889,612.4,50.0,0.0,0.0,0.0,916.9,947.8
3,09:20,MANUAL,34560,0.3893,-12.55,0.50,32.75,9.30,0.4104,599.9,50.0,0.0,0.0,0.0,932.4,953.1
3,09:21,MANUAL,34620,0.3900,-12.46,0.50,32.93,10.21,0.3943,612.8,50.0,0.0,0.0,0.0,961.7,965.9
3,09:22,MANUAL,34680,0.3907,-12.37,0.50,33.00,9.25,0.4121,618.5,50.0,0.0,0.0,0.0,951.4,945.5
3,09:23,MANUAL,34740,0.3913,-12.29,0.50,32.82,8.27,0.4056,608.2,50.0,0.0,0.0,0.0,942.3,955.8
3,09:24,MANUAL,34800,0.3920,-12.20,0.50,33.52,9.26,0.4056,627.2,50.0,0.0,0.0,0.0,954.1,930.2
3,09:25,MANUAL,34860,0.3927,-12.11,0.50,33.20,10.46,0.4081,630.1,50.0,0.0,0.0,0.0,958.2,929.2
3,09:26,MANUAL,34920,0.3934,-12.03,0.50,33.94,11.59,0.4019,611.5,50.0,0.0,0.0,0.0,956.1,973.4
3,09:27,MANUAL,34980,0.3940,-11.94,0.50,33.53,10.76,0.4012,627.6,50.0,0.0,0.0,0.0,939.4,913.5
3,09:28,MANUAL,35040,0.3947,-11.86,0.50,33.20,10.50,0.4046,625.5,50.0,0.0,0.0,0.0,983.4,953.5
3,09:29,MANUAL,35100,0.3954,-11.77,0.50,33.54,10.67,0.4050,641.4,50.0,0.0,0.0,0.0,942.6,945.2
3,09:30,MANUAL,35160,0.3961,-11.69,0.50,33.90,11.94,0.3947,629.5,50.0,0.0,0.0,0.0,956.2,927.4
3,09:31,MANUAL,35220,0.3967,-11.60,0.50,34.15,10.81,0.4112,622.4,50.0,0.0,0.0,0.0,976.3,965.9
3,09:32,MANUAL,35280,0.3974,-11.52,0.50,34.24,10.69,0.4116,622.2,50.0,0.0,0.0,0.0,937.0,965.0
3,09:33,MANUAL,35340,0.3981,-11.44,0.50,34.22,10.71,0.3987,638.6,50.0,0.0,0.0,0.0,957.5,980.1
3,09:34,MANUAL,35400,0.3988,-11.36,0.50,34.21,10.85,0.4045,656.0,50.0,0.0,0.0,0.0,967.5,960.3
3,09:35,MANUAL,35460,0.3994,-11.27,0.50,34.54,9.37,0.4032,638.7,50.0,0.0,0.0,0.0,942.7,956.4
3,09:36,MANUAL,35520,0.4001,-11.19,0.50,34.71,10.14,0.4069,662.6,50.0,0.0,0.0,0.0,939.0,947.2
3,09:37,MANUAL,35580,0.4008,-11.11,0.50,34.55,9.47,0.3924,642.4,50.0,0.0,0.0,0.0,972.8,972.1
3,09:38,MANUAL,35640,0.4015,-11.03,0.50,34.69,10.59,0.3984,634.1,50.0,0.0,0.0,0.0,948.8,906.2
3,09:39,MANUAL,35700,0.4021,-10.95,0.50,35.00,10.50,0.4018,669.2,50.0,0.0,0.0,0.0,973.9,957.9
3,09:40,MANUAL,35760,0.4028,-10.87,0.50,34.96,7.50,0.4152,653.3,50.0,0.0,0.0,0.0,1000.4,949.7
3,09:41,MANUAL,35820,0.4035,-10.79,0.50,35.06,10.01,0.3752,655.1,50.0,0.0,0.0,0.0,962.8,958.8
3,09:42,MANUAL,35880,0.4042,-10.72,0.50,35.12,11.49,0.4010,669.5,50.0,0.0,0.0,0.0,926.3,972.9
3,09:42,MANUAL,35940,0.4048,-10.64,0.50,35.49,10.06,0.3925,660.3,50.0,0.0,0.0,0.0,939.3,978.9
3,09:43,MANUAL,36000,0.4055,-10.56,0.50,35.67,8.93,0.3915,678.3,50.0,0.0,0.0,0.0,951.4,963.6
3,09:44,MANUAL,36060,0.4062,-10.48,0.50,35.91,7.72,0.3893,675.9,50.0,0.0,0.0,0.0,972.0,945.4
3,09:45,MANUAL,36120,0.4069,-10.41,0.50,35.56,10.60,0.3900,654.7,50.0,0.0,0.0,0.0,977.0,925.0
3,09:46,MANUAL,36180,0.4075,-10.33,0.50,35.85,8.26,0.3944,675.0,50.0,0.0,0.0,0.0,935.4,920.8
3,09:47,MANUAL,36240,0.4082,-10.26,0.50,36.37,9.64,0.3956,665.8,50.0,0.0,0.0,0.0,954.7,953.0
3,09:48,MANUAL,36300,0.4089,-10.18,0.50,36.01,8.11,0.4096,653.5,50.0,0.0,0.0,0.0,965.2,936.3
3,09:49,MANUAL,36360,0.4096,-10.11,0.50,36.26,11.10,0.4064,667.9,50.0,0.0,0.0,0.0,921.3,981.8
3,09:50,MANUAL,36420,0.4103,-10.03,0.50,35.90,10.49,0.4259,678.7,50.0,0.0,0.0,0.0,952.9,963.3
3,09:51,MANUAL,36480,0.4109,-9.96,0.50,36.32,8.37,0.3971,693.4,50.0,0.0,0.0,0.0,969.8,960.7
3,09:52,MANUAL,36540,0.4116,-9.89,0.50,36.45,9.07,0.4076,665.8,50.0,0.0,0.0,0.0,930.5,967.4
3,09:53,MANUAL,36600,0.4123,-9.81,0.50,36.61,10.06,0.3987,671.0,50.0,0.0,0.0,0.0,939.7,933.9
3,09:54,MANUAL,36660,0.4130,-9.74,0.50,36.89,9.82,0.4003,688.2,50.0,0.0,0.0,0.0,965.6,957.9
3,09:55,MANUAL,36720,0.4136,-9.67,0.50,37.10,8.97,0.3891,698.1,50.0,0.0,0.0,0.0,944.8,956.2
3,09:56,MANUAL,36780,0.4143,-9.60,0.50,36.93,9.01,0.3914,696.6,50.0,0.0,0.0,0.0,966.5,982.7
3,09:57,MANUAL,36840,0.4150,-9.53,0.50,37.05,10.32,0.3841,694.2,50.0,0.0,0.0,0.0,993.0,966.6
3,09:58,MANUAL,36900,0.4157,-9.46,0.50,37.13,8.00,0.4003,696.5,50.0,0.0,0.0,0.0,956.0,985.2
3,09:59,MANUAL,36960,0.4163,-9.39,0.50,37.54,10.38,0.3845,677.2,50.0,0.0,0.0,0.0,996.9,922.7
3,10:00,MANUAL,37020,0.4170,-9.32,0.50,37.69,8.47,0.3877,704.4,50.0,0.0,0.0,0.0,931.4,948.6
3,10:01,MANUAL,37080,0.4177,-9.25,0.50,37.65,9.68,0.3984,680.3,50.0,0.0,0.0,0.0,914.1,955.7
3,10:02,MANUAL,37140,0.4184,-9.18,0.50,37.78,8.70,0.3769,691.0,50.0,0.0,0.0,0.0,949.9,959.0
3,10:03,MANUAL,37200,0.4190,-9.12,0.50,37.93,8.05,0.4047,722.0,50.0,0.0,0.0,0.0,979.6,970.3
3,10:04,MANUAL,37260,0.4197,-9.05,0.50,37.97,9.77,0.4159,699.3,50.0,0.0,0.0,0.0,918.7,930.6
3,10:05,MANUAL,37320,0.4204,-8.98,0.50,37.80,10.62,0.3934,708.5,50.0,0.0,0.0,0.0,943.1,946.3
3,10:06,MANUAL,37380,0.4211,-8.92,0.50,37.85,8.39,0.3927,707.9,50.0,0.0,0.0,0.0,978.8,954.4
3,10:07,MANUAL,37440,0.4217,-8.85,0.50,37.81,10.95,0.3843,702.5,50.0,0.0,0.0,0.0,957.6,961.2
3,10:08,MANUAL,37500,0.4224,-8.79,0.50,38.32,10.36,0.4012,704.9,50.0,0.0,0.0,0.0,995.8,960.7
3,10:09,MANUAL,37560,0.4231,-8.72,0.50,38.63,9.56,0.3909,695.4,50.0,0.0,0.0,0.0,981.1,958.9
3,10:10,MANUAL,37620,0.4238,-8.66,0.50,38.41,9.79,0.3876,708.9,50.0,0.0,0.0,0.0,957.4,992.4
3,10:11,MANUAL,37680,0.4244,-8.59,0.50,38.59,9.53,0.3974,716.6,50.0,0.0,0.0,0.0,956.4,964.0
3,10:12,MANUAL,37740,0.4251,-8.53,0.50,38.65,9.56,0.3968,715.8,50.0,0.0,0.0,0.0,995.1,993.3
3,10:13,MANUAL,37800,0.4258,-8.47,0.50,38.81,8.11,0.3936,717.8,50.0,0.0,0.0,0.0,931.8,903.5
3,10:14,MANUAL,37860,0.4265,-8.41,0.50,39.14,8.90,0.4112,730.5,50.0,0.0,0.0,0.0,940.4,945.6
3,10:15,MANUAL,37920,0.4271,-8.35,0.50,38.85,9.49,0.4022,715.7,50.0,0.0,0.0,0.0,965.6,966.0
3,10:16,MANUAL,37980,0.4278,-8.29,0.50,39.19,8.60,0.3808,728.4,50.0,0.0,0.0,0.0,950.3,973.7
3,10:17,MANUAL,38040,0.4285,-8.22,0.50,39.15,8.54,0.3846,705.0,50.0,0.0,0.0,0.0,941.0,940.7
3,10:18,MANUAL,38100,0.4292,-8.17,0.50,39.15,8.18,0.3968,725.6,50.0,0.0,0.0,0.0,951.4,988.1
3,10:18,MANUAL,38160,0.4299,-8.11,0.50,39.14,8.53,0.3938,701.7,50.0,0.0,0.0,0.0,962.0,959.1
3,10:19,MANUAL,38220,0.4305,-8.05,0.50,39.47,9.26,0.3726,715.5,50.0,0.0,0.0,0.0,935.7,944.5
3,10:20,MANUAL,38280,0.4312,-7.99,0.50,39.16,11.05,0.3984,732.5,50.0,0.0,0.0,0.0,958.6,947.5
3,10:21,MANUAL,38340,0.4319,-7.93,0.50,39.69,9.31,0.4011,733.9,50.0,0.0,0.0,0.0,953.1,955.5
3,10:22,MANUAL,38400,0.4326,-7.87,0.50,39.61,8.50,0.4053,729.7,50.0,0.0,0.0,0.0,956.4,965.8
3,10:23,MANUAL,38460,0.4332,-7.82,0.50,39.89,8.84,0.4007,732.4,50.0,0.0,0.0,0.0,946.3,959.3
3,10:24,MANUAL,38520,0.4339,-7.76,0.50,39.79,9.15,0.4094,734.8,50.0,0.0,0.0,0.0,944.9,949.1
3,10:25,MANUAL,38580,0.4346,-7.71,0.50,39.62,9.47,0.3910,735.1,50.0,0.0,0.0,0.0,947.4,943.6
3,10:26,MANUAL,38640,0.4353,-7.65,0.50,40.28,10.51,0.4071,728.7,50.0,0.0,0.0,0.0,921.4,983.7
3,10:27,MANUAL,38700,0.4359,-7.60,0.50,40.29,9.87,0.3996,744.8,50.0,0.0,0.0,0.0,958.6,950.3
3,10:28,MANUAL,38760,0.4366,-7.54,0.50,40.30,10.78,0.4138,723.3,50.0,0.0,0.0,0.0,935.7,952.3
3,10:29,MANUAL,38820,0.4373,-7.49,0.50,40.56,11.22,0.3877,741.8,50.0,0.0,0.0,0.0,951.5,994.0
3,10:30,MANUAL,38880,0.4380,-7.44,0.50,39.99,7.68,0.3916,741.5,50.0,0.0,0.0,0.0,942.1,946.0
3,10:31,MANUAL,38940,0.4386,-7.39,0.50,40.32,10.14,0.3946,750.2,50.0,0.0,0.0,0.0,958.4,971.8
3,10:32,MANUAL,39000,0.4393,-7.33,0.50,40.73,8.69,0.3965,733.0,50.0,0.0,0.0,0.0,987.6,949.0
3,10:33,MANUAL,39060,0.4400,-7.28,0.50,40.72,9.78,0.4034,742.1,50.0,0.0,0.0,0.0,958.5,938.6
3,10:34,MANUAL,39120,0.4407,-7.23,0.50,40.53,10.00,0.3996,738.1,50.0,0.0,0.0,0.0,948.8,941.8
3,10:35,MANUAL,39180,0.4413,-7.18,0.50,40.93,9.09,0.4078,748.6,50.0,0.0,0.0,0.0,986.6,963.3
3,10:36,MANUAL,39240,0.4420,-7.13,0.50,41.10,10.75,0.3932,741.6,50.0,0.0,0.0,0.0,941.9,981.9
3,10:37,MANUAL,39300,0.4427,-7.08,0.50,41.13,8.41,0.3986,755.9,50.0,0.0,0.0,0.0,941.5,978.2
3,10:38,MANUAL,39360,0.4434,-7.04,0.50,41.18,8.58,0.4020,763.7,50.0,0.0,0.0,0.0,937.0,967.6
3,10:39,MANUAL,39420,0.4440,-6.99,0.50,41.02,10.32,0.4044,737.3,50.0,0.0,0.0,0.0,972.6,967.0
3,10:40,MANUAL,39480,0.4447,-6.94,0.50,41.10,8.24,0.3984,751.1,50.0,0.0,0.0,0.0,929.0,963.1
3,10:41,MANUAL,39540,0.4454,-6.89,0.50,41.10,9.66,0.4006,753.2,50.0,0.0,0.0,0.0,926.0,954.8
3,10:42,MANUAL,39600,0.4461,-6.85,0.50,41.50,10.86,0.3957,742.4,50.0,0.0,0.0,0.0,958.9,947.1
3,10:43,MANUAL,39660,0.4467,-6.80,0.50,41.46,9.02,0.3929,755.3,50.0,0.0,0.0,0.0,928.1,944.6
3,10:44,MANUAL,39720,0.4474,-6.76,0.50,41.14,8.37,0.3745,753.3,50.0,0.0,0.0,0.0,922.9,970.7
3,10:45,MANUAL,39780,0.4481,-6.71,0.50,42.13,10.29,0.4016,760.5,50.0,0.0,0.0,0.0,992.0,958.1
3,10:46,MANUAL,39840,0.4488,-6.67,0.50,41.38,8.67,0.4089,741.4,50.0,0.0,0.0,0.0,915.5,962.7
3,10:47,MANUAL,39900,0.4495,-6.63,0.50,41.58,9.11,0.4020,751.7,50.0,0.0,0.0,0.0,945.6,905.4
3,10:48,MANUAL,39960,0.4501,-6.58,0.50,41.64,7.47,0.3979,755.3,50.0,0.0,0.0,0.0,909.5,958.3
3,10:49,MANUAL,40020,0.4508,-6.54,0.50,42.13,7.37,0.3871,752.8,50.0,0.0,0.0,0.0,952.0,973.8
3,10:50,MANUAL,40080,0.4515,-6.50,0.50,41.71,8.74,0.3990,744.5,50.0,0.0,0.0,0.0,957.2,956.6
3,10:51,MANUAL,40140,0.4522,-6.46,0.50,42.15,11.99,0.3995,765.7,50.0,0.0,0.0,0.0,950.8,960.5
3,10:52,MANUAL,40200,0.4528,-6.42,0.50,41.89,10.72,0.3872,757.5,50.0,0.0,0.0,0.0,954.5,968.0
3,10:53,MANUAL,40260,0.4535,-6.38,0.50,42.40,9.92,0.3878,760.1,50.0,0.0,0.0,0.0,941.2,969.7
3,10:54,MANUAL,40320,0.4542,-6.34,0.50,41.99,9.36,0.4050,751.6,50.0,0.0,0.0,0.0,975.9,979.7
3,10:54,MANUAL,40380,0.4549,-6.30,0.50,41.94,9.62,0.4064,760.5,50.0,0.0,0.0,0.0,926.5,970.3
3,10:55,MANUAL,40440,0.4555,-6.26,0.50,42.34,9.98,0.4095,767.2,50.0,0.0,0.0,0.0,947.5,949.9
3,10:56,MANUAL,40500,0.4562,-6.22,0.50,42.14,10.66,0.3822,766.2,50.0,0.0,0.0,0.0,967.5,936.3
3,10:57,MANUAL,40560,0.4569,-6.19,0.50,42.49,10.71,0.3914,774.7,50.0,0.0,0.0,0.0,963.5,954.2
3,10:58,MANUAL,40620,0.4576,-6.15,0.50,42.02,11.40,0.4092,756.4,50.0,0.0,0.0,0.0,945.1,977.8
3,10:59,MANUAL,40680,0.4582,-6.11,0.50,42.56,8.53,0.3855,776.1,50.0,0.0,0.0,0.0,967.6,971.8
3,11:00,MANUAL,40740,0.4589,-6.08,0.50,42.46,10.92,0.3878,770.7,50.0,0.0,0.0,0.0,985.9,971.8
3,11:01,MANUAL,40800,0.4596,-6.04,0.50,42.88,9.61,0.4060,790.6,50.0,0.0,0.0,0.0,937.5,955.5
3,11:02,MANUAL,40860,0.4603,-6.01,0.50,42.61,11.02,0.3958,777.4,50.0,0.0,0.0,0.0,950.6,965.6
3,11:03,MANUAL,40920,0.4609,-5.97,0.50,42.77,9.94,0.3996,774.8,50.0,0.0,0.0,0.0,941.8,947.5
3,11:04,MANUAL,40980,0.4616,-5.94,0.50,42.98,9.13,0.3950,772.4,50.0,0.0,0.0,0.0,972.0,971.0
3,11:05,MANUAL,41040,0.4623,-5.91,0.50,42.95,9.21,0.4016,771.5,50.0,0.0,0.0,0.0,947.4,960.2
3,11:06,MANUAL,41100,0.4630,-5.88,0.50,43.17,8.76,0.3914,777.4,50.0,0.0,0.0,0.0,942.5,959.7
3,11:07,MANUAL,41160,0.4636,-5.84,0.50,42.77,10.21,0.3903,774.6,50.0,0.0,0.0,0.0,968.4,961.5
3,11:08,MANUAL,41220,0.4643,-5.81,0.50,43.06,9.56,0.3939,790.0,50.0,0.0,0.0,0.0,956.3,985.4
3,11:09,MANUAL,41280,0.4650,-5.78,0.50,43.02,9.02,0.4039,780.7,50.0,0.0,0.0,0.0,944.2,943.4
3,11:10,MANUAL,41340,0.4657,-5.75,0.50,43.07,10.84,0.4021,774.6,50.0,0.0,0.0,0.0,990.6,1012.8
3,11:11,MANUAL,41400,0.4663,-5.72,0.50,43.44,9.52,0.3898,775.0,50.0,0.0,0.0,0.0,971.7,942.5
3,11:12,MANUAL,41460,0.4670,-5.70,0.50,43.22,8.76,0.4107,777.9,50.0,0.0,0.0,0.0,946.1,954.4
3,11:13,MANUAL,41520,0.4677,-5.67,0.50,43.35,12.18,0.3990,795.7,50.0,0.0,0.0,0.0,1018.0,983.1
3,11:14,MANUAL,41580,0.4684,-5.64,0.50,43.41,7.84,0.4012,776.1,50.0,0.0,0.0,0.0,983.8,949.9
3,11:15,MANUAL,41640,0.4691,-5.61,0.50,43.30,7.85,0.4112,786.3,50.0,0.0,0.0,0.0,988.7,936.4
3,11:16,MANUAL,41700,0.4697,-5.59,0.50,43.43,8.26,0.4017,791.4,50.0,0.0,0.0,0.0,994.6,949.1
3,11:17,MANUAL,41760,0.4704,-5.56,0.50,43.49,9.78,0.3895,773.1,50.0,0.0,0.0,0.0,1009.1,987.5
3,11:18,MANUAL,41820,0.4711,-5.54,0.50,43.75,8.86,0.3991,775.2,50.0,0.0,0.0,0.0,949.0,980.8
3,11:19,MANUAL,41880,0.4718,-5.51,0.50,43.54,8.69,0.4030,775.9,50.0,0.0,0.0,0.0,943.4,972.5
3,11:20,MANUAL,41940,0.4724,-5.49,0.50,43.45,10.53,0.4014,784.4,50.0,0.0,0.0,0.0,972.8,970.5
3,11:21,MANUAL,42000,0.4731,-5.46,0.50,43.57,9.21,0.4060,784.4,50.0,0.0,0.0,0.0,963.6,983.9
3,11:22,MANUAL,42060,0.4738,-5.44,0.50,43.68,10.53,0.3923,800.7,50.0,0.0,0.0,0.0,954.3,936.1
3,11:23,MANUAL,42120,0.4745,-5.42,0.50,44.11,8.22,0.3988,794.0,50.0,0.0,0.0,0.0,937.9,969.0
3,11:24,MANUAL,42180,0.4751,-5.40,0.50,43.91,10.02,0.4056,791.1,50.0,0.0,0.0,0.0,980.9,970.2
3,11:25,MANUAL,42240,0.4758,-5.37,0.50,43.75,10.35,0.4077,797.7,50.0,0.0,0.0,0.0,908.7,952.1
3,11:26,MANUAL,42300,0.4765,-5.35,0.50,43.69,7.45,0.4085,780.6,50.0,0.0,0.0,0.0,969.0,962.1
3,11:27,MANUAL,42360,0.4772,-5.33,0.50,43.85,10.17,0.3975,778.0,50.0,0.0,0.0,0.0,930.3,934.9
3,11:28,MANUAL,42420,0.4778,-5.31,0.50,44.15,10.28,0.4117,783.0,50.0,0.0,0.0,0.0,989.4,951.0
3,11:29,MANUAL,42480,0.4785,-5.30,0.50,44.12,10.21,0.4113,792.1,50.0,0.0,0.0,0.0,972.7,952.5
3,11:30,MANUAL,42540,0.4792,-5.28,0.50,44.25,11.16,0.3985,790.4,50.0,0.0,0.0,0.0,944.3,983.8
3,11:31,MANUAL,42600,0.4799,-5.26,0.50,44.25,9.05,0.4051,811.3,50.0,0.0,0.0,0.0,944.2,940.7
3,11:31,MANUAL,42660,0.4805,-5.24,0.50,44.24,9.34,0.4050,783.9,50.0,0.0,0.0,0.0,950.9,991.6
3,11:32,MANUAL,42720,0.4812,-5.23,0.50,43.81,10.08,0.3948,800.3,50.0,0.0,0.0,0.0,969.6,963.3
3,11:33,MANUAL,42780,0.4819,-5.21,0.50,43.93,10.44,0.3964,791.6,50.0,0.0,0.0,0.0,975.0,987.3
3,11:34,MANUAL,42840,0.4826,-5.19,0.50,44.13,10.15,0.4018,795.9,50.0,0.0,0.0,0.0,956.5,962.9
3,11:35,MANUAL,42900,0.4832,-5.18,0.50,44.60,8.84,0.3815,813.1,50.0,0.0,0.0,0.0,975.0,937.3
3,11:36,MANUAL,42960,0.4839,-5.17,0.50,44.36,9.10,0.3897,790.5,50.0,0.0,0.0,0.0,963.9,965.3
3,11:37,MANUAL,43020,0.4846,-5.15,0.50,44.28,8.70,0.3896,790.6,50.0,0.0,0.0,0.0,964.0,974.6
3,11:38,MANUAL,43080,0.4853,-5.14,0.50,44.54,9.93,0.3894,798.4,50.0,0.0,0.0,0.0,969.6,960.5
3,11:39,MANUAL,43140,0.4859,-5.13,0.50,44.36,9.85,0.3936,811.3,50.0,0.0,0.0,0.0,961.1,987.5
3,11:40,MANUAL,43200,0.4866,-5.11,0.50,44.46,10.42,0.4055,793.5,50.0,0.0,0.0,0.0,948.6,943.3
3,11:41,MANUAL,43260,0.4873,-5.10,0.50,44.83,9.10,0.3987,796.7,50.0,0.0,0.0,0.0,956.3,976.5
3,11:42,MANUAL,43320,0.4880,-5.09,0.50,44.79,9.54,0.3992,795.3,50.0,0.0,0.0,0.0,950.4,977.7
3,11:43,MANUAL,43380,0.4887,-5.08,0.50,44.37,8.90,0.4067,806.9,50.0,0.0,0.0,0.0,954.5,964.0
3,11:44,MANUAL,43440,0.4893,-5.07,0.50,44.75,10.51,0.3889,788.6,50.0,0.0,0.0,0.0,988.6,978.7
3,11:45,MANUAL,43500,0.4900,-5.06,0.50,44.48,9.36,0.4043,797.4,50.0,0.0,0.0,0.0,968.9,948.5
3,11:46,MANUAL,43560,0.4907,-5.06,0.50,44.59,8.27,0.3999,783.2,50.0,0.0,0.0,0.0,971.0,999.4
3,11:47,MANUAL,43620,0.4914,-5.05,0.50,44.46,9.84,0.3871,792.3,50.0,0.0,0.0,0.0,928.5,954.1
3,11:48,MANUAL,43680,0.4920,-5.04,0.50,44.75,8.93,0.4010,808.9,50.0,0.0,0.0,0.0,983.2,969.4
3,11:49,MANUAL,43740,0.4927,-5.03,0.50,44.86,8.82,0.3939,799.4,50.0,0.0,0.0,0.0,954.3,968.7
3,11:50,MANUAL,43800,0.4934,-5.03,0.50,44.60,9.44,0.3988,800.7,50.0,0.0,0.0,0.0,966.1,986.1
3,11:51,MANUAL,43860,0.4941,-5.02,0.50,44.35,11.47,0.4154,798.8,50.0,0.0,0.0,0.0,951.8,956.3
3,11:52,MANUAL,43920,0.4947,-5.02,0.50,44.75,10.44,0.3988,817.8,50.0,0.0,0.0,0.0,960.6,1019.6
3,11:53,MANUAL,43980,0.4954,-5.01,0.50,44.80,9.55,0.3995,805.6,50.0,0.0,0.0,0.0,944.1,956.4
3,11:54,MANUAL,44040,0.4961,-5.01,0.50,44.84,10.06,0.3931,817.3,50.0,0.0,0.0,0.0,970.2,954.5
3,11:55,MANUAL,44100,0.4968,-5.01,0.50,44.81,10.97,0.3991,797.3,50.0,0.0,0.0,0.0,1018.8,958.2
3,11:56,MANUAL,44160,0.4974,-5.00,0.50,44.79,11.62,0.4090,796.5,50.0,0.0,0.0,0.0,965.2,958.1
3,11:57,MANUAL,44220,0.4981,-5.00,0.50,45.18,8.53,0.3870,798.1,50.0,0.0,0.0,0.0,993.4,987.3
3,11:58,MANUAL,44280,0.4988,-5.00,0.50,44.93,11.67,0.4035,811.8,50.0,0.0,0.0,0.0,989.0,977.5
3,11:59,MANUAL,44340,0.4995,-5.00,0.50,44.48,9.08,0.4066,797.3,50.0,0.0,0.0,0.0,972.4,954.8
3,12:00,MANUAL,44400,0.5001,-5.00,0.50,45.16,9.40,0.3859,798.8,50.0,0.0,0.0,0.0,949.0,963.5
4,00:00,MANUAL,60,0.0007,-70.00,0.50,15.21,49.34,0.4011,0.0,75.0,0.0,0.0,0.0,903.4,930.5
4,00:01,MANUAL,120,0.0014,-70.00,0.50,13.28,53.58,0.3939,0.0,75.0,0.0,0.0,0.0,904.2,884.9
4,00:02,MANUAL,180,0.0020,-70.00,0.50,11.87,55.96,0.4071,0.0,75.0,0.0,0.0,0.0,891.4,928.9
4,00:03,MANUAL,240,0.0027,-70.00,0.50,10.30,58.72,0.4131,4.2,75.0,0.0,0.0,0.0,896.8,910.6
4,00:04,MANUAL,300,0.0034,-69.99,0.50,9.24,59.17,0.3873,13.0,75.0,0.0,0.0,0.0,892.6,897.5
4,00:05,MANUAL,360,0.0041,-69.99,0.50,7.69,62.58,0.4090,0.0,75.0,0.0,0.0,0.0,864.3,936.9
4,00:06,MANUAL,420,0.0047,-69.99,0.50,6.94,61.22,0.4143,12.9,75.0,0.0,0.0,0.0,898.1,918.7
4,00:07,MANUAL,480,0.0054,-69.98,0.50,5.64,60.88,0.3939,0.0,75.0,0.0,0.0,0.0,909.7,888.7
4,00:08,MANUAL,540,0.0061,-69.98,0.50,4.37,61.90,0.3956,0.0,75.0,0.0,0.0,0.0,918.9,920.5
4,00:09,MANUAL,600,0.0068,-69.97,0.50,3.60,62.79,0.4005,0.0,75.0,0.0,0.0,0.0,890.2,924.9
4,00:10,MANUAL,660,0.0074,-69.96,0.50,2.38,63.39,0.4080,0.0,75.0,0.0,0.0,0.0,943.4,921.4
4,00:11,MANUAL,720,0.0081,-69.96,0.50,1.49,61.66,0.4019,6.9,75.0,0.0,0.0,0.0,925.7,901.0
4,00:12,MANUAL,780,0.0088,-69.95,0.50,0.84,62.11,0.4033,5.8,75.0,0.0,0.0,0.0,942.8,923.9
4,00:13,MANUAL,840,0.0095,-69.94,0.50,0.15,60.19,0.4095,7.5,75.0,0.0,0.0,0.0,871.0,875.6
4,00:14,MANUAL,900,0.0101,-69.93,0.50,-0.49,61.75,0.3981,0.0,75.0,0.0,0.0,0.0,926.5,887.0
4,00:15,MANUAL,960,0.0108,-69.93,0.50,-1.39,61.02,0.3933,13.6,75.0,0.0,0.0,0.0,896.7,925.9
4,00:16,MANUAL,1020,0.0115,-69.92,0.50,-2.06,61.39,0.4160,6.9,75.0,0.0,0.0,0.0,919.3,915.8
4,00:17,MANUAL,1080,0.0122,-69.91,0.50,-2.32,60.59,0.4044,2.6,75.0,0.0,0.0,0.0,901.9,913.2
4,00:18,MANUAL,1140,0.0128,-69.89,0.50,-3.13,59.29,0.4049,0.0,75.0,0.0,0.0,0.0,916.4,915.9
4,00:19,MANUAL,1200,0.0135,-69.88,0.50,-3.51,59.29,0.4136,14.2,75.0,0.0,0.0,0.0,905.4,881.7
4,00:20,MANUAL,1260,0.0142,-69.87,0.50,-4.03,58.63,0.4152,0.0,75.0,0.0,0.0,0.0,905.8,913.5
4,00:21,MANUAL,1320,0.0149,-69.86,0.50,-4.29,58.63,0.3820,13.3,75.0,0.0,0.0,0.0,873.7,896.2
4,00:22,MANUAL,1380,0.0155,-69.85,0.50,-5.04,56.17,0.3852,0.0,75.0,0.0,0.0,0.0,941.6,908.5
4,00:23,MANUAL,1440,0.0162,-69.83,0.50,-5.53,55.36,0.3969,0.0,75.0,0.0,0.0,0.0,883.5,922.5
4,00:24,MANUAL,1500,0.0169,-69.82,0.50,-5.61,56.48,0.3761,0.0,75.0,0.0,0.0,0.0,903.7,917.2
4,00:25,MANUAL,1560,0.0176,-69.80,0.50,-5.76,56.53,0.3894,1.3,75.0,0.0,0.0,0.0,917.9,918.0
4,00:26,MANUAL,1620,0.0182,-69.79,0.50,-6.42,57.55,0.4044,18.7,75.0,0.0,0.0,0.0,921.8,908.1
4,00:27,MANUAL,1680,0.0189,-69.77,0.50,-7.00,54.15,0.4010,0.0,75.0,0.0,0.0,0.0,921.8,882.2
4,00:28,MANUAL,1740,0.0196,-69.75,0.50,-6.94,53.74,0.3998,6.7,75.0,0.0,0.0,0.0,897.6,907.8
4,00:29,MANUAL,1800,0.0203,-69.74,0.50,-7.51,52.62,0.4127,12.8,75.0,0.0,0.0,0.0,906.8,899.2
4,00:30,MANUAL,1860,0.0210,-69.72,0.50,-7.72,53.36,0.3967,0.0,75.0,0.0,0.0,0.0,895.0,901.6
4,00:31,MANUAL,1920,0.0216,-69.70,0.50,-7.64,50.12,0.3865,4.2,75.0,0.0,0.0,0.0,903.8,925.7
4,00:32,MANUAL,1980,0.0223,-69.68,0.50,-8.27,50.69,0.3923,0.0,75.0,0.0,0.0,0.0,885.8,881.0
4,00:33,MANUAL,2040,0.0230,-69.66,0.50,-8.23,51.94,0.3974,17.6,75.0,0.0,0.0,0.0,905.1,870.7
4,00:34,MANUAL,2100,0.0237,-69.64,0.50,-8.60,50.87,0.3982,13.9,75.0,0.0,0.0,0.0,854.5,948.4
4,00:35,MANUAL,2160,0.0243,-69.62,0.50,-8.62,52.85,0.3921,0.0,75.0,0.0,0.0,0.0,956.0,882.7
4,00:36,MANUAL,2220,0.0250,-69.60,0.50,-8.97,51.46,0.4034,5.4,75.0,0.0,0.0,0.0,930.0,874.1
4,00:36,MANUAL,2280,0.0257,-69.58,0.50,-8.87,52.01,0.4149,0.0,75.0,0.0,0.0,0.0,877.4,927.3
4,00:37,MANUAL,2340,0.0264,-69.56,0.50,-9.66,48.66,0.3952,0.0,75.0,0.0,0.0,0.0,911.9,920.7
4,00:38,MANUAL,2400,0.0270,-69.53,0.50,-9.41,50.33,0.3971,0.0,75.0,0.0,0.0,0.0,888.3,900.7
4,00:39,MANUAL,2460,0.0277,-69.51,0.50,-9.67,52.54,0.3948,0.0,75.0,0.0,0.0,0.0,916.6,901.9
4,00:40,MANUAL,2520,0.0284,-69.48,0.50,-9.72,51.12,0.4033,0.0,75.0,0.0,0.0,0.0,902.7,918.0
4,00:41,MANUAL,2580,0.0291,-69.46,0.50,-9.77,49.52,0.3942,0.9,75.0,0.0,0.0,0.0,879.0,902.3
4,00:42,MANUAL,2640,0.0297,-69.43,0.50,-10.29,49.58,0.3900,9.6,75.0,0.0,0.0,0.0,917.3,910.8
4,00:43,MANUAL,2700,0.0304,-69.41,0.50,-10.19,50.69,0.4015,0.0,75.0,0.0,0.0,0.0,907.8,903.2
4,00:44,MANUAL,2760,0.0311,-69.38,0.50,-9.87,49.99,0.4051,0.0,75.0,0.0,0.0,0.0,881.8,938.9
4,00:45,MANUAL,2820,0.0318,-69.35,0.50,-10.29,49.06,0.4039,0.0,75.0,0.0,0.0,0.0,870.9,899.1
4,00:46,MANUAL,2880,0.0324,-69.33,0.50,-10.39,49.99,0.4134,1.0,75.0,0.0,0.0,0.0,898.8,897.2
4,00:47,MANUAL,2940,0.0331,-69.30,0.50,-10.16,48.84,0.4037,0.0,75.0,0.0,0.0,0.0,870.6,902.3
4,00:48,MANUAL,3000,0.0338,-69.27,0.50,-10.42,52.26,0.4167,0.0,75.0,0.0,0.0,0.0,901.6,904.3
4,00:49,MANUAL,3060,0.0345,-69.24,0.50,-10.36,49.40,0.3864,9.7,75.0,0.0,0.0,0.0,930.5,912.3
4,00:50,MANUAL,3120,0.0351,-69.21,0.50,-10.45,48.82,0.4098,0.0,75.0,0.0,0.0,0.0,888.5,879.3
4,00:51,MANUAL,3180,0.0358,-69.18,0.50,-10.16,48.27,0.4173,20.7,75.0,0.0,0.0,0.0,887.0,907.4
4,00:52,MANUAL,3240,0.0365,-69.15,0.50,-10.39,48.52,0.4070,0.0,75.0,0.0,0.0,0.0,893.1,918.6
4,00:53,MANUAL,3300,0.0372,-69.12,0.50,-10.72,46.82,0.3943,0.0,75.0,0.0,0.0,0.0,942.5,861.9
4,00:54,MANUAL,3360,0.0378,-69.09,0.50,-10.96,48.84,0.4080,2.2,75.0,0.0,0.0,0.0,914.1,895.3
4,00:55,MANUAL,3420,0.0385,-69.05,0.50,-10.72,49.01,0.4115,8.9,75.0,0.0,0.0,0.0,882.1,882.7
4,00:56,MANUAL,3480,0.0392,-69.02,0.50,-10.65,48.57,0.4082,6.9,75.0,0.0,0.0,0.0,908.2,893.8
4,00:57,MANUAL,3540,0.0399,-68.99,0.50,-10.76,50.21,0.3994,17.0,75.0,0.0,0.0,0.0,937.4,895.6
4,00:58,MANUAL,3600,0.0406,-68.95,0.50,-10.57,48.88,0.3999,7.8,75.0,0.0,0.0,0.0,899.1,943.5
4,00:59,MANUAL,3660,0.0412,-68.92,0.50,-10.73,49.24,0.4046,0.0,75.0,0.0,0.0,0.0,881.3,879.3
4,01:00,MANUAL,3720,0.0419,-68.88,0.50,-11.13,47.99,0.4009,8.2,75.0,0.0,0.0,0.0,920.5,906.8
4,01:01,MANUAL,3780,0.0426,-68.84,0.50,-10.86,48.98,0.3986,8.0,75.0,0.0,0.0,0.0,936.0,885.2
4,01:02,MANUAL,3840,0.0433,-68.81,0.50,-10.82,48.93,0.4152,0.0,75.0,0.0,0.0,0.0,894.6,880.2
4,01:03,MANUAL,3900,0.0439,-68.77,0.50,-10.87,48.60,0.4047,0.0,75.0,0.0,0.0,0.0,942.0,910.0
4,01:04,MANUAL,3960,0.0446,-68.73,0.50,-10.67,49.07,0.3934,0.0,75.0,0.0,0.0,0.0,912.1,867.2
4,01:05,MANUAL,4020,0.0453,-68.69,0.50,-10.79,48.71,0.3998,0.0,75.0,0.0,0.0,0.0,916.9,880.9
4,01:06,MANUAL,4080,0.0460,-68.65,0.50,-11.08,47.69,0.4052,8.7,75.0,0.0,0.0,0.0,912.7,895.8
4,01:07,MANUAL,4140,0.0466,-68.61,0.50,-10.82,48.17,0.3980,0.0,75.0,0.0,0.0,0.0,924.4,910.7
4,01:08,MANUAL,4200,0.0473,-68.57,0.50,-10.81,49.31,0.3864,0.0,75.0,0.0,0.0,0.0,933.6,895.5
4,01:09,MANUAL,4260,0.0480,-68.53,0.50,-10.91,49.72,0.4189,5.7,75.0,0.0,0.0,0.0,904.3,851.1
4,01:10,MANUAL,4320,0.0487,-68.49,0.50,-10.78,47.49,0.4109,0.0,75.0,0.0,0.0,0.0,895.7,909.7
4,01:11,MANUAL,4380,0.0493,-68.45,0.50,-10.88,49.73,0.4187,3.6,75.0,0.0,0.0,0.0,888.8,859.9
4,01:12,MANUAL,4440,0.0500,-68.41,0.50,-10.67,49.28,0.4020,0.0,75.0,0.0,0.0,0.0,931.9,909.5
4,01:12,MANUAL,4500,0.0507,-68.37,0.50,-10.93,48.04,0.3917,0.0,75.0,0.0,0.0,0.0,920.6,898.6
4,01:13,MANUAL,4560,0.0514,-68.32,0.50,-10.64,48.61,0.4061,3.3,75.0,0.0,0.0,0.0,893.6,903.1
4,01:14,MANUAL,4620,0.0520,-68.28,0.50,-10.70,47.84,0.3778,9.2,75.0,0.0,0.0,0.0,930.0,884.2
4,01:15,MANUAL,4680,0.0527,-68.23,0.50,-10.54,48.23,0.4229,0.0,75.0,0.0,0.0,0.0,890.3,887.8
4,01:16,MANUAL,4740,0.0534,-68.19,0.50,-10.72,47.56,0.4002,0.0,75.0,0.0,0.0,0.0,931.3,919.0
4,01:17,MANUAL,4800,0.0541,-68.14,0.50,-10.52,47.82,0.3953,0.0,75.0,0.0,0.0,0.0,908.1,932.6
4,01:18,MANUAL,4860,0.0547,-68.10,0.50,-10.74,48.56,0.4008,0.0,75.0,0.0,0.0,0.0,916.0,941.6
4,01:19,MANUAL,4920,0.0554,-68.05,0.50,-10.45,48.18,0.3941,0.0,75.0,0.0,0.0,0.0,914.6,866.1
4,01:20,MANUAL,4980,0.0561,-68.00,0.50,-10.82,46.67,0.4053,9.0,75.0,0.0,0.0,0.0,901.7,882.6
4,01:21,MANUAL,5040,0.0568,-67.95,0.50,-10.56,48.13,0.3918,0.0,75.0,0.0,0.0,0.0,901.8,913.4
4,01:22,MANUAL,5100,0.0574,-67.91,0.50,-10.26,47.39,0.3894,0.0,75.0,0.0,0.0,0.0,913.2,910.4
4,01:23,MANUAL,5160,0.0581,-67.86,0.50,-10.52,47.24,0.3935,8.6,75.0,0.0,0.0,0.0,869.0,896.2
4,01:24,MANUAL,5220,0.0588,-67.81,0.50,-10.65,46.82,0.4003,0.0,75.0,0.0,0.0,0.0,928.2,904.4
4,01:25,MANUAL,5280,0.0595,-67.76,0.50,-10.39,46.21,0.4118,0.0,75.0,0.0,0.0,0.0,935.5,890.4
4,01:26,MANUAL,5340,0.0602,-67.71,0.50,-10.50,47.30,0.3908,0.0,75.0,0.0,0.0,0.0,914.4,902.4
4,01:27,MANUAL,5400,0.0608,-67.66,0.50,-10.10,46.98,0.4113,3.7,75.0,0.0,0.0,0.0,908.8,913.6
4,01:28,MANUAL,5460,0.0615,-67.60,0.50,-10.49,45.79,0.4004,9.9,75.0,0.0,0.0,0.0,915.1,936.8
4,01:29,MANUAL,5520,0.0622,-67.55,0.50,-10.08,46.79,0.3955,5.3,75.0,0.0,0.0,0.0,888.3,891.2
4,01:30,MANUAL,5580,0.0629,-67.50,0.50,-10.40,47.32,0.3940,0.0,75.0,0.0,0.0,0.0,895.7,891.9
4,01:31,MANUAL,5640,0.0635,-67.44,0.50,-10.29,45.63,0.3825,0.4,75.0,0.0,0.0,0.0,914.6,916.5
4,01:32,MANUAL,5700,0.0642,-67.39,0.50,-10.31,46.90,0.3672,0.0,75.0,0.0,0.0,0.0,903.0,928.8
4,01:33,MANUAL,5760,0.0649,-67.34,0.50,-10.32,44.92,0.3917,9.1,75.0,0.0,0.0,0.0,893.5,888.5
4,01:34,MANUAL,5820,0.0656,-67.28,0.50,-10.15,46.07,0.4047,0.0,75.0,0.0,0.0,0.0,893.0,923.5
4,01:35,MANUAL,5880,0.0662,-67.23,0.50,-10.02,44.38,0.4114,6.8,75.0,0.0,0.0,0.0,910.6,913.3
4,01:36,MANUAL,5940,0.0669,-67.17,0.50,-9.76,47.29,0.3927,0.0,75.0,0.0,0.0,0.0,912.7,902.9
4,01:37,MANUAL,6000,0.0676,-67.11,0.50,-10.30,44.51,0.4056,0.0,75.0,0.0,0.0,0.0,940.1,894.6
4,01:38,MANUAL,6060,0.0683,-67.06,0.50,-9.59,43.26,0.3784,0.0,75.0,0.0,0.0,0.0,908.4,904.2
4,01:39,MANUAL,6120,0.0689,-67.00,0.50,-9.54,44.81,0.4057,0.0,75.0,0.0,0.0,0.0,908.2,901.9
4,01:40,MANUAL,6180,0.0696,-66.94,0.50,-9.87,45.60,0.3941,0.0,75.0,0.0,0.0,0.0,933.7,920.2
4,01:41,MANUAL,6240,0.0703,-66.88,0.50,-9.92,46.02,0.3955,14.3,75.0,0.0,0.0,0.0,881.1,913.6
4,01:42,MANUAL,6300,0.0710,-66.82,0.50,-9.82,44.88,0.4015,13.0,75.0,0.0,0.0,0.0,888.4,890.0
4,01:43,MANUAL,6360,0.0716,-66.76,0.50,-9.57,42.67,0.4124,0.0,75.0,0.0,0.0,0.0,896.2,906.1
4,01:44,MANUAL,6420,0.0723,-66.70,0.50,-9.66,43.68,0.3903,0.0,75.0,0.0,0.0,0.0,928.3,940.9
4,01:45,MANUAL,6480,0.0730,-66.64,0.50,-9.61,43.51,0.3992,0.0,75.0,0.0,0.0,0.0,883.2,883.8
4,01:46,MANUAL,6540,0.0737,-66.58,0.50,-9.69,43.57,0.3858,0.4,75.0,0.0,0.0,0.0,930.5,913.0
4,01:47,MANUAL,6600,0.0743,-66.52,0.50,-9.36,43.72,0.4061,9.3,75.0,0.0,0.0,0.0,928.3,907.9
4,01:48,MANUAL,6660,0.0750,-66.46,0.50,-9.45,42.54,0.3959,0.0,75.0,0.0,0.0,0.0,925.1,938.4
4,01:49,MANUAL,6720,0.0757,-66.39,0.50,-9.25,43.11,0.3849,0.0,75.0,0.0,0.0,0.0,922.6,898.9
4,01:49,MANUAL,6780,0.0764,-66.33,0.50,-9.01,41.57,0.4142,1.9,75.0,0.0,0.0,0.0,958.6,903.2
4,01:50,MANUAL,6840,0.0770,-66.27,0.50,-9.45,42.95,0.4148,4.4,75.0,0.0,0.0,0.0,921.8,924.4
4,01:51,MANUAL,6900,0.0777,-66.20,0.50,-9.47,42.25,0.3989,4.3,75.0,0.0,0.0,0.0,896.3,927.7
4,01:52,MANUAL,6960,0.0784,-66.14,0.50,-9.08,42.33,0.3991,10.7,75.0,0.0,0.0,0.0,907.0,915.0
4,01:53,MANUAL,7020,0.0791,-66.07,0.50,-9.22,42.65,0.4051,4.3,75.0,0.0,0.0,0.0,882.2,897.8
4,01:54,MANUAL,7080,0.0798,-66.00,0.50,-9.17,42.77,0.4000,0.0,75.0,0.0,0.0,0.0,880.7,910.3
4,01:55,MANUAL,7140,0.0804,-65.94,0.50,-9.17,43.18,0.4041,0.0,75.0,0.0,0.0,0.0,930.3,896.1
4,01:56,MANUAL,7200,0.0811,-65.87,0.50,-9.20,41.15,0.3970,0.0,75.0,0.0,0.0,0.0,917.0,900.5
4,01:57,MANUAL,7260,0.0818,-65.80,0.50,-8.97,42.64,0.4026,0.0,75.0,0.0,0.0,0.0,946.7,865.7
4,01:58,MANUAL,7320,0.0825,-65.74,0.50,-8.61,41.79,0.3994,17.5,75.0,0.0,0.0,0.0,891.8,905.9
4,01:59,MANUAL,7380,0.0831,-65.67,0.50,-9.06,40.43,0.4049,0.0,75.0,0.0,0.0,0.0,902.3,925.3
4,02:00,MANUAL,7440,0.0838,-65.60,0.50,-8.50,39.99,0.3917,1.6,75.0,0.0,0.0,0.0,890.5,940.8
4,02:01,MANUAL,7500,0.0845,-65.53,0.50,-8.76,40.18,0.4027,12.5,75.0,0.0,0.0,0.0,964.1,918.9
4,02:02,MANUAL,7560,0.0852,-65.46,0.50,-9.09,39.01,0.4142,0.0,75.0,0.0,0.0,0.0,874.4,899.5
4,02:03,MANUAL,7620,0.0858,-65.39,0.50,-8.42,40.02,0.4071,0.0,75.0,0.0,0.0,0.0,916.5,934.0
4,02:04,MANUAL,7680,0.0865,-65.32,0.50,-8.64,40.96,0.4090,0.0,75.0,0.0,0.0,0.0,926.5,904.9
4,02:05,MANUAL,7740,0.0872,-65.24,0.50,-8.57,42.19,0.3976,0.0,75.0,0.0,0.0,0.0,906.4,895.8
4,02:06,MANUAL,7800,0.0879,-65.17,0.50,-8.34,39.42,0.4149,0.0,75.0,0.0,0.0,0.0,902.4,934.9
4,02:07,MANUAL,7860,0.0885,-65.10,0.50,-8.11,39.68,0.3925,0.0,75.0,0.0,0.0,0.0,918.2,924.9
4,02:08,MANUAL,7920,0.0892,-65.03,0.50,-8.27,37.56,0.4037,4.0,75.0,0.0,0.0,0.0,908.1,938.6
4,02:09,MANUAL,7980,0.0899,-64.95,0.50,-8.50,38.80,0.3927,0.0,75.0,0.0,0.0,0.0,910.2,875.5
4,02:10,MANUAL,8040,0.0906,-64.88,0.50,-7.77,39.94,0.3847,0.0,75.0,0.0,0.0,0.0,890.7,890.4
4,02:11,MANUAL,8100,0.0912,-64.80,0.50,-8.25,38.19,0.3966,0.0,75.0,0.0,0.0,0.0,896.7,914.8
4,02:12,MANUAL,8160,0.0919,-64.73,0.50,-7.96,37.28,0.3895,0.0,75.0,0.0,0.0,0.0,900.0,946.9
4,02:13,MANUAL,8220,0.0926,-64.65,0.50,-7.48,39.06,0.3844,26.1,75.0,0.0,0.0,0.0,900.8,892.6
4,02:14,MANUAL,8280,0.0933,-64.58,0.50,-7.61,36.88,0.3938,0.0,75.0,0.0,0.0,0.0,908.5,909.8
4,02:15,MANUAL,8340,0.0939,-64.50,0.50,-7.64,39.53,0.3895,12.6,75.0,0.0,0.0,0.0,893.3,884.4
4,02:16,MANUAL,8400,0.0946,-64.42,0.50,-7.44,38.72,0.3922,0.0,75.0,0.0,0.0,0.0,939.5,939.8
4,02:17,MANUAL,8460,0.0953,-64.35,0.50,-7.78,36.88,0.4140,2.9,75.0,0.0,0.0,0.0,928.3,913.1
4,02:18,MANUAL,8520,0.0960,-64.27,0.50,-7.39,37.35,0.3850,0.0,75.0,0.0,0.0,0.0,925.7,917.6
4,02:19,MANUAL,8580,0.0966,-64.19,0.50,-7.46,37.19,0.3960,8.6,75.0,0.0,0.0,0.0,889.5,942.8
4,02:20,MANUAL,8640,0.0973,-64.11,0.50,-7.45,37.73,0.4070,0.0,75.0,0.0,0.0,0.0,906.3,931.9
4,02:21,MANUAL,8700,0.0980,-64.03,0.50,-7.79,36.72,0.4046,0.0,75.0,0.0,0.0,0.0,906.4,931.4
4,02:22,MANUAL,8760,0.0987,-63.95,0.50,-7.25,37.12,0.4007,0.0,75.0,0.0,0.0,0.0,922.7,942.3
4,02:23,MANUAL,8820,0.0994,-63.87,0.50,-7.11,37.21,0.3993,7.8,75.0,0.0,0.0,0.0,904.8,905.9
4,02:24,MANUAL,8880,0.1000,-63.79,0.50,-7.19,34.18,0.4032,0.0,75.0,0.0,0.0,0.0,911.2,916.3
4,02:25,MANUAL,8940,0.1007,-63.71,0.50,-7.01,34.38,0.4116,0.0,75.0,0.0,0.0,0.0,931.6,933.2
4,02:25,MANUAL,9000,0.1014,-63.63,0.50,-7.11,36.35,0.4145,0.0,75.0,0.0,0.0,0.0,909.7,896.5
4,02:26,MANUAL,9060,0.1021,-63.54,0.50,-7.17,36.55,0.3789,0.0,75.0,0.0,0.0,0.0,908.8,963.7
4,02:27,MANUAL,9120,0.1027,-63.46,0.50,-7.00,36.39,0.4010,0.0,75.0,0.0,0.0,0.0,917.8,948.6
4,02:28,MANUAL,9180,0.1034,-63.38,0.50,-6.72,36.44,0.3963,3.1,75.0,0.0,0.0,0.0,924.5,902.2
4,02:29,MANUAL,9240,0.1041,-63.29,0.50,-6.81,34.60,0.3744,4.4,75.0,0.0,0.0,0.0,918.8,893.0
4,02:30,MANUAL,9300,0.1048,-63.21,0.50,-6.73,36.73,0.3986,0.9,75.0,0.0,0.0,0.0,906.5,935.8
4,02:31,MANUAL,9360,0.1054,-63.13,0.50,-6.48,35.02,0.3920,8.2,75.0,0.0,0.0,0.0,929.2,904.1
4,02:32,MANUAL,9420,0.1061,-63.04,0.50,-6.31,34.56,0.3920,0.0,75.0,0.0,0.0,0.0,921.1,941.6
4,02:33,MANUAL,9480,0.1068,-62.95,0.50,-6.08,31.50,0.4098,0.0,75.0,0.0,0.0,0.0,941.2,949.4
4,02:34,MANUAL,9540,0.1075,-62.87,0.50,-6.52,33.81,0.4025,0.0,75.0,0.0,0.0,0.0,905.3,878.4
4,02:35,MANUAL,9600,0.1081,-62.78,0.50,-6.57,32.72,0.3806,0.0,75.0,0.0,0.0,0.0,900.2,901.7
4,02:36,MANUAL,9660,0.1088,-62.70,0.50,-6.01,34.57,0.4164,0.0,75.0,0.0,0.0,0.0,925.7,932.3
4,02:37,MANUAL,9720,0.1095,-62.61,0.50,-6.18,32.87,0.3999,0.0,75.0,0.0,0.0,0.0,862.8,912.1
4,02:38,MANUAL,9780,0.1102,-62.52,0.50,-5.94,33.41,0.3930,0.0,75.0,0.0,0.0,0.0,908.3,911.8
4,02:39,MANUAL,9840,0.1108,-62.43,0.50,-6.09,33.07,0.3766,1.6,75.0,0.0,0.0,0.0,911.1,883.7
4,02:40,MANUAL,9900,0.1115,-62.34,0.50,-5.80,31.53,0.4190,0.0,75.0,0.0,0.0,0.0,911.8,888.9
4,02:41,MANUAL,9960,0.1122,-62.25,0.50,-5.87,32.21,0.3973,0.0,75.0,0.0,0.0,0.0,898.1,921.6
4,02:42,MANUAL,10020,0.1129,-62.16,0.50,-5.78,30.22,0.4018,12.0,75.0,0.0,0.0,0.0,942.3,937.7
4,02:43,MANUAL,10080,0.1135,-62.07,0.50,-5.76,30.53,0.3945,0.0,75.0,0.0,0.0,0.0,906.2,903.4
4,02:44,MANUAL,10140,0.1142,-61.98,0.50,-5.23,31.71,0.3876,10.8,75.0,0.0,0.0,0.0,926.5,953.9
4,02:45,MANUAL,10200,0.1149,-61.89,0.50,-5.66,31.97,0.3947,0.0,75.0,0.0,0.0,0.0,884.0,913.0
4,02:46,MANUAL,10260,0.1156,-61.80,0.50,-5.67,31.35,0.3934,6.4,75.0,0.0,0.0,0.0,937.0,939.4
4,02:47,MANUAL,10320,0.1162,-61.71,0.50,-5.36,29.58,0.3876,3.2,75.0,0.0,0.0,0.0,911.5,924.6
4,02:48,MANUAL,10380,0.1169,-61.62,0.50,-5.16,32.18,0.4023,11.2,75.0,0.0,0.0,0.0,947.0,903.2
4,02:49,MANUAL,10440,0.1176,-61.52,0.50,-5.07,32.36,0.3755,0.0,75.0,0.0,0.0,0.0,896.2,904.7
4,02:50,MANUAL,10500,0.1183,-61.43,0.50,-5.12,31.03,0.3907,0.0,75.0,0.0,0.0,0.0,922.9,919.3
4,02:51,MANUAL,10560,0.1190,-61.34,0.50,-5.06,29.58,0.3999,2.9,75.0,0.0,0.0,0.0,913.3,912.6
4,02:52,MANUAL,10620,0.1196,-61.24,0.50,-5.28,30.68,0.4061,8.2,75.0,0.0,0.0,0.0,907.9,910.5
4,02:53,MANUAL,10680,0.1203,-61.15,0.50,-4.62,30.31,0.3762,0.0,75.0,0.0,0.0,0.0,940.8,886.1
4,02:54,MANUAL,10740,0.1210,-61.05,0.50,-4.95,30.56,0.3903,6.7,75.0,0.0,0.0,0.0,914.0,928.0
4,02:55,MANUAL,10800,0.1217,-60.96,0.50,-4.57,29.35,0.3927,0.0,75.0,0.0,0.0,0.0,906.4,922.7
4,02:56,MANUAL,10860,0.1223,-60.86,0.50,-4.46,28.72,0.3931,18.3,75.0,0.0,0.0,0.0,962.6,917.1
4,02:57,MANUAL,10920,0.1230,-60.77,0.50,-4.54,28.79,0.4076,0.0,75.0,0.0,0.0,0.0,913.1,893.2
4,02:58,MANUAL,10980,0.1237,-60.67,0.50,-4.61,27.75,0.4132,0.0,75.0,0.0,0.0,0.0,906.6,936.2
4,02:59,MANUAL,11040,0.1244,-60.57,0.50,-4.24,26.96,0.4043,5.3,75.0,0.0,0.0,0.0,934.7,934.0
4,03:00,MANUAL,11100,0.1250,-60.48,0.50,-3.92,27.72,0.3902,0.0,75.0,0.0,0.0,0.0,912.3,958.4
4,03:01,MANUAL,11160,0.1257,-60.38,0.50,-4.02,31.02,0.4164,0.0,75.0,0.0,0.0,0.0,909.2,901.9
4,03:01,MANUAL,11220,0.1264,-60.28,0.50,-3.89,29.39,0.3992,0.0,75.0,0.0,0.0,0.0,855.6,938.6
4,03:02,MANUAL,11280,0.1271,-60.18,0.50,-3.70,27.79,0.4046,0.0,75.0,0.0,0.0,0.0,907.4,950.7
4,03:03,MANUAL,11340,0.1277,-60.08,0.50,-3.64,27.83,0.4073,0.0,75.0,0.0,0.0,0.0,887.5,892.1
4,03:04,MANUAL,11400,0.1284,-59.98,0.50,-3.56,28.25,0.4094,0.0,75.0,0.0,0.0,0.0,907.0,898.9
4,03:05,MANUAL,11460,0.1291,-59.88,0.50,-3.65,27.46,0.4095,17.6,75.0,0.0,0.0,0.0,888.8,929.4
4,03:06,MANUAL,11520,0.1298,-59.78,0.50,-3.14,27.02,0.4027,0.0,75.0,0.0,0.0,0.0,917.2,918.2
4,03:07,MANUAL,11580,0.1304,-59.68,0.50,-3.40,26.82,0.3933,11.3,75.0,0.0,0.0,0.0,943.0,885.0
4,03:08,MANUAL,11640,0.1311,-59.58,0.50,-3.34,28.88,0.4062,0.0,75.0,0.0,0.0,0.0,924.4,900.4
4,03:09,MANUAL,11700,0.1318,-59.48,0.50,-3.08,26.44,0.4191,0.0,75.0,0.0,0.0,0.0,911.0,899.7
4,03:10,MANUAL,11760,0.1325,-59.38,0.50,-3.06,26.47,0.3833,0.9,75.0,0.0,0.0,0.0,915.8,926.9
4,03:11,MANUAL,11820,0.1331,-59.28,0.50,-2.72,27.11,0.4045,1.5,75.0,0.0,0.0,0.0,928.5,955.4
4,03:12,MANUAL,11880,0.1338,-59.17,0.50,-2.90,26.20,0.3976,0.0,75.0,0.0,0.0,0.0,892.5,912.9
4,03:13,MANUAL,11940,0.1345,-59.07,0.50,-3.28,25.03,0.3910,8.1,75.0,0.0,0.0,0.0,914.3,902.3
4,03:14,MANUAL,12000,0.1352,-58.97,0.50,-2.79,25.68,0.3977,0.0,75.0,0.0,0.0,0.0,904.2,897.4
4,03:15,MANUAL,12060,0.1358,-58.86,0.50,-2.26,24.64,0.4062,26.6,75.0,0.0,0.0,0.0,916.3,913.7
4,03:16,MANUAL,12120,0.1365,-58.76,0.50,-2.40,26.64,0.4103,0.0,75.0,0.0,0.0,0.0,927.8,921.5
4,03:17,MANUAL,12180,0.1372,-58.65,0.50,-2.44,24.76,0.4026,4.7,75.0,0.0,0.0,0.0,922.3,925.5
4,03:18,MANUAL,12240,0.1379,-58.55,0.50,-2.46,24.71,0.4114,9.6,75.0,0.0,0.0,0.0,905.6,910.9
4,03:19,MANUAL,12300,0.1386,-58.44,0.50,-2.44,25.32,0.3995,0.0,75.0,0.0,0.0,0.0,873.2,924.2
4,03:20,MANUAL,12360,0.1392,-58.34,0.50,-1.88,25.22,0.4073,0.0,75.0,0.0,0.0,0.0,919.8,968.0
4,03:21,MANUAL,12420,0.1399,-58.23,0.50,-2.13,25.05,0.3924,0.4,75.0,0.0,0.0,0.0,927.6,909.4
4,03:22,MANUAL,12480,0.1406,-58.12,0.50,-1.72,24.87,0.4031,0.0,75.0,0.0,0.0,0.0,917.7,906.9
4,03:23,MANUAL,12540,0.1413,-58.02,0.50,-1.99,24.67,0.3835,6.4,75.0,0.0,0.0,0.0,964.7,939.4
4,03:24,MANUAL,12600,0.1419,-57.91,0.50,-2.19,23.40,0.3874,7.0,75.0,0.0,0.0,0.0,918.9,940.4
4,03:25,MANUAL,12660,0.1426,-57.80,0.50,-1.63,22.25,0.4232,13.7,75.0,0.0,0.0,0.0,921.4,919.9
4,03:26,MANUAL,12720,0.1433,-57.70,0.50,-1.52,23.56,0.3944,0.0,75.0,0.0,0.0,0.0,917.7,870.2
4,03:27,MANUAL,12780,0.1440,-57.59,0.50,-1.50,22.36,0.3823,1.7,75.0,0.0,0.0,0.0,946.0,913.2
4,03:28,MANUAL,12840,0.1446,-57.48,0.50,-1.45,21.73,0.4099,6.2,75.0,0.0,0.0,0.0,936.7,934.8
4,03:29,MANUAL,12900,0.1453,-57.37,0.50,-1.25,24.07,0.3916,0.0,75.0,0.0,0.0,0.0,901.1,932.4
4,03:30,MANUAL,12960,0.1460,-57.26,0.50,-1.12,21.65,0.4032,5.6,75.0,0.0,0.0,0.0,914.5,888.8
4,03:31,MANUAL,13020,0.1467,-57.15,0.50,-1.14,22.32,0.3840,2.9,75.0,0.0,0.0,0.0,924.8,924.1
4,03:32,MANUAL,13080,0.1473,-57.04,0.50,-0.67,23.11,0.4145,0.0,75.0,0.0,0.0,0.0,899.2,916.5
4,03:33,MANUAL,13140,0.1480,-56.93,0.50,-0.77,22.28,0.3953,0.0,75.0,0.0,0.0,0.0,937.7,928.0
4,03:34,MANUAL,13200,0.1487,-56.82,0.50,-0.83,23.13,0.3993,4.0,75.0,0.0,0.0,0.0,900.0,910.9
4,03:35,MANUAL,13260,0.1494,-56.71,0.50,-0.61,21.92,0.3953,0.0,75.0,0.0,0.0,0.0,947.2,893.7
4,03:36,MANUAL,13320,0.1500,-56.60,0.50,-0.46,22.73,0.3990,20.5,75.0,0.0,0.0,0.0,922.6,921.1
4,03:37,MANUAL,13380,0.1507,-56.48,0.50,-0.24,22.12,0.3896,16.2,75.0,0.0,0.0,0.0,902.4,918.1
4,03:38,MANUAL,13440,0.1514,-56.37,0.50,-0.18,21.98,0.4182,0.0,75.0,0.0,0.0,0.0,931.9,921.0
4,03:38,MANUAL,13500,0.1521,-56.26,0.50,-0.38,21.61,0.3994,7.2,75.0,0.0,0.0,0.0,916.7,937.0
4,03:39,MANUAL,13560,0.1527,-56.15,0.50,0.07,21.53,0.4088,0.0,75.0,0.0,0.0,0.0,932.7,921.3
4,03:40,MANUAL,13620,0.1534,-56.03,0.50,0.24,21.38,0.3989,0.0,75.0,0.0,0.0,0.0,943.7,881.4
4,03:41,MANUAL,13680,0.1541,-55.92,0.50,-0.08,20.38,0.4141,15.6,75.0,0.0,0.0,0.0,938.3,920.9
4,03:42,MANUAL,13740,0.1548,-55.81,0.50,0.28,20.48,0.4113,0.0,75.0,0.0,0.0,0.0,900.8,888.1
4,03:43,MANUAL,13800,0.1554,-55.69,0.50,0.10,19.25,0.3904,8.8,75.0,0.0,0.0,0.0,939.7,874.5
4,03:44,MANUAL,13860,0.1561,-55.58,0.50,0.80,21.35,0.4007,0.0,75.0,0.0,0.0,0.0,928.0,928.6
4,03:45,MANUAL,13920,0.1568,-55.46,0.50,1.06,20.91,0.3984,4.8,75.0,0.0,0.0,0.0,923.5,931.7
4,03:46,MANUAL,13980,0.1575,-55.35,0.50,0.54,20.84,0.4080,15.2,75.0,0.0,0.0,0.0,921.9,924.2
4,03:47,MANUAL,14040,0.1582,-55.23,0.50,0.62,20.54,0.3969,11.0,75.0,0.0,0.0,0.0,925.5,917.2
4,03:48,MANUAL,14100,0.1588,-55.12,0.50,0.83,19.02,0.4096,0.0,75.0,0.0,0.0,0.0,951.6,919.0
4,03:49,MANUAL,14160,0.1595,-55.00,0.50,0.93,19.96,0.3912,0.0,75.0,0.0,0.0,0.0,932.5,921.0
4,03:50,MANUAL,14220,0.1602,-54.88,0.50,1.17,20.36,0.3955,3.3,75.0,0.0,0.0,0.0,975.7,920.1
4,03:51,MANUAL,14280,0.1609,-54.77,0.50,1.27,18.05,0.4077,20.3,75.0,0.0,0.0,0.0,917.7,934.8
4,03:52,MANUAL,14340,0.1615,-54.65,0.50,1.33,18.10,0.3937,0.0,75.0,0.0,0.0,0.0,926.6,926.7
4,03:53,MANUAL,14400,0.1622,-54.53,0.50,1.57,18.12,0.4107,0.0,75.0,0.0,0.0,0.0,917.3,901.7
4,03:54,MANUAL,14460,0.1629,-54.41,0.50,1.53,19.02,0.4044,17.7,75.0,0.0,0.0,0.0,924.3,917.1
4,03:55,MANUAL,14520,0.1636,-54.30,0.50,1.72,20.16,0.4030,8.1,75.0,0.0,0.0,0.0,911.3,923.8
4,03:56,MANUAL,14580,0.1642,-54.18,0.50,1.86,19.63,0.3930,3.1,75.0,0.0,0.0,0.0,948.9,906.3
4,03:57,MANUAL,14640,0.1649,-54.06,0.50,1.87,20.58,0.3869,6.9,75.0,0.0,0.0,0.0,943.5,878.6
4,03:58,MANUAL,14700,0.1656,-53.94,0.50,1.87,19.43,0.3994,0.0,75.0,0.0,0.0,0.0,928.1,928.0
4,03:59,MANUAL,14760,0.1663,-53.82,0.50,2.33,18.20,0.4198,26.1,75.0,0.0,0.0,0.0,903.6,922.2
4,04:00,MANUAL,14820,0.1669,-53.70,0.50,2.01,20.77,0.3884,17.6,75.0,0.0,0.0,0.0,910.0,912.6
4,04:01,MANUAL,14880,0.1676,-53.58,0.50,2.34,17.76,0.3968,2.4,75.0,0.0,0.0,0.0,928.9,941.4
4,04:02,MANUAL,14940,0.1683,-53.46,0.50,2.55,18.22,0.3971,1.5,75.0,0.0,0.0,0.0,935.3,902.7
4,04:03,MANUAL,15000,0.1690,-53.34,0.50,2.44,19.88,0.4023,0.0,75.0,0.0,0.0,0.0,933.9,929.6
4,04:04,MANUAL,15060,0.1696,-53.22,0.50,2.47,20.51,0.3947,2.2,75.0,0.0,0.0,0.0,919.3,951.1
4,04:05,MANUAL,15120,0.1703,-53.10,0.50,3.17,18.73,0.4037,0.0,75.0,0.0,0.0,0.0,909.6,923.4
4,04:06,MANUAL,15180,0.1710,-52.98,0.50,2.92,18.57,0.4029,0.0,75.0,0.0,0.0,0.0,922.9,922.7
4,04:07,MANUAL,15240,0.1717,-52.86,0.50,2.86,19.50,0.4127,0.0,75.0,0.0,0.0,0.0,916.2,925.6
4,04:08,MANUAL,15300,0.1723,-52.74,0.50,3.20,17.64,0.3900,3.0,75.0,0.0,0.0,0.0,949.0,915.3
4,04:09,MANUAL,15360,0.1730,-52.61,0.50,3.38,18.57,0.3958,3.8,75.0,0.0,0.0,0.0,944.3,923.2
4,04:10,MANUAL,15420,0.1737,-52.49,0.50,3.55,19.53,0.3952,13.1,75.0,0.0,0.0,0.0,940.0,948.9
4,04:11,MANUAL,15480,0.1744,-52.37,0.50,3.51,19.66,0.3852,1.7,75.0,0.0,0.0,0.0,953.0,912.0
4,04:12,MANUAL,15540,0.1750,-52.25,0.50,3.57,18.09,0.3915,0.0,75.0,0.0,0.0,0.0,954.1,914.9
4,04:13,MANUAL,15600,0.1757,-52.12,0.50,3.85,20.13,0.4089,7.3,75.0,0.0,0.0,0.0,934.1,915.5
4,04:14,MANUAL,15660,0.1764,-52.00,0.50,4.12,19.16,0.4296,10.6,75.0,0.0,0.0,0.0,955.0,918.7
4,04:14,MANUAL,15720,0.1771,-51.88,0.50,4.47,20.31,0.3984,0.7,75.0,0.0,0.0,0.0,907.5,931.3
4,04:15,MANUAL,15780,0.1778,-51.75,0.50,4.25,18.08,0.3871,3.6,75.0,0.0,0.0,0.0,935.6,909.8
4,04:16,MANUAL,15840,0.1784,-51.63,0.50,4.17,17.56,0.3925,0.0,75.0,0.0,0.0,0.0,939.3,935.3
4,04:17,MANUAL,15900,0.1791,-51.50,0.50,4.50,18.93,0.3761,6.0,75.0,0.0,0.0,0.0,910.9,944.0
4,04:18,MANUAL,15960,0.1798,-51.38,0.50,4.58,19.42,0.4117,0.0,75.0,0.0,0.0,0.0,933.9,962.0
4,04:19,MANUAL,16020,0.1805,-51.25,0.50,4.61,19.30,0.4001,15.7,75.0,0.0,0.0,0.0,951.8,919.7
4,04:20,MANUAL,16080,0.1811,-51.13,0.50,4.84,19.29,0.3970,5.4,75.0,0.0,0.0,0.0,915.8,908.5
4,04:21,MANUAL,16140,0.1818,-51.00,0.50,4.72,18.77,0.4073,0.0,75.0,0.0,0.0,0.0,916.9,896.1
4,04:22,MANUAL,16200,0.1825,-50.88,0.50,5.20,19.53,0.4015,18.7,75.0,0.0,0.0,0.0,926.9,930.0
4,04:23,MANUAL,16260,0.1832,-50.75,0.50,5.10,19.45,0.3963,13.2,75.0,0.0,0.0,0.0,901.9,963.1
4,04:24,MANUAL,16320,0.1838,-50.63,0.50,5.24,20.62,0.3997,0.0,75.0,0.0,0.0,0.0,902.3,909.9
4,04:25,MANUAL,16380,0.1845,-50.50,0.50,5.08,18.53,0.3923,2.0,75.0,0.0,0.0,0.0,923.5,887.7
4,04:26,MANUAL,16440,0.1852,-50.37,0.50,5.35,21.18,0.3986,7.1,75.0,0.0,0.0,0.0,919.1,929.3
4,04:27,MANUAL,16500,0.1859,-50.25,0.50,5.64,19.85,0.4055,10.0,75.0,0.0,0.0,0.0,917.6,944.6
4,04:28,MANUAL,16560,0.1865,-50.12,0.50,5.44,21.51,0.3840,0.0,75.0,0.0,0.0,0.0,923.8,927.1
4,04:29,MANUAL,16620,0.1872,-49.99,0.50,5.82,20.49,0.4022,0.0,75.0,0.0,0.0,0.0,911.5,887.2
4,04:30,MANUAL,16680,0.1879,-49.86,0.50,5.63,19.40,0.3857,0.0,75.0,0.0,0.0,0.0,937.7,897.5
4,04:31,MANUAL,16740,0.1886,-49.74,0.50,6.05,21.73,0.3897,0.0,75.0,0.0,0.0,0.0,948.9,947.3
4,04:32,MANUAL,16800,0.1892,-49.61,0.50,5.92,22.53,0.3841,0.2,75.0,0.0,0.0,0.0,914.5,883.2
4,04:33,MANUAL,16860,0.1899,-49.48,0.50,6.07,21.76,0.3978,12.7,75.0,0.0,0.0,0.0,945.2,919.3
4,04:34,MANUAL,16920,0.1906,-49.35,0.50,6.66,21.69,0.4112,0.0,75.0,0.0,0.0,0.0,910.0,919.9
4,04:35,MANUAL,16980,0.1913,-49.22,0.50,6.53,20.65,0.3970,1.7,75.0,0.0,0.0,0.0,931.3,942.7
4,04:36,MANUAL,17040,0.1919,-49.09,0.50,6.56,21.14,0.4025,0.0,75.0,0.0,0.0,0.0,916.6,905.7
4,04:37,MANUAL,17100,0.1926,-48.96,0.50,6.72,20.01,0.4000,25.1,75.0,0.0,0.0,0.0,934.9,919.9
4,04:38,MANUAL,17160,0.1933,-48.84,0.50,6.93,19.89,0.4093,0.0,75.0,0.0,0.0,0.0,939.3,898.0
4,04:39,MANUAL,17220,0.1940,-48.71,0.50,6.95,20.03,0.3904,0.0,75.0,0.0,0.0,0.0,926.9,959.8
4,04:40,MANUAL,17280,0.1946,-48.58,0.50,7.08,21.59,0.4020,0.0,75.0,0.0,0.0,0.0,935.5,950.3
4,04:41,MANUAL,17340,0.1953,-48.45,0.50,7.44,20.85,0.3998,10.5,75.0,0.0,0.0,0.0,920.6,909.2
4,04:42,MANUAL,17400,0.1960,-48.32,0.50,7.30,21.17,0.3910,0.0,75.0,0.0,0.0,0.0,952.5,899.2
4,04:43,MANUAL,17460,0.1967,-48.19,0.50,7.64,21.01,0.4091,0.0,75.0,0.0,0.0,0.0,917.9,915.0
4,04:44,MANUAL,17520,0.1974,-48.06,0.50,7.83,22.65,0.3881,1.4,75.0,0.0,0.0,0.0,952.5,913.0
4,04:45,MANUAL,17580,0.1980,-47.93,0.50,7.63,22.78,0.4050,21.2,75.0,0.0,0.0,0.0,940.4,903.5
4,04:46,MANUAL,17640,0.1987,-47.79,0.50,7.74,21.16,0.4075,0.0,75.0,0.0,0.0,0.0,906.3,921.3
4,04:47,MANUAL,17700,0.1994,-47.66,0.50,8.31,21.89,0.3989,39.2,75.0,0.0,0.0,0.0,936.1,934.6
4,04:48,MANUAL,17760,0.2001,-47.53,0.50,8.13,20.09,0.3888,0.0,75.0,0.0,0.0,0.0,939.5,923.1
4,04:49,MANUAL,17820,0.2007,-47.40,0.50,8.27,21.81,0.4077,0.0,75.0,0.0,0.0,0.0,913.7,891.1
4,04:50,MANUAL,17880,0.2014,-47.27,0.50,8.41,22.30,0.3821,9.7,75.0,0.0,0.0,0.0,932.5,905.1
4,04:51,MANUAL,17940,0.2021,-47.14,0.50,8.62,21.03,0.3926,16.1,75.0,0.0,0.0,0.0,934.2,903.4
4,04:51,MANUAL,18000,0.2028,-47.01,0.50,9.22,21.98,0.3966,0.0,75.0,0.0,0.0,0.0,882.3,882.2
4,04:52,MANUAL,18060,0.2034,-46.87,0.50,8.72,20.43,0.4017,6.3,75.0,0.0,0.0,0.0,942.5,902.4
4,04:53,MANUAL,18120,0.2041,-46.74,0.50,8.84,20.54,0.3950,0.0,75.0,0.0,0.0,0.0,942.2,943.2
4,04:54,MANUAL,18180,0.2048,-46.61,0.50,8.89,22.92,0.4118,0.0,75.0,0.0,0.0,0.0,954.4,893.0
4,04:55,MANUAL,18240,0.2055,-46.48,0.50,9.21,21.05,0.3839,0.0,75.0,0.0,0.0,0.0,932.3,906.4
4,04:56,MANUAL,18300,0.2061,-46.34,0.50,9.40,21.13,0.4090,0.0,75.0,0.0,0.0,0.0,907.3,919.4
4,04:57,MANUAL,18360,0.2068,-46.21,0.50,9.76,22.02,0.4057,6.9,75.0,0.0,0.0,0.0,961.0,904.3
4,04:58,MANUAL,18420,0.2075,-46.08,0.50,9.55,20.89,0.4083,0.0,75.0,0.0,0.0,0.0,912.5,946.1
4,04:59,MANUAL,18480,0.2082,-45.94,0.50,9.86,20.86,0.3866,0.0,75.0,0.0,0.0,0.0,911.0,921.2
4,05:00,MANUAL,18540,0.2088,-45.81,0.50,9.65,18.41,0.4060,5.4,75.0,0.0,0.0,0.0,957.2,948.5
4,05:01,MANUAL,18600,0.2095,-45.68,0.50,9.95,22.47,0.3965,0.0,75.0,0.0,0.0,0.0,944.1,933.8
4,05:02,MANUAL,18660,0.2102,-45.54,0.50,9.70,23.19,0.4081,3.5,75.0,0.0,0.0,0.0,932.0,948.2
4,05:03,MANUAL,18720,0.2109,-45.41,0.50,10.34,22.12,0.4163,0.0,75.0,0.0,0.0,0.0,896.1,909.3
4,05:04,MANUAL,18780,0.2115,-45.28,0.50,10.11,22.39,0.4034,20.1,75.0,0.0,0.0,0.0,934.6,913.4
4,05:05,MANUAL,18840,0.2122,-45.14,0.50,10.65,24.08,0.4096,0.0,75.0,0.0,0.0,0.0,953.0,952.7
4,05:06,MANUAL,18900,0.2129,-45.01,0.50,10.44,21.21,0.4011,0.0,75.0,0.0,0.0,0.0,916.1,916.7
4,05:07,MANUAL,18960,0.2136,-44.87,0.50,10.31,20.35,0.3986,0.0,75.0,0.0,0.0,0.0,922.0,947.4
4,05:08,MANUAL,19020,0.2142,-44.74,0.50,10.91,22.68,0.3964,0.0,75.0,0.0,0.0,0.0,940.8,912.5
4,05:09,MANUAL,19080,0.2149,-44.60,0.50,11.08,21.07,0.4036,0.2,75.0,0.0,0.0,0.0,954.3,910.3
4,05:10,MANUAL,19140,0.2156,-44.47,0.50,10.98,21.52,0.4005,21.2,75.0,0.0,0.0,0.0,918.5,917.6
4,05:11,MANUAL,19200,0.2163,-44.33,0.50,11.25,19.58,0.3825,0.0,75.0,0.0,0.0,0.0,899.1,906.7
4,05:12,MANUAL,19260,0.2170,-44.20,0.50,11.55,20.63,0.4138,7.9,75.0,0.0,0.0,0.0,915.3,908.0
4,05:13,MANUAL,19320,0.2176,-44.06,0.50,11.31,21.30,0.3755,7.5,75.0,0.0,0.0,0.0,914.4,933.2
4,05:14,MANUAL,19380,0.2183,-43.93,0.50,11.59,20.47,0.3963,4.7,75.0,0.0,0.0,0.0,931.6,912.8
4,05:15,MANUAL,19440,0.2190,-43.79,0.50,11.81,21.52,0.4076,2.8,75.0,0.0,0.0,0.0,925.2,901.0
4,05:16,MANUAL,19500,0.2197,-43.66,0.50,12.46,20.61,0.3815,27.4,75.0,0.0,0.0,0.0,925.8,936.2
4,05:17,MANUAL,19560,0.2203,-43.52,0.50,12.39,21.82,0.4009,0.0,75.0,0.0,0.0,0.0,924.5,923.6
4,05:18,MANUAL,19620,0.2210,-43.39,0.50,12.18,21.05,0.4089,30.4,75.0,0.0,0.0,0.0,906.1,934.3
4,05:19,MANUAL,19680,0.2217,-43.25,0.50,12.34,20.72,0.3915,4.6,75.0,0.0,0.0,0.0,946.2,917.3
4,05:20,MANUAL,19740,0.2224,-43.12,0.50,12.25,21.74,0.4000,0.0,75.0,0.0,0.0,0.0,930.0,968.0
4,05:21,MANUAL,19800,0.2230,-42.98,0.50,12.42,19.76,0.3954,2.7,75.0,0.0,0.0,0.0,944.3,953.3
4,05:22,MANUAL,19860,0.2237,-42.84,0.50,13.05,22.76,0.4067,0.0,75.0,0.0,0.0,0.0,946.8,920.1
4,05:23,MANUAL,19920,0.2244,-42.71,0.50,12.80,19.89,0.3890,0.8,75.0,0.0,0.0,0.0,946.3,889.8
4,05:24,MANUAL,19980,0.2251,-42.57,0.50,12.89,21.84,0.3913,9.4,75.0,0.0,0.0,0.0,934.0,907.6
4,05:25,MANUAL,20040,0.2257,-42.43,0.50,13.35,20.54,0.4092,0.1,75.0,0.0,0.0,0.0,944.6,940.8
4,05:26,MANUAL,20100,0.2264,-42.30,0.50,13.05,21.22,0.3853,10.1,75.0,0.0,0.0,0.0,942.4,902.1
4,05:27,MANUAL,20160,0.2271,-42.16,0.50,13.64,23.57,0.4017,0.0,75.0,0.0,0.0,0.0,980.1,870.7
4,05:27,MANUAL,20220,0.2278,-42.03,0.50,13.77,21.14,0.4151,0.0,75.0,0.0,0.0,0.0,962.4,935.9
4,05:28,MANUAL,20280,0.2284,-41.89,0.50,13.89,20.00,0.3997,10.1,75.0,0.0,0.0,0.0,932.8,927.2
4,05:29,MANUAL,20340,0.2291,-41.75,0.50,14.03,20.45,0.3912,8.2,75.0,0.0,0.0,0.0,936.4,964.1
4,05:30,MANUAL,20400,0.2298,-41.61,0.50,13.73,22.83,0.4068,5.7,75.0,0.0,0.0,0.0,914.3,922.7
4,05:31,MANUAL,20460,0.2305,-41.48,0.50,14.39,19.68,0.4093,0.0,75.0,0.0,0.0,0.0,946.1,944.1
4,05:32,MANUAL,20520,0.2311,-41.34,0.50,14.32,20.84,0.3931,0.0,75.0,0.0,0.0,0.0,956.8,930.7
4,05:33,MANUAL,20580,0.2318,-41.20,0.50,14.42,19.75,0.4045,0.0,75.0,0.0,0.0,0.0,945.9,922.0
4,05:34,MANUAL,20640,0.2325,-41.07,0.50,13.93,20.41,0.3878,0.0,75.0,0.0,0.0,0.0,907.8,916.6
4,05:35,MANUAL,20700,0.2332,-40.93,0.50,14.68,20.65,0.3694,11.0,75.0,0.0,0.0,0.0,922.9,937.8
4,05:36,MANUAL,20760,0.2338,-40.79,0.50,14.91,20.72,0.3927,0.0,75.0,0.0,0.0,0.0,955.0,944.6
4,05:37,MANUAL,20820,0.2345,-40.65,0.50,14.62,19.90,0.3985,6.0,75.0,0.0,0.0,0.0,890.8,929.0
4,05:38,MANUAL,20880,0.2352,-40.52,0.50,15.10,21.24,0.4039,27.6,75.0,0.0,0.0,0.0,916.6,933.2
4,05:39,MANUAL,20940,0.2359,-40.38,0.50,15.47,19.03,0.3984,0.0,75.0,0.0,0.0,0.0,946.3,962.5
4,05:40,MANUAL,21000,0.2366,-40.24,0.50,15.17,19.96,0.3933,0.0,75.0,0.0,0.0,0.0,904.8,931.8
4,05:41,MANUAL,21060,0.2372,-40.11,0.50,15.33,20.87,0.4003,16.4,75.0,0.0,0.0,0.0,930.1,906.1
4,05:42,MANUAL,21120,0.2379,-39.97,0.50,15.43,20.17,0.4079,11.3,75.0,0.0,0.0,0.0,951.9,896.8
4,05:43,MANUAL,21180,0.2386,-39.83,0.50,15.39,20.29,0.3962,4.9,75.0,0.0,0.0,0.0,935.2,955.9
4,05:44,MANUAL,21240,0.2393,-39.69,0.50,15.78,21.77,0.3970,6.6,75.0,0.0,0.0,0.0,953.7,895.5
4,05:45,MANUAL,21300,0.2399,-39.55,0.50,15.90,20.17,0.3956,1.4,75.0,0.0,0.0,0.0,918.2,949.3
4,05:46,MANUAL,21360,0.2406,-39.42,0.50,16.56,18.67,0.4115,0.0,75.0,0.0,0.0,0.0,946.5,919.5
4,05:47,MANUAL,21420,0.2413,-39.28,0.50,15.96,20.22,0.4046,0.0,75.0,0.0,0.0,0.0,916.3,933.2
4,05:48,MANUAL,21480,0.2420,-39.14,0.50,16.50,21.47,0.4054,1.0,75.0,0.0,0.0,0.0,896.0,952.6
4,05:49,MANUAL,21540,0.2426,-39.00,0.50,16.36,20.87,0.3945,0.0,75.0,0.0,0.0,0.0,951.9,927.8
4,05:50,MANUAL,21600,0.2433,-38.87,0.50,17.03,20.03,0.3999,0.0,75.0,0.0,0.0,0.0,927.9,963.9
4,05:51,MANUAL,21660,0.2440,-38.73,0.50,17.01,19.67,0.3941,0.0,75.0,0.0,0.0,0.0,956.1,909.2
4,05:52,MANUAL,21720,0.2447,-38.59,0.50,16.74,19.35,0.4050,0.0,75.0,0.0,0.0,0.0,940.1,927.9
4,05:53,MANUAL,21780,0.2453,-38.45,0.50,16.88,21.02,0.3992,6.5,75.0,0.0,0.0,0.0,943.7,905.5
4,05:54,MANUAL,21840,0.2460,-38.31,0.50,17.35,17.45,0.3951,9.2,75.0,0.0,0.0,0.0,944.5,937.2
4,05:55,MANUAL,21900,0.2467,-38.18,0.50,17.31,20.10,0.3808,0.0,75.0,0.0,0.0,0.0,918.8,929.6
4,05:56,MANUAL,21960,0.2474,-38.04,0.50,17.39,19.90,0.3796,11.8,75.0,0.0,0.0,0.0,945.5,901.1
4,05:57,MANUAL,22020,0.2480,-37.90,0.50,17.52,20.94,0.4058,3.7,75.0,0.0,0.0,0.0,913.6,930.8
4,05:58,MANUAL,22080,0.2487,-37.76,0.50,17.94,19.63,0.4045,2.4,75.0,0.0,0.0,0.0,928.2,944.4
4,05:59,MANUAL,22140,0.2494,-37.62,0.50,18.17,19.05,0.4102,0.0,75.0,0.0,0.0,0.0,929.4,913.7
4,06:00,MANUAL,22200,0.2501,-37.49,0.50,18.37,18.88,0.4004,0.0,75.0,0.0,0.0,0.0,962.5,911.9
4,06:01,MANUAL,22260,0.2507,-37.35,0.50,18.25,18.78,0.4052,4.6,75.0,0.0,0.0,0.0,919.0,927.2
4,06:02,MANUAL,22320,0.2514,-37.21,0.50,18.45,17.96,0.4009,0.0,75.0,0.0,0.0,0.0,906.2,943.8
4,06:03,MANUAL,22380,0.2521,-37.07,0.50,18.75,17.81,0.3934,2.8,75.0,0.0,0.0,0.0,921.3,928.0
4,06:03,MANUAL,22440,0.2528,-36.93,0.50,18.85,18.43,0.3995,9.8,75.0,0.0,0.0,0.0,927.8,970.5
4,06:04,MANUAL,22500,0.2534,-36.80,0.50,18.84,20.01,0.4030,23.2,75.0,0.0,0.0,0.0,937.6,945.7
4,06:05,MANUAL,22560,0.2541,-36.66,0.50,18.70,20.33,0.4211,19.2,75.0,0.0,0.0,0.0,958.1,961.2
4,06:06,MANUAL,22620,0.2548,-36.52,0.50,18.95,18.84,0.3952,18.7,75.0,0.0,0.0,0.0,909.2,967.5
4,06:07,MANUAL,22680,0.2555,-36.38,0.50,19.30,19.32,0.3914,32.5,75.0,0.0,0.0,0.0,932.8,956.4
4,06:08,MANUAL,22740,0.2562,-36.24,0.50,19.46,19.65,0.4154,33.7,75.0,0.0,0.0,0.0,920.5,901.8
4,06:09,MANUAL,22800,0.2568,-36.11,0.50,20.04,20.03,0.3983,57.4,75.0,0.0,0.0,0.0,938.7,952.8
4,06:10,MANUAL,22860,0.2575,-35.97,0.50,19.38,17.43,0.3815,44.5,75.0,0.0,0.0,0.0,935.7,955.8
4,06:11,MANUAL,22920,0.2582,-35.83,0.50,19.72,19.49,0.4004,32.5,75.0,0.0,0.0,0.0,921.5,933.1
4,06:12,MANUAL,22980,0.2589,-35.69,0.50,19.64,16.49,0.3945,50.6,75.0,0.0,0.0,0.0,944.7,918.2
4,06:13,MANUAL,23040,0.2595,-35.55,0.50,20.55,19.71,0.3892,33.2,75.0,0.0,0.0,0.0,968.3,948.5
4,06:14,MANUAL,23100,0.2602,-35.42,0.50,20.70,18.45,0.3863,58.0,75.0,0.0,0.0,0.0,929.0,938.8
4,06:15,MANUAL,23160,0.2609,-35.28,0.50,20.38,17.18,0.4067,46.3,75.0,0.0,0.0,0.0,932.6,928.5
4,06:16,MANUAL,23220,0.2616,-35.14,0.50,20.78,21.26,0.3942,57.0,75.0,0.0,0.0,0.0,953.0,927.9
4,06:17,MANUAL,23280,0.2622,-35.00,0.50,21.04,19.18,0.3939,65.2,75.0,0.0,0.0,0.0,953.0,963.0
4,06:18,MANUAL,23340,0.2629,-34.87,0.50,21.11,18.09,0.3991,65.9,75.0,0.0,0.0,0.0,956.1,956.5
4,06:19,MANUAL,23400,0.2636,-34.73,0.50,21.06,18.47,0.4030,56.3,75.0,0.0,0.0,0.0,942.1,940.0
4,06:20,MANUAL,23460,0.2643,-34.59,0.50,21.43,17.98,0.3805,67.7,75.0,0.0,0.0,0.0,924.6,929.2
4,06:21,MANUAL,23520,0.2649,-34.45,0.50,21.48,18.27,0.3979,50.4,75.0,0.0,0.0,0.0,956.1,925.0
4,06:22,MANUAL,23580,0.2656,-34.32,0.50,21.58,15.77,0.4020,65.6,75.0,0.0,0.0,0.0,980.0,942.9
4,06:23,MANUAL,23640,0.2663,-34.18,0.50,21.76,17.14,0.3949,76.4,75.0,0.0,0.0,0.0,930.5,924.2
4,06:24,MANUAL,23700,0.2670,-34.04,0.50,22.17,18.19,0.3961,90.4,75.0,0.0,0.0,0.0,957.0,923.6
4,06:25,MANUAL,23760,0.2676,-33.90,0.50,22.24,18.73,0.3828,82.2,75.0,0.0,0.0,0.0,941.1,931.8
4,06:26,MANUAL,23820,0.2683,-33.77,0.50,22.49,17.31,0.4040,60.6,75.0,0.0,0.0,0.0,931.2,928.4
4,06:27,MANUAL,23880,0.2690,-33.63,0.50,22.42,17.87,0.3991,83.6,75.0,0.0,0.0,0.0,910.1,974.5
4,06:28,MANUAL,23940,0.2697,-33.49,0.50,22.90,18.49,0.3992,88.0,75.0,0.0,0.0,0.0,934.3,943.9
4,06:29,MANUAL,24000,0.2703,-33.36,0.50,22.95,15.53,0.3773,107.9,75.0,0.0,0.0,0.0,947.4,926.6
4,06:30,MANUAL,24060,0.2710,-33.22,0.50,23.17,17.00,0.3912,90.2,75.0,0.0,0.0,0.0,916.0,965.0
4,06:31,MANUAL,24120,0.2717,-33.08,0.50,23.29,15.66,0.3934,118.3,75.0,0.0,0.0,0.0,905.2,955.8
4,06:32,MANUAL,24180,0.2724,-32.95,0.50,23.18,17.72,0.4076,106.3,75.0,0.0,0.0,0.0,968.1,916.6
4,06:33,MANUAL,24240,0.2730,-32.81,0.50,23.79,15.71,0.4185,118.6,75.0,0.0,0.0,0.0,916.6,958.2
4,06:34,MANUAL,24300,0.2737,-32.67,0.50,23.91,17.13,0.3997,115.5,75.0,0.0,0.0,0.0,896.6,888.9
4,06:35,MANUAL,24360,0.2744,-32.54,0.50,24.10,15.30,0.3847,120.8,75.0,0.0,0.0,0.0,947.9,910.0
4,06:36,MANUAL,24420,0.2751,-32.40,0.50,24.13,16.59,0.4061,131.5,75.0,0.0,0.0,0.0,949.5,951.1
4,06:37,MANUAL,24480,0.2758,-32.26,0.50,24.54,16.42,0.3935,124.3,75.0,0.0,0.0,0.0,946.4,923.1
4,06:38,MANUAL,24540,0.2764,-32.13,0.50,24.44,18.13,0.4056,128.1,75.0,0.0,0.0,0.0,958.2,956.9
4,06:39,MANUAL,24600,0.2771,-31.99,0.50,24.74,15.84,0.3998,154.6,75.0,0.0,0.0,0.0,953.7,918.4
4,06:40,MANUAL,24660,0.2778,-31.86,0.50,24.98,16.53,0.4010,141.9,75.0,0.0,0.0,0.0,943.3,924.9
4,06:40,MANUAL,24720,0.2785,-31.72,0.50,25.30,17.78,0.3973,141.6,75.0,0.0,0.0,0.0,960.7,950.5
4,06:41,MANUAL,24780,0.2791,-31.58,0.50,25.16,15.25,0.3999,157.3,75.0,0.0,0.0,0.0,961.2,932.4
4,06:42,MANUAL,24840,0.2798,-31.45,0.50,25.62,17.87,0.3852,134.6,75.0,0.0,0.0,0.0,964.3,933.0
4,06:43,MANUAL,24900,0.2805,-31.31,0.50,25.64,14.60,0.4049,135.2,75.0,0.0,0.0,0.0,939.1,932.0
4,06:44,MANUAL,24960,0.2812,-31.18,0.50,26.11,14.06,0.3912,137.4,75.0,0.0,0.0,0.0,911.4,959.5
4,06:45,MANUAL,25020,0.2818,-31.04,0.50,26.11,15.23,0.4073,164.1,75.0,0.0,0.0,0.0,934.6,933.5
4,06:46,MANUAL,25080,0.2825,-30.91,0.50,26.42,15.19,0.3732,159.6,75.0,0.0,0.0,0.0,915.2,933.6
4,06:47,MANUAL,25140,0.2832,-30.77,0.50,26.64,15.20,0.3906,166.9,75.0,0.0,0.0,0.0,966.3,960.0
4,06:48,MANUAL,25200,0.2839,-30.64,0.50,26.65,14.46,0.4074,177.2,75.0,0.0,0.0,0.0,921.7,940.7
4,06:49,MANUAL,25260,0.2845,-30.50,0.50,26.82,16.18,0.3967,166.9,75.0,0.0,0.0,0.0,926.0,922.3
4,06:50,MANUAL,25320,0.2852,-30.37,0.50,26.91,14.65,0.4076,162.0,75.0,0.0,0.0,0.0,903.4,944.3
4,06:51,MANUAL,25380,0.2859,-30.23,0.50,27.49,14.85,0.3972,174.6,75.0,0.0,0.0,0.0,934.6,945.5
4,06:52,MANUAL,25440,0.2866,-30.10,0.50,27.57,16.11,0.3998,168.9,75.0,0.0,0.0,0.0,939.8,917.2
4,06:53,MANUAL,25500,0.2872,-29.96,0.50,27.48,14.97,0.4058,177.9,75.0,0.0,0.0,0.0,944.9,899.5
4,06:54,MANUAL,25560,0.2879,-29.83,0.50,27.92,16.67,0.3905,204.7,75.0,0.0,0.0,0.0,945.6,931.0
4,06:55,MANUAL,25620,0.2886,-29.70,0.50,27.79,16.92,0.3988,198.3,75.0,0.0,0.0,0.0,931.2,944.5
4,06:56,MANUAL,25680,0.2893,-29.56,0.50,28.51,13.71,0.3996,186.7,75.0,0.0,0.0,0.0,933.2,913.4
4,06:57,MANUAL,25740,0.2899,-29.43,0.50,27.93,16.72,0.3875,211.2,75.0,0.0,0.0,0.0,961.4,950.1
4,06:58,MANUAL,25800,0.2906,-29.29,0.50,28.42,12.93,0.3934,204.8,75.0,0.0,0.0,0.0,959.0,894.8
4,06:59,MANUAL,25860,0.2913,-29.16,0.50,28.85,13.89,0.3856,192.9,75.0,0.0,0.0,0.0,947.1,921.6
4,07:00,MANUAL,25920,0.2920,-29.03,0.50,28.72,13.76,0.3925,210.2,75.0,0.0,0.0,0.0,922.9,937.4
4,07:01,MANUAL,25980,0.2926,-28.89,0.50,29.49,16.05,0.3943,213.3,75.0,0.0,0.0,0.0,946.8,947.1
4,07:02,MANUAL,26040,0.2933,-28.76,0.50,29.13,14.85,0.3901,231.0,75.0,0.0,0.0,0.0,959.1,951.5
4,07:03,MANUAL,26100,0.2940,-28.63,0.50,29.52,13.57,0.3866,213.0,75.0,0.0,0.0,0.0,972.3,917.5
4,07:04,MANUAL,26160,0.2947,-28.50,0.50,29.46,14.53,0.4001,232.8,75.0,0.0,0.0,0.0,905.0,944.5
4,07:05,MANUAL,26220,0.2954,-28.36,0.50,29.49,14.82,0.3911,215.1,75.0,0.0,0.0,0.0,980.1,901.6
4,07:06,MANUAL,26280,0.2960,-28.23,0.50,30.10,14.12,0.3946,220.0,75.0,0.0,0.0,0.0,907.0,945.0
4,07:07,MANUAL,26340,0.2967,-28.10,0.50,30.13,15.24,0.3951,234.2,75.0,0.0,0.0,0.0,941.5,938.1
4,07:08,MANUAL,26400,0.2974,-27.97,0.50,30.05,14.13,0.3947,222.8,75.0,0.0,0.0,0.0,956.9,972.2
4,07:09,MANUAL,26460,0.2981,-27.84,0.50,30.55,12.26,0.4233,220.7,75.0,0.0,0.0,0.0,918.3,931.1
4,07:10,MANUAL,26520,0.2987,-27.70,0.50,30.99,15.01,0.3895,229.5,75.0,0.0,0.0,0.0,934.3,948.7
4,07:11,MANUAL,26580,0.2994,-27.57,0.50,30.95,13.92,0.4031,241.4,75.0,0.0,0.0,0.0,939.5,923.9
4,07:12,MANUAL,26640,0.3001,-27.44,0.50,31.14,12.48,0.3961,247.3,75.0,0.0,0.0,0.0,984.7,930.0
4,07:13,MANUAL,26700,0.3008,-27.31,0.50,31.20,12.41,0.3939,231.7,75.0,0.0,0.0,0.0,977.3,918.2
4,07:14,MANUAL,26760,0.3014,-27.18,0.50,31.19,12.37,0.3949,258.0,75.0,0.0,0.0,0.0,957.3,945.2
4,07:15,MANUAL,26820,0.3021,-27.05,0.50,31.54,13.52,0.3901,258.1,75.0,0.0,0.0,0.0,926.2,943.3
4,07:16,MANUAL,26880,0.3028,-26.92,0.50,31.70,13.62,0.4031,270.1,75.0,0.0,0.0,0.0,927.7,930.7
4,07:16,MANUAL,26940,0.3035,-26.79,0.50,31.53,13.58,0.3933,267.3,75.0,0.0,0.0,0.0,955.1,963.8
4,07:17,MANUAL,27000,0.3041,-26.66,0.50,32.07,13.81,0.4057,246.8,75.0,0.0,0.0,0.0,972.3,931.9
4,07:18,MANUAL,27060,0.3048,-26.53,0.50,32.23,15.04,0.4118,269.9,75.0,0.0,0.0,0.0,951.9,935.8
4,07:19,MANUAL,27120,0.3055,-26.40,0.50,32.47,12.39,0.3791,264.8,75.0,0.0,0.0,0.0,941.8,973.9
4,07:20,MANUAL,27180,0.3062,-26.27,0.50,32.47,12.35,0.3978,258.3,75.0,0.0,0.0,0.0,925.2,908.6
4,07:21,MANUAL,27240,0.3068,-26.14,0.50,32.68,13.02,0.4044,271.6,75.0,0.0,0.0,0.0,931.1,941.6
4,07:22,MANUAL,27300,0.3075,-26.01,0.50,32.88,11.57,0.3965,288.9,75.0,0.0,0.0,0.0,933.2,957.2
4,07:23,MANUAL,27360,0.3082,-25.88,0.50,32.93,12.14,0.3888,275.9,75.0,0.0,0.0,0.0,937.0,942.8
4,07:24,MANUAL,27420,0.3089,-25.75,0.50,33.55,12.28,0.3928,286.8,75.0,0.0,0.0,0.0,948.4,956.5
4,07:25,MANUAL,27480,0.3095,-25.62,0.50,33.55,11.76,0.4110,296.0,75.0,0.0,0.0,0.0,909.3,906.4
4,07:26,MANUAL,27540,0.3102,-25.49,0.50,33.66,14.17,0.4034,295.7,75.0,0.0,0.0,0.0,931.2,923.5
4,07:27,MANUAL,27600,0.3109,-25.37,0.50,33.80,11.67,0.3818,289.5,75.0,0.0,0.0,0.0,922.7,908.5
4,07:28,MANUAL,27660,0.3116,-25.24,0.50,34.01,12.56,0.3908,301.5,75.0,0.0,0.0,0.0,974.8,909.5
4,07:29,MANUAL,27720,0.3123,-25.11,0.50,34.12,11.65,0.4124,303.0,75.0,0.0,0.0,0.0,947.9,933.5
4,07:30,MANUAL,27780,0.3129,-24.98,0.50,34.50,11.01,0.3839,300.8,75.0,0.0,0.0,0.0,921.5,918.0
4,07:31,MANUAL,27840,0.3136,-24.86,0.50,34.62,13.33,0.4085,304.6,75.0,0.0,0.0,0.0,960.1,951.8
4,07:32,MANUAL,27900,0.3143,-24.73,0.50,35.01,12.27,0.3943,293.2,75.0,0.0,0.0,0.0,954.8,940.6
4,07:33,MANUAL,27960,0.3150,-24.60,0.50,35.08,10.02,0.4184,302.6,75.0,0.0,0.0,0.0,915.7,925.2
4,07:34,MANUAL,28020,0.3156,-24.47,0.50,35.13,13.47,0.3990,310.6,75.0,0.0,0.0,0.0,963.5,964.2
4,07:35,MANUAL,28080,0.3163,-24.35,0.50,35.45,12.56,0.3928,321.5,75.0,0.0,0.0,0.0,932.3,944.0
4,07:36,MANUAL,28140,0.3170,-24.22,0.50,35.27,11.59,0.3791,324.5,75.0,0.0,0.0,0.0,934.3,952.9
4,07:37,MANUAL,28200,0.3177,-24.10,0.50,35.44,10.74,0.3925,328.7,75.0,0.0,0.0,0.0,972.4,939.3
4,07:38,MANUAL,28260,0.3183,-23.97,0.50,35.46,11.03,0.4038,339.6,75.0,0.0,0.0,0.0,941.9,998.2
4,07:39,MANUAL,28320,0.3190,-23.85,0.50,36.11,11.39,0.3859,335.5,75.0,0.0,0.0,0.0,932.8,926.1
4,07:40,MANUAL,28380,0.3197,-23.72,0.50,36.36,12.06,0.3972,332.1,75.0,0.0,0.0,0.0,928.6,967.6
4,07:41,MANUAL,28440,0.3204,-23.60,0.50,36.52,10.65,0.3892,345.7,75.0,0.0,0.0,0.0,943.1,954.3
4,07:42,MANUAL,28500,0.3210,-23.47,0.50,36.52,11.24,0.3981,336.2,75.0,0.0,0.0,0.0,939.4,969.9
4,07:43,MANUAL,28560,0.3217,-23.35,0.50,36.44,11.13,0.3904,346.2,75.0,0.0,0.0,0.0,978.5,926.6
4,07:44,MANUAL,28620,0.3224,-23.22,0.50,36.51,11.77,0.3948,350.1,75.0,0.0,0.0,0.0,941.5,958.4
4,07:45,MANUAL,28680,0.3231,-23.10,0.50,37.08,11.05,0.3816,349.0,75.0,0.0,0.0,0.0,933.3,938.6
4,07:46,MANUAL,28740,0.3237,-22.98,0.50,37.59,11.22,0.3930,359.2,75.0,0.0,0.0,0.0,911.0,930.2
4,07:47,MANUAL,28800,0.3244,-22.85,0.50,37.09,11.13,0.4038,359.2,75.0,0.0,0.0,0.0,911.3,980.2
4,07:48,MANUAL,28860,0.3251,-22.73,0.50,37.72,11.46,0.4065,372.6,75.0,0.0,0.0,0.0,976.4,934.4
4,07:49,MANUAL,28920,0.3258,-22.61,0.50,37.64,9.46,0.3955,359.2,75.0,0.0,0.0,0.0,947.9,929.5
4,07:50,MANUAL,28980,0.3264,-22.48,0.50,38.02,9.68,0.4126,366.4,75.0,0.0,0.0,0.0,967.7,982.9
4,07:51,MANUAL,29040,0.3271,-22.36,0.50,38.14,9.92,0.3937,386.3,75.0,0.0,0.0,0.0,959.2,911.6
4,07:52,MANUAL,29100,0.3278,-22.24,0.50,38.03,9.56,0.3765,380.4,75.0,0.0,0.0,0.0,949.2,890.7
4,07:52,MANUAL,29160,0.3285,-22.12,0.50,38.37,10.04,0.3969,373.2,75.0,0.0,0.0,0.0,989.5,935.3
4,07:53,MANUAL,29220,0.3291,-22.00,0.50,38.59,10.07,0.4058,401.1,75.0,0.0,0.0,0.0,950.1,948.1
4,07:54,MANUAL,29280,0.3298,-21.87,0.50,38.54,11.44,0.4115,365.8,75.0,0.0,0.0,0.0,946.2,973.1
4,07:55,MANUAL,29340,0.3305,-21.75,0.50,39.14,9.66,0.4070,367.0,75.0,0.0,0.0,0.0,938.1,951.4
4,07:56,MANUAL,29400,0.3312,-21.63,0.50,39.04,8.76,0.3881,383.0,75.0,0.0,0.0,0.0,918.0,912.2
4,07:57,MANUAL,29460,0.3319,-21.51,0.50,38.89,10.10,0.4026,382.7,75.0,0.0,0.0,0.0,928.9,936.6
4,07:58,MANUAL,29520,0.3325,-21.39,0.50,39.08,9.66,0.3969,383.2,75.0,0.0,0.0,0.0,939.2,941.2
4,07:59,MANUAL,29580,0.3332,-21.27,0.50,39.43,11.83,0.4014,400.9,75.0,0.0,0.0,0.0,983.0,919.7
4,08:00,MANUAL,29640,0.3339,-21.15,0.50,39.82,11.32,0.4016,406.8,75.0,0.0,0.0,0.0,900.0,991.6
4,08:01,MANUAL,29700,0.3346,-21.03,0.50,39.83,10.59,0.3954,395.8,75.0,0.0,0.0,0.0,918.9,943.5
4,08:02,MANUAL,29760,0.3352,-20.92,0.50,40.23,9.41,0.3800,402.1,75.0,0.0,0.0,0.0,911.1,955.5
4,08:03,MANUAL,29820,0.3359,-20.80,0.50,40.10,10.29,0.4133,420.0,75.0,0.0,0.0,0.0,940.1,940.5
4,08:04,MANUAL,29880,0.3366,-20.68,0.50,40.28,10.16,0.3970,397.6,75.0,0.0,0.0,0.0,945.0,945.1
4,08:05,MANUAL,29940,0.3373,-20.56,0.50,40.34,7.68,0.4013,395.7,75.0,0.0,0.0,0.0,958.9,925.4
4,08:06,MANUAL,30000,0.3379,-20.44,0.50,40.82,9.53,0.3933,408.2,75.0,0.0,0.0,0.0,939.4,987.3
4,08:07,MANUAL,30060,0.3386,-20.33,0.50,40.82,9.00,0.4136,421.9,75.0,0.0,0.0,0.0,947.9,989.9
4,08:08,MANUAL,30120,0.3393,-20.21,0.50,40.87,9.68,0.4148,419.6,75.0,0.0,0.0,0.0,946.9,972.3
4,08:09,MANUAL,30180,0.3400,-20.09,0.50,41.16,8.26,0.4089,439.0,75.0,0.0,0.0,0.0,934.2,958.5
4,08:10,MANUAL,30240,0.3406,-19.98,0.50,41.35,10.13,0.4074,427.7,75.0,0.0,0.0,0.0,961.3,953.3
4,08:11,MANUAL,30300,0.3413,-19.86,0.50,41.47,9.96,0.3995,431.5,75.0,0.0,0.0,0.0,930.5,948.7
4,08:12,MANUAL,30360,0.3420,-19.74,0.50,41.48,8.69,0.3953,426.4,75.0,0.0,0.0,0.0,933.4,927.2
4,08:13,MANUAL,30420,0.3427,-19.63,0.50,41.72,8.23,0.4001,450.9,75.0,0.0,0.0,0.0,939.9,963.0
4,08:14,MANUAL,30480,0.3433,-19.51,0.50,41.56,8.07,0.4001,442.2,75.0,0.0,0.0,0.0,952.5,971.7
4,08:15,MANUAL,30540,0.3440,-19.40,0.50,42.06,7.84,0.3763,431.0,75.0,0.0,0.0,0.0,967.6,943.2
4,08:16,MANUAL,30600,0.3447,-19.28,0.50,42.32,10.93,0.4029,437.3,75.0,0.0,0.0,0.0,961.5,944.1
4,08:17,MANUAL,30660,0.3454,-19.17,0.50,42.53,9.26,0.4103,436.2,75.0,0.0,0.0,0.0,935.1,971.7
4,08:18,MANUAL,30720,0.3460,-19.06,0.50,42.65,8.38,0.4057,439.9,75.0,0.0,0.0,0.0,950.4,938.2
4,08:19,MANUAL,30780,0.3467,-18.94,0.50,43.03,8.35,0.3821,465.9,75.0,0.0,0.0,0.0,966.0,965.5
4,08:20,MANUAL,30840,0.3474,-18.83,0.50,43.02,9.00,0.4069,446.2,75.0,0.0,0.0,0.0,958.7,946.6
4,08:21,MANUAL,30900,0.3481,-18.72,0.50,42.88,10.06,0.4190,455.9,75.0,0.0,0.0,0.0,948.1,939.5
4,08:22,MANUAL,30960,0.3487,-18.60,0.50,43.46,9.21,0.3655,457.0,75.0,0.0,0.0,0.0,969.1,989.3
4,08:23,MANUAL,31020,0.3494,-18.49,0.50,43.22,8.77,0.3945,450.1,75.0,0.0,0.0,0.0,982.8,955.3
4,08:24,MANUAL,31080,0.3501,-18.38,0.50,43.70,7.94,0.4138,479.6,75.0,0.0,0.0,0.0,950.6,950.4
4,08:25,MANUAL,31140,0.3508,-18.27,0.50,43.70,8.98,0.3965,465.2,75.0,0.0,0.0,0.0,936.2,940.9
4,08:26,MANUAL,31200,0.3515,-18.16,0.50,44.26,9.03,0.4020,478.5,75.0,0.0,0.0,0.0,927.1,919.9
4,08:27,MANUAL,31260,0.3521,-18.05,0.50,44.02,10.14,0.4030,489.1,75.0,0.0,0.0,0.0,911.5,950.2
4,08:28,MANUAL,31320,0.3528,-17.94,0.50,44.50,8.38,0.3945,474.2,75.0,0.0,0.0,0.0,964.8,948.1
4,08:29,MANUAL,31380,0.3535,-17.83,0.50,44.46,11.39,0.3965,484.8,75.0,0.0,0.0,0.0,944.5,946.3
4,08:29,MANUAL,31440,0.3542,-17.72,0.50,44.54,11.12,0.4046,471.4,75.0,0.0,0.0,0.0,946.1,952.5
4,08:30,MANUAL,31500,0.3548,-17.61,0.50,44.76,8.77,0.4058,479.3,75.0,0.0,0.0,0.0,949.1,948.8
4,08:31,MANUAL,31560,0.3555,-17.50,0.50,44.60,9.61,0.4092,510.7,75.0,0.0,0.0,0.0,925.5,939.0
4,08:32,MANUAL,31620,0.3562,-17.39,0.50,45.11,9.22,0.4104,472.4,75.0,0.0,0.0,0.0,901.4,918.9
4,08:33,MANUAL,31680,0.3569,-17.28,0.50,45.22,8.50,0.4218,491.2,75.0,0.0,0.0,0.0,928.8,919.6
4,08:34,MANUAL,31740,0.3575,-17.17,0.50,45.21,9.60,0.4055,499.4,75.0,0.0,0.0,0.0,945.2,962.4
4,08:35,MANUAL,31800,0.3582,-17.07,0.50,45.43,8.51,0.3992,486.2,75.0,0.0,0.0,0.0,944.5,967.7
4,08:36,MANUAL,31860,0.3589,-16.96,0.50,45.51,9.13,0.4005,494.7,75.0,0.0,0.0,0.0,977.1,957.2
4,08:37,MANUAL,31920,0.3596,-16.85,0.50,45.91,9.44,0.4014,509.5,75.0,0.0,0.0,0.0,953.7,950.3
4,08:38,MANUAL,31980,0.3602,-16.75,0.50,45.88,9.35,0.3909,515.3,75.0,0.0,0.0,0.0,972.9,946.8
4,08:39,MANUAL,32040,0.3609,-16.64,0.50,45.92,8.42,0.3964,513.9,75.0,0.0,0.0,0.0,939.8,946.7
4,08:40,MANUAL,32100,0.3616,-16.53,0.50,46.20,9.23,0.4139,502.5,75.0,0.0,0.0,0.0,965.8,942.7
4,08:41,MANUAL,32160,0.3623,-16.43,0.50,46.14,8.68,0.3883,518.1,75.0,0.0,0.0,0.0,950.2,947.0
4,08:42,MANUAL,32220,0.3629,-16.32,0.50,46.48,8.12,0.3966,515.6,75.0,0.0,0.0,0.0,969.3,966.9
4,08:43,MANUAL,32280,0.3636,-16.22,0.50,46.68,8.60,0.4081,525.8,75.0,0.0,0.0,0.0,945.8,929.4
4,08:44,MANUAL,32340,0.3643,-16.12,0.50,46.62,7.91,0.4190,524.3,75.0,0.0,0.0,0.0,960.5,979.9
4,08:45,MANUAL,32400,0.3650,-16.01,0.50,47.06,8.63,0.3976,536.0,75.0,0.0,0.0,0.0,930.3,974.9
4,08:46,MANUAL,32460,0.3656,-15.91,0.50,47.12,8.10,0.3963,532.0,75.0,0.0,0.0,0.0,974.4,967.8
4,08:47,MANUAL,32520,0.3663,-15.81,0.50,47.37,7.66,0.4169,519.9,75.0,0.0,0.0,0.0,962.9,957.5
4,08:48,MANUAL,32580,0.3670,-15.70,0.50,47.33,9.23,0.3966,533.2,75.0,0.0,0.0,0.0,933.9,942.7
4,08:49,MANUAL,32640,0.3677,-15.60,0.50,47.52,8.33,0.4100,532.7,75.0,0.0,0.0,0.0,964.4,972.8
4,08:50,MANUAL,32700,0.3683,-15.50,0.50,47.62,7.88,0.4149,552.7,75.0,0.0,0.0,0.0,942.9,945.5
4,08:51,MANUAL,32760,0.3690,-15.40,0.50,47.57,8.56,0.3957,535.2,75.0,0.0,0.0,0.0,944.1,920.8
4,08:52,MANUAL,32820,0.3697,-15.30,0.50,47.64,8.29,0.4132,550.8,75.0,0.0,0.0,0.0,919.3,983.2
4,08:53,MANUAL,32880,0.3704,-15.20,0.50,47.88,8.61,0.3929,553.9,75.0,0.0,0.0,0.0,958.6,960.4
4,08:54,MANUAL,32940,0.3711,-15.10,0.50,48.28,7.54,0.3957,562.3,75.0,0.0,0.0,0.0,941.6,947.2
4,08:55,MANUAL,33000,0.3717,-15.00,0.50,48.31,9.72,0.3949,559.7,75.0,0.0,0.0,0.0,962.7,986.8
4,08:56,MANUAL,33060,0.3724,-14.90,0.50,48.68,7.60,0.3811,572.8,75.0,0.0,0.0,0.0,941.6,911.5
4,08:57,MANUAL,33120,0.3731,-14.80,0.50,48.81,7.66,0.4173,564.2,75.0,0.0,0.0,0.0,961.7,937.4
4,08:58,MANUAL,33180,0.3738,-14.70,0.50,48.59,7.54,0.4129,564.6,75.0,0.0,0.0,0.0,932.7,958.9
4,08:59,MANUAL,33240,0.3744,-14.60,0.50,49.06,6.60,0.3777,541.8,75.0,0.0,0.0,0.0,951.4,949.4
4,09:00,MANUAL,33300,0.3751,-14.50,0.50,49.03,7.82,0.3921,560.2,75.0,0.0,0.0,0.0,940.8,911.5
4,09:01,MANUAL,33360,0.3758,-14.41,0.50,49.54,8.41,0.3932,565.4,75.0,0.0,0.0,0.0,957.9,926.8
4,09:02,MANUAL,33420,0.3765,-14.31,0.50,49.70,8.21,0.4005,562.2,75.0,0.0,0.0,0.0,960.3,953.3
4,09:03,MANUAL,33480,0.3771,-14.21,0.50,49.70,8.67,0.3990,584.5,75.0,0.0,0.0,0.0,955.6,949.8
4,09:04,MANUAL,33540,0.3778,-14.12,0.50,49.80,7.05,0.4133,560.8,75.0,0.0,0.0,0.0,917.3,979.5
4,09:05,MANUAL,33600,0.3785,-14.02,0.50,49.80,5.97,0.4021,579.5,75.0,0.0,0.0,0.0,949.8,931.9
4,09:05,MANUAL,33660,0.3792,-13.93,0.50,50.38,7.70,0.4084,568.9,75.0,0.0,0.0,0.0,977.6,961.6
4,09:06,MANUAL,33720,0.3798,-13.83,0.50,50.32,6.64,0.3985,584.2,75.0,0.0,0.0,0.0,961.6,952.0
4,09:07,MANUAL,33780,0.3805,-13.74,0.50,50.10,8.98,0.3965,576.0,75.0,0.0,0.0,0.0,930.7,939.2
4,09:08,MANUAL,33840,0.3812,-13.64,0.50,50.12,8.65,0.3944,608.3,75.0,0.0,0.0,0.0,951.0,964.3
4,09:09,MANUAL,33900,0.3819,-13.55,0.50,50.37,6.39,0.3973,592.1,75.0,0.0,0.0,0.0,966.6,963.9
4,09:10,MANUAL,33960,0.3825,-13.46,0.50,50.46,9.47,0.4121,571.9,75.0,0.0,0.0,0.0,970.8,955.9
4,09:11,MANUAL,34020,0.3832,-13.36,0.50,50.13,6.08,0.3932,591.9,75.0,0.0,0.0,0.0,944.5,939.2
4,09:12,MANUAL,34080,0.3839,-13.27,0.50,51.01,7.25,0.4171,563.8,75.0,0.0,0.0,0.0,954.7,938.1
4,09:13,MANUAL,34140,0.3846,-13.18,0.50,51.07,6.45,0.4099,582.3,75.0,0.0,0.0,0.0,933.6,963.4
4,09:14,MANUAL,34200,0.3852,-13.09,0.50,51.19,6.75,0.4004,611.0,75.0,0.0,0.0,0.0,976.8,966.2
4,09:15,MANUAL,34260,0.3859,-13.00,0.50,51.30,8.68,0.4082,596.7,75.0,0.0,0.0,0.0,968.0,1005.0
4,09:16,MANUAL,34320,0.3866,-12.91,0.50,51.28,6.92,0.4038,621.7,75.0,0.0,0.0,0.0,972.2,979.2
4,09:17,MANUAL,34380,0.3873,-12.82,0.50,51.56,7.60,0.3934,624.0,75.0,0.0,0.0,0.0,980.3,913.9
4,09:18,MANUAL,34440,0.3879,-12.73,0.50,51.83,6.32,0.3924,606.4,75.0,0.0,0.0,0.0,968.6,955.6
4,09:19,MANUAL,34500,0.3886,-12.64,0.50,51.97,8.53,0.3886,612.4,75.0,0.0,0.0,0.0,916.9,947.8
4,09:20,MANUAL,34560,0.3893,-12.55,0.50,52.04,6.24,0.4101,599.9,75.0,0.0,0.0,0.0,932.4,953.1
4,09:21,MANUAL,34620,0.3900,-12.46,0.50,52.22,7.14,0.3940,612.8,75.0,0.0,0.0,0.0,961.7,965.9
4,09:22,MANUAL,34680,0.3907,-12.37,0.50,52.29,6.17,0.4118,618.5,75.0,0.0,0.0,0.0,951.4,945.5
4,09:23,MANUAL,34740,0.3913,-12.29,0.50,52.11,5.20,0.4053,608.2,75.0,0.0,0.0,0.0,942.3,955.8
4,09:24,MANUAL,34800,0.3920,-12.20,0.50,52.81,6.18,0.4053,627.2,75.0,0.0,0.0,0.0,954.1,930.2
4,09:25,MANUAL,34860,0.3927,-12.11,0.50,52.49,7.38,0.4078,630.1,75.0,0.0,0.0,0.0,958.2,929.2
4,09:26,MANUAL,34920,0.3934,-12.03,0.50,53.23,8.50,0.4015,611.5,75.0,0.0,0.0,0.0,956.1,973.4
4,09:27,MANUAL,34980,0.3940,-11.94,0.50,52.82,7.66,0.4008,627.6,75.0,0.0,0.0,0.0,939.4,913.5
4,09:28,MANUAL,35040,0.3947,-11.86,0.50,52.49,7.41,0.4043,625.5,75.0,0.0,0.0,0.0,983.4,953.5
4,09:29,MANUAL,35100,0.3954,-11.77,0.50,52.83,7.57,0.4046,641.4,75.0,0.0,0.0,0.0,942.6,945.2
4,09:30,MANUAL,35160,0.3961,-11.69,0.50,53.19,8.84,0.3944,629.5,75.0,0.0,0.0,0.0,956.2,927.4
4,09:31,MANUAL,35220,0.3967,-11.60,0.50,53.44,7.71,0.4109,622.4,75.0,0.0,0.0,0.0,976.3,965.9
4,09:32,MANUAL,35280,0.3974,-11.52,0.50,53.53,7.58,0.4113,622.2,75.0,0.0,0.0,0.0,937.0,965.0
4,09:33,MANUAL,35340,0.3981,-11.44,0.50,53.51,7.60,0.3983,638.6,75.0,0.0,0.0,0.0,957.5,980.1
4,09:34,MANUAL,35400,0.3988,-11.36,0.50,53.50,7.73,0.4041,656.0,75.0,0.0,0.0,0.0,967.5,960.3
4,09:35,MANUAL,35460,0.3994,-11.27,0.50,53.83,6.25,0.4028,638.7,75.0,0.0,0.0,0.0,942.7,956.4
4,09:36,MANUAL,35520,0.4001,-11.19,0.50,54.00,7.01,0.4065,662.6,75.0,0.0,0.0,0.0,939.0,947.2
4,09:37,MANUAL,35580,0.4008,-11.11,0.50,53.84,6.34,0.3921,642.4,75.0,0.0,0.0,0.0,972.8,972.1
4,09:38,MANUAL,35640,0.4015,-11.03,0.50,53.98,7.46,0.3981,634.1,75.0,0.0,0.0,0.0,948.8,906.2
4,09:39,MANUAL,35700,0.4021,-10.95,0.50,54.29,7.36,0.4014,669.2,75.0,0.0,0.0,0.0,973.9,957.9
4,09:40,MANUAL,35760,0.4028,-10.87,0.50,54.25,4.36,0.4149,653.3,75.0,0.0,0.0,0.0,1000.4,949.7
4,09:41,MANUAL,35820,0.4035,-10.79,0.50,54.35,6.87,0.3748,655.1,75.0,0.0,0.0,0.0,962.8,958.8
4,09:42,MANUAL,35880,0.4042,-10.72,0.50,54.41,8.34,0.4007,669.5,75.0,0.0,0.0,0.0,926.3,972.9
4,09:42,MANUAL,35940,0.4048,-10.64,0.50,54.78,6.91,0.3921,660.3,75.0,0.0,0.0,0.0,939.3,978.9
4,09:43,MANUAL,36000,0.4055,-10.56,0.50,54.96,5.78,0.3911,678.3,75.0,0.0,0.0,0.0,951.4,963.6
4,09:44,MANUAL,36060,0.4062,-10.48,0.50,55.20,4.56,0.3889,675.9,75.0,0.0,0.0,0.0,972.0,945.4
4,09:45,MANUAL,36120,0.4069,-10.41,0.50,54.85,7.44,0.3896,654.7,75.0,0.0,0.0,0.0,977.0,925.0
4,09:46,MANUAL,36180,0.4075,-10.33,0.50,55.14,5.10,0.3941,675.0,75.0,0.0,0.0,0.0,935.4,920.8
4,09:47,MANUAL,36240,0.4082,-10.26,0.50,55.66,6.48,0.3953,665.8,75.0,0.0,0.0,0.0,954.7,953.0
4,09:48,MANUAL,36300,0.4089,-10.18,0.50,55.30,4.94,0.4092,653.5,75.0,0.0,0.0,0.0,965.2,936.3
4,09:49,MANUAL,36360,0.4096,-10.11,0.50,55.55,7.93,0.4060,667.9,75.0,0.0,0.0,0.0,921.3,981.8
4,09:50,MANUAL,36420,0.4103,-10.03,0.50,55.19,7.32,0.4255,678.7,75.0,0.0,0.0,0.0,952.9,963.3
4,09:51,MANUAL,36480,0.4109,-9.96,0.50,55.61,5.20,0.3968,693.4,75.0,0.0,0.0,0.0,969.8,960.7
4,09:52,MANUAL,36540,0.4116,-9.89,0.50,55.74,5.89,0.4072,665.8,75.0,0.0,0.0,0.0,930.5,967.4
4,09:53,MANUAL,36600,0.4123,-9.81,0.50,55.90,6.88,0.3983,671.0,75.0,0.0,0.0,0.0,939.7,933.9
4,09:54,MANUAL,36660,0.4130,-9.74,0.50,56.18,6.64,0.4000,688.2,75.0,0.0,0.0,0.0,965.6,957.9
4,09:55,MANUAL,36720,0.4136,-9.67,0.50,56.39,5.78,0.3887,698.1,75.0,0.0,0.0,0.0,944.8,956.2
4,09:56,MANUAL,36780,0.4143,-9.60,0.50,56.22,5.82,0.3911,696.6,75.0,0.0,0.0,0.0,966.5,982.7
4,09:57,MANUAL,36840,0.4150,-9.53,0.50,56.34,7.13,0.3838,694.2,75.0,0.0,0.0,0.0,993.0,966.6
4,09:58,MANUAL,36900,0.4157,-9.46,0.50,56.42,4.81,0.3999,696.5,75.0,0.0,0.0,0.0,956.0,985.2
4,09:59,MANUAL,36960,0.4163,-9.39,0.50,56.83,7.19,0.3841,677.2,75.0,0.0,0.0,0.0,996.9,922.7
4,10:00,MANUAL,37020,0.4170,-9.32,0.50,56.98,5.28,0.3874,704.4,75.0,0.0,0.0,0.0,931.4,948.6
4,10:01,MANUAL,37080,0.4177,-9.25,0.50,56.94,6.48,0.3981,680.3,75.0,0.0,0.0,0.0,914.1,955.7
4,10:02,MANUAL,37140,0.4184,-9.18,0.50,57.07,5.50,0.3765,691.0,75.0,0.0,0.0,0.0,949.9,959.0
4,10:03,MANUAL,37200,0.4190,-9.12,0.50,57.22,4.84,0.4043,722.0,75.0,0.0,0.0,0.0,979.6,970.3
4,10:04,MANUAL,37260,0.4197,-9.05,0.50,57.26,6.56,0.4156,699.3,75.0,0.0,0.0,0.0,918.7,930.6
4,10:05,MANUAL,37320,0.4204,-8.98,0.50,57.09,7.41,0.3931,708.5,75.0,0.0,0.0,0.0,943.1,946.3
4,10:06,MANUAL,37380,0.4211,-8.92,0.50,57.14,5.17,0.3924,707.9,75.0,0.0,0.0,0.0,978.8,954.4
4,10:07,MANUAL,37440,0.4217,-8.85,0.50,57.10,7.73,0.3839,702.5,75.0,0.0,0.0,0.0,957.6,961.2
4,10:08,MANUAL,37500,0.4224,-8.79,0.50,57.61,7.14,0.4009,704.9,75.0,0.0,0.0,0.0,995.8,960.7
4,10:09,MANUAL,37560,0.4231,-8.72,0.50,57.92,6.34,0.3905,695.4,75.0,0.0,0.0,0.0,981.1,958.9
4,10:10,MANUAL,37620,0.4238,-8.66,0.50,57.70,6.57,0.3873,708.9,75.0,0.0,0.0,0.0,957.4,992.4
4,10:11,MANUAL,37680,0.4244,-8.59,0.50,57.88,6.30,0.3970,716.6,75.0,0.0,0.0,0.0,956.4,964.0
4,10:12,MANUAL,37740,0.4251,-8.53,0.50,57.94,6.33,0.3965,715.8,75.0,0.0,0.0,0.0,995.1,993.3
4,10:13,MANUAL,37800,0.4258,-8.47,0.50,58.10,4.88,0.3933,717.8,75.0,0.0,0.0,0.0,931.8,903.5
4,10:14,MANUAL,37860,0.4265,-8.41,0.50,58.43,5.66,0.4108,730.5,75.0,0.0,0.0,0.0,940.4,945.6
4,10:15,MANUAL,37920,0.4271,-8.35,0.50,58.14,6.25,0.4018,715.7,75.0,0.0,0.0,0.0,965.6,966.0
4,10:16,MANUAL,37980,0.4278,-8.29,0.50,58.48,5.36,0.3804,728.4,75.0,0.0,0.0,0.0,950.3,973.7
4,10:17,MANUAL,38040,0.4285,-8.22,0.50,58.44,5.29,0.3842,705.0,75.0,0.0,0.0,0.0,941.0,940.7
4,10:18,MANUAL,38100,0.4292,-8.17,0.50,58.44,4.93,0.3965,725.6,75.0,0.0,0.0,0.0,951.4,988.1
4,10:18,MANUAL,38160,0.4299,-8.11,0.50,58.43,5.28,0.3934,701.7,75.0,0.0,0.0,0.0,962.0,959.1
4,10:19,MANUAL,38220,0.4305,-8.05,0.50,58.76,6.00,0.3723,715.5,75.0,0.0,0.0,0.0,935.7,944.5
4,10:20,MANUAL,38280,0.4312,-7.99,0.50,58.45,7.79,0.3981,732.5,75.0,0.0,0.0,0.0,958.6,947.5
4,10:21,MANUAL,38340,0.4319,-7.93,0.50,58.98,6.05,0.4007,733.9,75.0,0.0,0.0,0.0,953.1,955.5
4,10:22,MANUAL,38400,0.4326,-7.87,0.50,58.90,5.24,0.4049,729.7,75.0,0.0,0.0,0.0,956.4,965.8
4,10:23,MANUAL,38460,0.4332,-7.82,0.50,59.18,5.57,0.4004,732.4,75.0,0.0,0.0,0.0,946.3,959.3
4,10:24,MANUAL,38520,0.4339,-7.76,0.50,59.08,5.88,0.4090,734.8,75.0,0.0,0.0,0.0,944.9,949.1
4,10:25,MANUAL,38580,0.4346,-7.71,0.50,58.91,6.20,0.3907,735.1,75.0,0.0,0.0,0.0,947.4,943.6
4,10:26,MANUAL,38640,0.4353,-7.65,0.50,59.57,7.23,0.4067,728.7,75.0,0.0,0.0,0.0,921.4,983.7
4,10:27,MANUAL,38700,0.4359,-7.60,0.50,59.58,6.59,0.3993,744.8,75.0,0.0,0.0,0.0,958.6,950.3
4,10:28,MANUAL,38760,0.4366,-7.54,0.50,59.59,7.50,0.4134,723.3,75.0,0.0,0.0,0.0,935.7,952.3
4,10:29,MANUAL,38820,0.4373,-7.49,0.50,59.85,7.93,0.3874,741.8,75.0,0.0,0.0,0.0,951.5,994.0
4,10:30,MANUAL,38880,0.4380,-7.44,0.50,59.28,4.39,0.3912,741.5,75.0,0.0,0.0,0.0,942.1,946.0
4,10:31,MANUAL,38940,0.4386,-7.39,0.50,59.61,6.84,0.3943,750.2,75.0,0.0,0.0,0.0,958.4,971.8
4,10:32,MANUAL,39000,0.4393,-7.33,0.50,60.02,5.39,0.3962,733.0,75.0,0.0,0.0,0.0,987.6,949.0
4,10:33,MANUAL,39060,0.4400,-7.28,0.50,60.01,6.48,0.4030,742.1,75.0,0.0,0.0,0.0,958.5,938.6
4,10:34,MANUAL,39120,0.4407,-7.23,0.50,59.82,6.69,0.3993,738.1,75.0,0.0,0.0,0.0,948.8,941.8
4,10:35,MANUAL,39180,0.4413,-7.18,0.50,60.22,5.80,0.4075,748.6,75.0,0.0,0.0,0.0,986.6,963.3
4,10:36,MANUAL,39240,0.4420,-7.13,0.50,60.39,7.48,0.3928,741.6,75.0,0.0,0.0,0.0,941.9,981.9
4,10:37,MANUAL,39300,0.4427,-7.08,0.50,60.42,5.15,0.3982,755.9,75.0,0.0,0.0,0.0,941.5,978.2
4,10:38,MANUAL,39360,0.4434,-7.04,0.50,60.47,5.34,0.4017,763.7,75.0,0.0,0.0,0.0,937.0,967.6
4,10:39,MANUAL,39420,0.4440,-6.99,0.50,60.31,7.09,0.4041,737.3,75.0,0.0,0.0,0.0,972.6,967.0
4,10:40,MANUAL,39480,0.4447,-6.94,0.50,60.39,5.04,0.3981,751.1,75.0,0.0,0.0,0.0,929.0,963.1
4,10:41,MANUAL,39540,0.4454,-6.89,0.50,60.39,6.47,0.4002,753.2,75.0,0.0,0.0,0.0,926.0,954.8
4,10:42,MANUAL,39600,0.4461,-6.85,0.50,60.79,7.69,0.3953,742.4,75.0,0.0,0.0,0.0,958.9,947.1
4,10:43,MANUAL,39660,0.4467,-6.80,0.50,60.75,5.86,0.3925,755.3,75.0,0.0,0.0,0.0,928.1,944.6
4,10:44,MANUAL,39720,0.4474,-6.76,0.50,60.43,5.22,0.3741,753.3,75.0,0.0,0.0,0.0,922.9,970.7
4,10:45,MANUAL,39780,0.4481,-6.71,0.50,61.42,7.16,0.4012,760.5,75.0,0.0,0.0,0.0,992.0,958.1
4,10:46,MANUAL,39840,0.4488,-6.67,0.50,60.67,5.55,0.4085,741.4,75.0,0.0,0.0,0.0,915.5,962.7
4,10:47,MANUAL,39900,0.4495,-6.63,0.50,60.87,6.00,0.4016,751.7,75.0,0.0,0.0,0.0,945.6,905.4
4,10:48,MANUAL,39960,0.4501,-6.58,0.50,60.93,4.38,0.3975,755.3,75.0,0.0,0.0,0.0,909.5,958.3
4,10:49,MANUAL,40020,0.4508,-6.54,0.50,61.42,4.30,0.3868,752.8,75.0,0.0,0.0,0.0,952.0,973.8
4,10:50,MANUAL,40080,0.4515,-6.50,0.50,61.00,5.68,0.3986,744.5,75.0,0.0,0.0,0.0,957.2,956.6
4,10:51,MANUAL,40140,0.4522,-6.46,0.50,61.44,8.94,0.3992,765.7,75.0,0.0,0.0,0.0,950.8,960.5
4,10:52,MANUAL,40200,0.4528,-6.42,0.50,61.18,7.69,0.3869,757.5,75.0,0.0,0.0,0.0,954.5,968.0
4,10:53,MANUAL,40260,0.4535,-6.38,0.50,61.69,6.90,0.3874,760.1,75.0,0.0,0.0,0.0,941.2,969.7
4,10:54,MANUAL,40320,0.4542,-6.34,0.50,61.28,6.35,0.4046,751.6,75.0,0.0,0.0,0.0,975.9,979.7
4,10:54,MANUAL,40380,0.4549,-6.30,0.50,61.23,6.63,0.4060,760.5,75.0,0.0,0.0,0.0,926.5,970.3
4,10:55,MANUAL,40440,0.4555,-6.26,0.50,61.63,7.00,0.4092,767.2,75.0,0.0,0.0,0.0,947.5,949.9
4,10:56,MANUAL,40500,0.4562,-6.22,0.50,61.43,7.69,0.3818,766.2,75.0,0.0,0.0,0.0,967.5,936.3
4,10:57,MANUAL,40560,0.4569,-6.19,0.50,61.78,7.75,0.3911,774.7,75.0,0.0,0.0,0.0,963.5,954.2
4,10:58,MANUAL,40620,0.4576,-6.15,0.50,61.31,8.46,0.4089,756.4,75.0,0.0,0.0,0.0,945.1,977.8
4,10:59,MANUAL,40680,0.4582,-6.11,0.50,61.85,5.60,0.3852,776.1,75.0,0.0,0.0,0.0,967.6,971.8
4,11:00,MANUAL,40740,0.4589,-6.08,0.50,61.75,7.99,0.3875,770.7,75.0,0.0,0.0,0.0,985.9,971.8
4,11:01,MANUAL,40800,0.4596,-6.04,0.50,62.17,6.70,0.4057,790.6,75.0,0.0,0.0,0.0,937.5,955.5
4,11:02,MANUAL,40860,0.4603,-6.01,0.50,61.90,8.11,0.3954,777.4,75.0,0.0,0.0,0.0,950.6,965.6
4,11:03,MANUAL,40920,0.4609,-5.97,0.50,62.06,7.05,0.3992,774.8,75.0,0.0,0.0,0.0,941.8,947.5
4,11:04,MANUAL,40980,0.4616,-5.94,0.50,62.27,6.24,0.3946,772.4,75.0,0.0,0.0,0.0,972.0,971.0
4,11:05,MANUAL,41040,0.4623,-5.91,0.50,62.24,6.34,0.4013,771.5,75.0,0.0,0.0,0.0,947.4,960.2
4,11:06,MANUAL,41100,0.4630,-5.88,0.50,62.46,5.89,0.3911,777.4,75.0,0.0,0.0,0.0,942.5,959.7
4,11:07,MANUAL,41160,0.4636,-5.84,0.50,62.06,7.35,0.3899,774.6,75.0,0.0,0.0,0.0,968.4,961.5
4,11:08,MANUAL,41220,0.4643,-5.81,0.50,62.35,6.71,0.3935,790.0,75.0,0.0,0.0,0.0,956.3,985.4
4,11:09,MANUAL,41280,0.4650,-5.78,0.50,62.31,6.18,0.4035,780.7,75.0,0.0,0.0,0.0,944.2,943.4
4,11:10,MANUAL,41340,0.4657,-5.75,0.50,62.36,8.01,0.4017,774.6,75.0,0.0,0.0,0.0,990.6,1012.8
4,11:11,MANUAL,41400,0.4663,-5.72,0.50,62.73,6.70,0.3894,775.0,75.0,0.0,0.0,0.0,971.7,942.5
4,11:12,MANUAL,41460,0.4670,-5.70,0.50,62.51,5.95,0.4103,777.9,75.0,0.0,0.0,0.0,946.1,954.4
4,11:13,MANUAL,41520,0.4677,-5.67,0.50,62.64,9.37,0.3986,795.7,75.0,0.0,0.0,0.0,1018.0,983.1
4,11:14,MANUAL,41580,0.4684,-5.64,0.50,62.70,5.04,0.4008,776.1,75.0,0.0,0.0,0.0,983.8,949.9
4,11:15,MANUAL,41640,0.4691,-5.61,0.50,62.59,5.06,0.4108,786.3,75.0,0.0,0.0,0.0,988.7,936.4
4,11:16,MANUAL,41700,0.4697,-5.59,0.50,62.72,5.47,0.4013,791.4,75.0,0.0,0.0,0.0,994.6,949.1
4,11:17,MANUAL,41760,0.4704,-5.56,0.50,62.78,7.00,0.3891,773.1,75.0,0.0,0.0,0.0,1009.1,987.5
4,11:18,MANUAL,41820,0.4711,-5.54,0.50,63.04,6.09,0.3988,775.2,75.0,0.0,0.0,0.0,949.0,980.8
4,11:19,MANUAL,41880,0.4718,-5.51,0.50,62.83,5.92,0.4027,775.9,75.0,0.0,0.0,0.0,943.4,972.5
4,11:20,MANUAL,41940,0.4724,-5.49,0.50,62.74,7.77,0.4011,784.4,75.0,0.0,0.0,0.0,972.8,970.5
4,11:21,MANUAL,42000,0.4731,-5.46,0.50,62.86,6.45,0.4056,784.4,75.0,0.0,0.0,0.0,963.6,983.9
4,11:22,MANUAL,42060,0.4738,-5.44,0.50,62.97,7.77,0.3920,800.7,75.0,0.0,0.0,0.0,954.3,936.1
4,11:23,MANUAL,42120,0.4745,-5.42,0.50,63.40,5.47,0.3984,794.0,75.0,0.0,0.0,0.0,937.9,969.0
4,11:24,MANUAL,42180,0.4751,-5.40,0.50,63.20,7.27,0.4052,791.1,75.0,0.0,0.0,0.0,980.9,970.2
4,11:25,MANUAL,42240,0.4758,-5.37,0.50,63.04,7.61,0.4073,797.7,75.0,0.0,0.0,0.0,908.7,952.1
4,11:26,MANUAL,42300,0.4765,-5.35,0.50,62.98,4.71,0.4082,780.6,75.0,0.0,0.0,0.0,969.0,962.1
4,11:27,MANUAL,42360,0.4772,-5.33,0.50,63.14,7.44,0.3971,778.0,75.0,0.0,0.0,0.0,930.3,934.9
4,11:28,MANUAL,42420,0.4778,-5.31,0.50,63.44,7.55,0.4113,783.0,75.0,0.0,0.0,0.0,989.4,951.0
4,11:29,MANUAL,42480,0.4785,-5.30,0.50,63.41,7.48,0.4109,792.1,75.0,0.0,0.0,0.0,972.7,952.5
4,11:30,MANUAL,42540,0.4792,-5.28,0.50,63.54,8.44,0.3981,790.4,75.0,0.0,0.0,0.0,944.3,983.8
4,11:31,MANUAL,42600,0.4799,-5.26,0.50,63.54,6.33,0.4048,811.3,75.0,0.0,0.0,0.0,944.2,940.7
4,11:31,MANUAL,42660,0.4805,-5.24,0.50,63.53,6.62,0.4046,783.9,75.0,0.0,0.0,0.0,950.9,991.6
4,11:32,MANUAL,42720,0.4812,-5.23,0.50,63.10,7.37,0.3944,800.3,75.0,0.0,0.0,0.0,969.6,963.3
4,11:33,MANUAL,42780,0.4819,-5.21,0.50,63.22,7.73,0.3961,791.6,75.0,0.0,0.0,0.0,975.0,987.3
4,11:34,MANUAL,42840,0.4826,-5.19,0.50,63.42,7.44,0.4014,795.9,75.0,0.0,0.0,0.0,956.5,962.9
4,11:35,MANUAL,42900,0.4832,-5.18,0.50,63.89,6.13,0.3812,813.1,75.0,0.0,0.0,0.0,975.0,937.3
4,11:36,MANUAL,42960,0.4839,-5.17,0.50,63.65,6.39,0.3893,790.5,75.0,0.0,0.0,0.0,963.9,965.3
4,11:37,MANUAL,43020,0.4846,-5.15,0.50,63.57,5.99,0.3892,790.6,75.0,0.0,0.0,0.0,964.0,974.6
4,11:38,MANUAL,43080,0.4853,-5.14,0.50,63.83,7.22,0.3891,798.4,75.0,0.0,0.0,0.0,969.6,960.5
4,11:39,MANUAL,43140,0.4859,-5.13,0.50,63.65,7.14,0.3932,811.3,75.0,0.0,0.0,0.0,961.1,987.5
4,11:40,MANUAL,43200,0.4866,-5.11,0.50,63.75,7.71,0.4051,793.5,75.0,0.0,0.0,0.0,948.6,943.3
4,11:41,MANUAL,43260,0.4873,-5.10,0.50,64.12,6.39,0.3983,796.7,75.0,0.0,0.0,0.0,956.3,976.5
4,11:42,MANUAL,43320,0.4880,-5.09,0.50,64.08,6.83,0.3988,795.3,75.0,0.0,0.0,0.0,950.4,977.7
4,11:43,MANUAL,43380,0.4887,-5.08,0.50,63.66,6.19,0.4064,806.9,75.0,0.0,0.0,0.0,954.5,964.0
4,11:44,MANUAL,43440,0.4893,-5.07,0.50,64.04,7.80,0.3885,788.6,75.0,0.0,0.0,0.0,988.6,978.7
4,11:45,MANUAL,43500,0.4900,-5.06,0.50,63.77,6.64,0.4039,797.4,75.0,0.0,0.0,0.0,968.9,948.5
4,11:46,MANUAL,43560,0.4907,-5.06,0.50,63.88,5.55,0.3995,783.2,75.0,0.0,0.0,0.0,971.0,999.4
4,11:47,MANUAL,43620,0.4914,-5.05,0.50,63.75,7.12,0.3868,792.3,75.0,0.0,0.0,0.0,928.5,954.1
4,11:48,MANUAL,43680,0.4920,-5.04,0.50,64.04,6.21,0.4007,808.9,75.0,0.0,0.0,0.0,983.2,969.4
4,11:49,MANUAL,43740,0.4927,-5.03,0.50,64.15,6.09,0.3936,799.4,75.0,0.0,0.0,0.0,954.3,968.7
4,11:50,MANUAL,43800,0.4934,-5.03,0.50,63.89,6.70,0.3984,800.7,75.0,0.0,0.0,0.0,966.1,986.1
4,11:51,MANUAL,43860,0.4941,-5.02,0.50,63.64,8.73,0.4151,798.8,75.0,0.0,0.0,0.0,951.8,956.3
4,11:52,MANUAL,43920,0.4947,-5.02,0.50,64.04,7.70,0.3984,817.8,75.0,0.0,0.0,0.0,960.6,1019.6
4,11:53,MANUAL,43980,0.4954,-5.01,0.50,64.09,6.80,0.3992,805.6,75.0,0.0,0.0,0.0,944.1,956.4
4,11:54,MANUAL,44040,0.4961,-5.01,0.50,64.13,7.31,0.3927,817.3,75.0,0.0,0.0,0.0,970.2,954.5
4,11:55,MANUAL,44100,0.4968,-5.01,0.50,64.10,8.21,0.3987,797.3,75.0,0.0,0.0,0.0,1018.8,958.2
4,11:56,MANUAL,44160,0.4974,-5.00,0.50,64.08,8.86,0.4086,796.5,75.0,0.0,0.0,0.0,965.2,958.1
4,11:57,MANUAL,44220,0.4981,-5.00,0.50,64.47,5.76,0.3866,798.1,75.0,0.0,0.0,0.0,993.4,987.3
4,11:58,MANUAL,44280,0.4988,-5.00,0.50,64.22,8.89,0.4032,811.8,75.0,0.0,0.0,0.0,989.0,977.5
4,11:59,MANUAL,44340,0.4995,-5.00,0.50,63.77,6.30,0.4063,797.3,75.0,0.0,0.0,0.0,972.4,954.8
4,12:00,MANUAL,44400,0.5001,-5.00,0.50,64.45,6.62,0.3856,798.8,75.0,0.0,0.0,0.0,949.0,963.5
5,00:00,MANUAL,60,0.0007,-70.00,0.50,15.21,49.34,0.4011,0.0,100.0,0.0,0.0,0.0,903.4,930.5
5,00:01,MANUAL,120,0.0014,-70.00,0.50,14.43,50.47,0.3939,0.0,100.0,0.0,0.0,0.0,904.2,884.9
5,00:02,MANUAL,180,0.0020,-70.00,0.50,14.10,50.16,0.4071,0.0,100.0,0.0,0.0,0.0,891.4,928.9
5,00:03,MANUAL,240,0.0027,-70.00,0.50,13.54,50.66,0.4131,4.2,100.0,0.0,0.0,0.0,896.8,910.6
5,00:04,MANUAL,300,0.0034,-69.99,0.50,13.43,49.22,0.3873,13.0,100.0,0.0,0.0,0.0,892.6,897.5
5,00:05,MANUAL,360,0.0041,-69.99,0.50,12.79,51.09,0.4090,0.0,100.0,0.0,0.0,0.0,864.3,936.9
5,00:06,MANUAL,420,0.0047,-69.99,0.50,12.88,48.51,0.4143,12.9,100.0,0.0,0.0,0.0,898.1,918.7
5,00:07,MANUAL,480,0.0054,-69.98,0.50,12.37,47.23,0.3939,0.0,100.0,0.0,0.0,0.0,909.7,888.7
5,00:08,MANUAL,540,0.0061,-69.98,0.50,11.85,47.56,0.3956,0.0,100.0,0.0,0.0,0.0,918.9,920.5
5,00:09,MANUAL,600,0.0068,-69.97,0.50,11.78,47.98,0.4005,0.0,100.0,0.0,0.0,0.0,890.2,924.9
5,00:10,MANUAL,660,0.0074,-69.96,0.50,11.22,48.32,0.4080,0.0,100.0,0.0,0.0,0.0,943.4,921.4
5,00:11,MANUAL,720,0.0081,-69.96,0.50,10.95,46.50,0.4019,6.9,100.0,0.0,0.0,0.0,925.7,901.0
5,00:12,MANUAL,780,0.0088,-69.95,0.50,10.89,47.02,0.4033,5.8,100.0,0.0,0.0,0.0,942.8,923.9
5,00:13,MANUAL,840,0.0095,-69.94,0.50,10.75,45.28,0.4095,7.5,100.0,0.0,0.0,0.0,871.0,875.6
5,00:14,MANUAL,900,0.0101,-69.93,0.50,10.63,47.14,0.3981,0.0,100.0,0.0,0.0,0.0,926.5,887.0
5,00:15,MANUAL,960,0.0108,-69.93,0.50,10.21,46.75,0.3932,13.6,100.0,0.0,0.0,0.0,896.7,925.9
5,00:16,MANUAL,1020,0.0115,-69.92,0.50,10.00,47.51,0.4160,6.9,100.0,0.0,0.0,0.0,919.3,915.8
5,00:17,MANUAL,1080,0.0122,-69.91,0.50,10.17,47.13,0.4044,2.6,100.0,0.0,0.0,0.0,901.9,913.2
5,00:18,MANUAL,1140,0.0128,-69.89,0.50,9.77,46.27,0.4048,0.0,100.0,0.0,0.0,0.0,916.4,915.9
5,00:19,MANUAL,1200,0.0135,-69.88,0.50,9.77,46.72,0.4136,14.2,100.0,0.0,0.0,0.0,905.4,881.7
5,00:20,MANUAL,1260,0.0142,-69.87,0.50,9.61,46.51,0.4152,0.0,100.0,0.0,0.0,0.0,905.8,913.5
5,00:21,MANUAL,1320,0.0149,-69.86,0.50,9.68,46.96,0.3820,13.3,100.0,0.0,0.0,0.0,873.7,896.2
5,00:22,MANUAL,1380,0.0155,-69.85,0.50,9.25,44.94,0.3852,0.0,100.0,0.0,0.0,0.0,941.6,908.5
5,00:23,MANUAL,1440,0.0162,-69.83,0.50,9.05,44.56,0.3968,0.0,100.0,0.0,0.0,0.0,883.5,922.5
5,00:24,MANUAL,1500,0.0169,-69.82,0.50,9.26,46.08,0.3760,0.0,100.0,0.0,0.0,0.0,903.7,917.2
5,00:25,MANUAL,1560,0.0176,-69.80,0.50,9.37,46.53,0.3894,1.3,100.0,0.0,0.0,0.0,917.9,918.0
5,00:26,MANUAL,1620,0.0182,-69.79,0.50,8.95,47.94,0.4044,18.7,100.0,0.0,0.0,0.0,921.8,908.1
5,00:27,MANUAL,1680,0.0189,-69.77,0.50,8.61,44.89,0.4010,0.0,100.0,0.0,0.0,0.0,921.8,882.2
5,00:28,MANUAL,1740,0.0196,-69.75,0.50,8.89,44.82,0.3998,6.7,100.0,0.0,0.0,0.0,897.6,907.8
5,00:29,MANUAL,1800,0.0203,-69.74,0.50,8.52,44.02,0.4127,12.8,100.0,0.0,0.0,0.0,906.8,899.2
5,00:30,MANUAL,1860,0.0210,-69.72,0.50,8.51,45.06,0.3967,0.0,100.0,0.0,0.0,0.0,895.0,901.6
5,00:31,MANUAL,1920,0.0216,-69.70,0.50,8.77,42.10,0.3865,4.2,100.0,0.0,0.0,0.0,903.8,925.7
5,00:32,MANUAL,1980,0.0223,-69.68,0.50,8.31,42.94,0.3923,0.0,100.0,0.0,0.0,0.0,885.8,881.0
5,00:33,MANUAL,2040,0.0230,-69.66,0.50,8.51,44.45,0.3973,17.6,100.0,0.0,0.0,0.0,905.1,870.7
5,00:34,MANUAL,2100,0.0237,-69.64,0.50,8.30,43.60,0.3982,13.9,100.0,0.0,0.0,0.0,854.5,948.4
5,00:35,MANUAL,2160,0.0243,-69.62,0.50,8.42,45.80,0.3920,0.0,100.0,0.0,0.0,0.0,956.0,882.7
5,00:36,MANUAL,2220,0.0250,-69.60,0.50,8.20,44.62,0.4034,5.4,100.0,0.0,0.0,0.0,930.0,874.1
5,00:36,MANUAL,2280,0.0257,-69.58,0.50,8.43,45.35,0.4149,0.0,100.0,0.0,0.0,0.0,877.4,927.3
5,00:37,MANUAL,2340,0.0264,-69.56,0.50,7.75,42.17,0.3952,0.0,100.0,0.0,0.0,0.0,911.9,920.7
5,00:38,MANUAL,2400,0.0270,-69.53,0.50,8.12,44.01,0.3970,0.0,100.0,0.0,0.0,0.0,888.3,900.7
5,00:39,MANUAL,2460,0.0277,-69.51,0.50,7.96,46.37,0.3947,0.0,100.0,0.0,0.0,0.0,916.6,901.9
5,00:40,MANUAL,2520,0.0284,-69.48,0.50,8.01,45.09,0.4033,0.0,100.0,0.0,0.0,0.0,902.7,918.0
5,00:41,MANUAL,2580,0.0291,-69.46,0.50,8.06,43.63,0.3941,0.9,100.0,0.0,0.0,0.0,879.0,902.3
5,00:42,MANUAL,2640,0.0297,-69.43,0.50,7.63,43.81,0.3899,9.6,100.0,0.0,0.0,0.0,917.3,910.8
5,00:43,MANUAL,2700,0.0304,-69.41,0.50,7.80,45.03,0.4014,0.0,100.0,0.0,0.0,0.0,907.8,903.2
5,00:44,MANUAL,2760,0.0311,-69.38,0.50,8.20,44.44,0.4051,0.0,100.0,0.0,0.0,0.0,881.8,938.9
5,00:45,MANUAL,2820,0.0318,-69.35,0.50,7.85,43.61,0.4038,0.0,100.0,0.0,0.0,0.0,870.9,899.1
5,00:46,MANUAL,2880,0.0324,-69.33,0.50,7.82,44.63,0.4133,1.0,100.0,0.0,0.0,0.0,898.8,897.2
5,00:47,MANUAL,2940,0.0331,-69.30,0.50,8.11,43.57,0.4036,0.0,100.0,0.0,0.0,0.0,870.6,902.3
5,00:48,MANUAL,3000,0.0338,-69.27,0.50,7.91,47.07,0.4166,0.0,100.0,0.0,0.0,0.0,901.6,904.3
5,00:49,MANUAL,3060,0.0345,-69.24,0.50,8.03,44.29,0.3864,9.7,100.0,0.0,0.0,0.0,930.5,912.3
5,00:50,MANUAL,3120,0.0351,-69.21,0.50,8.00,43.77,0.4097,0.0,100.0,0.0,0.0,0.0,888.5,879.3
5,00:51,MANUAL,3180,0.0358,-69.18,0.50,8.33,43.29,0.4172,20.7,100.0,0.0,0.0,0.0,887.0,907.4
5,00:52,MANUAL,3240,0.0365,-69.15,0.50,8.16,43.60,0.4069,0.0,100.0,0.0,0.0,0.0,893.1,918.6
5,00:53,MANUAL,3300,0.0372,-69.12,0.50,7.87,41.95,0.3942,0.0,100.0,0.0,0.0,0.0,942.5,861.9
5,00:54,MANUAL,3360,0.0378,-69.09,0.50,7.67,44.02,0.4079,2.2,100.0,0.0,0.0,0.0,914.1,895.3
5,00:55,MANUAL,3420,0.0385,-69.05,0.50,7.95,44.25,0.4114,8.9,100.0,0.0,0.0,0.0,882.1,882.7
5,00:56,MANUAL,3480,0.0392,-69.02,0.50,8.05,43.86,0.4081,6.9,100.0,0.0,0.0,0.0,908.2,893.8
5,00:57,MANUAL,3540,0.0399,-68.99,0.50,7.98,45.54,0.3993,17.0,100.0,0.0,0.0,0.0,937.4,895.6
5,00:58,MANUAL,3600,0.0406,-68.95,0.50,8.20,44.24,0.3998,7.8,100.0,0.0,0.0,0.0,899.1,943.5
5,00:59,MANUAL,3660,0.0412,-68.92,0.50,8.07,44.64,0.4045,0.0,100.0,0.0,0.0,0.0,881.3,879.3
5,01:00,MANUAL,3720,0.0419,-68.88,0.50,7.71,43.43,0.4008,8.2,100.0,0.0,0.0,0.0,920.5,906.8
5,01:01,MANUAL,3780,0.0426,-68.84,0.50,8.00,44.44,0.3985,8.0,100.0,0.0,0.0,0.0,936.0,885.2
5,01:02,MANUAL,3840,0.0433,-68.81,0.50,8.06,44.43,0.4151,0.0,100.0,0.0,0.0,0.0,894.6,880.2
5,01:03,MANUAL,3900,0.0439,-68.77,0.50,8.04,44.12,0.4046,0.0,100.0,0.0,0.0,0.0,942.0,910.0
5,01:04,MANUAL,3960,0.0446,-68.73,0.50,8.26,44.63,0.3933,0.0,100.0,0.0,0.0,0.0,912.1,867.2
5,01:05,MANUAL,4020,0.0453,-68.69,0.50,8.16,44.28,0.3997,0.0,100.0,0.0,0.0,0.0,916.9,880.9
5,01:06,MANUAL,4080,0.0460,-68.65,0.50,7.89,43.29,0.4051,8.7,100.0,0.0,0.0,0.0,912.7,895.8
5,01:07,MANUAL,4140,0.0466,-68.61,0.50,8.17,43.79,0.3979,0.0,100.0,0.0,0.0,0.0,924.4,910.7
5,01:08,MANUAL,4200,0.0473,-68.57,0.50,8.20,44.97,0.3863,0.0,100.0,0.0,0.0,0.0,933.6,895.5
5,01:09,MANUAL,4260,0.0480,-68.53,0.50,8.11,45.43,0.4188,5.7,100.0,0.0,0.0,0.0,904.3,851.1
5,01:10,MANUAL,4320,0.0487,-68.49,0.50,8.26,43.24,0.4108,0.0,100.0,0.0,0.0,0.0,895.7,909.7
5,01:11,MANUAL,4380,0.0493,-68.45,0.50,8.18,45.55,0.4186,3.6,100.0,0.0,0.0,0.0,888.8,859.9
5,01:12,MANUAL,4440,0.0500,-68.41,0.50,8.40,45.16,0.4019,0.0,100.0,0.0,0.0,0.0,931.9,909.5
5,01:12,MANUAL,4500,0.0507,-68.37,0.50,8.16,43.98,0.3916,0.0,100.0,0.0,0.0,0.0,920.6,898.6
5,01:13,MANUAL,4560,0.0514,-68.32,0.50,8.45,44.64,0.4060,3.3,100.0,0.0,0.0,0.0,893.6,903.1
5,01:14,MANUAL,4620,0.0520,-68.28,0.50,8.41,43.96,0.3777,9.2,100.0,0.0,0.0,0.0,930.0,884.2
5,01:15,MANUAL,4680,0.0527,-68.23,0.50,8.58,44.43,0.4228,0.0,100.0,0.0,0.0,0.0,890.3,887.8
5,01:16,MANUAL,4740,0.0534,-68.19,0.50,8.41,43.85,0.4001,0.0,100.0,0.0,0.0,0.0,931.3,919.0
5,01:17,MANUAL,4800,0.0541,-68.14,0.50,8.62,44.22,0.3952,0.0,100.0,0.0,0.0,0.0,908.1,932.6
5,01:18,MANUAL,4860,0.0547,-68.10,0.50,8.41,45.07,0.4007,0.0,100.0,0.0,0.0,0.0,916.0,941.6
5,01:19,MANUAL,4920,0.0554,-68.05,0.50,8.71,44.79,0.3940,0.0,100.0,0.0,0.0,0.0,914.6,866.1
5,01:20,MANUAL,4980,0.0561,-68.00,0.50,8.34,43.40,0.4052,9.0,100.0,0.0,0.0,0.0,901.7,882.6
5,01:21,MANUAL,5040,0.0568,-67.95,0.50,8.61,44.97,0.3917,0.0,100.0,0.0,0.0,0.0,901.8,913.4
5,01:22,MANUAL,5100,0.0574,-67.91,0.50,8.92,44.36,0.3892,0.0,100.0,0.0,0.0,0.0,913.2,910.4
5,01:23,MANUAL,5160,0.0581,-67.86,0.50,8.66,44.33,0.3934,8.6,100.0,0.0,0.0,0.0,869.0,896.2
5,01:24,MANUAL,5220,0.0588,-67.81,0.50,8.54,44.05,0.4002,0.0,100.0,0.0,0.0,0.0,928.2,904.4
5,01:25,MANUAL,5280,0.0595,-67.76,0.50,8.81,43.57,0.4117,0.0,100.0,0.0,0.0,0.0,935.5,890.4
5,01:26,MANUAL,5340,0.0602,-67.71,0.50,8.70,44.80,0.3907,0.0,100.0,0.0,0.0,0.0,914.4,902.4
5,01:27,MANUAL,5400,0.0608,-67.66,0.50,9.11,44.63,0.4112,3.7,100.0,0.0,0.0,0.0,908.8,913.6
5,01:28,MANUAL,5460,0.0615,-67.60,0.50,8.72,43.58,0.4003,9.9,100.0,0.0,0.0,0.0,915.1,936.8
5,01:29,MANUAL,5520,0.0622,-67.55,0.50,9.13,44.73,0.3953,5.3,100.0,0.0,0.0,0.0,888.3,891.2
5,01:30,MANUAL,5580,0.0629,-67.50,0.50,8.82,45.40,0.3939,0.0,100.0,0.0,0.0,0.0,895.7,891.9
5,01:31,MANUAL,5640,0.0635,-67.44,0.50,8.93,43.87,0.3824,0.4,100.0,0.0,0.0,0.0,914.6,916.5
5,01:32,MANUAL,5700,0.0642,-67.39,0.50,8.92,45.29,0.3671,0.0,100.0,0.0,0.0,0.0,903.0,928.8
5,01:33,MANUAL,5760,0.0649,-67.34,0.50,8.91,43.45,0.3916,9.1,100.0,0.0,0.0,0.0,893.5,888.5
5,01:34,MANUAL,5820,0.0656,-67.28,0.50,9.08,44.76,0.4046,0.0,100.0,0.0,0.0,0.0,893.0,923.5
5,01:35,MANUAL,5880,0.0662,-67.23,0.50,9.22,43.22,0.4112,6.8,100.0,0.0,0.0,0.0,910.6,913.3
5,01:36,MANUAL,5940,0.0669,-67.17,0.50,9.48,46.28,0.3926,0.0,100.0,0.0,0.0,0.0,912.7,902.9
5,01:37,MANUAL,6000,0.0676,-67.11,0.50,8.94,43.66,0.4054,0.0,100.0,0.0,0.0,0.0,940.1,894.6
5,01:38,MANUAL,6060,0.0683,-67.06,0.50,9.66,42.56,0.3783,0.0,100.0,0.0,0.0,0.0,908.4,904.2
5,01:39,MANUAL,6120,0.0689,-67.00,0.50,9.71,44.26,0.4055,0.0,100.0,0.0,0.0,0.0,908.2,901.9
5,01:40,MANUAL,6180,0.0696,-66.94,0.50,9.38,45.19,0.3939,0.0,100.0,0.0,0.0,0.0,933.7,920.2
5,01:41,MANUAL,6240,0.0703,-66.88,0.50,9.33,45.77,0.3953,14.3,100.0,0.0,0.0,0.0,881.1,913.6
5,01:42,MANUAL,6300,0.0710,-66.82,0.50,9.43,44.78,0.4013,13.0,100.0,0.0,0.0,0.0,888.4,890.0
5,01:43,MANUAL,6360,0.0716,-66.76,0.50,9.69,42.72,0.4122,0.0,100.0,0.0,0.0,0.0,896.2,906.1
5,01:44,MANUAL,6420,0.0723,-66.70,0.50,9.60,43.88,0.3902,0.0,100.0,0.0,0.0,0.0,928.3,940.9
5,01:45,MANUAL,6480,0.0730,-66.64,0.50,9.66,43.85,0.3990,0.0,100.0,0.0,0.0,0.0,883.2,883.8
5,01:46,MANUAL,6540,0.0737,-66.58,0.50,9.58,44.07,0.3856,0.4,100.0,0.0,0.0,0.0,930.5,913.0
5,01:47,MANUAL,6600,0.0743,-66.52,0.50,9.90,44.36,0.4059,9.3,100.0,0.0,0.0,0.0,928.3,907.9
5,01:48,MANUAL,6660,0.0750,-66.46,0.50,9.82,43.33,0.3958,0.0,100.0,0.0,0.0,0.0,925.1,938.4
5,01:49,MANUAL,6720,0.0757,-66.39,0.50,10.02,44.05,0.3847,0.0,100.0,0.0,0.0,0.0,922.6,898.9
5,01:49,MANUAL,6780,0.0764,-66.33,0.50,10.26,42.66,0.4140,1.9,100.0,0.0,0.0,0.0,958.6,903.2
5,01:50,MANUAL,6840,0.0770,-66.27,0.50,9.82,44.19,0.4147,4.4,100.0,0.0,0.0,0.0,921.8,924.4
5,01:51,MANUAL,6900,0.0777,-66.20,0.50,9.80,43.63,0.3987,4.3,100.0,0.0,0.0,0.0,896.3,927.7
5,01:52,MANUAL,6960,0.0784,-66.14,0.50,10.19,43.85,0.3989,10.7,100.0,0.0,0.0,0.0,907.0,915.0
5,01:53,MANUAL,7020,0.0791,-66.07,0.50,10.06,44.33,0.4049,4.3,100.0,0.0,0.0,0.0,882.2,897.8
5,01:54,MANUAL,7080,0.0798,-66.00,0.50,10.10,44.59,0.3998,0.0,100.0,0.0,0.0,0.0,880.7,910.3
5,01:55,MANUAL,7140,0.0804,-65.94,0.50,10.11,45.14,0.4039,0.0,100.0,0.0,0.0,0.0,930.3,896.1
5,01:56,MANUAL,7200,0.0811,-65.87,0.50,10.08,43.26,0.3968,0.0,100.0,0.0,0.0,0.0,917.0,900.5
5,01:57,MANUAL,7260,0.0818,-65.80,0.50,10.31,44.89,0.4025,0.0,100.0,0.0,0.0,0.0,946.7,865.7
5,01:58,MANUAL,7320,0.0825,-65.74,0.50,10.67,44.17,0.3992,17.5,100.0,0.0,0.0,0.0,891.8,905.9
5,01:59,MANUAL,7380,0.0831,-65.67,0.50,10.22,42.96,0.4047,0.0,100.0,0.0,0.0,0.0,902.3,925.3
5,02:00,MANUAL,7440,0.0838,-65.60,0.50,10.78,42.66,0.3915,1.6,100.0,0.0,0.0,0.0,890.5,940.8
5,02:01,MANUAL,7500,0.0845,-65.53,0.50,10.52,42.99,0.4025,12.5,100.0,0.0,0.0,0.0,964.1,918.9
5,02:02,MANUAL,7560,0.0852,-65.46,0.50,10.19,41.96,0.4140,0.0,100.0,0.0,0.0,0.0,874.4,899.5
5,02:03,MANUAL,7620,0.0858,-65.39,0.50,10.87,43.10,0.4069,0.0,100.0,0.0,0.0,0.0,916.5,934.0
5,02:04,MANUAL,7680,0.0865,-65.32,0.50,10.65,44.19,0.4088,0.0,100.0,0.0,0.0,0.0,926.5,904.9
5,02:05,MANUAL,7740,0.0872,-65.24,0.50,10.72,45.55,0.3974,0.0,100.0,0.0,0.0,0.0,906.4,895.8
5,02:06,MANUAL,7800,0.0879,-65.17,0.50,10.95,42.92,0.4147,0.0,100.0,0.0,0.0,0.0,902.4,934.9
5,02:07,MANUAL,7860,0.0885,-65.10,0.50,11.17,43.31,0.3923,0.0,100.0,0.0,0.0,0.0,918.2,924.9
5,02:08,MANUAL,7920,0.0892,-65.03,0.50,11.01,41.33,0.4035,4.0,100.0,0.0,0.0,0.0,908.1,938.6
5,02:09,MANUAL,7980,0.0899,-64.95,0.50,10.79,42.70,0.3925,0.0,100.0,0.0,0.0,0.0,910.2,875.5
5,02:10,MANUAL,8040,0.0906,-64.88,0.50,11.52,43.96,0.3845,0.0,100.0,0.0,0.0,0.0,890.7,890.4
5,02:11,MANUAL,8100,0.0912,-64.80,0.50,11.03,42.35,0.3964,0.0,100.0,0.0,0.0,0.0,896.7,914.8
5,02:12,MANUAL,8160,0.0919,-64.73,0.50,11.33,41.57,0.3893,0.0,100.0,0.0,0.0,0.0,900.0,946.9
5,02:13,MANUAL,8220,0.0926,-64.65,0.50,11.80,43.47,0.3841,26.1,100.0,0.0,0.0,0.0,900.8,892.6
5,02:14,MANUAL,8280,0.0933,-64.58,0.50,11.67,41.43,0.3936,0.0,100.0,0.0,0.0,0.0,908.5,909.8
5,02:15,MANUAL,8340,0.0939,-64.50,0.50,11.64,44.20,0.3893,12.6,100.0,0.0,0.0,0.0,893.3,884.4
5,02:16,MANUAL,8400,0.0946,-64.42,0.50,11.85,43.52,0.3920,0.0,100.0,0.0,0.0,0.0,939.5,939.8
5,02:17,MANUAL,8460,0.0953,-64.35,0.50,11.51,41.81,0.4138,2.9,100.0,0.0,0.0,0.0,928.3,913.1
5,02:18,MANUAL,8520,0.0960,-64.27,0.50,11.90,42.39,0.3848,0.0,100.0,0.0,0.0,0.0,925.7,917.6
5,02:19,MANUAL,8580,0.0966,-64.19,0.50,11.82,42.35,0.3957,8.6,100.0,0.0,0.0,0.0,889.5,942.8
5,02:20,MANUAL,8640,0.0973,-64.11,0.50,11.83,43.02,0.4067,0.0,100.0,0.0,0.0,0.0,906.3,931.9
5,02:21,MANUAL,8700,0.0980,-64.03,0.50,11.50,42.13,0.4043,0.0,100.0,0.0,0.0,0.0,906.4,931.4
5,02:22,MANUAL,8760,0.0987,-63.95,0.50,12.04,42.65,0.4005,0.0,100.0,0.0,0.0,0.0,922.7,942.3
5,02:23,MANUAL,8820,0.0994,-63.87,0.50,12.18,42.86,0.3990,7.8,100.0,0.0,0.0,0.0,904.8,905.9
5,02:24,MANUAL,8880,0.1000,-63.79,0.50,12.09,39.95,0.4030,0.0,100.0,0.0,0.0,0.0,911.2,916.3
5,02:25,MANUAL,8940,0.1007,-63.71,0.50,12.28,40.26,0.4113,0.0,100.0,0.0,0.0,0.0,931.6,933.2
5,02:25,MANUAL,9000,0.1014,-63.63,0.50,12.17,42.35,0.4143,0.0,100.0,0.0,0.0,0.0,909.7,896.5
5,02:26,MANUAL,9060,0.1021,-63.54,0.50,12.12,42.66,0.3787,0.0,100.0,0.0,0.0,0.0,908.8,963.7
5,02:27,MANUAL,9120,0.1027,-63.46,0.50,12.29,42.62,0.4007,0.0,100.0,0.0,0.0,0.0,917.8,948.6
5,02:28,MANUAL,9180,0.1034,-63.38,0.50,12.57,42.78,0.3961,3.1,100.0,0.0,0.0,0.0,924.5,902.2
5,02:29,MANUAL,9240,0.1041,-63.29,0.50,12.48,41.05,0.3742,4.4,100.0,0.0,0.0,0.0,918.8,893.0
5,02:30,MANUAL,9300,0.1048,-63.21,0.50,12.56,43.29,0.3983,0.9,100.0,0.0,0.0,0.0,906.5,935.8
5,02:31,MANUAL,9360,0.1054,-63.13,0.50,12.81,41.69,0.3918,8.2,100.0,0.0,0.0,0.0,929.2,904.1
5,02:32,MANUAL,9420,0.1061,-63.04,0.50,12.98,41.34,0.3918,0.0,100.0,0.0,0.0,0.0,921.1,941.6
5,02:33,MANUAL,9480,0.1068,-62.95,0.50,13.21,38.39,0.4096,0.0,100.0,0.0,0.0,0.0,941.2,949.4
5,02:34,MANUAL,9540,0.1075,-62.87,0.50,12.77,40.80,0.4022,0.0,100.0,0.0,0.0,0.0,905.3,878.4
5,02:35,MANUAL,9600,0.1081,-62.78,0.50,12.72,39.82,0.3804,0.0,100.0,0.0,0.0,0.0,900.2,901.7
5,02:36,MANUAL,9660,0.1088,-62.70,0.50,13.27,41.77,0.4162,0.0,100.0,0.0,0.0,0.0,925.7,932.3
5,02:37,MANUAL,9720,0.1095,-62.61,0.50,13.11,40.17,0.3996,0.0,100.0,0.0,0.0,0.0,862.8,912.1
5,02:38,MANUAL,9780,0.1102,-62.52,0.50,13.35,40.81,0.3927,0.0,100.0,0.0,0.0,0.0,908.3,911.8
5,02:39,MANUAL,9840,0.1108,-62.43,0.50,13.20,40.57,0.3764,1.6,100.0,0.0,0.0,0.0,911.1,883.7
5,02:40,MANUAL,9900,0.1115,-62.34,0.50,13.49,39.13,0.4187,0.0,100.0,0.0,0.0,0.0,911.8,888.9
5,02:41,MANUAL,9960,0.1122,-62.25,0.50,13.42,39.91,0.3970,0.0,100.0,0.0,0.0,0.0,898.1,921.6
5,02:42,MANUAL,10020,0.1129,-62.16,0.50,13.51,38.01,0.4015,12.0,100.0,0.0,0.0,0.0,942.3,937.7
5,02:43,MANUAL,10080,0.1135,-62.07,0.50,13.53,38.42,0.3942,0.0,100.0,0.0,0.0,0.0,906.2,903.4
5,02:44,MANUAL,10140,0.1142,-61.98,0.50,14.06,39.70,0.3873,10.8,100.0,0.0,0.0,0.0,926.5,953.9
5,02:45,MANUAL,10200,0.1149,-61.89,0.50,13.63,40.05,0.3945,0.0,100.0,0.0,0.0,0.0,884.0,913.0
5,02:46,MANUAL,10260,0.1156,-61.80,0.50,13.62,39.52,0.3931,6.4,100.0,0.0,0.0,0.0,937.0,939.4
5,02:47,MANUAL,10320,0.1162,-61.71,0.50,13.93,37.85,0.3873,3.2,100.0,0.0,0.0,0.0,911.5,924.6
5,02:48,MANUAL,10380,0.1169,-61.62,0.50,14.13,40.53,0.4020,11.2,100.0,0.0,0.0,0.0,947.0,903.2
5,02:49,MANUAL,10440,0.1176,-61.52,0.50,14.22,40.80,0.3752,0.0,100.0,0.0,0.0,0.0,896.2,904.7
5,02:50,MANUAL,10500,0.1183,-61.43,0.50,14.17,39.56,0.3904,0.0,100.0,0.0,0.0,0.0,922.9,919.3
5,02:51,MANUAL,10560,0.1190,-61.34,0.50,14.23,38.20,0.3996,2.9,100.0,0.0,0.0,0.0,913.3,912.6
5,02:52,MANUAL,10620,0.1196,-61.24,0.50,14.01,39.39,0.4058,8.2,100.0,0.0,0.0,0.0,907.9,910.5
5,02:53,MANUAL,10680,0.1203,-61.15,0.50,14.67,39.10,0.3760,0.0,100.0,0.0,0.0,0.0,940.8,886.1
5,02:54,MANUAL,10740,0.1210,-61.05,0.50,14.34,39.43,0.3900,6.7,100.0,0.0,0.0,0.0,914.0,928.0
5,02:55,MANUAL,10800,0.1217,-60.96,0.50,14.72,38.31,0.3924,0.0,100.0,0.0,0.0,0.0,906.4,922.7
5,02:56,MANUAL,10860,0.1223,-60.86,0.50,14.83,37.76,0.3928,18.3,100.0,0.0,0.0,0.0,962.6,917.1
5,02:57,MANUAL,10920,0.1230,-60.77,0.50,14.75,37.91,0.4073,0.0,100.0,0.0,0.0,0.0,913.1,893.2
5,02:58,MANUAL,10980,0.1237,-60.67,0.50,14.68,36.94,0.4129,0.0,100.0,0.0,0.0,0.0,906.6,936.2
5,02:59,MANUAL,11040,0.1244,-60.57,0.50,15.05,36.23,0.4040,5.3,100.0,0.0,0.0,0.0,934.7,934.0
5,03:00,MANUAL,11100,0.1250,-60.48,0.50,15.37,37.07,0.3899,0.0,100.0,0.0,0.0,0.0,912.3,958.4
5,03:01,MANUAL,11160,0.1257,-60.38,0.50,15.27,40.44,0.4161,0.0,100.0,0.0,0.0,0.0,909.2,901.9
5,03:01,MANUAL,11220,0.1264,-60.28,0.50,15.40,38.89,0.3989,0.0,100.0,0.0,0.0,0.0,855.6,938.6
5,03:02,MANUAL,11280,0.1271,-60.18,0.50,15.59,37.37,0.4043,0.0,100.0,0.0,0.0,0.0,907.4,950.7
5,03:03,MANUAL,11340,0.1277,-60.08,0.50,15.65,37.48,0.4070,0.0,100.0,0.0,0.0,0.0,887.5,892.1
5,03:04,MANUAL,11400,0.1284,-59.98,0.50,15.73,37.97,0.4091,0.0,100.0,0.0,0.0,0.0,907.0,898.9
5,03:05,MANUAL,11460,0.1291,-59.88,0.50,15.64,37.24,0.4092,17.6,100.0,0.0,0.0,0.0,888.8,929.4
5,03:06,MANUAL,11520,0.1298,-59.78,0.50,16.15,36.88,0.4024,0.0,100.0,0.0,0.0,0.0,917.2,918.2
5,03:07,MANUAL,11580,0.1304,-59.68,0.50,15.89,36.74,0.3930,11.3,100.0,0.0,0.0,0.0,943.0,885.0
5,03:08,MANUAL,11640,0.1311,-59.58,0.50,15.95,38.88,0.4059,0.0,100.0,0.0,0.0,0.0,924.4,900.4
5,03:09,MANUAL,11700,0.1318,-59.48,0.50,16.21,36.50,0.4188,0.0,100.0,0.0,0.0,0.0,911.0,899.7
5,03:10,MANUAL,11760,0.1325,-59.38,0.50,16.23,36.60,0.3829,0.9,100.0,0.0,0.0,0.0,915.8,926.9
5,03:11,MANUAL,11820,0.1331,-59.28,0.50,16.57,37.30,0.4042,1.5,100.0,0.0,0.0,0.0,928.5,955.4
5,03:12,MANUAL,11880,0.1338,-59.17,0.50,16.39,36.45,0.3972,0.0,100.0,0.0,0.0,0.0,892.5,912.9
5,03:13,MANUAL,11940,0.1345,-59.07,0.50,16.01,35.34,0.3906,8.1,100.0,0.0,0.0,0.0,914.3,902.3
5,03:14,MANUAL,12000,0.1352,-58.97,0.50,16.50,36.05,0.3973,0.0,100.0,0.0,0.0,0.0,904.2,897.4
5,03:15,MANUAL,12060,0.1358,-58.86,0.50,17.03,35.07,0.4059,26.6,100.0,0.0,0.0,0.0,916.3,913.7
5,03:16,MANUAL,12120,0.1365,-58.76,0.50,16.89,37.13,0.4100,0.0,100.0,0.0,0.0,0.0,927.8,921.5
5,03:17,MANUAL,12180,0.1372,-58.65,0.50,16.85,35.30,0.4023,4.7,100.0,0.0,0.0,0.0,922.3,925.5
5,03:18,MANUAL,12240,0.1379,-58.55,0.50,16.83,35.31,0.4111,9.6,100.0,0.0,0.0,0.0,905.6,910.9
5,03:19,MANUAL,12300,0.1386,-58.44,0.50,16.85,35.98,0.3992,0.0,100.0,0.0,0.0,0.0,873.2,924.2
5,03:20,MANUAL,12360,0.1392,-58.34,0.50,17.41,35.93,0.4070,0.0,100.0,0.0,0.0,0.0,919.8,968.0
5,03:21,MANUAL,12420,0.1399,-58.23,0.50,17.16,35.82,0.3921,0.4,100.0,0.0,0.0,0.0,927.6,909.4
5,03:22,MANUAL,12480,0.1406,-58.12,0.50,17.57,35.69,0.4028,0.0,100.0,0.0,0.0,0.0,917.7,906.9
5,03:23,MANUAL,12540,0.1413,-58.02,0.50,17.30,35.54,0.3832,6.4,100.0,0.0,0.0,0.0,964.7,939.4
5,03:24,MANUAL,12600,0.1419,-57.91,0.50,17.10,34.32,0.3871,7.0,100.0,0.0,0.0,0.0,918.9,940.4
5,03:25,MANUAL,12660,0.1426,-57.80,0.50,17.66,33.22,0.4228,13.7,100.0,0.0,0.0,0.0,921.4,919.9
5,03:26,MANUAL,12720,0.1433,-57.70,0.50,17.77,34.58,0.3941,0.0,100.0,0.0,0.0,0.0,917.7,870.2
5,03:27,MANUAL,12780,0.1440,-57.59,0.50,17.79,33.42,0.3819,1.7,100.0,0.0,0.0,0.0,946.0,913.2
5,03:28,MANUAL,12840,0.1446,-57.48,0.50,17.84,32.84,0.4096,6.2,100.0,0.0,0.0,0.0,936.7,934.8
5,03:29,MANUAL,12900,0.1453,-57.37,0.50,18.04,35.23,0.3913,0.0,100.0,0.0,0.0,0.0,901.1,932.4
5,03:30,MANUAL,12960,0.1460,-57.26,0.50,18.17,32.85,0.4028,5.6,100.0,0.0,0.0,0.0,914.5,888.8
5,03:31,MANUAL,13020,0.1467,-57.15,0.50,18.15,33.57,0.3837,2.9,100.0,0.0,0.0,0.0,924.8,924.1
5,03:32,MANUAL,13080,0.1473,-57.04,0.50,18.62,34.39,0.4142,0.0,100.0,0.0,0.0,0.0,899.2,916.5
5,03:33,MANUAL,13140,0.1480,-56.93,0.50,18.52,33.61,0.3949,0.0,100.0,0.0,0.0,0.0,937.7,928.0
5,03:34,MANUAL,13200,0.1487,-56.82,0.50,18.46,34.50,0.3989,4.0,100.0,0.0,0.0,0.0,900.0,910.9
5,03:35,MANUAL,13260,0.1494,-56.71,0.50,18.68,33.32,0.3949,0.0,100.0,0.0,0.0,0.0,947.2,893.7
5,03:36,MANUAL,13320,0.1500,-56.60,0.50,18.83,34.17,0.3986,20.5,100.0,0.0,0.0,0.0,922.6,921.1
5,03:37,MANUAL,13380,0.1507,-56.48,0.50,19.05,33.60,0.3892,16.2,100.0,0.0,0.0,0.0,902.4,918.1
5,03:38,MANUAL,13440,0.1514,-56.37,0.50,19.11,33.50,0.4179,0.0,100.0,0.0,0.0,0.0,931.9,921.0
5,03:38,MANUAL,13500,0.1521,-56.26,0.50,18.91,33.16,0.3990,7.2,100.0,0.0,0.0,0.0,916.7,937.0
5,03:39,MANUAL,13560,0.1527,-56.15,0.50,19.36,33.12,0.4084,0.0,100.0,0.0,0.0,0.0,932.7,921.3
5,03:40,MANUAL,13620,0.1534,-56.03,0.50,19.53,33.00,0.3985,0.0,100.0,0.0,0.0,0.0,943.7,881.4
5,03:41,MANUAL,13680,0.1541,-55.92,0.50,19.21,32.04,0.4137,15.6,100.0,0.0,0.0,0.0,938.3,920.9
5,03:42,MANUAL,13740,0.1548,-55.81,0.50,19.57,32.16,0.4109,0.0,100.0,0.0,0.0,0.0,900.8,888.1
5,03:43,MANUAL,13800,0.1554,-55.69,0.50,19.39,30.94,0.3900,8.8,100.0,0.0,0.0,0.0,939.7,874.5
5,03:44,MANUAL,13860,0.1561,-55.58,0.50,20.09,33.05,0.4003,0.0,100.0,0.0,0.0,0.0,928.0,928.6
5,03:45,MANUAL,13920,0.1568,-55.46,0.50,20.35,32.60,0.3980,4.8,100.0,0.0,0.0,0.0,923.5,931.7
5,03:46,MANUAL,13980,0.1575,-55.35,0.50,19.83,32.52,0.4076,15.2,100.0,0.0,0.0,0.0,921.9,924.2
5,03:47,MANUAL,14040,0.1582,-55.23,0.50,19.91,32.21,0.3965,11.0,100.0,0.0,0.0,0.0,925.5,917.2
5,03:48,MANUAL,14100,0.1588,-55.12,0.50,20.12,30.66,0.4092,0.0,100.0,0.0,0.0,0.0,951.6,919.0
5,03:49,MANUAL,14160,0.1595,-55.00,0.50,20.22,31.57,0.3908,0.0,100.0,0.0,0.0,0.0,932.5,921.0
5,03:50,MANUAL,14220,0.1602,-54.88,0.50,20.46,31.93,0.3951,3.3,100.0,0.0,0.0,0.0,975.7,920.1
5,03:51,MANUAL,14280,0.1609,-54.77,0.50,20.56,29.57,0.4073,20.3,100.0,0.0,0.0,0.0,917.7,934.8
5,03:52,MANUAL,14340,0.1615,-54.65,0.50,20.62,29.57,0.3933,0.0,100.0,0.0,0.0,0.0,926.6,926.7
5,03:53,MANUAL,14400,0.1622,-54.53,0.50,20.86,29.53,0.4103,0.0,100.0,0.0,0.0,0.0,917.3,901.7
5,03:54,MANUAL,14460,0.1629,-54.41,0.50,20.82,30.36,0.4040,17.7,100.0,0.0,0.0,0.0,924.3,917.1
5,03:55,MANUAL,14520,0.1636,-54.30,0.50,21.01,31.43,0.4026,8.1,100.0,0.0,0.0,0.0,911.3,923.8
5,03:56,MANUAL,14580,0.1642,-54.18,0.50,21.15,30.82,0.3926,3.1,100.0,0.0,0.0,0.0,948.9,906.3
5,03:57,MANUAL,14640,0.1649,-54.06,0.50,21.16,31.68,0.3865,6.9,100.0,0.0,0.0,0.0,943.5,878.6
5,03:58,MANUAL,14700,0.1656,-53.94,0.50,21.16,30.44,0.3990,0.0,100.0,0.0,0.0,0.0,928.1,928.0
5,03:59,MANUAL,14760,0.1663,-53.82,0.50,21.62,29.11,0.4194,26.1,100.0,0.0,0.0,0.0,903.6,922.2
5,04:00,MANUAL,14820,0.1669,-53.70,0.50,21.30,31.58,0.3880,17.6,100.0,0.0,0.0,0.0,910.0,912.6
5,04:01,MANUAL,14880,0.1676,-53.58,0.50,21.63,28.46,0.3964,2.4,100.0,0.0,0.0,0.0,928.9,941.4
5,04:02,MANUAL,14940,0.1683,-53.46,0.50,21.84,28.80,0.3966,1.5,100.0,0.0,0.0,0.0,935.3,902.7
5,04:03,MANUAL,15000,0.1690,-53.34,0.50,21.73,30.34,0.4019,0.0,100.0,0.0,0.0,0.0,933.9,929.6
5,04:04,MANUAL,15060,0.1696,-53.22,0.50,21.76,30.84,0.3943,2.2,100.0,0.0,0.0,0.0,919.3,951.1
5,04:05,MANUAL,15120,0.1703,-53.10,0.50,22.46,28.93,0.4033,0.0,100.0,0.0,0.0,0.0,909.6,923.4
5,04:06,MANUAL,15180,0.1710,-52.98,0.50,22.21,28.64,0.4025,0.0,100.0,0.0,0.0,0.0,922.9,922.7
5,04:07,MANUAL,15240,0.1717,-52.86,0.50,22.15,29.43,0.4123,0.0,100.0,0.0,0.0,0.0,916.2,925.6
5,04:08,MANUAL,15300,0.1723,-52.74,0.50,22.49,27.42,0.3896,3.0,100.0,0.0,0.0,0.0,949.0,915.3
5,04:09,MANUAL,15360,0.1730,-52.61,0.50,22.67,28.20,0.3953,3.8,100.0,0.0,0.0,0.0,944.3,923.2
5,04:10,MANUAL,15420,0.1737,-52.49,0.50,22.84,29.00,0.3948,13.1,100.0,0.0,0.0,0.0,940.0,948.9
5,04:11,MANUAL,15480,0.1744,-52.37,0.50,22.80,28.97,0.3848,1.7,100.0,0.0,0.0,0.0,953.0,912.0
5,04:12,MANUAL,15540,0.1750,-52.25,0.50,22.86,27.23,0.3910,0.0,100.0,0.0,0.0,0.0,954.1,914.9
5,04:13,MANUAL,15600,0.1757,-52.12,0.50,23.14,29.11,0.4085,7.3,100.0,0.0,0.0,0.0,934.1,915.5
5,04:14,MANUAL,15660,0.1764,-52.00,0.50,23.41,27.97,0.4292,10.6,100.0,0.0,0.0,0.0,955.0,918.7
5,04:14,MANUAL,15720,0.1771,-51.88,0.50,23.76,28.94,0.3980,0.7,100.0,0.0,0.0,0.0,907.5,931.3
5,04:15,MANUAL,15780,0.1778,-51.75,0.50,23.54,26.53,0.3867,3.6,100.0,0.0,0.0,0.0,935.6,909.8
5,04:16,MANUAL,15840,0.1784,-51.63,0.50,23.46,25.82,0.3920,0.0,100.0,0.0,0.0,0.0,939.3,935.3
5,04:17,MANUAL,15900,0.1791,-51.50,0.50,23.79,27.01,0.3757,6.0,100.0,0.0,0.0,0.0,910.9,944.0
5,04:18,MANUAL,15960,0.1798,-51.38,0.50,23.87,27.31,0.4113,0.0,100.0,0.0,0.0,0.0,933.9,962.0
5,04:19,MANUAL,16020,0.1805,-51.25,0.50,23.90,26.99,0.3997,15.7,100.0,0.0,0.0,0.0,951.8,919.7
5,04:20,MANUAL,16080,0.1811,-51.13,0.50,24.13,26.79,0.3966,5.4,100.0,0.0,0.0,0.0,915.8,908.5
5,04:21,MANUAL,16140,0.1818,-51.00,0.50,24.01,26.07,0.4069,0.0,100.0,0.0,0.0,0.0,916.9,896.1
5,04:22,MANUAL,16200,0.1825,-50.88,0.50,24.49,26.62,0.4011,18.7,100.0,0.0,0.0,0.0,926.9,930.0
5,04:23,MANUAL,16260,0.1832,-50.75,0.50,24.39,26.34,0.3959,13.2,100.0,0.0,0.0,0.0,901.9,963.1
5,04:24,MANUAL,16320,0.1838,-50.63,0.50,24.53,27.31,0.3993,0.0,100.0,0.0,0.0,0.0,902.3,909.9
5,04:25,MANUAL,16380,0.1845,-50.50,0.50,24.37,25.02,0.3919,2.0,100.0,0.0,0.0,0.0,923.5,887.7
5,04:26,MANUAL,16440,0.1852,-50.37,0.50,24.64,27.47,0.3982,7.1,100.0,0.0,0.0,0.0,919.1,929.3
5,04:27,MANUAL,16500,0.1859,-50.25,0.50,24.93,25.94,0.4051,10.0,100.0,0.0,0.0,0.0,917.6,944.6
5,04:28,MANUAL,16560,0.1865,-50.12,0.50,24.73,27.41,0.3836,0.0,100.0,0.0,0.0,0.0,923.8,927.1
5,04:29,MANUAL,16620,0.1872,-49.99,0.50,25.11,26.21,0.4018,0.0,100.0,0.0,0.0,0.0,911.5,887.2
5,04:30,MANUAL,16680,0.1879,-49.86,0.50,24.92,24.93,0.3853,0.0,100.0,0.0,0.0,0.0,937.7,897.5
5,04:31,MANUAL,16740,0.1886,-49.74,0.50,25.34,27.08,0.3893,0.0,100.0,0.0,0.0,0.0,948.9,947.3
5,04:32,MANUAL,16800,0.1892,-49.61,0.50,25.21,27.70,0.3836,0.2,100.0,0.0,0.0,0.0,914.5,883.2
5,04:33,MANUAL,16860,0.1899,-49.48,0.50,25.36,26.75,0.3974,12.7,100.0,0.0,0.0,0.0,945.2,919.3
5,04:34,MANUAL,16920,0.1906,-49.35,0.50,25.95,26.51,0.4108,0.0,100.0,0.0,0.0,0.0,910.0,919.9
5,04:35,MANUAL,16980,0.1913,-49.22,0.50,25.82,25.30,0.3966,1.7,100.0,0.0,0.0,0.0,931.3,942.7
5,04:36,MANUAL,17040,0.1919,-49.09,0.50,25.85,25.63,0.4021,0.0,100.0,0.0,0.0,0.0,916.6,905.7
5,04:37,MANUAL,17100,0.1926,-48.96,0.50,26.01,24.33,0.3995,25.1,100.0,0.0,0.0,0.0,934.9,919.9
5,04:38,MANUAL,17160,0.1933,-48.84,0.50,26.22,24.05,0.4088,0.0,100.0,0.0,0.0,0.0,939.3,898.0
5,04:39,MANUAL,17220,0.1940,-48.71,0.50,26.24,24.04,0.3900,0.0,100.0,0.0,0.0,0.0,926.9,959.8
5,04:40,MANUAL,17280,0.1946,-48.58,0.50,26.37,25.44,0.4016,0.0,100.0,0.0,0.0,0.0,935.5,950.3
5,04:41,MANUAL,17340,0.1953,-48.45,0.50,26.73,24.54,0.3994,10.5,100.0,0.0,0.0,0.0,920.6,909.2
5,04:42,MANUAL,17400,0.1960,-48.32,0.50,26.59,24.71,0.3906,0.0,100.0,0.0,0.0,0.0,952.5,899.2
5,04:43,MANUAL,17460,0.1967,-48.19,0.50,26.93,24.41,0.4087,0.0,100.0,0.0,0.0,0.0,917.9,915.0
5,04:44,MANUAL,17520,0.1974,-48.06,0.50,27.12,25.90,0.3876,1.4,100.0,0.0,0.0,0.0,952.5,913.0
5,04:45,MANUAL,17580,0.1980,-47.93,0.50,26.92,25.89,0.4046,21.2,100.0,0.0,0.0,0.0,940.4,903.5
5,04:46,MANUAL,17640,0.1987,-47.79,0.50,27.03,24.13,0.4071,0.0,100.0,0.0,0.0,0.0,906.3,921.3
5,04:47,MANUAL,17700,0.1994,-47.66,0.50,27.60,24.73,0.3985,39.2,100.0,0.0,0.0,0.0,936.1,934.6
5,04:48,MANUAL,17760,0.2001,-47.53,0.50,27.42,22.78,0.3884,0.0,100.0,0.0,0.0,0.0,939.5,923.1
5,04:49,MANUAL,17820,0.2007,-47.40,0.50,27.56,24.37,0.4073,0.0,100.0,0.0,0.0,0.0,913.7,891.1
5,04:50,MANUAL,17880,0.2014,-47.27,0.50,27.70,24.74,0.3817,9.7,100.0,0.0,0.0,0.0,932.5,905.1
5,04:51,MANUAL,17940,0.2021,-47.14,0.50,27.91,23.34,0.3922,16.1,100.0,0.0,0.0,0.0,934.2,903.4
5,04:51,MANUAL,18000,0.2028,-47.01,0.50,28.51,24.16,0.3962,0.0,100.0,0.0,0.0,0.0,882.3,882.2
5,04:52,MANUAL,18060,0.2034,-46.87,0.50,28.01,22.49,0.4012,6.3,100.0,0.0,0.0,0.0,942.5,902.4
5,04:53,MANUAL,18120,0.2041,-46.74,0.50,28.13,22.48,0.3946,0.0,100.0,0.0,0.0,0.0,942.2,943.2
5,04:54,MANUAL,18180,0.2048,-46.61,0.50,28.18,24.73,0.4114,0.0,100.0,0.0,0.0,0.0,954.4,893.0
5,04:55,MANUAL,18240,0.2055,-46.48,0.50,28.50,22.74,0.3835,0.0,100.0,0.0,0.0,0.0,932.3,906.4
5,04:56,MANUAL,18300,0.2061,-46.34,0.50,28.69,22.72,0.4086,0.0,100.0,0.0,0.0,0.0,907.3,919.4
5,04:57,MANUAL,18360,0.2068,-46.21,0.50,29.05,23.49,0.4052,6.9,100.0,0.0,0.0,0.0,961.0,904.3
5,04:58,MANUAL,18420,0.2075,-46.08,0.50,28.84,22.25,0.4078,0.0,100.0,0.0,0.0,0.0,912.5,946.1
5,04:59,MANUAL,18480,0.2082,-45.94,0.50,29.15,22.11,0.3862,0.0,100.0,0.0,0.0,0.0,911.0,921.2
5,05:00,MANUAL,18540,0.2088,-45.81,0.50,28.94,19.55,0.4056,5.4,100.0,0.0,0.0,0.0,957.2,948.5
5,05:01,MANUAL,18600,0.2095,-45.68,0.50,29.24,23.50,0.3961,0.0,100.0,0.0,0.0,0.0,944.1,933.8
5,05:02,MANUAL,18660,0.2102,-45.54,0.50,28.99,24.12,0.4077,3.5,100.0,0.0,0.0,0.0,932.0,948.2
5,05:03,MANUAL,18720,0.2109,-45.41,0.50,29.63,22.95,0.4158,0.0,100.0,0.0,0.0,0.0,896.1,909.3
5,05:04,MANUAL,18780,0.2115,-45.28,0.50,29.40,23.12,0.4030,20.1,100.0,0.0,0.0,0.0,934.6,913.4
5,05:05,MANUAL,18840,0.2122,-45.14,0.50,29.94,24.72,0.4092,0.0,100.0,0.0,0.0,0.0,953.0,952.7
5,05:06,MANUAL,18900,0.2129,-45.01,0.50,29.73,21.75,0.4007,0.0,100.0,0.0,0.0,0.0,916.1,916.7
5,05:07,MANUAL,18960,0.2136,-44.87,0.50,29.60,20.80,0.3982,0.0,100.0,0.0,0.0,0.0,922.0,947.4
5,05:08,MANUAL,19020,0.2142,-44.74,0.50,30.20,23.03,0.3960,0.0,100.0,0.0,0.0,0.0,940.8,912.5
5,05:09,MANUAL,19080,0.2149,-44.60,0.50,30.37,21.33,0.4032,0.2,100.0,0.0,0.0,0.0,954.3,910.3
5,05:10,MANUAL,19140,0.2156,-44.47,0.50,30.27,21.69,0.4001,21.2,100.0,0.0,0.0,0.0,918.5,917.6
5,05:11,MANUAL,19200,0.2163,-44.33,0.50,30.54,19.66,0.3821,0.0,100.0,0.0,0.0,0.0,899.1,906.7
5,05:12,MANUAL,19260,0.2170,-44.20,0.50,30.84,20.63,0.4133,7.9,100.0,0.0,0.0,0.0,915.3,908.0
5,05:13,MANUAL,19320,0.2176,-44.06,0.50,30.60,21.21,0.3751,7.5,100.0,0.0,0.0,0.0,914.4,933.2
5,05:14,MANUAL,19380,0.2183,-43.93,0.50,30.88,20.30,0.3959,4.7,100.0,0.0,0.0,0.0,931.6,912.8
5,05:15,MANUAL,19440,0.2190,-43.79,0.50,31.10,21.27,0.4072,2.8,100.0,0.0,0.0,0.0,925.2,901.0
5,05:16,MANUAL,19500,0.2197,-43.66,0.50,31.75,20.28,0.3811,27.4,100.0,0.0,0.0,0.0,925.8,936.2
5,05:17,MANUAL,19560,0.2203,-43.52,0.50,31.68,21.41,0.4005,0.0,100.0,0.0,0.0,0.0,924.5,923.6
5,05:18,MANUAL,19620,0.2210,-43.39,0.50,31.47,20.57,0.4085,30.4,100.0,0.0,0.0,0.0,906.1,934.3
5,05:19,MANUAL,19680,0.2217,-43.25,0.50,31.63,20.16,0.3911,4.6,100.0,0.0,0.0,0.0,946.2,917.3
5,05:20,MANUAL,19740,0.2224,-43.12,0.50,31.54,21.11,0.3996,0.0,100.0,0.0,0.0,0.0,930.0,968.0
5,05:21,MANUAL,19800,0.2230,-42.98,0.50,31.71,19.06,0.3950,2.7,100.0,0.0,0.0,0.0,944.3,953.3
5,05:22,MANUAL,19860,0.2237,-42.84,0.50,32.34,21.99,0.4063,0.0,100.0,0.0,0.0,0.0,946.8,920.1
5,05:23,MANUAL,19920,0.2244,-42.71,0.50,32.09,19.04,0.3886,0.8,100.0,0.0,0.0,0.0,946.3,889.8
5,05:24,MANUAL,19980,0.2251,-42.57,0.50,32.18,20.93,0.3909,9.4,100.0,0.0,0.0,0.0,934.0,907.6
5,05:25,MANUAL,20040,0.2257,-42.43,0.50,32.64,19.56,0.4088,0.1,100.0,0.0,0.0,0.0,944.6,940.8
5,05:26,MANUAL,20100,0.2264,-42.30,0.50,32.34,20.18,0.3849,10.1,100.0,0.0,0.0,0.0,942.4,902.1
5,05:27,MANUAL,20160,0.2271,-42.16,0.50,32.93,22.46,0.4013,0.0,100.0,0.0,0.0,0.0,980.1,870.7
5,05:27,MANUAL,20220,0.2278,-42.03,0.50,33.06,19.97,0.4146,0.0,100.0,0.0,0.0,0.0,962.4,935.9
5,05:28,MANUAL,20280,0.2284,-41.89,0.50,33.18,18.77,0.3993,10.1,100.0,0.0,0.0,0.0,932.8,927.2
5,05:29,MANUAL,20340,0.2291,-41.75,0.50,33.32,19.15,0.3908,8.2,100.0,0.0,0.0,0.0,936.4,964.1
5,05:30,MANUAL,20400,0.2298,-41.61,0.50,33.02,21.48,0.4064,5.7,100.0,0.0,0.0,0.0,914.3,922.7
5,05:31,MANUAL,20460,0.2305,-41.48,0.50,33.68,18.27,0.4089,0.0,100.0,0.0,0.0,0.0,946.1,944.1
5,05:32,MANUAL,20520,0.2311,-41.34,0.50,33.61,19.38,0.3927,0.0,100.0,0.0,0.0,0.0,956.8,930.7
5,05:33,MANUAL,20580,0.2318,-41.20,0.50,33.71,18.23,0.4040,0.0,100.0,0.0,0.0,0.0,945.9,922.0
5,05:34,MANUAL,20640,0.2325,-41.07,0.50,33.22,18.83,0.3874,0.0,100.0,0.0,0.0,0.0,907.8,916.6
5,05:35,MANUAL,20700,0.2332,-40.93,0.50,33.97,19.02,0.3690,11.0,100.0,0.0,0.0,0.0,922.9,937.8
5,05:36,MANUAL,20760,0.2338,-40.79,0.50,34.20,19.04,0.3923,0.0,100.0,0.0,0.0,0.0,955.0,944.6
5,05:37,MANUAL,20820,0.2345,-40.65,0.50,33.91,18.16,0.3981,6.0,100.0,0.0,0.0,0.0,890.8,929.0
5,05:38,MANUAL,20880,0.2352,-40.52,0.50,34.39,19.46,0.4035,27.6,100.0,0.0,0.0,0.0,916.6,933.2
5,05:39,MANUAL,20940,0.2359,-40.38,0.50,34.76,17.19,0.3980,0.0,100.0,0.0,0.0,0.0,946.3,962.5
5,05:40,MANUAL,21000,0.2366,-40.24,0.50,34.46,18.08,0.3929,0.0,100.0,0.0,0.0,0.0,904.8,931.8
5,05:41,MANUAL,21060,0.2372,-40.11,0.50,34.62,18.94,0.3999,16.4,100.0,0.0,0.0,0.0,930.1,906.1
5,05:42,MANUAL,21120,0.2379,-39.97,0.50,34.72,18.20,0.4074,11.3,100.0,0.0,0.0,0.0,951.9,896.8
5,05:43,MANUAL,21180,0.2386,-39.83,0.50,34.68,18.27,0.3958,4.9,100.0,0.0,0.0,0.0,935.2,955.9
5,05:44,MANUAL,21240,0.2393,-39.69,0.50,35.07,19.70,0.3966,6.6,100.0,0.0,0.0,0.0,953.7,895.5
5,05:45,MANUAL,21300,0.2399,-39.55,0.50,35.19,18.07,0.3951,1.4,100.0,0.0,0.0,0.0,918.2,949.3
5,05:46,MANUAL,21360,0.2406,-39.42,0.50,35.85,16.52,0.4111,0.0,100.0,0.0,0.0,0.0,946.5,919.5
5,05:47,MANUAL,21420,0.2413,-39.28,0.50,35.25,18.03,0.4042,0.0,100.0,0.0,0.0,0.0,916.3,933.2
5,05:48,MANUAL,21480,0.2420,-39.14,0.50,35.79,19.24,0.4050,1.0,100.0,0.0,0.0,0.0,896.0,952.6
5,05:49,MANUAL,21540,0.2426,-39.00,0.50,35.65,18.60,0.3941,0.0,100.0,0.0,0.0,0.0,951.9,927.8
5,05:50,MANUAL,21600,0.2433,-38.87,0.50,36.32,17.72,0.3995,0.0,100.0,0.0,0.0,0.0,927.9,963.9
5,05:51,MANUAL,21660,0.2440,-38.73,0.50,36.30,17.32,0.3937,0.0,100.0,0.0,0.0,0.0,956.1,909.2
5,05:52,MANUAL,21720,0.2447,-38.59,0.50,36.03,16.97,0.4045,0.0,100.0,0.0,0.0,0.0,940.1,927.9
5,05:53,MANUAL,21780,0.2453,-38.45,0.50,36.17,18.60,0.3988,6.5,100.0,0.0,0.0,0.0,943.7,905.5
5,05:54,MANUAL,21840,0.2460,-38.31,0.50,36.64,14.99,0.3947,9.2,100.0,0.0,0.0,0.0,944.5,937.2
5,05:55,MANUAL,21900,0.2467,-38.18,0.50,36.60,17.61,0.3804,0.0,100.0,0.0,0.0,0.0,918.8,929.6
5,05:56,MANUAL,21960,0.2474,-38.04,0.50,36.68,17.38,0.3792,11.8,100.0,0.0,0.0,0.0,945.5,901.1
5,05:57,MANUAL,22020,0.2480,-37.90,0.50,36.81,18.38,0.4054,3.7,100.0,0.0,0.0,0.0,913.6,930.8
5,05:58,MANUAL,22080,0.2487,-37.76,0.50,37.23,17.04,0.4041,2.4,100.0,0.0,0.0,0.0,928.2,944.4
5,05:59,MANUAL,22140,0.2494,-37.62,0.50,37.46,16.43,0.4098,0.0,100.0,0.0,0.0,0.0,929.4,913.7
5,06:00,MANUAL,22200,0.2501,-37.49,0.50,37.66,16.22,0.4000,0.0,100.0,0.0,0.0,0.0,962.5,911.9
5,06:01,MANUAL,22260,0.2507,-37.35,0.50,37.54,16.11,0.4048,4.6,100.0,0.0,0.0,0.0,919.0,927.2
5,06:02,MANUAL,22320,0.2514,-37.21,0.50,37.74,15.44,0.4005,0.0,100.0,0.0,0.0,0.0,906.1,943.8
5,06:03,MANUAL,22380,0.2521,-37.07,0.50,38.04,15.57,0.3930,2.8,100.0,0.0,0.0,0.0,921.1,927.9
5,06:03,MANUAL,22440,0.2528,-36.93,0.50,38.14,16.63,0.3990,9.8,100.0,0.0,0.0,0.0,927.5,970.2
5,06:04,MANUAL,22500,0.2534,-36.80,0.50,38.13,18.77,0.4025,23.2,100.0,0.0,0.0,0.0,937.0,945.2
5,06:05,MANUAL,22560,0.2541,-36.66,0.50,37.99,19.77,0.4205,19.2,100.0,0.0,0.0,0.0,957.3,960.4
5,06:06,MANUAL,22620,0.2548,-36.52,0.50,38.24,19.07,0.3946,18.7,100.0,0.0,0.0,0.0,908.1,966.4
5,06:07,MANUAL,22680,0.2555,-36.38,0.50,38.59,20.46,0.3907,32.5,100.0,0.0,0.0,0.0,931.3,955.0
5,06:08,MANUAL,22740,0.2562,-36.24,0.50,38.75,21.79,0.4147,33.7,100.0,0.0,0.0,0.0,918.7,899.9
5,06:09,MANUAL,22800,0.2568,-36.11,0.50,39.33,23.26,0.3975,57.4,100.0,0.0,0.0,0.0,936.4,950.4
5,06:10,MANUAL,22860,0.2575,-35.97,0.50,38.67,21.81,0.3806,44.5,100.0,0.0,0.0,0.0,932.9,953.0
5,06:11,MANUAL,22920,0.2582,-35.83,0.50,39.02,25.11,0.3994,32.5,100.0,0.0,0.0,0.0,918.1,929.8
5,06:12,MANUAL,22980,0.2589,-35.69,0.50,38.93,23.39,0.3934,50.6,100.0,0.0,0.0,0.0,940.8,914.3
5,06:13,MANUAL,23040,0.2595,-35.55,0.50,39.84,27.96,0.3880,33.2,100.0,0.0,0.0,0.0,963.8,944.0
5,06:14,MANUAL,23100,0.2602,-35.42,0.50,39.99,28.09,0.3850,58.0,100.0,0.0,0.0,0.0,923.8,933.6
5,06:15,MANUAL,23160,0.2609,-35.28,0.50,39.67,28.24,0.4052,46.3,100.0,0.0,0.0,0.0,926.7,922.6
5,06:16,MANUAL,23220,0.2616,-35.14,0.50,40.07,33.77,0.3927,57.0,100.0,0.0,0.0,0.0,946.4,921.3
5,06:17,MANUAL,23280,0.2622,-35.00,0.50,40.33,33.16,0.3922,65.2,100.0,0.0,0.0,0.0,945.6,955.6
5,06:18,MANUAL,23340,0.2629,-34.87,0.50,40.40,33.57,0.3974,65.9,100.0,0.0,0.0,0.0,947.9,948.3
5,06:19,MANUAL,23400,0.2636,-34.73,0.50,40.35,35.44,0.4011,56.3,100.0,0.0,0.0,0.0,933.1,931.0
5,06:20,MANUAL,23460,0.2643,-34.59,0.50,40.72,36.46,0.3785,67.7,100.0,0.0,0.0,0.0,914.7,919.3
5,06:21,MANUAL,23520,0.2649,-34.45,0.50,40.77,38.26,0.3957,50.4,100.0,0.0,0.0,0.0,945.3,914.2
5,06:22,MANUAL,23580,0.2656,-34.32,0.50,40.87,37.26,0.3998,65.6,100.0,0.0,0.0,0.0,968.3,931.1
5,06:23,MANUAL,23640,0.2663,-34.18,0.50,41.05,40.13,0.3925,76.4,100.0,0.0,0.0,0.0,917.7,911.5
5,06:24,MANUAL,23700,0.2670,-34.04,0.50,41.46,42.66,0.3936,90.4,100.0,0.0,0.0,0.0,943.2,909.8
5,06:25,MANUAL,23760,0.2676,-33.90,0.50,41.53,44.63,0.3801,82.2,100.0,0.0,0.0,0.0,926.3,917.1
5,06:26,MANUAL,23820,0.2683,-33.77,0.50,41.78,44.59,0.4012,60.6,100.0,0.0,0.0,0.0,915.3,912.6
5,06:27,MANUAL,23880,0.2690,-33.63,0.50,41.71,46.48,0.3962,83.6,100.0,0.0,0.0,0.0,893.2,957.7
5,06:28,MANUAL,23940,0.2697,-33.49,0.50,42.20,48.38,0.3961,88.0,100.0,0.0,0.0,0.0,916.4,926.0
5,06:29,MANUAL,24000,0.2703,-33.36,0.50,42.24,46.65,0.3742,107.9,100.0,0.0,0.0,0.0,928.4,907.6
5,06:30,MANUAL,24060,0.2710,-33.22,0.50,42.46,49.29,0.3879,90.2,100.0,0.0,0.0,0.0,896.0,945.0
5,06:31,MANUAL,24120,0.2717,-33.08,0.50,42.58,49.08,0.3900,118.3,100.0,0.0,0.0,0.0,884.1,934.7
5,06:32,MANUAL,24180,0.2724,-32.95,0.50,42.47,52.22,0.4041,106.3,100.0,0.0,0.0,0.0,946.0,894.4
5,06:33,MANUAL,24240,0.2730,-32.81,0.50,43.08,51.22,0.4149,118.6,100.0,0.0,0.0,0.0,893.4,935.0
5,06:34,MANUAL,24300,0.2737,-32.67,0.50,43.20,53.61,0.3959,115.5,100.0,0.0,0.0,0.0,872.3,864.6
5,06:35,MANUAL,24360,0.2744,-32.54,0.50,43.39,52.71,0.3808,120.8,100.0,0.0,0.0,0.0,922.6,884.7
5,06:36,MANUAL,24420,0.2751,-32.40,0.50,43.42,54.74,0.4021,131.5,100.0,0.0,0.0,0.0,923.2,924.8
5,06:37,MANUAL,24480,0.2758,-32.26,0.50,43.83,55.16,0.3894,124.3,100.0,0.0,0.0,0.0,919.0,895.7
5,06:38,MANUAL,24540,0.2764,-32.13,0.50,43.73,57.35,0.4015,128.1,100.0,0.0,0.0,0.0,929.7,928.4
5,06:39,MANUAL,24600,0.2771,-31.99,0.50,44.03,55.44,0.3955,154.6,100.0,0.0,0.0,0.0,924.2,888.9
5,06:40,MANUAL,24660,0.2778,-31.86,0.50,44.27,56.43,0.3966,141.9,100.0,0.0,0.0,0.0,912.9,894.4
5,06:40,MANUAL,24720,0.2785,-31.72,0.50,44.59,57.94,0.3929,141.6,100.0,0.0,0.0,0.0,929.3,919.1
5,06:41,MANUAL,24780,0.2791,-31.58,0.50,44.45,55.60,0.3954,157.3,100.0,0.0,0.0,0.0,928.7,899.9
5,06:42,MANUAL,24840,0.2798,-31.45,0.50,44.91,58.38,0.3805,134.6,100.0,0.0,0.0,0.0,930.9,899.6
5,06:43,MANUAL,24900,0.2805,-31.31,0.50,44.93,55.24,0.4001,135.2,100.0,0.0,0.0,0.0,904.7,897.6
5,06:44,MANUAL,24960,0.2812,-31.18,0.50,45.40,54.80,0.3864,137.4,100.0,0.0,0.0,0.0,876.1,924.2
5,06:45,MANUAL,25020,0.2818,-31.04,0.50,45.40,56.05,0.4024,164.1,100.0,0.0,0.0,0.0,898.4,897.3
5,06:46,MANUAL,25080,0.2825,-30.91,0.50,45.72,56.07,0.3682,159.6,100.0,0.0,0.0,0.0,878.0,896.5
5,06:47,MANUAL,25140,0.2832,-30.77,0.50,45.93,56.13,0.3855,166.9,100.0,0.0,0.0,0.0,928.3,922.0
5,06:48,MANUAL,25200,0.2839,-30.64,0.50,45.94,55.44,0.4022,177.2,100.0,0.0,0.0,0.0,882.8,901.8
5,06:49,MANUAL,25260,0.2845,-30.50,0.50,46.11,57.19,0.3915,166.9,100.0,0.0,0.0,0.0,886.2,882.5
5,06:50,MANUAL,25320,0.2852,-30.37,0.50,46.20,55.67,0.4022,162.0,100.0,0.0,0.0,0.0,862.8,903.7
5,06:51,MANUAL,25380,0.2859,-30.23,0.50,46.78,55.89,0.3918,174.6,100.0,0.0,0.0,0.0,893.2,904.1
5,06:52,MANUAL,25440,0.2866,-30.10,0.50,46.86,57.15,0.3943,168.9,100.0,0.0,0.0,0.0,897.7,875.0
5,06:53,MANUAL,25500,0.2872,-29.96,0.50,46.77,56.01,0.4002,177.9,100.0,0.0,0.0,0.0,902.0,856.6
5,06:54,MANUAL,25560,0.2879,-29.83,0.50,47.21,57.70,0.3849,204.7,100.0,0.0,0.0,0.0,902.0,887.4
5,06:55,MANUAL,25620,0.2886,-29.70,0.50,47.08,57.94,0.3931,198.3,100.0,0.0,0.0,0.0,886.9,900.3
5,06:56,MANUAL,25680,0.2893,-29.56,0.50,47.80,54.72,0.3939,186.7,100.0,0.0,0.0,0.0,888.2,868.5
5,06:57,MANUAL,25740,0.2899,-29.43,0.50,47.22,57.72,0.3817,211.2,100.0,0.0,0.0,0.0,915.9,904.5
5,06:58,MANUAL,25800,0.2906,-29.29,0.50,47.71,53.90,0.3876,204.8,100.0,0.0,0.0,0.0,912.9,848.6
5,06:59,MANUAL,25860,0.2913,-29.16,0.50,48.14,54.84,0.3796,192.9,100.0,0.0,0.0,0.0,900.3,874.8
5,07:00,MANUAL,25920,0.2920,-29.03,0.50,48.01,54.68,0.3865,210.2,100.0,0.0,0.0,0.0,875.6,890.1
5,07:01,MANUAL,25980,0.2926,-28.89,0.50,48.78,56.95,0.3883,213.3,100.0,0.0,0.0,0.0,899.0,899.2
5,07:02,MANUAL,26040,0.2933,-28.76,0.50,48.42,55.72,0.3840,231.0,100.0,0.0,0.0,0.0,910.8,903.2
5,07:03,MANUAL,26100,0.2940,-28.63,0.50,48.81,54.40,0.3805,213.0,100.0,0.0,0.0,0.0,923.5,868.7
5,07:04,MANUAL,26160,0.2947,-28.50,0.50,48.75,55.33,0.3940,232.8,100.0,0.0,0.0,0.0,855.8,895.3
5,07:05,MANUAL,26220,0.2954,-28.36,0.50,48.78,55.57,0.3849,215.1,100.0,0.0,0.0,0.0,930.5,852.0
5,07:06,MANUAL,26280,0.2960,-28.23,0.50,49.39,54.80,0.3884,220.0,100.0,0.0,0.0,0.0,857.0,895.1
5,07:07,MANUAL,26340,0.2967,-28.10,0.50,49.42,55.81,0.3889,234.2,100.0,0.0,0.0,0.0,891.3,887.9
5,07:08,MANUAL,26400,0.2974,-27.97,0.50,49.34,54.56,0.3884,222.8,100.0,0.0,0.0,0.0,906.4,921.8
5,07:09,MANUAL,26460,0.2981,-27.84,0.50,49.84,52.53,0.4170,220.7,100.0,0.0,0.0,0.0,867.6,880.4
5,07:10,MANUAL,26520,0.2987,-27.70,0.50,50.28,55.07,0.3832,229.5,100.0,0.0,0.0,0.0,883.3,897.8
5,07:11,MANUAL,26580,0.2994,-27.57,0.50,50.24,53.75,0.3967,241.4,100.0,0.0,0.0,0.0,888.4,872.9
5,07:12,MANUAL,26640,0.3001,-27.44,0.50,50.43,52.04,0.3897,247.3,100.0,0.0,0.0,0.0,933.5,878.8
5,07:13,MANUAL,26700,0.3008,-27.31,0.50,50.49,51.67,0.3875,231.7,100.0,0.0,0.0,0.0,926.0,866.9
5,07:14,MANUAL,26760,0.3014,-27.18,0.50,50.48,51.31,0.3885,258.0,100.0,0.0,0.0,0.0,906.0,893.9
5,07:15,MANUAL,26820,0.3021,-27.05,0.50,50.83,52.10,0.3838,258.1,100.0,0.0,0.0,0.0,874.9,892.0
5,07:16,MANUAL,26880,0.3028,-26.92,0.50,50.99,51.83,0.3968,270.1,100.0,0.0,0.0,0.0,876.4,879.3
5,07:16,MANUAL,26940,0.3035,-26.79,0.50,50.82,51.44,0.3870,267.3,100.0,0.0,0.0,0.0,903.7,912.4
5,07:17,MANUAL,27000,0.3041,-26.66,0.50,51.36,51.32,0.3994,246.8,100.0,0.0,0.0,0.0,921.0,880.6
5,07:18,MANUAL,27060,0.3048,-26.53,0.50,51.52,52.20,0.4054,269.9,100.0,0.0,0.0,0.0,900.6,884.4
5,07:19,MANUAL,27120,0.3055,-26.40,0.50,51.76,49.21,0.3727,264.8,100.0,0.0,0.0,0.0,890.5,922.6
5,07:20,MANUAL,27180,0.3062,-26.27,0.50,51.76,48.83,0.3914,258.3,100.0,0.0,0.0,0.0,873.9,857.2
5,07:21,MANUAL,27240,0.3068,-26.14,0.50,51.97,49.17,0.3980,271.6,100.0,0.0,0.0,0.0,879.7,890.3
5,07:22,MANUAL,27300,0.3075,-26.01,0.50,52.17,47.39,0.3901,288.9,100.0,0.0,0.0,0.0,881.9,905.9
5,07:23,MANUAL,27360,0.3082,-25.88,0.50,52.22,47.63,0.3824,275.9,100.0,0.0,0.0,0.0,885.7,891.5
5,07:24,MANUAL,27420,0.3089,-25.75,0.50,52.84,47.45,0.3865,286.8,100.0,0.0,0.0,0.0,897.1,905.2
5,07:25,MANUAL,27480,0.3095,-25.62,0.50,52.84,46.61,0.4046,296.0,100.0,0.0,0.0,0.0,858.0,855.1
5,07:26,MANUAL,27540,0.3102,-25.49,0.50,52.95,48.71,0.3971,295.7,100.0,0.0,0.0,0.0,879.8,872.1
5,07:27,MANUAL,27600,0.3109,-25.37,0.50,53.09,45.89,0.3754,289.5,100.0,0.0,0.0,0.0,871.3,857.2
5,07:28,MANUAL,27660,0.3116,-25.24,0.50,53.30,46.48,0.3845,301.5,100.0,0.0,0.0,0.0,923.5,858.2
5,07:29,MANUAL,27720,0.3123,-25.11,0.50,53.41,45.26,0.4060,303.0,100.0,0.0,0.0,0.0,896.6,882.2
5,07:30,MANUAL,27780,0.3129,-24.98,0.50,53.79,44.32,0.3776,300.8,100.0,0.0,0.0,0.0,870.2,866.7
5,07:31,MANUAL,27840,0.3136,-24.86,0.50,53.91,46.34,0.4021,304.6,100.0,0.0,0.0,0.0,908.7,900.5
5,07:32,MANUAL,27900,0.3143,-24.73,0.50,54.30,44.99,0.3879,293.2,100.0,0.0,0.0,0.0,903.4,889.2
5,07:33,MANUAL,27960,0.3150,-24.60,0.50,54.37,42.45,0.4120,302.6,100.0,0.0,0.0,0.0,864.4,873.8
5,07:34,MANUAL,28020,0.3156,-24.47,0.50,54.42,45.61,0.3926,310.6,100.0,0.0,0.0,0.0,912.2,912.9
5,07:35,MANUAL,28080,0.3163,-24.35,0.50,54.74,44.42,0.3864,321.5,100.0,0.0,0.0,0.0,881.0,892.7
5,07:36,MANUAL,28140,0.3170,-24.22,0.50,54.56,43.17,0.3728,324.5,100.0,0.0,0.0,0.0,883.0,901.5
5,07:37,MANUAL,28200,0.3177,-24.10,0.50,54.73,42.04,0.3861,328.7,100.0,0.0,0.0,0.0,921.0,888.0
5,07:38,MANUAL,28260,0.3183,-23.97,0.50,54.75,42.05,0.3974,339.6,100.0,0.0,0.0,0.0,890.6,946.9
5,07:39,MANUAL,28320,0.3190,-23.85,0.50,55.40,42.14,0.3796,335.5,100.0,0.0,0.0,0.0,881.5,874.8
5,07:40,MANUAL,28380,0.3197,-23.72,0.50,55.65,42.55,0.3908,332.1,100.0,0.0,0.0,0.0,877.2,916.3
5,07:41,MANUAL,28440,0.3204,-23.60,0.50,55.81,40.86,0.3829,345.7,100.0,0.0,0.0,0.0,891.8,903.0
5,07:42,MANUAL,28500,0.3210,-23.47,0.50,55.81,41.19,0.3917,336.2,100.0,0.0,0.0,0.0,888.1,918.6
5,07:43,MANUAL,28560,0.3217,-23.35,0.50,55.73,40.82,0.3841,346.2,100.0,0.0,0.0,0.0,927.1,875.2
5,07:44,MANUAL,28620,0.3224,-23.22,0.50,55.80,41.21,0.3884,350.1,100.0,0.0,0.0,0.0,890.2,907.0
5,07:45,MANUAL,28680,0.3231,-23.10,0.50,56.37,40.23,0.3753,349.0,100.0,0.0,0.0,0.0,882.0,887.3
5,07:46,MANUAL,28740,0.3237,-22.98,0.50,56.88,40.16,0.3867,359.2,100.0,0.0,0.0,0.0,859.7,878.9
5,07:47,MANUAL,28800,0.3244,-22.85,0.50,56.38,39.82,0.3974,359.2,100.0,0.0,0.0,0.0,860.0,928.9
5,07:48,MANUAL,28860,0.3251,-22.73,0.50,57.01,39.90,0.4002,372.6,100.0,0.0,0.0,0.0,925.1,883.1
5,07:49,MANUAL,28920,0.3258,-22.61,0.50,56.93,37.66,0.3891,359.2,100.0,0.0,0.0,0.0,896.6,878.2
5,07:50,MANUAL,28980,0.3264,-22.48,0.50,57.31,37.64,0.4062,366.4,100.0,0.0,0.0,0.0,916.3,931.5
5,07:51,MANUAL,29040,0.3271,-22.36,0.50,57.43,37.64,0.3874,386.3,100.0,0.0,0.0,0.0,907.9,860.2
5,07:52,MANUAL,29100,0.3278,-22.24,0.50,57.32,37.05,0.3702,380.4,100.0,0.0,0.0,0.0,897.8,839.4
5,07:52,MANUAL,29160,0.3285,-22.12,0.50,57.66,37.30,0.3906,373.2,100.0,0.0,0.0,0.0,938.1,884.0
5,07:53,MANUAL,29220,0.3291,-22.00,0.50,57.88,37.10,0.3995,401.1,100.0,0.0,0.0,0.0,898.8,896.8
5,07:54,MANUAL,29280,0.3298,-21.87,0.50,57.83,38.25,0.4052,365.8,100.0,0.0,0.0,0.0,894.8,921.8
5,07:55,MANUAL,29340,0.3305,-21.75,0.50,58.43,36.23,0.4007,367.0,100.0,0.0,0.0,0.0,886.8,900.1
5,07:56,MANUAL,29400,0.3312,-21.63,0.50,58.33,35.12,0.3818,383.0,100.0,0.0,0.0,0.0,866.7,860.9
5,07:57,MANUAL,29460,0.3319,-21.51,0.50,58.18,36.24,0.3963,382.7,100.0,0.0,0.0,0.0,877.6,885.2
5,07:58,MANUAL,29520,0.3325,-21.39,0.50,58.37,35.58,0.3905,383.2,100.0,0.0,0.0,0.0,887.9,889.8
5,07:59,MANUAL,29580,0.3332,-21.27,0.50,58.72,37.54,0.3951,400.9,100.0,0.0,0.0,0.0,931.7,868.4
5,08:00,MANUAL,29640,0.3339,-21.15,0.50,59.11,36.82,0.3952,406.8,100.0,0.0,0.0,0.0,848.7,940.2
5,08:01,MANUAL,29700,0.3346,-21.03,0.50,59.12,35.88,0.3891,395.8,100.0,0.0,0.0,0.0,867.6,892.1
5,08:02,MANUAL,29760,0.3352,-20.92,0.50,59.52,34.50,0.3736,402.1,100.0,0.0,0.0,0.0,859.7,904.1
5,08:03,MANUAL,29820,0.3359,-20.80,0.50,59.39,35.17,0.4070,420.0,100.0,0.0,0.0,0.0,888.8,889.1
5,08:04,MANUAL,29880,0.3366,-20.68,0.50,59.57,34.84,0.3907,397.6,100.0,0.0,0.0,0.0,893.7,893.7
5,08:05,MANUAL,29940,0.3373,-20.56,0.50,59.63,32.16,0.3950,395.7,100.0,0.0,0.0,0.0,907.6,874.1
5,08:06,MANUAL,30000,0.3379,-20.44,0.50,60.11,33.81,0.3869,408.2,100.0,0.0,0.0,0.0,888.0,936.0
5,08:07,MANUAL,30060,0.3386,-20.33,0.50,60.11,33.30,0.4073,421.9,100.0,0.0,0.0,0.0,896.5,938.5
5,08:08,MANUAL,30120,0.3393,-20.21,0.50,60.16,34.02,0.4085,419.6,100.0,0.0,0.0,0.0,895.5,920.9
5,08:09,MANUAL,30180,0.3400,-20.09,0.50,60.45,32.65,0.4025,439.0,100.0,0.0,0.0,0.0,882.8,907.2
5,08:10,MANUAL,30240,0.3406,-19.98,0.50,60.64,34.56,0.4011,427.7,100.0,0.0,0.0,0.0,910.0,902.0
5,08:11,MANUAL,30300,0.3413,-19.86,0.50,60.76,34.44,0.3932,431.5,100.0,0.0,0.0,0.0,879.2,897.4
5,08:12,MANUAL,30360,0.3420,-19.74,0.50,60.77,33.22,0.3890,426.4,100.0,0.0,0.0,0.0,882.1,875.9
5,08:13,MANUAL,30420,0.3427,-19.63,0.50,61.01,32.81,0.3938,450.9,100.0,0.0,0.0,0.0,888.6,911.7
5,08:14,MANUAL,30480,0.3433,-19.51,0.50,60.85,32.69,0.3937,442.2,100.0,0.0,0.0,0.0,901.2,920.3
5,08:15,MANUAL,30540,0.3440,-19.40,0.50,61.35,32.51,0.3700,431.0,100.0,0.0,0.0,0.0,916.2,891.9
5,08:16,MANUAL,30600,0.3447,-19.28,0.50,61.61,35.64,0.3966,437.3,100.0,0.0,0.0,0.0,910.2,892.8
5,08:17,MANUAL,30660,0.3454,-19.17,0.50,61.82,34.01,0.4040,436.2,100.0,0.0,0.0,0.0,883.8,920.3
5,08:18,MANUAL,30720,0.3460,-19.06,0.50,61.94,33.17,0.3994,439.9,100.0,0.0,0.0,0.0,899.1,886.9
5,08:19,MANUAL,30780,0.3467,-18.94,0.50,62.32,33.19,0.3758,465.9,100.0,0.0,0.0,0.0,914.6,914.2
5,08:20,MANUAL,30840,0.3474,-18.83,0.50,62.31,33.88,0.4006,446.2,100.0,0.0,0.0,0.0,907.4,895.3
5,08:21,MANUAL,30900,0.3481,-18.72,0.50,62.17,34.98,0.4126,455.9,100.0,0.0,0.0,0.0,896.8,888.2
5,08:22,MANUAL,30960,0.3487,-18.60,0.50,62.75,34.18,0.3592,457.0,100.0,0.0,0.0,0.0,917.8,938.0
5,08:23,MANUAL,31020,0.3494,-18.49,0.50,62.51,33.78,0.3882,450.1,100.0,0.0,0.0,0.0,931.4,904.0
5,08:24,MANUAL,31080,0.3501,-18.38,0.50,62.99,32.99,0.4075,479.6,100.0,0.0,0.0,0.0,899.3,899.1
5,08:25,MANUAL,31140,0.3508,-18.27,0.50,62.99,34.08,0.3902,465.2,100.0,0.0,0.0,0.0,884.9,889.6
5,08:26,MANUAL,31200,0.3515,-18.16,0.50,63.55,34.16,0.3957,478.5,100.0,0.0,0.0,0.0,875.8,868.6
5,08:27,MANUAL,31260,0.3521,-18.05,0.50,63.31,35.32,0.3967,489.1,100.0,0.0,0.0,0.0,860.2,898.9
5,08:28,MANUAL,31320,0.3528,-17.94,0.50,63.79,33.59,0.3882,474.2,100.0,0.0,0.0,0.0,913.4,896.7
5,08:29,MANUAL,31380,0.3535,-17.83,0.50,63.75,36.65,0.3902,484.8,100.0,0.0,0.0,0.0,893.2,895.0
5,08:29,MANUAL,31440,0.3542,-17.72,0.50,63.83,36.42,0.3983,471.4,100.0,0.0,0.0,0.0,894.8,901.1
5,08:30,MANUAL,31500,0.3548,-17.61,0.50,64.05,34.10,0.3995,479.3,100.0,0.0,0.0,0.0,897.8,897.5
5,08:31,MANUAL,31560,0.3555,-17.50,0.50,63.89,34.99,0.4029,510.7,100.0,0.0,0.0,0.0,874.2,887.7
5,08:32,MANUAL,31620,0.3562,-17.39,0.50,64.40,34.63,0.4041,472.4,100.0,0.0,0.0,0.0,850.1,867.5
5,08:33,MANUAL,31680,0.3569,-17.28,0.50,64.51,33.95,0.4155,491.2,100.0,0.0,0.0,0.0,877.4,868.3
5,08:34,MANUAL,31740,0.3575,-17.17,0.50,64.50,35.09,0.3992,499.4,100.0,0.0,0.0,0.0,893.8,911.0
5,08:35,MANUAL,31800,0.3582,-17.07,0.50,64.72,34.03,0.3929,486.2,100.0,0.0,0.0,0.0,893.2,916.4
5,08:36,MANUAL,31860,0.3589,-16.96,0.50,64.80,34.69,0.3942,494.7,100.0,0.0,0.0,0.0,925.8,905.9
5,08:37,MANUAL,31920,0.3596,-16.85,0.50,65.20,35.04,0.3951,509.5,100.0,0.0,0.0,0.0,902.4,899.0
5,08:38,MANUAL,31980,0.3602,-16.75,0.50,65.17,34.99,0.3846,515.3,100.0,0.0,0.0,0.0,921.6,895.5
5,08:39,MANUAL,32040,0.3609,-16.64,0.50,65.21,34.09,0.3901,513.9,100.0,0.0,0.0,0.0,888.5,895.4
5,08:40,MANUAL,32100,0.3616,-16.53,0.50,65.49,34.94,0.4076,502.5,100.0,0.0,0.0,0.0,914.4,891.3
5,08:41,MANUAL,32160,0.3623,-16.43,0.50,65.43,34.42,0.3820,518.1,100.0,0.0,0.0,0.0,898.9,895.7
5,08:42,MANUAL,32220,0.3629,-16.32,0.50,65.77,33.90,0.3903,515.6,100.0,0.0,0.0,0.0,918.0,915.6
5,08:43,MANUAL,32280,0.3636,-16.22,0.50,65.97,34.42,0.4018,525.8,100.0,0.0,0.0,0.0,894.5,878.1
5,08:44,MANUAL,32340,0.3643,-16.12,0.50,65.91,33.76,0.4127,524.3,100.0,0.0,0.0,0.0,909.2,928.6
5,08:45,MANUAL,32400,0.3650,-16.01,0.50,66.35,34.51,0.3913,536.0,100.0,0.0,0.0,0.0,878.9,923.6
5,08:46,MANUAL,32460,0.3656,-15.91,0.50,66.41,34.02,0.3900,532.0,100.0,0.0,0.0,0.0,923.1,916.5
5,08:47,MANUAL,32520,0.3663,-15.81,0.50,66.66,33.61,0.4106,519.9,100.0,0.0,0.0,0.0,911.5,906.2
5,08:48,MANUAL,32580,0.3670,-15.70,0.50,66.62,35.21,0.3903,533.2,100.0,0.0,0.0,0.0,882.6,891.3
5,08:49,MANUAL,32640,0.3677,-15.60,0.50,66.81,34.34,0.4037,532.7,100.0,0.0,0.0,0.0,913.1,921.5
5,08:50,MANUAL,32700,0.3683,-15.50,0.50,66.91,33.93,0.4086,552.7,100.0,0.0,0.0,0.0,891.5,894.2
5,08:51,MANUAL,32760,0.3690,-15.40,0.50,66.86,34.64,0.3894,535.2,100.0,0.0,0.0,0.0,892.8,869.5
5,08:52,MANUAL,32820,0.3697,-15.30,0.50,66.93,34.40,0.4069,550.8,100.0,0.0,0.0,0.0,867.9,931.8
5,08:53,MANUAL,32880,0.3704,-15.20,0.50,67.17,34.76,0.3866,553.9,100.0,0.0,0.0,0.0,907.3,909.0
5,08:54,MANUAL,32940,0.3711,-15.10,0.50,67.57,33.71,0.3894,562.3,100.0,0.0,0.0,0.0,890.2,895.9
5,08:55,MANUAL,33000,0.3717,-15.00,0.50,67.60,35.93,0.3886,559.7,100.0,0.0,0.0,0.0,911.4,935.5
5,08:56,MANUAL,33060,0.3724,-14.90,0.50,67.97,33.84,0.3748,572.8,100.0,0.0,0.0,0.0,890.2,860.2
5,08:57,MANUAL,33120,0.3731,-14.80,0.50,68.10,33.93,0.4111,564.2,100.0,0.0,0.0,0.0,910.4,886.1
5,08:58,MANUAL,33180,0.3738,-14.70,0.50,67.88,33.84,0.4066,564.6,100.0,0.0,0.0,0.0,881.4,907.5
5,08:59,MANUAL,33240,0.3744,-14.60,0.50,68.35,32.93,0.3714,541.8,100.0,0.0,0.0,0.0,900.1,898.1
5,09:00,MANUAL,33300,0.3751,-14.50,0.50,68.32,34.17,0.3858,560.2,100.0,0.0,0.0,0.0,889.4,860.1
5,09:01,MANUAL,33360,0.3758,-14.41,0.50,68.83,34.80,0.3870,565.4,100.0,0.0,0.0,0.0,906.6,875.5
5,09:02,MANUAL,33420,0.3765,-14.31,0.50,68.99,34.63,0.3942,562.2,100.0,0.0,0.0,0.0,909.0,901.9
5,09:03,MANUAL,33480,0.3771,-14.21,0.50,68.99,35.11,0.3927,584.5,100.0,0.0,0.0,0.0,904.3,898.5
5,09:04,MANUAL,33540,0.3778,-14.12,0.50,69.09,33.53,0.4070,560.8,100.0,0.0,0.0,0.0,866.0,928.2
5,09:05,MANUAL,33600,0.3785,-14.02,0.50,69.09,32.47,0.3959,579.5,100.0,0.0,0.0,0.0,898.5,880.5
5,09:05,MANUAL,33660,0.3792,-13.93,0.50,69.67,34.23,0.4021,568.9,100.0,0.0,0.0,0.0,926.2,910.2
5,09:06,MANUAL,33720,0.3798,-13.83,0.50,69.61,33.20,0.3923,584.2,100.0,0.0,0.0,0.0,910.3,900.7
5,09:07,MANUAL,33780,0.3805,-13.74,0.50,69.39,35.57,0.3903,576.0,100.0,0.0,0.0,0.0,879.3,887.9
5,09:08,MANUAL,33840,0.3812,-13.64,0.50,69.41,35.27,0.3881,608.3,100.0,0.0,0.0,0.0,899.6,912.9
5,09:09,MANUAL,33900,0.3819,-13.55,0.50,69.66,33.03,0.3910,592.1,100.0,0.0,0.0,0.0,915.2,912.5
5,09:10,MANUAL,33960,0.3825,-13.46,0.50,69.75,36.13,0.4058,571.9,100.0,0.0,0.0,0.0,919.5,904.6
5,09:11,MANUAL,34020,0.3832,-13.36,0.50,69.42,32.77,0.3870,591.9,100.0,0.0,0.0,0.0,893.2,887.8
5,09:12,MANUAL,34080,0.3839,-13.27,0.50,70.30,33.97,0.4108,563.8,100.0,0.0,0.0,0.0,903.4,886.8
5,09:13,MANUAL,34140,0.3846,-13.18,0.50,70.36,33.19,0.4036,582.3,100.0,0.0,0.0,0.0,882.3,912.0
5,09:14,MANUAL,34200,0.3852,-13.09,0.50,70.48,33.53,0.3941,611.0,100.0,0.0,0.0,0.0,925.4,914.8
5,09:15,MANUAL,34260,0.3859,-13.00,0.50,70.59,35.48,0.4019,596.7,100.0,0.0,0.0,0.0,916.6,953.6
5,09:16,MANUAL,34320,0.3866,-12.91,0.50,70.57,33.75,0.3975,621.7,100.0,0.0,0.0,0.0,920.9,927.8
5,09:17,MANUAL,34380,0.3873,-12.82,0.50,70.85,34.44,0.3872,624.0,100.0,0.0,0.0,0.0,929.0,862.6
5,09:18,MANUAL,34440,0.3879,-12.73,0.50,71.12,33.19,0.3861,606.4,100.0,0.0,0.0,0.0,917.2,904.3
5,09:19,MANUAL,34500,0.3886,-12.64,0.50,71.26,35.43,0.3823,612.4,100.0,0.0,0.0,0.0,865.6,896.5
5,09:20,MANUAL,34560,0.3893,-12.55,0.50,71.33,33.16,0.4038,599.9,100.0,0.0,0.0,0.0,881.0,901.8
5,09:21,MANUAL,34620,0.3900,-12.46,0.50,71.51,34.09,0.3877,612.8,100.0,0.0,0.0,0.0,910.4,914.6
5,09:22,MANUAL,34680,0.3907,-12.37,0.50,71.58,33.14,0.4055,618.5,100.0,0.0,0.0,0.0,900.1,894.2
5,09:23,MANUAL,34740,0.3913,-12.29,0.50,71.40,32.19,0.3990,608.2,100.0,0.0,0.0,0.0,891.0,904.4
5,09:24,MANUAL,34800,0.3920,-12.20,0.50,72.10,33.19,0.3990,627.2,100.0,0.0,0.0,0.0,902.8,878.9
5,09:25,MANUAL,34860,0.3927,-12.11,0.50,71.78,34.41,0.4015,630.1,100.0,0.0,0.0,0.0,906.9,877.9
5,09:26,MANUAL,34920,0.3934,-12.03,0.50,72.52,35.56,0.3952,611.5,100.0,0.0,0.0,0.0,904.8,922.1
5,09:27,MANUAL,34980,0.3940,-11.94,0.50,72.11,34.75,0.3946,627.6,100.0,0.0,0.0,0.0,888.1,862.2
5,09:28,MANUAL,35040,0.3947,-11.86,0.50,71.78,34.51,0.3980,625.5,100.0,0.0,0.0,0.0,932.1,902.1
5,09:29,MANUAL,35100,0.3954,-11.77,0.50,72.12,34.70,0.3984,641.4,100.0,0.0,0.0,0.0,891.2,893.9
5,09:30,MANUAL,35160,0.3961,-11.69,0.50,72.49,35.98,0.3881,629.5,100.0,0.0,0.0,0.0,904.9,876.1
5,09:31,MANUAL,35220,0.3967,-11.60,0.50,72.73,34.87,0.4046,622.4,100.0,0.0,0.0,0.0,925.0,914.5
5,09:32,MANUAL,35280,0.3974,-11.52,0.50,72.82,34.77,0.4050,622.2,100.0,0.0,0.0,0.0,885.7,913.7
5,09:33,MANUAL,35340,0.3981,-11.44,0.50,72.80,34.81,0.3921,638.6,100.0,0.0,0.0,0.0,906.1,928.7
5,09:34,MANUAL,35400,0.3988,-11.36,0.50,72.79,34.96,0.3979,656.0,100.0,0.0,0.0,0.0,916.1,909.0
5,09:35,MANUAL,35460,0.3994,-11.27,0.50,73.12,33.50,0.3966,638.7,100.0,0.0,0.0,0.0,891.4,905.1
5,09:36,MANUAL,35520,0.4001,-11.19,0.50,73.29,34.28,0.4003,662.6,100.0,0.0,0.0,0.0,887.6,895.9
5,09:37,MANUAL,35580,0.4008,-11.11,0.50,73.13,33.63,0.3858,642.4,100.0,0.0,0.0,0.0,921.5,920.8
5,09:38,MANUAL,35640,0.4015,-11.03,0.50,73.27,34.77,0.3918,634.1,100.0,0.0,0.0,0.0,897.5,854.8
5,09:39,MANUAL,35700,0.4021,-10.95,0.50,73.58,34.69,0.3952,669.2,100.0,0.0,0.0,0.0,922.6,906.5
5,09:40,MANUAL,35760,0.4028,-10.87,0.50,73.54,31.71,0.4086,653.3,100.0,0.0,0.0,0.0,949.1,898.3
5,09:41,MANUAL,35820,0.4035,-10.79,0.50,73.64,34.24,0.3686,655.1,100.0,0.0,0.0,0.0,911.5,907.5
5,09:42,MANUAL,35880,0.4042,-10.72,0.50,73.70,35.73,0.3944,669.5,100.0,0.0,0.0,0.0,874.9,921.6
5,09:42,MANUAL,35940,0.4048,-10.64,0.50,74.07,34.32,0.3859,660.3,100.0,0.0,0.0,0.0,887.9,927.5
5,09:43,MANUAL,36000,0.4055,-10.56,0.50,74.25,33.20,0.3849,678.3,100.0,0.0,0.0,0.0,900.1,912.3
5,09:44,MANUAL,36060,0.4062,-10.48,0.50,74.50,32.01,0.3827,675.9,100.0,0.0,0.0,0.0,920.7,894.1
5,09:45,MANUAL,36120,0.4069,-10.41,0.50,74.14,34.90,0.3834,654.7,100.0,0.0,0.0,0.0,925.6,873.6
5,09:46,MANUAL,36180,0.4075,-10.33,0.50,74.43,32.58,0.3878,675.0,100.0,0.0,0.0,0.0,884.1,869.5
5,09:47,MANUAL,36240,0.4082,-10.26,0.50,74.95,33.98,0.3890,665.8,100.0,0.0,0.0,0.0,903.4,901.7
5,09:48,MANUAL,36300,0.4089,-10.18,0.50,74.59,32.46,0.4030,653.5,100.0,0.0,0.0,0.0,913.9,885.0
5,09:49,MANUAL,36360,0.4096,-10.11,0.50,74.84,35.47,0.3998,667.9,100.0,0.0,0.0,0.0,870.0,930.5
5,09:50,MANUAL,36420,0.4103,-10.03,0.50,74.48,34.87,0.4193,678.7,100.0,0.0,0.0,0.0,901.6,912.0
5,09:51,MANUAL,36480,0.4109,-9.96,0.50,74.90,32.77,0.3906,693.4,100.0,0.0,0.0,0.0,918.5,909.4
5,09:52,MANUAL,36540,0.4116,-9.89,0.50,75.03,33.48,0.4010,665.8,100.0,0.0,0.0,0.0,879.2,916.1
5,09:53,MANUAL,36600,0.4123,-9.81,0.50,75.19,34.48,0.3921,671.0,100.0,0.0,0.0,0.0,888.4,882.6
5,09:54,MANUAL,36660,0.4130,-9.74,0.50,75.47,34.25,0.3937,688.2,100.0,0.0,0.0,0.0,914.3,906.5
5,09:55,MANUAL,36720,0.4136,-9.67,0.50,75.68,33.41,0.3825,698.1,100.0,0.0,0.0,0.0,893.5,904.9
5,09:56,MANUAL,36780,0.4143,-9.60,0.50,75.51,33.47,0.3849,696.6,100.0,0.0,0.0,0.0,915.2,931.3
5,09:57,MANUAL,36840,0.4150,-9.53,0.50,75.63,34.80,0.3776,694.2,100.0,0.0,0.0,0.0,941.7,915.3
5,09:58,MANUAL,36900,0.4157,-9.46,0.50,75.71,32.48,0.3937,696.5,100.0,0.0,0.0,0.0,904.7,933.9
5,09:59,MANUAL,36960,0.4163,-9.39,0.50,76.12,34.88,0.3779,677.2,100.0,0.0,0.0,0.0,945.6,871.3
5,10:00,MANUAL,37020,0.4170,-9.32,0.50,76.27,32.98,0.3812,704.4,100.0,0.0,0.0,0.0,880.1,897.3
5,10:01,MANUAL,37080,0.4177,-9.25,0.50,76.23,34.20,0.3918,680.3,100.0,0.0,0.0,0.0,862.8,904.4
5,10:02,MANUAL,37140,0.4184,-9.18,0.50,76.36,33.23,0.3703,691.0,100.0,0.0,0.0,0.0,898.5,907.7
5,10:03,MANUAL,37200,0.4190,-9.12,0.50,76.51,32.59,0.3981,722.0,100.0,0.0,0.0,0.0,928.3,918.9
5,10:04,MANUAL,37260,0.4197,-9.05,0.50,76.55,34.33,0.4093,699.3,100.0,0.0,0.0,0.0,867.4,879.2
5,10:05,MANUAL,37320,0.4204,-8.98,0.50,76.38,35.18,0.3868,708.5,100.0,0.0,0.0,0.0,891.8,895.0
5,10:06,MANUAL,37380,0.4211,-8.92,0.50,76.43,32.96,0.3861,707.9,100.0,0.0,0.0,0.0,927.5,903.1
5,10:07,MANUAL,37440,0.4217,-8.85,0.50,76.39,35.54,0.3777,702.5,100.0,0.0,0.0,0.0,906.3,909.9
5,10:08,MANUAL,37500,0.4224,-8.79,0.50,76.90,34.95,0.3947,704.9,100.0,0.0,0.0,0.0,944.5,909.4
5,10:09,MANUAL,37560,0.4231,-8.72,0.50,77.21,34.17,0.3843,695.4,100.0,0.0,0.0,0.0,929.7,907.5
5,10:10,MANUAL,37620,0.4238,-8.66,0.50,76.99,34.41,0.3811,708.9,100.0,0.0,0.0,0.0,906.1,941.1
5,10:11,MANUAL,37680,0.4244,-8.59,0.50,77.17,34.15,0.3908,716.6,100.0,0.0,0.0,0.0,905.1,912.7
5,10:12,MANUAL,37740,0.4251,-8.53,0.50,77.23,34.20,0.3902,715.8,100.0,0.0,0.0,0.0,943.8,941.9
5,10:13,MANUAL,37800,0.4258,-8.47,0.50,77.39,32.76,0.3870,717.8,100.0,0.0,0.0,0.0,880.5,852.2
5,10:14,MANUAL,37860,0.4265,-8.41,0.50,77.72,33.55,0.4046,730.5,100.0,0.0,0.0,0.0,889.1,894.2
5,10:15,MANUAL,37920,0.4271,-8.35,0.50,77.43,34.16,0.3956,715.7,100.0,0.0,0.0,0.0,914.3,914.6
5,10:16,MANUAL,37980,0.4278,-8.29,0.50,77.77,33.28,0.3742,728.4,100.0,0.0,0.0,0.0,899.0,922.4
5,10:17,MANUAL,38040,0.4285,-8.22,0.50,77.73,33.22,0.3780,705.0,100.0,0.0,0.0,0.0,889.6,889.3
5,10:18,MANUAL,38100,0.4292,-8.17,0.50,77.73,32.87,0.3903,725.6,100.0,0.0,0.0,0.0,900.1,936.8
5,10:18,MANUAL,38160,0.4299,-8.11,0.50,77.72,33.23,0.3872,701.7,100.0,0.0,0.0,0.0,910.7,907.8
5,10:19,MANUAL,38220,0.4305,-8.05,0.50,78.05,33.97,0.3661,715.5,100.0,0.0,0.0,0.0,884.4,893.2
5,10:20,MANUAL,38280,0.4312,-7.99,0.50,77.74,35.76,0.3919,732.5,100.0,0.0,0.0,0.0,907.3,896.2
5,10:21,MANUAL,38340,0.4319,-7.93,0.50,78.27,34.03,0.3945,733.9,100.0,0.0,0.0,0.0,901.8,904.1
5,10:22,MANUAL,38400,0.4326,-7.87,0.50,78.19,33.23,0.3987,729.7,100.0,0.0,0.0,0.0,905.1,914.5
5,10:23,MANUAL,38460,0.4332,-7.82,0.50,78.47,33.57,0.3942,732.4,100.0,0.0,0.0,0.0,895.0,908.0
5,10:24,MANUAL,38520,0.4339,-7.76,0.50,78.37,33.90,0.4028,734.8,100.0,0.0,0.0,0.0,893.5,897.7
5,10:25,MANUAL,38580,0.4346,-7.71,0.50,78.20,34.22,0.3845,735.1,100.0,0.0,0.0,0.0,896.1,892.3
5,10:26,MANUAL,38640,0.4353,-7.65,0.50,78.86,35.26,0.4005,728.7,100.0,0.0,0.0,0.0,870.1,932.4
5,10:27,MANUAL,38700,0.4359,-7.60,0.50,78.87,34.63,0.3931,744.8,100.0,0.0,0.0,0.0,907.3,899.0
5,10:28,MANUAL,38760,0.4366,-7.54,0.50,78.88,35.55,0.4072,723.3,100.0,0.0,0.0,0.0,884.4,901.0
5,10:29,MANUAL,38820,0.4373,-7.49,0.50,79.14,35.99,0.3812,741.8,100.0,0.0,0.0,0.0,900.2,942.7
5,10:30,MANUAL,38880,0.4380,-7.44,0.50,78.57,32.46,0.3850,741.5,100.0,0.0,0.0,0.0,890.8,894.7
5,10:31,MANUAL,38940,0.4386,-7.39,0.50,78.90,34.92,0.3881,750.2,100.0,0.0,0.0,0.0,907.1,920.5
5,10:32,MANUAL,39000,0.4393,-7.33,0.50,79.31,33.48,0.3900,733.0,100.0,0.0,0.0,0.0,936.3,897.7
5,10:33,MANUAL,39060,0.4400,-7.28,0.50,79.30,34.58,0.3968,742.1,100.0,0.0,0.0,0.0,907.2,887.3
5,10:34,MANUAL,39120,0.4407,-7.23,0.50,79.11,34.80,0.3931,738.1,100.0,0.0,0.0,0.0,897.5,890.5
5,10:35,MANUAL,39180,0.4413,-7.18,0.50,79.51,33.90,0.4013,748.6,100.0,0.0,0.0,0.0,935.3,911.9
5,10:36,MANUAL,39240,0.4420,-7.13,0.50,79.68,35.56,0.3866,741.6,100.0,0.0,0.0,0.0,890.6,930.5
5,10:37,MANUAL,39300,0.4427,-7.08,0.50,79.71,33.22,0.3920,755.9,100.0,0.0,0.0,0.0,890.2,926.8
5,10:38,MANUAL,39360,0.4434,-7.04,0.50,79.76,33.39,0.3955,763.7,100.0,0.0,0.0,0.0,885.7,916.3
5,10:39,MANUAL,39420,0.4440,-6.99,0.50,79.60,35.13,0.3979,737.3,100.0,0.0,0.0,0.0,921.2,915.7
5,10:40,MANUAL,39480,0.4447,-6.94,0.50,79.68,33.06,0.3919,751.1,100.0,0.0,0.0,0.0,877.7,911.8
5,10:41,MANUAL,39540,0.4454,-6.89,0.50,79.68,34.49,0.3940,753.2,100.0,0.0,0.0,0.0,874.7,903.4
5,10:42,MANUAL,39600,0.4461,-6.85,0.50,80.08,35.69,0.3891,742.4,100.0,0.0,0.0,0.0,907.5,895.7
5,10:43,MANUAL,39660,0.4467,-6.80,0.50,80.04,33.85,0.3863,755.3,100.0,0.0,0.0,0.0,876.8,893.2
5,10:44,MANUAL,39720,0.4474,-6.76,0.50,79.72,33.20,0.3679,753.3,100.0,0.0,0.0,0.0,871.6,919.4
5,10:45,MANUAL,39780,0.4481,-6.71,0.50,80.71,35.12,0.3950,760.5,100.0,0.0,0.0,0.0,940.7,906.7
5,10:46,MANUAL,39840,0.4488,-6.67,0.50,79.96,33.50,0.4023,741.4,100.0,0.0,0.0,0.0,864.1,911.4
5,10:47,MANUAL,39900,0.4495,-6.63,0.50,80.16,33.94,0.3954,751.7,100.0,0.0,0.0,0.0,894.2,854.1
5,10:48,MANUAL,39960,0.4501,-6.58,0.50,80.22,32.30,0.3913,755.3,100.0,0.0,0.0,0.0,858.1,907.0
5,10:49,MANUAL,40020,0.4508,-6.54,0.50,80.71,32.21,0.3806,752.8,100.0,0.0,0.0,0.0,900.7,922.4
5,10:50,MANUAL,40080,0.4515,-6.50,0.50,80.29,33.58,0.3924,744.5,100.0,0.0,0.0,0.0,905.8,905.3
5,10:51,MANUAL,40140,0.4522,-6.46,0.50,80.73,36.82,0.3930,765.7,100.0,0.0,0.0,0.0,899.4,909.2
5,10:52,MANUAL,40200,0.4528,-6.42,0.50,80.47,35.56,0.3807,757.5,100.0,0.0,0.0,0.0,903.2,916.7
5,10:53,MANUAL,40260,0.4535,-6.38,0.50,80.98,34.76,0.3812,760.1,100.0,0.0,0.0,0.0,889.9,918.3
5,10:54,MANUAL,40320,0.4542,-6.34,0.50,80.57,34.20,0.3984,751.6,100.0,0.0,0.0,0.0,924.6,928.3
5,10:54,MANUAL,40380,0.4549,-6.30,0.50,80.52,34.46,0.3998,760.5,100.0,0.0,0.0,0.0,875.2,918.9
5,10:55,MANUAL,40440,0.4555,-6.26,0.50,80.92,34.82,0.4030,767.2,100.0,0.0,0.0,0.0,896.2,898.6
5,10:56,MANUAL,40500,0.4562,-6.22,0.50,80.72,35.49,0.3756,766.2,100.0,0.0,0.0,0.0,916.2,884.9
5,10:57,MANUAL,40560,0.4569,-6.19,0.50,81.07,35.54,0.3849,774.7,100.0,0.0,0.0,0.0,912.2,902.9
5,10:58,MANUAL,40620,0.4576,-6.15,0.50,80.60,36.24,0.4027,756.4,100.0,0.0,0.0,0.0,893.8,926.5
5,10:59,MANUAL,40680,0.4582,-6.11,0.50,81.14,33.36,0.3790,776.1,100.0,0.0,0.0,0.0,916.3,920.5
5,11:00,MANUAL,40740,0.4589,-6.08,0.50,81.04,35.75,0.3813,770.7,100.0,0.0,0.0,0.0,934.5,920.5
5,11:01,MANUAL,40800,0.4596,-6.04,0.50,81.46,34.44,0.3995,790.6,100.0,0.0,0.0,0.0,886.1,904.2
5,11:02,MANUAL,40860,0.4603,-6.01,0.50,81.19,35.84,0.3893,777.4,100.0,0.0,0.0,0.0,899.2,914.2
5,11:03,MANUAL,40920,0.4609,-5.97,0.50,81.35,34.76,0.3930,774.8,100.0,0.0,0.0,0.0,890.5,896.1
5,11:04,MANUAL,40980,0.4616,-5.94,0.50,81.56,33.95,0.3884,772.4,100.0,0.0,0.0,0.0,920.6,919.7
5,11:05,MANUAL,41040,0.4623,-5.91,0.50,81.53,34.03,0.3951,771.5,100.0,0.0,0.0,0.0,896.1,908.9
5,11:06,MANUAL,41100,0.4630,-5.88,0.50,81.75,33.57,0.3849,777.4,100.0,0.0,0.0,0.0,891.2,908.3
5,11:07,MANUAL,41160,0.4636,-5.84,0.50,81.35,35.01,0.3838,774.6,100.0,0.0,0.0,0.0,917.1,910.2
5,11:08,MANUAL,41220,0.4643,-5.81,0.50,81.64,34.36,0.3874,790.0,100.0,0.0,0.0,0.0,905.0,934.1
5,11:09,MANUAL,41280,0.4650,-5.78,0.50,81.60,33.82,0.3974,780.7,100.0,0.0,0.0,0.0,892.9,892.1
5,11:10,MANUAL,41340,0.4657,-5.75,0.50,81.65,35.63,0.3955,774.6,100.0,0.0,0.0,0.0,939.3,961.5
5,11:11,MANUAL,41400,0.4663,-5.72,0.50,82.02,34.31,0.3832,775.0,100.0,0.0,0.0,0.0,920.4,891.2
5,11:12,MANUAL,41460,0.4670,-5.70,0.50,81.80,33.55,0.4042,777.9,100.0,0.0,0.0,0.0,894.8,903.1
5,11:13,MANUAL,41520,0.4677,-5.67,0.50,81.93,36.96,0.3925,795.7,100.0,0.0,0.0,0.0,966.7,931.8
5,11:14,MANUAL,41580,0.4684,-5.64,0.50,81.99,32.61,0.3947,776.1,100.0,0.0,0.0,0.0,932.5,898.6
5,11:15,MANUAL,41640,0.4691,-5.61,0.50,81.88,32.62,0.4047,786.3,100.0,0.0,0.0,0.0,937.4,885.1
5,11:16,MANUAL,41700,0.4697,-5.59,0.50,82.01,33.02,0.3951,791.4,100.0,0.0,0.0,0.0,943.3,897.8
5,11:17,MANUAL,41760,0.4704,-5.56,0.50,82.07,34.53,0.3830,773.1,100.0,0.0,0.0,0.0,957.8,936.2
5,11:18,MANUAL,41820,0.4711,-5.54,0.50,82.33,33.61,0.3926,775.2,100.0,0.0,0.0,0.0,897.6,929.5
5,11:19,MANUAL,41880,0.4718,-5.51,0.50,82.12,33.43,0.3965,775.9,100.0,0.0,0.0,0.0,892.1,921.2
5,11:20,MANUAL,41940,0.4724,-5.49,0.50,82.03,35.27,0.3949,784.4,100.0,0.0,0.0,0.0,921.4,919.2
5,11:21,MANUAL,42000,0.4731,-5.46,0.50,82.15,33.94,0.3994,784.4,100.0,0.0,0.0,0.0,912.3,932.6
5,11:22,MANUAL,42060,0.4738,-5.44,0.50,82.26,35.25,0.3858,800.7,100.0,0.0,0.0,0.0,903.0,884.8
5,11:23,MANUAL,42120,0.4745,-5.42,0.50,82.69,32.93,0.3922,794.0,100.0,0.0,0.0,0.0,886.6,917.7
5,11:24,MANUAL,42180,0.4751,-5.40,0.50,82.49,34.72,0.3990,791.1,100.0,0.0,0.0,0.0,929.5,918.9
5,11:25,MANUAL,42240,0.4758,-5.37,0.50,82.33,35.04,0.4011,797.7,100.0,0.0,0.0,0.0,857.4,900.8
5,11:26,MANUAL,42300,0.4765,-5.35,0.50,82.27,32.14,0.4020,780.6,100.0,0.0,0.0,0.0,917.7,910.8
5,11:27,MANUAL,42360,0.4772,-5.33,0.50,82.43,34.85,0.3910,778.0,100.0,0.0,0.0,0.0,879.0,883.5
5,11:28,MANUAL,42420,0.4778,-5.31,0.50,82.73,34.94,0.4052,783.0,100.0,0.0,0.0,0.0,938.0,899.6
5,11:29,MANUAL,42480,0.4785,-5.30,0.50,82.70,34.87,0.4048,792.1,100.0,0.0,0.0,0.0,921.4,901.1
5,11:30,MANUAL,42540,0.4792,-5.28,0.50,82.83,35.81,0.3920,790.4,100.0,0.0,0.0,0.0,892.9,932.5
5,11:31,MANUAL,42600,0.4799,-5.26,0.50,82.83,33.69,0.3986,811.3,100.0,0.0,0.0,0.0,892.9,889.4
5,11:31,MANUAL,42660,0.4805,-5.24,0.50,82.82,33.96,0.3985,783.9,100.0,0.0,0.0,0.0,899.5,940.2
5,11:32,MANUAL,42720,0.4812,-5.23,0.50,82.39,34.70,0.3883,800.3,100.0,0.0,0.0,0.0,918.2,912.0
5,11:33,MANUAL,42780,0.4819,-5.21,0.50,82.51,35.05,0.3899,791.6,100.0,0.0,0.0,0.0,923.7,936.0
5,11:34,MANUAL,42840,0.4826,-5.19,0.50,82.71,34.75,0.3953,795.9,100.0,0.0,0.0,0.0,905.2,911.5
5,11:35,MANUAL,42900,0.4832,-5.18,0.50,83.18,33.43,0.3750,813.1,100.0,0.0,0.0,0.0,923.7,886.0
5,11:36,MANUAL,42960,0.4839,-5.17,0.50,82.94,33.67,0.3832,790.5,100.0,0.0,0.0,0.0,912.5,914.0
5,11:37,MANUAL,43020,0.4846,-5.15,0.50,82.86,33.26,0.3831,790.6,100.0,0.0,0.0,0.0,912.6,923.3
5,11:38,MANUAL,43080,0.4853,-5.14,0.50,83.12,34.47,0.3829,798.4,100.0,0.0,0.0,0.0,918.2,909.1
5,11:39,MANUAL,43140,0.4859,-5.13,0.50,82.94,34.38,0.3871,811.3,100.0,0.0,0.0,0.0,909.7,936.1
5,11:40,MANUAL,43200,0.4866,-5.11,0.50,83.04,34.94,0.3990,793.5,100.0,0.0,0.0,0.0,897.3,892.0
5,11:41,MANUAL,43260,0.4873,-5.10,0.50,83.41,33.61,0.3922,796.7,100.0,0.0,0.0,0.0,905.0,925.1
5,11:42,MANUAL,43320,0.4880,-5.09,0.50,83.37,34.03,0.3927,795.3,100.0,0.0,0.0,0.0,899.1,926.4
5,11:43,MANUAL,43380,0.4887,-5.08,0.50,82.95,33.38,0.4002,806.9,100.0,0.0,0.0,0.0,903.2,912.7
5,11:44,MANUAL,43440,0.4893,-5.07,0.50,83.33,34.98,0.3824,788.6,100.0,0.0,0.0,0.0,937.2,927.4
5,11:45,MANUAL,43500,0.4900,-5.06,0.50,83.06,33.81,0.3978,797.4,100.0,0.0,0.0,0.0,917.6,897.2
5,11:46,MANUAL,43560,0.4907,-5.06,0.50,83.17,32.70,0.3934,783.2,100.0,0.0,0.0,0.0,919.7,948.1
5,11:47,MANUAL,43620,0.4914,-5.05,0.50,83.04,34.26,0.3806,792.3,100.0,0.0,0.0,0.0,877.1,902.8
5,11:48,MANUAL,43680,0.4920,-5.04,0.50,83.33,33.34,0.3945,808.9,100.0,0.0,0.0,0.0,931.9,918.1
5,11:49,MANUAL,43740,0.4927,-5.03,0.50,83.44,33.20,0.3874,799.4,100.0,0.0,0.0,0.0,903.0,917.3
5,11:50,MANUAL,43800,0.4934,-5.03,0.50,83.18,33.81,0.3923,800.7,100.0,0.0,0.0,0.0,914.7,934.8
5,11:51,MANUAL,43860,0.4941,-5.02,0.50,82.93,35.82,0.4089,798.8,100.0,0.0,0.0,0.0,900.5,905.0
5,11:52,MANUAL,43920,0.4947,-5.02,0.50,83.33,34.77,0.3923,817.8,100.0,0.0,0.0,0.0,909.3,968.3
5,11:53,MANUAL,43980,0.4954,-5.01,0.50,83.38,33.87,0.3930,805.6,100.0,0.0,0.0,0.0,892.8,905.1
5,11:54,MANUAL,44040,0.4961,-5.01,0.50,83.42,34.36,0.3866,817.3,100.0,0.0,0.0,0.0,918.9,903.2
5,11:55,MANUAL,44100,0.4968,-5.01,0.50,83.39,35.25,0.3926,797.3,100.0,0.0,0.0,0.0,967.4,906.9
5,11:56,MANUAL,44160,0.4974,-5.00,0.50,83.37,35.89,0.4025,796.5,100.0,0.0,0.0,0.0,913.9,906.8
5,11:57,MANUAL,44220,0.4981,-5.00,0.50,83.76,32.77,0.3805,798.1,100.0,0.0,0.0,0.0,942.1,936.0
5,11:58,MANUAL,44280,0.4988,-5.00,0.50,83.51,35.89,0.3970,811.8,100.0,0.0,0.0,0.0,937.7,926.2
5,11:59,MANUAL,44340,0.4995,-5.00,0.50,83.06,33.29,0.4001,797.3,100.0,0.0,0.0,0.0,921.1,903.5
5,12:00,MANUAL,44400,0.5001,-5.00,0.50,83.74,33.59,0.3794,798.8,100.0,0.0,0.0,0.0,897.7,912.1
