time_s,sol,t_out_c,tau,t_in_c,rh_pct,soil_vwc,par_umol,heater_pct,led_pct,co2_valve_pct,pump_pct,co2_k30_ppm,co2_scd41_ppm
0,0.0000,-70.00,0.50,22.00,50.00,0.4000,0.0,0.0,0.0,0.0,0.0,915.7,916.8
60,0.0007,-70.00,0.50,16.53,64.13,0.4000,0.0,100.0,0.0,0.0,0.0,905.5,934.9
120,0.0014,-70.00,0.50,15.97,61.94,0.4000,0.0,100.0,0.0,14.1,0.0,871.7,906.3
180,0.0020,-70.00,0.50,15.44,60.01,0.4000,0.0,100.0,0.0,16.2,0.0,867.5,886.5
240,0.0027,-70.00,0.50,14.95,58.30,0.4000,0.0,100.0,0.0,0.0,0.0,906.4,902.8
300,0.0034,-69.99,0.50,14.49,56.80,0.4000,0.0,100.0,0.0,0.0,0.0,950.0,937.3
360,0.0041,-69.99,0.50,14.05,55.47,0.4000,0.0,100.0,0.0,2.2,0.0,895.6,921.3
420,0.0047,-69.99,0.50,13.64,54.30,0.4000,0.0,100.0,0.0,0.0,0.0,928.5,917.4
480,0.0054,-69.98,0.50,13.26,53.27,0.4000,0.0,100.0,0.0,0.0,0.0,905.2,903.4
540,0.0061,-69.98,0.50,12.90,52.36,0.4000,0.0,100.0,0.0,0.0,0.0,915.2,922.8
600,0.0068,-69.97,0.50,12.56,51.55,0.4000,0.0,100.0,0.0,0.0,0.0,912.5,889.6
660,0.0074,-69.96,0.50,12.24,50.84,0.4000,0.0,100.0,0.0,0.0,0.0,913.0,915.2
720,0.0081,-69.96,0.50,11.94,50.21,0.4000,0.0,100.0,0.0,11.8,0.0,876.4,897.8
780,0.0088,-69.95,0.50,11.66,49.64,0.4000,0.0,100.0,0.0,0.0,0.0,929.1,895.1
840,0.0095,-69.94,0.50,11.39,49.14,0.4000,0.0,100.0,0.0,0.0,0.0,934.8,923.1
900,0.0101,-69.93,0.50,11.15,48.70,0.4000,0.0,100.0,0.0,0.0,0.0,931.6,900.4
960,0.0108,-69.93,0.50,10.91,48.30,0.4000,0.0,100.0,0.0,0.0,0.0,935.2,915.3
1020,0.0115,-69.92,0.50,10.69,47.94,0.4000,0.0,100.0,0.0,0.0,0.0,941.2,951.9
1080,0.0122,-69.91,0.50,10.49,47.62,0.4000,0.0,100.0,0.0,0.0,0.0,919.1,926.8
1140,0.0128,-69.89,0.50,10.30,47.34,0.4000,0.0,100.0,0.0,0.0,0.0,926.8,943.2
1200,0.0135,-69.88,0.50,10.12,47.08,0.4000,0.0,100.0,0.0,0.0,0.0,912.3,897.7
1260,0.0142,-69.87,0.50,9.95,46.84,0.4000,0.0,100.0,0.0,0.0,0.0,908.4,938.3
1320,0.0149,-69.86,0.50,9.79,46.63,0.4000,0.0,100.0,0.0,0.0,0.0,946.0,930.7
1380,0.0155,-69.85,0.50,9.65,46.44,0.4000,0.0,100.0,0.0,0.0,0.0,941.9,946.1
1440,0.0162,-69.83,0.50,9.51,46.26,0.4000,0.0,100.0,0.0,0.0,0.0,902.9,958.0
1500,0.0169,-69.82,0.50,9.38,46.10,0.4000,0.0,100.0,0.0,0.0,0.0,944.8,922.6
1560,0.0176,-69.80,0.50,9.26,45.96,0.4000,0.0,100.0,0.0,0.0,0.0,958.0,923.9
1620,0.0182,-69.79,0.50,9.15,45.83,0.4000,0.0,100.0,0.0,0.0,0.0,913.0,917.6
1680,0.0189,-69.77,0.50,9.04,45.70,0.4000,0.0,100.0,0.0,0.0,0.0,943.5,923.8
1740,0.0196,-69.75,0.50,8.94,45.59,0.4000,0.0,100.0,0.0,0.0,0.0,936.9,888.3
1800,0.0203,-69.74,0.50,8.85,45.49,0.4000,0.0,100.0,0.0,0.0,0.0,927.9,924.5
1860,0.0210,-69.72,0.50,8.77,45.39,0.4000,0.0,100.0,0.0,0.0,0.0,930.4,930.3
1920,0.0216,-69.70,0.50,8.69,45.30,0.4000,0.0,100.0,0.0,0.0,0.0,915.5,893.1
1980,0.0223,-69.68,0.50,8.62,45.22,0.4000,0.0,100.0,0.0,0.0,0.0,937.3,899.0
2040,0.0230,-69.66,0.50,8.55,45.15,0.3999,0.0,100.0,0.0,0.0,0.0,949.0,920.8
2100,0.0237,-69.64,0.50,8.49,45.08,0.3999,0.0,100.0,0.0,0.0,0.0,910.1,928.2
2160,0.0243,-69.62,0.50,8.44,45.01,0.3999,0.0,100.0,0.0,0.0,0.0,937.8,928.8
2220,0.0250,-69.60,0.50,8.38,44.95,0.3999,0.0,100.0,0.0,0.0,0.0,913.1,959.9
2280,0.0257,-69.58,0.50,8.34,44.90,0.3999,0.0,100.0,0.0,0.0,0.0,906.8,895.5
2340,0.0264,-69.56,0.50,8.29,44.85,0.3999,0.0,100.0,0.0,0.0,0.0,944.9,924.9
2400,0.0270,-69.53,0.50,8.25,44.80,0.3999,0.0,100.0,0.0,0.0,0.0,931.1,933.4
2460,0.0277,-69.51,0.50,8.22,44.75,0.3999,0.0,100.0,0.0,0.0,0.0,949.2,922.3
2520,0.0284,-69.48,0.50,8.18,44.71,0.3999,0.0,100.0,0.0,0.0,0.0,935.5,930.0
2580,0.0291,-69.46,0.50,8.16,44.67,0.3999,0.0,100.0,0.0,0.0,0.0,926.8,957.5
2640,0.0297,-69.43,0.50,8.13,44.64,0.3999,0.0,100.0,0.0,0.0,0.0,938.8,954.4
2700,0.0304,-69.41,0.50,8.11,44.61,0.3999,0.0,100.0,0.0,0.1,0.0,899.9,901.3
2760,0.0311,-69.38,0.50,8.09,44.57,0.3999,0.0,100.0,0.0,0.0,0.0,949.5,949.9
2820,0.0318,-69.35,0.50,8.07,44.55,0.3999,0.0,100.0,0.0,0.0,0.0,922.4,912.1
2880,0.0324,-69.33,0.50,8.06,44.52,0.3999,0.0,100.0,0.0,0.0,0.0,953.1,937.7
2940,0.0331,-69.30,0.50,8.05,44.49,0.3999,0.0,100.0,0.0,0.0,0.0,900.1,911.7
3000,0.0338,-69.27,0.50,8.04,44.47,0.3999,0.0,100.0,0.0,0.0,0.0,924.7,945.4
3060,0.0345,-69.24,0.50,8.03,44.45,0.3999,0.0,100.0,0.0,0.0,0.0,911.8,917.6
3120,0.0351,-69.21,0.50,8.02,44.43,0.3999,0.0,100.0,0.0,0.0,0.0,920.2,902.5
3180,0.0358,-69.18,0.50,8.02,44.41,0.3999,0.0,100.0,0.0,0.0,0.0,911.0,904.0
3240,0.0365,-69.15,0.50,8.02,44.40,0.3999,0.0,100.0,0.0,0.0,0.0,913.8,929.8
3300,0.0372,-69.12,0.50,8.02,44.38,0.3999,0.0,100.0,0.0,0.0,0.0,927.5,950.7
3360,0.0378,-69.09,0.50,8.03,44.37,0.3999,0.0,100.0,0.0,0.0,0.0,939.7,942.2
3420,0.0385,-69.05,0.50,8.03,44.35,0.3999,0.0,100.0,0.0,0.0,0.0,911.0,923.6
3480,0.0392,-69.02,0.50,8.04,44.34,0.3999,0.0,100.0,0.0,0.0,0.0,935.2,935.9
3540,0.0399,-68.99,0.50,8.05,44.33,0.3999,0.0,100.0,0.0,0.0,0.0,919.3,921.5
3600,0.0406,-68.95,0.50,8.06,44.32,0.3999,0.0,100.0,0.0,0.0,0.0,930.6,927.6
3660,0.0412,-68.92,0.50,8.07,44.31,0.3999,0.0,100.0,0.0,0.0,0.0,966.1,932.4
3720,0.0419,-68.88,0.50,8.08,44.31,0.3999,0.0,100.0,0.0,0.0,0.0,924.2,950.6
3780,0.0426,-68.84,0.50,8.09,44.30,0.3999,0.0,100.0,0.0,0.0,0.0,926.8,920.5
3840,0.0433,-68.81,0.50,8.11,44.29,0.3999,0.0,100.0,0.0,0.0,0.0,917.1,904.4
3900,0.0439,-68.77,0.50,8.13,44.29,0.3999,0.0,100.0,0.0,0.0,0.0,914.7,912.2
3960,0.0446,-68.73,0.50,8.14,44.28,0.3999,0.0,100.0,0.0,0.0,0.0,919.3,923.4
4020,0.0453,-68.69,0.50,8.16,44.28,0.3999,0.0,100.0,0.0,0.0,0.0,920.9,925.8
4080,0.0460,-68.65,0.50,8.18,44.27,0.3999,0.0,100.0,0.0,14.2,0.0,871.5,946.5
4140,0.0466,-68.61,0.50,8.20,44.27,0.3999,0.0,100.0,0.0,0.0,0.0,928.1,948.7
4200,0.0473,-68.57,0.50,8.23,44.27,0.3999,0.0,100.0,0.0,0.0,0.0,903.2,909.3
4260,0.0480,-68.53,0.50,8.25,44.27,0.3999,0.0,100.0,0.0,0.0,0.0,916.2,962.1
4320,0.0487,-68.49,0.50,8.28,44.27,0.3999,0.0,100.0,0.0,0.0,0.0,959.7,971.0
4380,0.0493,-68.45,0.50,8.30,44.27,0.3999,0.0,100.0,0.0,0.0,0.0,968.9,929.6
4440,0.0500,-68.41,0.50,8.33,44.26,0.3999,0.0,100.0,0.0,0.0,0.0,945.9,943.4
4500,0.0507,-68.37,0.50,8.36,44.27,0.3999,0.0,100.0,0.0,0.0,0.0,901.7,981.6
4560,0.0514,-68.32,0.50,8.39,44.27,0.3999,0.0,100.0,0.0,0.0,0.0,935.4,900.0
4620,0.0520,-68.28,0.50,8.41,44.27,0.3999,0.0,100.0,0.0,0.0,0.0,951.2,937.8
4680,0.0527,-68.23,0.50,8.45,44.27,0.3999,0.0,100.0,0.0,0.0,0.0,914.1,943.2
4740,0.0534,-68.19,0.50,8.48,44.27,0.3999,0.0,100.0,0.0,0.0,0.0,919.3,960.6
4800,0.0541,-68.14,0.50,8.51,44.27,0.3999,0.0,100.0,0.0,0.0,0.0,949.4,951.4
4860,0.0547,-68.10,0.50,8.54,44.28,0.3999,0.0,100.0,0.0,0.0,0.0,956.2,950.5
4920,0.0554,-68.05,0.50,8.58,44.28,0.3999,0.0,100.0,0.0,0.0,0.0,908.4,927.1
4980,0.0561,-68.00,0.50,8.61,44.28,0.3999,0.0,100.0,0.0,0.0,0.0,927.0,942.8
5040,0.0568,-67.95,0.50,8.65,44.29,0.3999,0.0,100.0,0.0,0.0,0.0,958.7,972.7
5100,0.0574,-67.91,0.50,8.68,44.29,0.3999,0.0,100.0,0.0,0.0,0.0,901.8,944.9
5160,0.0581,-67.86,0.50,8.72,44.30,0.3999,0.0,100.0,0.0,0.0,0.0,952.9,909.4
5220,0.0588,-67.81,0.50,8.76,44.30,0.3999,0.0,100.0,0.0,0.0,0.0,951.4,909.2
5280,0.0595,-67.76,0.50,8.80,44.31,0.3999,0.0,100.0,0.0,0.0,0.0,934.8,930.1
5340,0.0602,-67.71,0.50,8.83,44.31,0.3999,0.0,100.0,0.0,0.0,0.0,967.5,957.9
5400,0.0608,-67.66,0.50,8.87,44.32,0.3999,0.0,100.0,0.0,0.0,0.0,904.8,922.4
5460,0.0615,-67.60,0.50,8.92,44.32,0.3999,0.0,100.0,0.0,0.0,0.0,932.8,959.1
5520,0.0622,-67.55,0.50,8.96,44.33,0.3999,0.0,100.0,0.0,0.0,0.0,945.2,962.8
5580,0.0629,-67.50,0.50,9.00,44.33,0.3999,0.0,100.0,0.0,0.0,0.0,947.6,983.5
5640,0.0635,-67.44,0.50,9.04,44.33,0.3998,0.0,100.0,0.0,0.0,0.0,902.6,955.4
5700,0.0642,-67.39,0.50,9.08,44.33,0.3998,0.0,100.0,0.0,0.0,0.0,927.7,935.4
5760,0.0649,-67.34,0.50,9.13,44.33,0.3998,0.0,100.0,0.0,0.0,0.0,932.4,973.3
5820,0.0656,-67.28,0.50,9.17,44.32,0.3998,0.0,100.0,0.0,0.0,0.0,955.3,932.2
5880,0.0662,-67.23,0.50,9.22,44.31,0.3998,0.0,100.0,0.0,0.0,0.0,921.9,947.1
5940,0.0669,-67.17,0.50,9.26,44.30,0.3998,0.0,100.0,0.0,0.0,0.0,945.4,939.0
6000,0.0676,-67.11,0.50,9.31,44.29,0.3998,0.0,100.0,0.0,0.0,0.0,988.9,910.7
6060,0.0683,-67.06,0.50,9.36,44.28,0.3998,0.0,100.0,0.0,0.0,0.0,952.0,952.0
6120,0.0689,-67.00,0.50,9.41,44.26,0.3998,0.0,100.0,0.0,0.0,0.0,910.5,924.2
6180,0.0696,-66.94,0.50,9.45,44.24,0.3998,0.0,100.0,0.0,0.0,0.0,911.4,916.6
6240,0.0703,-66.88,0.50,9.50,44.22,0.3998,0.0,100.0,0.0,0.0,0.0,952.4,924.3
6300,0.0710,-66.82,0.50,9.55,44.20,0.3998,0.0,100.0,0.0,0.0,0.0,920.6,925.1
6360,0.0716,-66.76,0.50,9.60,44.17,0.3998,0.0,100.0,0.0,0.0,0.0,948.2,938.6
6420,0.0723,-66.70,0.50,9.65,44.15,0.3998,0.0,100.0,0.0,0.0,0.0,960.0,945.0
6480,0.0730,-66.64,0.50,9.71,44.12,0.3998,0.0,100.0,0.0,0.0,0.0,912.6,941.0
6540,0.0737,-66.58,0.50,9.76,44.09,0.3998,0.0,100.0,0.0,0.0,0.0,957.0,940.8
6600,0.0743,-66.52,0.50,9.81,44.06,0.3998,0.0,100.0,0.0,0.0,0.0,924.7,962.2
6660,0.0750,-66.46,0.50,9.86,44.03,0.3998,0.0,100.0,0.0,0.0,0.0,914.0,942.2
6720,0.0757,-66.39,0.50,9.92,43.99,0.3998,0.0,100.0,0.0,0.0,0.0,966.1,957.6
6780,0.0764,-66.33,0.50,9.97,43.95,0.3998,0.0,100.0,0.0,0.0,0.0,928.4,946.0
6840,0.0770,-66.27,0.50,10.03,43.92,0.3998,0.0,100.0,0.0,0.0,0.0,980.1,956.9
6900,0.0777,-66.20,0.50,10.08,43.88,0.3998,0.0,100.0,0.0,0.0,0.0,957.5,956.4
6960,0.0784,-66.14,0.50,10.14,43.83,0.3998,0.0,100.0,0.0,0.0,0.0,931.1,977.2
7020,0.0791,-66.07,0.50,10.19,43.79,0.3998,0.0,100.0,0.0,0.0,0.0,933.3,963.1
7080,0.0798,-66.00,0.50,10.25,43.74,0.3998,0.0,100.0,0.0,0.0,0.0,986.6,871.0
7140,0.0804,-65.94,0.50,10.31,43.70,0.3998,0.0,100.0,0.0,0.0,0.0,953.2,959.4
7200,0.0811,-65.87,0.50,10.37,43.65,0.3998,0.0,100.0,0.0,0.0,0.0,946.3,910.1
7260,0.0818,-65.80,0.50,10.43,43.60,0.3998,0.0,100.0,0.0,0.0,0.0,935.1,984.1
7320,0.0825,-65.74,0.50,10.49,43.55,0.3998,0.0,100.0,0.0,0.0,0.0,925.3,921.3
7380,0.0831,-65.67,0.50,10.55,43.49,0.3998,0.0,100.0,0.0,0.0,0.0,917.3,943.5
7440,0.0838,-65.60,0.50,10.61,43.44,0.3998,0.0,100.0,0.0,0.0,0.0,971.2,951.6
7500,0.0845,-65.53,0.50,10.67,43.38,0.3998,0.0,100.0,0.0,0.0,0.0,926.5,909.9
7560,0.0852,-65.46,0.50,10.73,43.32,0.3998,0.0,100.0,0.0,0.0,0.0,952.4,923.5
7620,0.0858,-65.39,0.50,10.79,43.26,0.3998,0.0,100.0,0.0,0.0,0.0,931.2,919.6
7680,0.0865,-65.32,0.50,10.85,43.20,0.3998,0.0,100.0,0.0,0.0,0.0,974.3,905.6
7740,0.0872,-65.24,0.50,10.92,43.14,0.3998,0.0,100.0,0.0,0.0,0.0,933.7,950.3
7800,0.0879,-65.17,0.50,10.98,43.08,0.3998,0.0,100.0,0.0,0.0,0.0,931.5,930.2
7860,0.0885,-65.10,0.50,11.05,43.01,0.3998,0.0,100.0,0.0,0.0,0.0,934.4,939.3
7920,0.0892,-65.03,0.50,11.11,42.94,0.3998,0.0,100.0,0.0,7.8,0.0,884.4,930.5
7980,0.0899,-64.95,0.50,11.18,42.88,0.3998,0.0,100.0,0.0,0.0,0.0,939.3,935.0
8040,0.0906,-64.88,0.50,11.24,42.81,0.3998,0.0,100.0,0.0,0.0,0.0,964.2,960.9
8100,0.0912,-64.80,0.50,11.31,42.74,0.3998,0.0,100.0,0.0,0.0,0.0,954.1,938.9
8160,0.0919,-64.73,0.50,11.37,42.66,0.3998,0.0,100.0,0.0,0.0,0.0,936.0,971.0
8220,0.0926,-64.65,0.50,11.44,42.59,0.3998,0.0,100.0,0.0,0.0,0.0,950.1,923.8
8280,0.0933,-64.58,0.50,11.51,42.52,0.3998,0.0,100.0,0.0,0.0,0.0,951.0,981.3
8340,0.0939,-64.50,0.50,11.58,42.44,0.3998,0.0,100.0,0.0,0.0,0.0,934.9,978.6
8400,0.0946,-64.42,0.50,11.65,42.36,0.3998,0.0,100.0,0.0,0.0,0.0,947.7,968.4
8460,0.0953,-64.35,0.50,11.72,42.28,0.3998,0.0,100.0,0.0,0.0,0.0,911.6,958.3
8520,0.0960,-64.27,0.50,11.79,42.20,0.3998,0.0,100.0,0.0,0.0,0.0,978.8,930.9
8580,0.0966,-64.19,0.50,11.86,42.12,0.3998,0.0,100.0,0.0,0.0,0.0,949.2,931.3
8640,0.0973,-64.11,0.50,11.93,42.04,0.3998,0.0,100.0,0.0,0.0,0.0,919.7,959.0
8700,0.0980,-64.03,0.50,12.00,41.96,0.3998,0.0,100.0,0.0,0.0,0.0,956.7,960.0
8760,0.0987,-63.95,0.50,12.07,41.87,0.3998,0.0,100.0,0.0,0.0,0.0,921.0,947.5
8820,0.0994,-63.87,0.50,12.14,41.79,0.3998,0.0,100.0,0.0,0.0,0.0,965.4,974.7
8880,0.1000,-63.79,0.50,12.22,41.70,0.3998,0.0,100.0,0.0,0.0,0.0,945.8,936.7
8940,0.1007,-63.71,0.50,12.29,41.61,0.3998,0.0,100.0,0.0,0.0,0.0,991.0,954.0
9000,0.1014,-63.63,0.50,12.36,41.52,0.3998,0.0,100.0,0.0,0.0,0.0,945.3,960.6
9060,0.1021,-63.54,0.50,12.44,41.43,0.3998,0.0,100.0,0.0,0.0,0.0,945.7,962.8
9120,0.1027,-63.46,0.50,12.51,41.34,0.3998,0.0,100.0,0.0,0.0,0.0,959.1,951.5
9180,0.1034,-63.38,0.50,12.59,41.25,0.3997,0.0,100.0,0.0,0.0,0.0,956.5,967.0
9240,0.1041,-63.29,0.50,12.67,41.16,0.3997,0.0,100.0,0.0,0.0,0.0,971.0,981.6
9300,0.1048,-63.21,0.50,12.74,41.06,0.3997,0.0,100.0,0.0,0.0,0.0,969.0,956.8
9360,0.1054,-63.13,0.50,12.82,40.97,0.3997,0.0,100.0,0.0,0.0,0.0,963.8,975.7
9420,0.1061,-63.04,0.50,12.90,40.87,0.3997,0.0,100.0,0.0,0.0,0.0,981.5,984.6
9480,0.1068,-62.95,0.50,12.97,40.78,0.3997,0.0,100.0,0.0,0.0,0.0,947.6,939.9
9540,0.1075,-62.87,0.50,13.05,40.68,0.3997,0.0,100.0,0.0,0.0,0.0,965.6,958.9
9600,0.1081,-62.78,0.50,13.13,40.58,0.3997,0.0,100.0,0.0,0.0,0.0,937.6,945.7
9660,0.1088,-62.70,0.50,13.21,40.48,0.3997,0.0,100.0,0.0,0.0,0.0,953.8,934.6
9720,0.1095,-62.61,0.50,13.29,40.38,0.3997,0.0,100.0,0.0,0.0,0.0,951.9,937.2
9780,0.1102,-62.52,0.50,13.37,40.28,0.3997,0.0,100.0,0.0,0.0,0.0,947.6,958.7
9840,0.1108,-62.43,0.50,13.45,40.17,0.3997,0.0,100.0,0.0,0.0,0.0,976.1,953.0
9900,0.1115,-62.34,0.50,13.53,40.07,0.3997,0.0,100.0,0.0,0.0,0.0,938.0,925.8
9960,0.1122,-62.25,0.50,13.61,39.97,0.3997,0.0,100.0,0.0,0.0,0.0,989.7,944.0
10020,0.1129,-62.16,0.50,13.70,39.86,0.3997,0.0,100.0,0.0,0.0,0.0,938.4,955.0
10080,0.1135,-62.07,0.50,13.78,39.75,0.3997,0.0,100.0,0.0,0.0,0.0,979.4,957.3
10140,0.1142,-61.98,0.50,13.86,39.65,0.3997,0.0,100.0,0.0,0.0,0.0,942.2,941.3
10200,0.1149,-61.89,0.50,13.95,39.54,0.3997,0.0,100.0,0.0,0.0,0.0,972.8,972.2
10260,0.1156,-61.80,0.50,14.03,39.43,0.3997,0.0,100.0,0.0,0.0,0.0,950.3,918.0
10320,0.1162,-61.71,0.50,14.12,39.32,0.3997,0.0,100.0,0.0,0.0,0.0,994.8,935.5
10380,0.1169,-61.62,0.50,14.20,39.21,0.3997,0.0,100.0,0.0,0.0,0.0,956.4,949.4
10440,0.1176,-61.52,0.50,14.29,39.10,0.3997,0.0,100.0,0.0,0.0,0.0,917.1,937.3
10500,0.1183,-61.43,0.50,14.37,38.99,0.3997,0.0,100.0,0.0,0.0,0.0,951.2,953.3
10560,0.1190,-61.34,0.50,14.46,38.88,0.3997,0.0,100.0,0.0,0.0,0.0,960.6,930.7
10620,0.1196,-61.24,0.50,14.54,38.77,0.3997,0.0,100.0,0.0,0.0,0.0,937.4,955.6
10680,0.1203,-61.15,0.50,14.63,38.65,0.3997,0.0,100.0,0.0,0.0,0.0,959.1,978.5
10740,0.1210,-61.05,0.50,14.72,38.54,0.3997,0.0,100.0,0.0,0.0,0.0,963.9,921.9
10800,0.1217,-60.96,0.50,14.81,38.43,0.3997,0.0,100.0,0.0,0.0,0.0,927.6,946.9
10860,0.1223,-60.86,0.50,14.90,38.31,0.3997,0.0,100.0,0.0,0.0,0.0,946.7,955.6
10920,0.1230,-60.77,0.50,14.99,38.19,0.3997,0.0,100.0,0.0,0.0,0.0,947.8,986.5
10980,0.1237,-60.67,0.50,15.08,38.08,0.3997,0.0,100.0,0.0,0.0,0.0,926.1,960.5
11040,0.1244,-60.57,0.50,15.17,37.96,0.3997,0.0,100.0,0.0,0.0,0.0,948.8,943.2
11100,0.1250,-60.48,0.50,15.26,37.84,0.3997,0.0,100.0,0.0,0.0,0.0,963.9,983.8
11160,0.1257,-60.38,0.50,15.35,37.73,0.3997,0.0,100.0,0.0,0.0,0.0,974.2,944.8
11220,0.1264,-60.28,0.50,15.44,37.61,0.3997,0.0,100.0,0.0,0.0,0.0,976.3,986.2
11280,0.1271,-60.18,0.50,15.53,37.49,0.3997,0.0,100.0,0.0,0.0,0.0,932.5,953.2
11340,0.1277,-60.08,0.50,15.62,37.37,0.3997,0.0,100.0,0.0,0.0,0.0,971.3,958.6
11400,0.1284,-59.98,0.50,15.71,37.25,0.3997,0.0,100.0,0.0,0.0,0.0,955.5,982.1
11460,0.1291,-59.88,0.50,15.81,37.13,0.3997,0.0,100.0,0.0,0.0,0.0,923.5,952.8
11520,0.1298,-59.78,0.50,15.90,37.01,0.3997,0.0,100.0,0.0,0.0,0.0,965.9,958.1
11580,0.1304,-59.68,0.50,15.99,36.89,0.3997,0.0,100.0,0.0,0.0,0.0,940.9,959.5
11640,0.1311,-59.58,0.50,16.09,36.76,0.3997,0.0,100.0,0.0,0.0,0.0,930.9,927.6
11700,0.1318,-59.48,0.50,16.18,36.64,0.3997,0.0,100.0,0.0,0.0,0.0,962.3,956.0
11760,0.1325,-59.38,0.50,16.28,36.52,0.3997,0.0,100.0,0.0,0.0,0.0,971.2,989.5
11820,0.1331,-59.28,0.50,16.37,36.40,0.3997,0.0,100.0,0.0,0.0,0.0,965.2,958.6
11880,0.1338,-59.17,0.50,16.47,36.27,0.3997,0.0,100.0,0.0,0.0,0.0,954.0,956.3
11940,0.1345,-59.07,0.50,16.57,36.15,0.3997,0.0,100.0,0.0,0.0,0.0,972.4,977.8
12000,0.1352,-58.97,0.50,16.66,36.02,0.3997,0.0,100.0,0.0,0.0,0.0,989.9,934.9
12060,0.1358,-58.86,0.50,16.76,35.90,0.3997,0.0,100.0,0.0,0.0,0.0,973.6,982.7
12120,0.1365,-58.76,0.50,16.86,35.78,0.3997,0.0,100.0,0.0,0.0,0.0,930.1,933.3
12180,0.1372,-58.65,0.50,16.96,35.65,0.3997,0.0,100.0,0.0,0.0,0.0,972.5,967.5
12240,0.1379,-58.55,0.50,17.06,35.52,0.3997,0.0,100.0,0.0,0.0,0.0,924.0,981.9
12300,0.1386,-58.44,0.50,17.15,35.40,0.3997,0.0,100.0,0.0,0.0,0.0,986.4,948.4
12360,0.1392,-58.34,0.50,17.25,35.27,0.3997,0.0,100.0,0.0,0.0,0.0,938.7,938.0
12420,0.1399,-58.23,0.50,17.35,35.15,0.3996,0.0,100.0,0.0,0.0,0.0,934.8,938.2
12480,0.1406,-58.12,0.50,17.45,35.02,0.3996,0.0,100.0,0.0,0.0,0.0,989.5,973.2
12540,0.1413,-58.02,0.50,17.55,34.89,0.3996,0.0,100.0,0.0,0.0,0.0,951.5,963.2
12600,0.1419,-57.91,0.50,17.65,34.77,0.3996,0.0,100.0,0.0,0.0,0.0,932.8,992.2
12660,0.1426,-57.80,0.50,17.76,34.64,0.3996,0.0,100.0,0.0,0.0,0.0,943.2,943.2
12720,0.1433,-57.70,0.50,17.86,34.51,0.3996,0.0,0.0,0.0,0.0,0.0,928.6,931.1
12780,0.1440,-57.59,0.50,13.37,45.41,0.3996,0.0,100.0,0.0,0.0,0.0,947.5,910.2
12840,0.1446,-57.48,0.50,13.74,44.46,0.3996,0.0,100.0,0.0,0.0,0.0,931.6,934.2
12900,0.1453,-57.37,0.50,14.10,43.57,0.3996,0.0,100.0,0.0,0.0,0.0,921.2,949.7
12960,0.1460,-57.26,0.50,14.45,42.74,0.3996,0.0,100.0,0.0,0.0,0.0,975.4,953.6
13020,0.1467,-57.15,0.50,14.78,41.97,0.3996,0.0,100.0,0.0,0.0,0.0,973.1,964.2
13080,0.1473,-57.04,0.50,15.10,41.25,0.3996,0.0,100.0,0.0,0.0,0.0,959.0,954.5
13140,0.1480,-56.93,0.50,15.40,40.58,0.3996,0.0,100.0,0.0,0.0,0.0,944.4,957.6
13200,0.1487,-56.82,0.50,15.70,39.94,0.3996,0.0,100.0,0.0,0.0,0.0,944.1,927.6
13260,0.1494,-56.71,0.50,15.98,39.35,0.3996,0.0,100.0,0.0,0.0,0.0,965.1,958.0
13320,0.1500,-56.60,0.50,16.25,38.79,0.3996,0.0,100.0,0.0,0.0,0.0,962.9,962.4
13380,0.1507,-56.48,0.50,16.52,38.26,0.3996,0.0,100.0,0.0,0.0,0.0,929.9,961.9
13440,0.1514,-56.37,0.50,16.77,37.76,0.3996,0.0,100.0,0.0,0.0,0.0,984.7,978.5
13500,0.1521,-56.26,0.50,17.02,37.29,0.3996,0.0,100.0,0.0,0.0,0.0,957.1,965.1
13560,0.1527,-56.15,0.50,17.25,36.84,0.3996,0.0,100.0,0.0,0.0,0.0,909.9,927.9
13620,0.1534,-56.03,0.50,17.48,36.42,0.3996,0.0,100.0,0.0,0.0,0.0,972.5,967.6
13680,0.1541,-55.92,0.50,17.71,36.01,0.3996,0.0,100.0,0.0,0.0,0.0,961.9,959.7
13740,0.1548,-55.81,0.50,17.92,35.63,0.3996,0.0,100.0,0.0,0.0,0.0,944.5,937.2
13800,0.1554,-55.69,0.50,18.14,35.27,0.3996,0.0,100.0,0.0,0.0,0.0,963.9,934.6
13860,0.1561,-55.58,0.50,18.34,34.92,0.3996,0.0,0.0,0.0,0.0,0.0,971.4,947.6
13920,0.1568,-55.46,0.50,13.95,45.62,0.3996,0.0,100.0,0.0,0.0,0.0,929.0,951.0
13980,0.1575,-55.35,0.50,14.42,44.41,0.3996,0.0,100.0,0.0,0.0,0.0,967.9,976.4
14040,0.1582,-55.23,0.50,14.86,43.29,0.3996,0.0,100.0,0.0,0.0,0.0,964.3,972.6
14100,0.1588,-55.12,0.50,15.29,42.26,0.3996,0.0,100.0,0.0,0.0,0.0,946.1,967.1
14160,0.1595,-55.00,0.50,15.70,41.30,0.3996,0.0,100.0,0.0,0.0,0.0,984.5,969.2
14220,0.1602,-54.88,0.50,16.09,40.42,0.3996,0.0,100.0,0.0,0.0,0.0,931.0,942.9
14280,0.1609,-54.77,0.50,16.47,39.59,0.3996,0.0,100.0,0.0,0.0,0.0,968.3,965.0
14340,0.1615,-54.65,0.50,16.83,38.83,0.3996,0.0,100.0,0.0,0.0,0.0,956.5,991.4
14400,0.1622,-54.53,0.50,17.17,38.11,0.3996,0.0,100.0,0.0,0.0,0.0,982.6,971.9
14460,0.1629,-54.41,0.50,17.50,37.44,0.3996,0.0,100.0,0.0,0.0,0.0,953.3,963.2
14520,0.1636,-54.30,0.50,17.82,36.81,0.3996,0.0,100.0,0.0,0.0,0.0,973.5,947.5
14580,0.1642,-54.18,0.50,18.13,36.22,0.3996,0.0,100.0,0.0,0.0,0.0,939.2,957.3
14640,0.1649,-54.06,0.50,18.43,35.67,0.3996,0.0,0.0,0.0,0.0,0.0,968.5,998.6
14700,0.1656,-53.94,0.50,14.12,46.34,0.3996,0.0,100.0,0.0,0.0,0.0,921.3,946.8
14760,0.1663,-53.82,0.50,14.67,44.89,0.3996,0.0,100.0,0.0,0.0,0.0,1006.4,928.1
14820,0.1669,-53.70,0.50,15.19,43.56,0.3996,0.0,100.0,0.0,0.0,0.0,961.8,974.7
14880,0.1676,-53.58,0.50,15.69,42.33,0.3996,0.0,100.0,0.0,0.0,0.0,965.6,941.1
14940,0.1683,-53.46,0.50,16.17,41.21,0.3996,0.0,100.0,0.0,0.0,0.0,954.2,999.7
15000,0.1690,-53.34,0.50,16.62,40.17,0.3996,0.0,100.0,0.0,0.0,0.0,955.9,968.5
15060,0.1696,-53.22,0.50,17.06,39.21,0.3996,0.0,100.0,0.0,0.0,0.0,953.6,988.4
15120,0.1703,-53.10,0.50,17.47,38.32,0.3996,0.0,100.0,0.0,0.0,0.0,947.3,960.0
15180,0.1710,-52.98,0.50,17.87,37.50,0.3996,0.0,100.0,0.0,0.0,0.0,950.3,986.4
15240,0.1717,-52.86,0.50,18.26,36.73,0.3996,0.0,0.0,0.0,0.0,0.0,960.5,948.6
15300,0.1723,-52.74,0.50,14.03,47.49,0.3996,0.0,100.0,0.0,0.0,0.0,966.3,946.3
15360,0.1730,-52.61,0.50,14.66,45.78,0.3996,0.0,100.0,0.0,0.0,0.0,970.5,978.8
15420,0.1737,-52.49,0.50,15.25,44.23,0.3996,0.0,100.0,0.0,0.0,0.0,962.6,970.6
15480,0.1744,-52.37,0.50,15.82,42.81,0.3996,0.0,100.0,0.0,0.0,0.0,972.2,987.3
15540,0.1750,-52.25,0.50,16.36,41.51,0.3996,0.0,100.0,0.0,0.0,0.0,966.5,950.9
15600,0.1757,-52.12,0.50,16.88,40.31,0.3996,0.0,100.0,0.0,0.0,0.0,969.7,928.2
15660,0.1764,-52.00,0.50,17.37,39.22,0.3996,0.0,100.0,0.0,0.0,0.0,961.6,1006.3
15720,0.1771,-51.88,0.50,17.84,38.20,0.3995,0.0,0.0,0.0,0.0,0.0,969.1,1001.1
15780,0.1778,-51.75,0.50,13.70,49.19,0.3995,0.0,100.0,0.0,0.0,0.0,942.9,974.9
15840,0.1784,-51.63,0.50,14.40,47.18,0.3995,0.0,100.0,0.0,0.0,0.0,953.1,912.7
15900,0.1791,-51.50,0.50,15.07,45.36,0.3995,0.0,100.0,0.0,0.0,0.0,937.9,949.0
15960,0.1798,-51.38,0.50,15.71,43.72,0.3995,0.0,100.0,0.0,0.0,0.0,957.8,943.1
16020,0.1805,-51.25,0.50,16.32,42.22,0.3995,0.0,100.0,0.0,0.0,0.0,952.1,968.3
16080,0.1811,-51.13,0.50,16.90,40.85,0.3995,0.0,100.0,0.0,0.0,0.0,947.0,998.8
16140,0.1818,-51.00,0.50,17.45,39.60,0.3995,0.0,100.0,0.0,0.0,0.0,997.7,957.0
16200,0.1825,-50.88,0.50,17.97,38.45,0.3995,0.0,0.0,0.0,0.0,0.0,981.1,974.3
16260,0.1832,-50.75,0.50,13.88,49.33,0.3995,0.0,100.0,0.0,2.7,0.0,894.5,946.6
16320,0.1838,-50.63,0.50,14.64,47.18,0.3995,0.0,100.0,0.0,0.0,0.0,967.9,976.7
16380,0.1845,-50.50,0.50,15.35,45.24,0.3995,0.0,100.0,0.0,0.0,0.0,970.3,955.6
16440,0.1852,-50.37,0.50,16.03,43.48,0.3995,0.0,100.0,0.0,0.0,0.0,975.5,987.1
16500,0.1859,-50.25,0.50,16.68,41.89,0.3995,0.0,100.0,0.0,0.0,0.0,984.5,956.6
16560,0.1865,-50.12,0.50,17.30,40.45,0.3995,0.0,100.0,0.0,0.0,0.0,962.7,947.6
16620,0.1872,-49.99,0.50,17.88,39.13,0.3995,0.0,0.0,0.0,0.0,0.0,937.2,950.4
16680,0.1879,-49.86,0.50,13.85,50.02,0.3995,0.0,100.0,0.0,0.0,0.0,982.8,950.7
16740,0.1886,-49.74,0.50,14.66,47.68,0.3995,0.0,100.0,0.0,0.0,0.0,989.8,961.9
16800,0.1892,-49.61,0.50,15.43,45.57,0.3995,0.0,100.0,0.0,0.0,0.0,968.0,996.2
16860,0.1899,-49.48,0.50,16.16,43.68,0.3995,0.0,100.0,0.0,0.0,0.0,998.4,999.0
16920,0.1906,-49.35,0.50,16.85,41.97,0.3995,0.0,100.0,0.0,0.0,0.0,932.5,942.2
16980,0.1913,-49.22,0.50,17.51,40.41,0.3995,0.0,100.0,0.0,0.0,0.0,966.0,993.9
17040,0.1919,-49.09,0.50,18.14,39.00,0.3995,0.0,0.0,0.0,0.0,0.0,972.8,952.1
17100,0.1926,-48.96,0.50,14.15,49.72,0.3995,0.0,100.0,0.0,0.0,0.0,979.1,958.5
17160,0.1933,-48.84,0.50,14.99,47.29,0.3995,0.0,100.0,0.0,0.0,0.0,984.8,942.7
17220,0.1940,-48.71,0.50,15.79,45.11,0.3995,0.0,100.0,0.0,0.0,0.0,945.3,924.7
17280,0.1946,-48.58,0.50,16.55,43.16,0.3995,0.0,100.0,0.0,0.0,0.0,953.1,986.7
17340,0.1953,-48.45,0.50,17.28,41.40,0.3995,0.0,100.0,0.0,0.0,0.0,984.4,944.9
17400,0.1960,-48.32,0.50,17.96,39.80,0.3995,0.0,100.0,0.0,0.0,0.0,935.0,986.6
17460,0.1967,-48.19,0.50,18.62,38.35,0.3995,0.0,0.0,0.0,0.0,0.0,958.0,960.3
17520,0.1974,-48.06,0.50,14.65,48.77,0.3995,0.0,100.0,0.0,0.0,0.0,932.7,980.3
17580,0.1980,-47.93,0.50,15.52,46.33,0.3995,0.0,100.0,0.0,0.0,0.0,936.1,978.4
17640,0.1987,-47.79,0.50,16.34,44.15,0.3995,0.0,100.0,0.0,0.0,0.0,963.7,968.1
17700,0.1994,-47.66,0.50,17.13,42.19,0.3995,0.0,100.0,0.0,0.0,0.0,969.2,959.4
17760,0.2001,-47.53,0.50,17.87,40.43,0.3995,0.0,100.0,0.0,0.0,0.0,976.0,983.0
17820,0.2007,-47.40,0.50,18.58,38.84,0.3995,0.0,0.0,0.0,0.0,0.0,999.0,932.5
17880,0.2014,-47.27,0.50,14.66,49.24,0.3995,0.0,100.0,0.0,0.0,0.0,989.2,1002.3
17940,0.2021,-47.14,0.50,15.57,46.64,0.3995,0.0,100.0,0.0,0.0,0.0,986.9,953.1
18000,0.2028,-47.01,0.50,16.44,44.33,0.3995,0.0,100.0,0.0,0.0,0.0,972.2,1010.6
18060,0.2034,-46.87,0.50,17.26,42.26,0.3995,0.0,100.0,0.0,0.0,0.0,969.7,961.5
18120,0.2041,-46.74,0.50,18.05,40.40,0.3995,0.0,100.0,0.0,0.0,0.0,927.8,1006.9
18180,0.2048,-46.61,0.50,18.79,38.73,0.3995,0.0,0.0,0.0,0.0,0.0,947.7,954.0
18240,0.2055,-46.48,0.50,14.91,48.98,0.3995,0.0,100.0,0.0,0.0,0.0,938.2,968.0
18300,0.2061,-46.34,0.50,15.85,46.31,0.3995,0.0,100.0,0.0,0.0,0.0,979.9,982.2
18360,0.2068,-46.21,0.50,16.75,43.94,0.3995,0.0,100.0,0.0,0.0,0.0,964.4,992.8
18420,0.2075,-46.08,0.50,17.61,41.82,0.3995,0.0,100.0,0.0,0.0,0.0,969.8,987.2
18480,0.2082,-45.94,0.50,18.42,39.92,0.3995,0.0,0.0,0.0,0.0,0.0,965.4,1001.0
18540,0.2088,-45.81,0.50,14.59,50.33,0.3995,0.0,100.0,0.0,0.0,0.0,986.6,990.6
18600,0.2095,-45.68,0.50,15.60,47.41,0.3995,0.0,100.0,0.0,0.0,0.0,976.8,944.1
18660,0.2102,-45.54,0.50,16.55,44.83,0.3995,0.0,100.0,0.0,0.0,0.0,968.0,996.2
18720,0.2109,-45.41,0.50,17.46,42.53,0.3995,0.0,100.0,0.0,0.0,0.0,965.3,959.0
18780,0.2115,-45.28,0.50,18.31,40.48,0.3995,0.0,0.0,0.0,0.0,0.0,931.5,995.2
18840,0.2122,-45.14,0.50,14.54,50.90,0.3995,0.0,100.0,0.0,0.0,0.0,939.4,925.8
18900,0.2129,-45.01,0.50,15.59,47.82,0.3995,0.0,100.0,0.0,0.0,0.0,947.4,966.9
18960,0.2136,-44.87,0.50,16.58,45.10,0.3995,0.0,100.0,0.0,0.0,0.0,967.3,970.2
19020,0.2142,-44.74,0.50,17.52,42.69,0.3995,0.0,100.0,0.0,0.0,0.0,998.4,936.9
19080,0.2149,-44.60,0.50,18.42,40.54,0.3995,0.0,0.0,0.0,0.0,0.0,978.0,973.6
19140,0.2156,-44.47,0.50,14.68,50.86,0.3995,0.0,100.0,0.0,0.0,0.0,950.0,994.6
19200,0.2163,-44.33,0.50,15.76,47.69,0.3995,0.0,100.0,0.0,0.0,0.0,1010.2,984.4
19260,0.2170,-44.20,0.50,16.78,44.90,0.3995,0.0,100.0,0.0,0.0,0.0,967.4,973.4
19320,0.2176,-44.06,0.50,17.75,42.44,0.3994,0.0,100.0,0.0,0.0,0.0,960.8,1004.0
19380,0.2183,-43.93,0.50,18.67,40.24,0.3994,0.0,0.0,0.0,0.0,0.0,962.9,986.1
19440,0.2190,-43.79,0.50,14.95,50.39,0.3994,0.0,100.0,0.0,0.0,0.0,974.9,990.8
19500,0.2197,-43.66,0.50,16.06,47.19,0.3994,0.0,100.0,0.0,0.0,0.0,963.0,957.0
19560,0.2203,-43.52,0.50,17.10,44.38,0.3994,0.0,100.0,0.0,0.0,0.0,958.6,993.8
19620,0.2210,-43.39,0.50,18.10,41.89,0.3994,0.0,100.0,0.0,0.0,0.0,937.0,963.1
19680,0.2217,-43.25,0.50,19.04,39.69,0.3994,0.0,0.0,0.0,0.0,0.0,981.4,957.5
19740,0.2224,-43.12,0.50,15.34,49.60,0.3994,0.0,100.0,0.0,0.0,0.0,960.1,965.0
19800,0.2230,-42.98,0.50,16.46,46.41,0.3994,0.0,100.0,0.0,0.0,0.0,979.0,968.2
19860,0.2237,-42.84,0.50,17.52,43.61,0.3994,0.0,100.0,0.0,0.0,0.0,932.6,984.1
19920,0.2244,-42.71,0.50,18.53,41.14,0.3994,0.0,0.0,0.0,0.0,0.0,1000.4,969.2
19980,0.2251,-42.57,0.50,14.89,51.27,0.3994,0.0,100.0,0.0,0.0,0.0,963.3,968.6
20040,0.2257,-42.43,0.50,16.07,47.79,0.3994,0.0,100.0,0.0,0.0,0.0,991.7,966.6
20100,0.2264,-42.30,0.50,17.19,44.75,0.3994,0.0,100.0,0.0,0.0,0.0,959.1,957.3
20160,0.2271,-42.16,0.50,18.25,42.07,0.3994,0.0,0.0,0.0,0.0,0.0,978.7,970.1
20220,0.2278,-42.03,0.50,14.66,52.29,0.3994,0.0,100.0,0.0,0.0,0.0,962.4,960.6
20280,0.2284,-41.89,0.50,15.89,48.60,0.3994,0.0,100.0,0.0,0.0,0.0,947.4,974.0
20340,0.2291,-41.75,0.50,17.05,45.38,0.3994,0.0,100.0,0.0,0.0,0.0,968.8,946.8
20400,0.2298,-41.61,0.50,18.15,42.56,0.3994,0.0,100.0,0.0,0.0,0.0,974.9,951.4
20460,0.2305,-41.48,0.50,19.20,40.08,0.3994,0.0,0.0,0.0,0.0,0.0,972.5,980.5
20520,0.2311,-41.34,0.50,15.59,49.78,0.3994,0.0,100.0,0.0,0.0,0.0,958.0,939.1
20580,0.2318,-41.20,0.50,16.81,46.34,0.3994,0.0,100.0,0.0,0.0,0.0,972.8,971.0
20640,0.2325,-41.07,0.50,17.95,43.33,0.3994,0.0,0.0,0.0,0.0,0.0,1020.1,998.0
20700,0.2332,-40.93,0.50,14.45,53.61,0.3994,0.0,100.0,0.0,0.0,0.0,964.3,1013.7
20760,0.2338,-40.79,0.50,15.75,49.57,0.3994,0.0,100.0,0.0,0.0,0.0,990.3,938.8
20820,0.2345,-40.65,0.50,16.99,46.08,0.3994,0.0,100.0,0.0,0.0,0.0,980.6,953.8
20880,0.2352,-40.52,0.50,18.16,43.04,0.3994,0.0,0.0,0.0,0.0,0.0,978.2,979.8
20940,0.2359,-40.38,0.50,14.67,53.16,0.3994,0.0,100.0,0.0,0.0,0.0,1013.7,970.5
21000,0.2366,-40.24,0.50,16.00,49.11,0.3994,0.0,100.0,0.0,0.0,0.0,962.2,958.2
21060,0.2372,-40.11,0.50,17.25,45.61,0.3994,0.0,100.0,0.0,0.0,0.0,984.8,999.2
21120,0.2379,-39.97,0.50,18.44,42.56,0.3994,0.0,0.0,0.0,0.0,0.0,979.8,1013.8
21180,0.2386,-39.83,0.50,14.97,52.50,0.3994,0.0,100.0,0.0,0.0,0.0,991.6,964.3
21240,0.2393,-39.69,0.50,16.31,48.47,0.3994,0.0,100.0,0.0,0.0,0.0,956.0,935.1
21300,0.2399,-39.55,0.50,17.58,44.98,0.3994,0.0,100.0,0.0,0.0,0.0,985.0,979.3
21360,0.2406,-39.42,0.50,18.78,41.95,0.3994,0.0,0.0,0.0,0.0,0.0,989.4,967.9
21420,0.2413,-39.28,0.50,15.32,51.67,0.3994,0.0,100.0,0.0,0.0,0.0,964.2,962.7
21480,0.2420,-39.14,0.50,16.67,47.68,0.3994,0.0,100.0,0.0,0.0,0.0,983.0,1008.7
21540,0.2426,-39.00,0.50,17.95,44.24,0.3994,0.0,100.0,0.0,0.0,0.0,976.3,973.4
21600,0.2433,-38.87,0.50,19.16,41.24,0.3994,0.0,0.0,0.0,0.0,0.0,989.5,989.1
21660,0.2440,-38.73,0.50,15.72,50.73,0.3994,0.0,100.0,0.0,0.0,0.0,1005.3,977.8
21720,0.2447,-38.59,0.50,17.08,46.80,0.3994,0.0,100.0,0.0,0.0,0.0,992.1,978.0
21780,0.2453,-38.45,0.50,18.36,43.41,0.3994,0.0,0.0,0.0,0.0,0.0,969.0,966.9
21840,0.2460,-38.31,0.50,14.99,53.24,0.3994,0.0,100.0,0.0,0.0,0.0,977.2,965.1
21900,0.2467,-38.18,0.50,16.42,48.89,0.3994,0.0,100.0,0.0,0.0,0.0,964.4,954.5
21960,0.2474,-38.04,0.50,17.77,45.15,0.3994,0.0,100.0,0.0,0.0,0.0,986.3,995.2
22020,0.2480,-37.90,0.50,19.05,41.91,0.3994,0.0,0.0,0.0,0.0,0.0,961.6,986.3
22080,0.2487,-37.76,0.50,15.67,51.37,0.3994,0.0,100.0,0.0,0.0,0.0,981.6,980.0
22140,0.2494,-37.62,0.50,17.09,47.22,0.3994,0.0,100.0,0.0,0.0,0.0,950.1,982.8
22200,0.2501,-37.49,0.50,18.43,43.67,0.3994,0.4,100.0,100.0,0.0,0.0,1028.9,968.0
22260,0.2507,-37.35,0.50,20.19,51.60,0.3991,303.8,100.0,100.0,0.0,0.0,964.1,929.6
22320,0.2514,-37.21,0.50,21.85,56.43,0.3988,307.1,100.0,100.0,0.0,0.0,981.2,957.0
22380,0.2521,-37.07,0.50,23.43,58.98,0.3986,310.5,0.0,100.0,0.0,0.0,983.2,954.0
22440,0.2528,-36.93,0.50,20.33,75.53,0.3984,313.9,100.0,100.0,0.0,0.0,964.3,969.4
22500,0.2534,-36.80,0.50,22.02,70.45,0.3982,317.3,100.0,100.0,0.0,0.0,990.8,936.5
22560,0.2541,-36.66,0.50,23.62,67.36,0.3981,320.7,0.0,100.0,0.0,0.0,962.8,936.6
22620,0.2548,-36.52,0.50,20.55,82.18,0.3979,324.1,100.0,100.0,0.0,0.0,978.0,986.8
22680,0.2555,-36.38,0.50,22.25,74.27,0.3978,327.5,100.0,100.0,0.0,0.0,961.4,990.6
22740,0.2562,-36.24,0.50,23.87,69.63,0.3976,330.9,0.0,100.0,0.0,0.0,923.1,985.9
22800,0.2568,-36.11,0.50,20.82,83.91,0.3975,334.3,100.0,100.0,0.0,0.0,961.2,938.6
22860,0.2575,-35.97,0.50,22.54,75.24,0.3974,337.7,100.0,100.0,0.0,0.0,913.3,928.6
22920,0.2582,-35.83,0.50,24.18,70.18,0.3972,341.1,0.0,100.0,0.0,0.0,961.6,890.3
22980,0.2589,-35.69,0.50,21.14,84.27,0.3971,344.5,100.0,100.0,0.0,0.0,930.4,921.0
23040,0.2595,-35.55,0.50,22.88,75.42,0.3970,347.9,100.0,100.0,0.0,0.0,956.0,911.5
23100,0.2602,-35.42,0.50,24.53,70.26,0.3968,351.3,0.0,100.0,0.1,0.0,899.8,922.0
23160,0.2609,-35.28,0.50,21.50,84.24,0.3967,354.7,100.0,100.0,0.0,0.0,917.3,960.6
23220,0.2616,-35.14,0.50,23.25,75.38,0.3966,358.1,0.0,100.0,0.0,0.0,932.0,908.8
23280,0.2622,-35.00,0.50,20.32,88.47,0.3964,361.4,100.0,100.0,0.0,0.0,920.3,948.3
23340,0.2629,-34.87,0.50,22.16,77.65,0.3964,364.8,100.0,100.0,0.0,0.0,946.4,968.6
23400,0.2636,-34.73,0.50,23.91,71.54,0.3962,368.2,0.0,100.0,0.0,0.0,941.3,925.3
23460,0.2643,-34.59,0.50,20.97,85.31,0.3961,371.6,100.0,100.0,0.0,0.0,939.8,916.7
23520,0.2649,-34.45,0.50,22.81,75.88,0.3960,375.0,100.0,100.0,0.0,0.0,924.4,929.2
23580,0.2656,-34.32,0.50,24.55,70.47,0.3958,378.4,0.0,100.0,0.0,0.0,927.5,914.5
23640,0.2663,-34.18,0.50,21.61,84.31,0.3957,381.7,100.0,100.0,0.0,0.0,915.1,891.3
23700,0.2670,-34.04,0.50,23.44,75.30,0.3956,385.1,0.0,100.0,0.3,0.0,899.4,890.1
23760,0.2676,-33.90,0.50,20.59,88.24,0.3954,388.5,100.0,100.0,15.9,0.0,868.1,879.6
23820,0.2683,-33.77,0.50,22.51,77.39,0.3954,391.9,100.0,100.0,0.0,0.0,940.1,919.9
23880,0.2690,-33.63,0.50,24.32,71.30,0.3952,395.3,0.0,100.0,0.5,0.0,899.0,932.1
23940,0.2697,-33.49,0.50,21.45,84.95,0.3951,398.6,100.0,100.0,5.0,0.0,890.1,886.0
24000,0.2703,-33.36,0.50,23.35,75.56,0.3950,402.0,0.0,100.0,0.0,0.0,933.1,910.3
24060,0.2710,-33.22,0.50,20.55,88.37,0.3948,405.4,100.0,100.0,0.0,0.0,905.8,922.6
24120,0.2717,-33.08,0.50,22.53,77.36,0.3947,408.7,100.0,100.0,0.0,0.0,912.4,908.8
24180,0.2724,-32.95,0.50,24.40,71.23,0.3946,412.1,0.0,100.0,0.0,0.0,909.0,887.9
24240,0.2730,-32.81,0.50,21.57,84.81,0.3944,415.5,100.0,100.0,0.0,0.0,912.5,902.3
24300,0.2737,-32.67,0.50,23.52,75.40,0.3943,418.8,0.0,100.0,11.7,0.0,876.6,888.7
24360,0.2744,-32.54,0.50,20.77,88.13,0.3942,422.2,100.0,100.0,11.1,0.0,877.9,926.5
24420,0.2751,-32.40,0.50,22.79,77.14,0.3941,425.5,100.0,100.0,0.0,0.0,922.5,952.6
24480,0.2758,-32.26,0.50,24.70,71.05,0.3940,428.9,0.0,100.0,4.2,0.0,891.5,915.3
24540,0.2764,-32.13,0.50,21.91,84.53,0.3938,432.2,100.0,100.0,0.0,0.0,901.8,900.6
24600,0.2771,-31.99,0.50,23.89,75.19,0.3937,435.6,0.0,100.0,2.7,0.0,894.6,884.2
24660,0.2778,-31.86,0.50,21.18,87.81,0.3935,438.9,100.0,100.0,0.0,0.0,913.6,914.6
24720,0.2785,-31.72,0.50,23.22,76.90,0.3934,442.3,0.0,100.0,0.0,0.0,903.7,913.0
24780,0.2791,-31.58,0.50,20.57,89.17,0.3933,445.6,100.0,100.0,18.6,0.0,862.7,900.2
24840,0.2798,-31.45,0.50,22.67,77.54,0.3932,449.0,100.0,100.0,6.3,0.0,887.3,910.8
24900,0.2805,-31.31,0.50,24.66,71.19,0.3931,452.3,0.0,100.0,13.4,0.0,873.2,905.2
24960,0.2812,-31.18,0.50,21.96,84.55,0.3929,455.6,100.0,100.0,0.0,0.0,923.7,918.5
25020,0.2818,-31.04,0.50,24.01,75.07,0.3928,459.0,0.0,100.0,0.0,0.0,920.1,904.7
25080,0.2825,-30.91,0.50,21.37,87.57,0.3926,462.3,100.0,100.0,5.0,0.0,889.9,915.2
25140,0.2832,-30.77,0.50,23.48,76.65,0.3926,465.6,0.0,100.0,8.3,0.0,883.5,893.3
25200,0.2839,-30.64,0.50,20.88,88.80,0.3924,468.9,100.0,100.0,5.3,0.0,889.4,902.5
25260,0.2845,-30.50,0.50,23.05,77.22,0.3923,472.3,100.0,100.0,0.0,0.0,916.1,885.4
25320,0.2852,-30.37,0.50,25.09,70.92,0.3922,475.6,0.0,100.0,0.0,0.0,921.0,963.8
25380,0.2859,-30.23,0.50,22.44,84.14,0.3920,478.9,100.0,100.0,1.1,0.0,897.9,905.5
25440,0.2866,-30.10,0.50,24.54,74.75,0.3919,482.2,0.0,100.0,0.0,0.0,929.2,918.5
25500,0.2872,-29.96,0.50,21.94,87.10,0.3917,485.5,100.0,100.0,10.5,0.0,879.0,899.4
25560,0.2879,-29.83,0.50,24.09,76.30,0.3916,488.8,0.0,100.0,0.0,0.0,912.8,924.3
25620,0.2886,-29.70,0.50,21.54,88.30,0.3915,492.1,100.0,100.0,8.3,0.0,883.4,887.1
25680,0.2893,-29.56,0.50,23.74,76.87,0.3914,495.4,0.0,100.0,0.0,0.0,906.8,887.3
25740,0.2899,-29.43,0.50,21.23,88.73,0.3913,498.7,100.0,100.0,2.2,0.0,895.6,886.7
25800,0.2906,-29.29,0.50,23.47,77.03,0.3912,502.0,0.0,100.0,0.0,0.0,913.7,905.4
25860,0.2913,-29.16,0.50,20.99,88.85,0.3910,505.3,100.0,100.0,0.3,0.0,899.3,873.1
25920,0.2920,-29.03,0.50,23.27,77.02,0.3910,508.5,0.0,100.0,4.3,0.0,891.4,900.1
25980,0.2926,-28.89,0.50,20.83,88.83,0.3908,511.8,100.0,100.0,10.1,0.0,879.8,875.8
26040,0.2933,-28.76,0.50,23.13,76.95,0.3907,515.1,0.0,100.0,28.6,0.0,842.8,938.1
26100,0.2940,-28.63,0.50,20.72,88.76,0.3906,518.4,100.0,100.0,0.0,0.0,911.4,941.8
26160,0.2947,-28.50,0.50,23.06,76.86,0.3905,521.6,0.0,100.0,0.0,0.0,921.5,861.7
26220,0.2954,-28.36,0.50,20.67,88.67,0.3903,524.9,100.0,100.0,0.0,0.0,904.7,909.4
26280,0.2960,-28.23,0.50,23.03,76.77,0.3903,528.2,100.0,100.0,8.7,0.0,882.7,898.9
26340,0.2967,-28.10,0.50,25.26,70.45,0.3901,531.4,0.0,100.0,0.0,0.0,923.9,864.7
26400,0.2974,-27.97,0.50,22.77,83.47,0.3899,534.7,100.0,100.0,14.3,0.0,871.4,908.7
26460,0.2981,-27.84,0.50,25.04,74.10,0.3898,537.9,0.0,100.0,9.8,0.0,880.4,917.3
26520,0.2987,-27.70,0.50,22.59,86.19,0.3896,541.1,100.0,100.0,8.0,0.0,883.9,884.4
26580,0.2994,-27.57,0.50,24.89,75.53,0.3895,544.4,0.0,100.0,0.0,0.0,946.2,931.0
26640,0.3001,-27.44,0.50,22.47,87.23,0.3893,547.6,100.0,100.0,3.5,0.0,893.1,930.3
26700,0.3008,-27.31,0.50,24.79,76.04,0.3892,550.8,0.0,100.0,9.3,0.0,881.5,907.5
26760,0.3014,-27.18,0.50,22.40,87.58,0.3891,554.1,100.0,100.0,8.2,0.0,883.7,897.0
26820,0.3021,-27.05,0.50,24.75,76.18,0.3890,557.3,0.0,100.0,6.7,0.0,886.6,935.5
26880,0.3028,-26.92,0.50,22.38,87.65,0.3888,560.5,100.0,100.0,0.0,0.0,915.6,923.4
26940,0.3035,-26.79,0.50,24.75,76.17,0.3887,563.7,0.0,100.0,12.5,0.0,874.9,888.9
27000,0.3041,-26.66,0.50,22.40,87.60,0.3886,566.9,100.0,100.0,0.0,0.0,908.4,913.4
27060,0.3048,-26.53,0.50,24.80,76.11,0.3885,570.1,0.0,100.0,1.3,0.0,897.3,908.5
27120,0.3055,-26.40,0.50,22.47,87.50,0.3883,573.3,100.0,100.0,0.2,0.0,899.7,892.2
27180,0.3062,-26.27,0.50,24.88,76.02,0.3882,576.5,0.0,100.0,4.7,0.0,890.5,917.2
27240,0.3068,-26.14,0.50,22.56,87.38,0.3881,579.7,100.0,100.0,0.0,0.0,910.6,895.5
27300,0.3075,-26.01,0.50,24.99,75.93,0.3880,582.9,0.0,100.0,4.3,0.0,891.3,858.2
27360,0.3082,-25.88,0.50,22.69,87.25,0.3878,586.0,100.0,100.0,0.0,0.0,903.0,867.0
27420,0.3089,-25.75,0.50,25.13,75.83,0.3877,589.2,0.0,100.0,19.6,0.0,860.8,890.0
27480,0.3095,-25.62,0.50,22.84,87.11,0.3875,592.4,100.0,100.0,0.0,0.0,905.2,847.2
27540,0.3102,-25.49,0.50,25.29,75.73,0.3875,595.5,0.0,100.0,0.0,0.0,900.6,934.4
27600,0.3109,-25.37,0.50,23.01,86.97,0.3873,598.7,0.0,100.0,11.2,0.0,877.6,896.0
27660,0.3116,-25.24,0.50,20.88,95.18,0.3872,601.8,100.0,100.0,13.0,0.0,874.0,875.7
27720,0.3123,-25.11,0.50,23.48,79.59,0.3872,605.0,0.0,100.0,6.3,0.0,887.4,915.4
27780,0.3129,-24.98,0.50,21.34,89.94,0.3870,608.1,100.0,100.0,0.0,0.0,918.4,927.8
27840,0.3136,-24.86,0.50,23.93,76.95,0.3869,611.3,0.0,100.0,0.0,0.0,918.0,895.2
27900,0.3143,-24.73,0.50,21.79,87.96,0.3868,614.4,100.0,100.0,0.0,0.0,902.8,886.4
27960,0.3150,-24.60,0.50,24.37,75.94,0.3867,617.5,0.0,100.0,0.0,0.0,922.8,906.6
28020,0.3156,-24.47,0.50,22.22,87.13,0.3865,620.6,100.0,100.0,8.7,0.0,882.5,873.7
28080,0.3163,-24.35,0.50,24.80,75.51,0.3864,623.7,0.0,100.0,0.0,0.0,910.9,915.8
28140,0.3170,-24.22,0.50,22.64,86.70,0.3862,626.8,100.0,100.0,0.0,0.0,914.0,869.5
28200,0.3177,-24.10,0.50,25.22,75.28,0.3861,629.9,0.0,100.0,9.1,0.0,881.8,882.7
28260,0.3183,-23.97,0.50,23.06,86.43,0.3860,633.0,0.0,100.0,2.8,0.0,894.4,877.1
28320,0.3190,-23.85,0.50,21.04,94.47,0.3859,636.1,100.0,100.0,0.0,0.0,941.3,890.3
28380,0.3197,-23.72,0.50,23.74,79.00,0.3858,639.2,0.0,100.0,6.0,0.0,888.0,888.8
28440,0.3204,-23.60,0.50,21.69,89.22,0.3857,642.3,100.0,100.0,16.3,0.0,867.5,877.7
28500,0.3210,-23.47,0.50,24.38,76.40,0.3856,645.3,0.0,100.0,7.0,0.0,885.9,904.8
28560,0.3217,-23.35,0.50,22.32,87.26,0.3854,648.4,100.0,100.0,0.0,0.0,900.4,901.9
28620,0.3224,-23.22,0.50,24.98,75.41,0.3853,651.4,0.0,100.0,7.4,0.0,885.3,899.8
28680,0.3231,-23.10,0.50,22.90,86.41,0.3851,654.5,0.0,100.0,0.0,0.0,901.3,888.3
28740,0.3237,-22.98,0.50,20.96,94.27,0.3850,657.5,100.0,100.0,0.0,0.0,900.9,909.2
28800,0.3244,-22.85,0.50,23.74,78.72,0.3850,660.6,0.0,100.0,0.0,0.0,912.9,925.5
28860,0.3251,-22.73,0.50,21.76,88.87,0.3848,663.6,100.0,100.0,24.5,0.0,850.9,880.2
28920,0.3258,-22.61,0.50,24.51,76.09,0.3848,666.6,0.0,100.0,1.3,0.0,897.3,884.9
28980,0.3264,-22.48,0.50,22.51,86.87,0.3846,669.6,100.0,100.0,0.0,0.0,920.7,928.8
29040,0.3271,-22.36,0.50,25.23,75.09,0.3845,672.7,0.0,100.0,1.7,0.0,896.6,886.6
29100,0.3278,-22.24,0.50,23.21,86.00,0.3843,675.7,0.0,100.0,12.3,0.0,875.4,877.3
29160,0.3285,-22.12,0.50,21.32,93.78,0.3842,678.6,100.0,100.0,0.0,0.0,908.7,859.3
29220,0.3291,-22.00,0.50,24.14,78.38,0.3841,681.6,0.0,100.0,14.7,0.0,870.6,893.4
29280,0.3298,-21.87,0.50,22.22,88.41,0.3840,684.6,100.0,100.0,0.0,0.0,939.0,842.5
29340,0.3305,-21.75,0.50,25.00,75.77,0.3839,687.6,0.0,100.0,11.7,0.0,876.5,900.3
29400,0.3312,-21.63,0.50,23.05,86.41,0.3837,690.6,0.0,100.0,16.8,0.0,866.4,892.2
29460,0.3319,-21.51,0.50,21.21,93.92,0.3836,693.5,100.0,100.0,5.2,0.0,889.6,903.8
29520,0.3325,-21.39,0.50,24.09,78.33,0.3836,696.5,0.0,100.0,0.0,0.0,928.3,928.1
29580,0.3332,-21.27,0.50,22.21,88.27,0.3834,699.4,100.0,100.0,0.0,0.0,904.4,906.2
29640,0.3339,-21.15,0.50,25.05,75.60,0.3833,702.4,0.0,100.0,0.0,0.0,903.2,899.4
29700,0.3346,-21.03,0.50,23.14,86.18,0.3831,705.3,0.0,100.0,0.0,0.0,901.1,921.7
29760,0.3352,-20.92,0.50,21.35,93.63,0.3830,708.2,100.0,100.0,7.0,0.0,886.1,841.8
29820,0.3359,-20.80,0.50,24.26,78.10,0.3830,711.1,0.0,100.0,0.1,0.0,899.9,887.3
29880,0.3366,-20.68,0.50,22.43,87.98,0.3828,714.1,100.0,100.0,11.1,0.0,877.8,907.4
29940,0.3373,-20.56,0.50,25.30,75.38,0.3827,717.0,0.0,100.0,5.7,0.0,888.6,892.8
30000,0.3379,-20.44,0.50,23.42,85.88,0.3825,719.9,0.0,100.0,3.3,0.0,893.5,900.3
30060,0.3386,-20.33,0.50,21.66,93.28,0.3824,722.7,100.0,100.0,22.2,0.0,855.6,886.4
30120,0.3393,-20.21,0.50,24.60,77.87,0.3824,725.6,0.0,100.0,0.0,0.0,923.2,890.0
30180,0.3400,-20.09,0.50,22.79,87.66,0.3822,728.5,100.0,100.0,0.1,0.0,899.9,910.4
30240,0.3406,-19.98,0.50,25.69,75.16,0.3821,731.4,0.0,100.0,1.3,0.0,897.3,855.0
30300,0.3413,-19.86,0.50,23.83,85.57,0.3819,734.2,0.0,100.0,0.0,0.0,914.8,894.6
30360,0.3420,-19.74,0.50,22.09,92.91,0.3818,737.1,100.0,100.0,0.0,0.0,904.9,871.8
30420,0.3427,-19.63,0.50,25.06,77.66,0.3818,739.9,0.0,100.0,20.3,0.0,859.4,893.0
30480,0.3433,-19.51,0.50,23.27,87.34,0.3816,742.7,0.0,100.0,4.3,0.0,891.3,896.0
30540,0.3440,-19.40,0.50,21.59,94.04,0.3815,745.6,100.0,100.0,16.9,0.0,866.1,886.1
30600,0.3447,-19.28,0.50,24.62,78.07,0.3814,748.4,0.0,100.0,1.2,0.0,897.6,883.6
30660,0.3454,-19.17,0.50,22.88,87.63,0.3813,751.2,0.0,100.0,21.0,0.0,858.1,910.1
30720,0.3460,-19.06,0.50,21.26,94.16,0.3812,754.0,100.0,100.0,3.7,0.0,892.6,890.6
30780,0.3467,-18.94,0.50,24.33,78.01,0.3811,756.8,0.0,100.0,16.8,0.0,866.3,887.6
30840,0.3474,-18.83,0.50,22.63,87.57,0.3810,759.6,100.0,100.0,0.0,0.0,903.6,895.8
30900,0.3481,-18.72,0.50,25.64,74.91,0.3809,762.3,0.0,100.0,11.5,0.0,876.9,914.0
30960,0.3487,-18.60,0.50,23.89,85.18,0.3807,765.1,0.0,100.0,4.3,0.0,891.4,921.7
31020,0.3494,-18.49,0.50,22.25,92.37,0.3806,767.9,100.0,100.0,0.0,0.0,912.4,888.2
31080,0.3501,-18.38,0.50,25.31,77.20,0.3805,770.6,0.0,100.0,0.0,0.0,942.5,850.2
31140,0.3508,-18.27,0.50,23.60,86.76,0.3803,773.4,0.0,100.0,0.0,0.0,917.4,891.2
31200,0.3515,-18.16,0.50,22.01,93.35,0.3802,776.1,100.0,100.0,7.7,0.0,884.6,888.7
31260,0.3521,-18.05,0.50,25.10,77.59,0.3802,778.8,0.0,100.0,0.0,0.0,915.4,898.8
31320,0.3528,-17.94,0.50,23.44,87.00,0.3800,781.5,0.0,100.0,5.5,0.0,888.9,915.9
31380,0.3535,-17.83,0.50,21.88,93.44,0.3799,784.3,100.0,100.0,1.5,0.0,897.0,900.4
31440,0.3542,-17.72,0.50,25.01,77.55,0.3798,787.0,0.0,100.0,0.0,0.0,903.4,913.3
31500,0.3548,-17.61,0.50,23.38,86.93,0.3797,789.6,0.0,100.0,0.0,0.0,910.5,866.7
31560,0.3555,-17.50,0.50,21.85,93.32,0.3796,792.3,100.0,100.0,20.3,0.0,859.3,886.0
31620,0.3562,-17.39,0.50,25.01,77.43,0.3795,795.0,0.0,100.0,8.9,0.0,882.1,885.9
31680,0.3569,-17.28,0.50,23.40,86.79,0.3793,797.7,0.0,100.0,0.0,0.0,939.6,859.8
31740,0.3575,-17.17,0.50,21.89,93.15,0.3792,800.3,100.0,100.0,6.0,0.0,888.0,877.3
31800,0.3582,-17.07,0.50,25.08,77.30,0.3792,803.0,0.0,100.0,7.2,0.0,885.6,886.4
31860,0.3589,-16.96,0.50,23.49,86.63,0.3790,805.6,0.0,100.0,9.3,0.0,881.4,873.4
31920,0.3596,-16.85,0.50,22.01,92.97,0.3789,808.2,100.0,100.0,0.0,0.0,918.3,905.7
31980,0.3602,-16.75,0.50,25.21,77.18,0.3788,810.9,0.0,100.0,17.0,0.0,866.0,888.0
32040,0.3609,-16.64,0.50,23.64,86.47,0.3786,813.5,0.0,100.0,0.0,0.0,912.5,879.7
32100,0.3616,-16.53,0.50,22.18,92.79,0.3785,816.1,100.0,100.0,9.1,0.0,881.8,896.1
32160,0.3623,-16.43,0.50,25.40,77.06,0.3785,818.7,0.0,100.0,0.0,0.0,909.7,913.3
32220,0.3629,-16.32,0.50,23.84,86.30,0.3783,821.2,0.0,100.0,0.0,0.0,944.8,882.5
32280,0.3636,-16.22,0.50,22.39,92.60,0.3782,823.8,100.0,100.0,0.0,0.0,919.3,854.2
32340,0.3643,-16.12,0.50,25.62,76.95,0.3781,826.4,0.0,100.0,13.6,0.0,872.8,903.2
32400,0.3650,-16.01,0.50,24.08,86.14,0.3779,828.9,0.0,100.0,0.0,0.0,904.2,883.9
32460,0.3656,-15.91,0.50,22.63,92.41,0.3778,831.5,100.0,100.0,22.0,0.0,855.9,915.4
32520,0.3663,-15.81,0.50,25.88,76.84,0.3778,834.0,0.0,100.0,0.0,0.0,901.5,882.4
32580,0.3670,-15.70,0.50,24.34,85.97,0.3776,836.5,0.0,100.0,12.7,0.0,874.6,879.5
32640,0.3677,-15.60,0.50,22.91,92.22,0.3775,839.0,100.0,100.0,12.2,0.0,875.6,907.9
32700,0.3683,-15.50,0.50,26.16,76.74,0.3774,841.6,0.0,100.0,0.0,0.0,910.1,898.5
32760,0.3690,-15.40,0.50,24.63,85.80,0.3772,844.0,0.0,100.0,0.0,0.0,918.1,877.6
32820,0.3697,-15.30,0.50,23.21,92.03,0.3771,846.5,0.0,100.0,10.9,0.0,878.3,905.1
32880,0.3704,-15.20,0.50,21.87,96.07,0.3771,849.0,100.0,100.0,8.4,0.0,883.1,876.9
32940,0.3711,-15.10,0.50,25.22,78.35,0.3770,851.5,0.0,100.0,0.0,0.0,941.6,887.0
33000,0.3717,-15.00,0.50,23.78,86.96,0.3768,853.9,0.0,100.0,29.8,0.0,840.4,913.5
33060,0.3724,-14.90,0.50,22.44,92.73,0.3767,856.4,100.0,100.0,0.0,0.0,939.7,933.9
33120,0.3731,-14.80,0.50,25.77,76.80,0.3767,858.8,0.0,100.0,3.4,0.0,893.2,912.3
33180,0.3738,-14.70,0.50,24.33,85.78,0.3765,861.2,0.0,100.0,0.0,0.0,915.9,897.8
33240,0.3744,-14.60,0.50,22.97,91.88,0.3764,863.7,100.0,100.0,0.0,0.0,924.6,921.4
33300,0.3751,-14.50,0.50,26.30,76.41,0.3763,866.1,0.0,100.0,0.0,0.0,913.2,886.6
33360,0.3758,-14.41,0.50,24.85,85.38,0.3761,868.5,0.0,100.0,0.0,0.0,913.9,857.1
33420,0.3765,-14.31,0.50,23.49,91.53,0.3760,870.8,0.0,100.0,5.1,0.0,889.8,853.9
33480,0.3771,-14.21,0.50,22.22,95.51,0.3759,873.2,100.0,100.0,26.6,0.0,846.7,897.3
33540,0.3778,-14.12,0.50,25.62,77.97,0.3759,875.6,0.0,100.0,16.5,0.0,867.0,906.8
33600,0.3785,-14.02,0.50,24.24,86.47,0.3757,877.9,0.0,100.0,7.2,0.0,885.7,898.8
33660,0.3792,-13.93,0.50,22.94,92.18,0.3756,880.3,0.0,100.0,0.0,0.0,937.1,913.8
33720,0.3798,-13.83,0.50,21.74,95.81,0.3755,882.6,100.0,100.0,0.0,0.0,907.8,894.7
33780,0.3805,-13.74,0.50,25.20,77.96,0.3755,884.9,0.0,100.0,8.8,0.0,882.5,900.6
33840,0.3812,-13.64,0.50,23.87,86.45,0.3753,887.2,0.0,100.0,0.0,0.0,912.7,911.2
33900,0.3819,-13.55,0.50,22.63,92.10,0.3752,889.5,100.0,100.0,0.0,0.0,913.2,866.8
33960,0.3825,-13.46,0.50,26.06,76.30,0.3752,891.8,0.0,100.0,1.0,0.0,898.1,907.7
34020,0.3832,-13.36,0.50,24.71,85.16,0.3750,894.1,0.0,100.0,16.6,0.0,866.8,901.8
34080,0.3839,-13.27,0.50,23.44,91.17,0.3748,896.4,0.0,100.0,0.0,0.0,924.0,924.0
34140,0.3846,-13.18,0.50,22.25,95.02,0.3748,898.6,100.0,100.0,0.9,0.0,898.3,904.9
34200,0.3852,-13.09,0.50,25.74,77.57,0.3747,900.9,0.0,100.0,5.1,0.0,889.8,892.5
34260,0.3859,-13.00,0.50,24.43,86.00,0.3745,903.1,0.0,100.0,0.0,0.0,930.0,883.3
34320,0.3866,-12.91,0.50,23.21,91.64,0.3744,905.4,0.0,100.0,0.0,0.0,902.4,895.7
34380,0.3873,-12.82,0.50,22.07,95.23,0.3744,907.6,100.0,100.0,16.2,0.0,867.5,903.3
34440,0.3879,-12.73,0.50,25.59,77.57,0.3743,909.8,0.0,100.0,13.3,0.0,873.5,893.3
34500,0.3886,-12.64,0.50,24.32,85.96,0.3741,912.0,0.0,100.0,2.0,0.0,896.1,917.1
34560,0.3893,-12.55,0.50,23.13,91.54,0.3740,914.2,100.0,100.0,8.5,0.0,882.9,900.1
34620,0.3900,-12.46,0.50,26.62,75.94,0.3740,916.3,0.0,100.0,2.1,0.0,895.9,909.2
34680,0.3907,-12.37,0.50,25.31,84.67,0.3738,918.5,0.0,100.0,5.8,0.0,888.4,907.8
34740,0.3913,-12.29,0.50,24.08,90.60,0.3736,920.6,0.0,100.0,0.0,0.0,901.0,895.9
34800,0.3920,-12.20,0.50,22.94,94.44,0.3736,922.8,0.0,100.0,6.1,0.0,887.8,892.0
34860,0.3927,-12.11,0.50,21.87,96.78,0.3735,924.9,100.0,100.0,2.2,0.0,895.6,876.3
34920,0.3934,-12.03,0.50,25.46,78.13,0.3735,927.0,0.0,100.0,0.0,0.0,909.8,901.1
34980,0.3940,-11.94,0.50,24.25,86.22,0.3733,929.1,0.0,100.0,18.2,0.0,863.6,890.7
35040,0.3947,-11.86,0.50,23.13,91.56,0.3732,931.2,0.0,100.0,10.4,0.0,879.1,874.7
35100,0.3954,-11.77,0.50,22.07,94.92,0.3731,933.3,100.0,100.0,3.6,0.0,892.7,877.3
35160,0.3961,-11.69,0.50,25.68,77.25,0.3731,935.4,0.0,100.0,6.0,0.0,888.1,914.0
35220,0.3967,-11.60,0.50,24.49,85.55,0.3729,937.4,0.0,100.0,0.0,0.0,925.2,874.1
35280,0.3974,-11.52,0.50,23.38,91.05,0.3728,939.5,0.0,100.0,4.4,0.0,891.1,912.3
35340,0.3981,-11.44,0.50,22.33,94.52,0.3727,941.5,100.0,100.0,10.3,0.0,879.4,870.3
35400,0.3988,-11.36,0.50,25.95,77.06,0.3727,943.5,0.0,100.0,12.6,0.0,874.8,892.4
35460,0.3994,-11.27,0.50,24.77,85.32,0.3725,945.5,0.0,100.0,4.7,0.0,890.7,907.4
35520,0.4001,-11.19,0.50,23.67,90.82,0.3723,947.5,0.0,100.0,0.0,0.0,908.6,862.4
35580,0.4008,-11.11,0.50,22.64,94.31,0.3723,949.5,100.0,100.0,12.1,0.0,875.8,858.0
35640,0.4015,-11.03,0.50,26.26,76.96,0.3722,951.5,0.0,100.0,4.8,0.0,890.3,903.1
35700,0.4021,-10.95,0.50,25.09,85.15,0.3720,953.5,0.0,100.0,0.8,0.0,898.3,858.5
35760,0.4028,-10.87,0.50,23.99,90.63,0.3719,955.4,0.0,100.0,14.5,0.0,870.9,899.3
35820,0.4035,-10.79,0.50,22.97,94.12,0.3718,957.4,100.0,100.0,0.0,0.0,923.6,937.5
35880,0.4042,-10.72,0.50,26.60,76.87,0.3718,959.3,0.0,100.0,0.0,0.0,902.7,874.3
35940,0.4048,-10.64,0.50,25.43,84.99,0.3716,961.2,0.0,100.0,4.7,0.0,890.6,858.1
36000,0.4055,-10.56,0.50,24.34,90.44,0.3715,963.1,0.0,100.0,12.3,0.0,875.4,899.1
36060,0.4062,-10.48,0.50,23.32,93.94,0.3714,965.0,0.0,100.0,16.4,0.0,867.2,893.9
36120,0.4069,-10.41,0.50,22.36,96.06,0.3713,966.9,100.0,100.0,0.0,0.0,918.8,899.6
36180,0.4075,-10.33,0.50,26.06,77.61,0.3713,968.8,0.0,100.0,15.9,0.0,868.1,891.1
36240,0.4082,-10.26,0.50,24.96,85.49,0.3711,970.6,0.0,100.0,7.4,0.0,885.2,920.3
36300,0.4089,-10.18,0.50,23.92,90.70,0.3710,972.5,0.0,100.0,0.0,0.0,932.9,929.3
36360,0.4096,-10.11,0.50,22.96,94.01,0.3709,974.3,100.0,100.0,11.6,0.0,876.9,902.0
36420,0.4103,-10.03,0.50,26.64,76.70,0.3709,976.1,0.0,100.0,3.2,0.0,893.6,886.9
36480,0.4109,-9.96,0.50,25.53,84.75,0.3707,977.9,0.0,100.0,0.0,0.0,928.0,897.5
36540,0.4116,-9.89,0.50,24.48,90.14,0.3705,979.7,0.0,100.0,0.0,0.0,903.7,895.5
36600,0.4123,-9.81,0.50,23.51,93.59,0.3705,981.5,0.0,100.0,0.0,0.0,908.1,865.9
36660,0.4130,-9.74,0.50,22.59,95.70,0.3704,983.3,100.0,100.0,7.6,0.0,884.8,895.9
36720,0.4136,-9.67,0.50,26.33,77.37,0.3704,985.1,0.0,100.0,0.0,0.0,906.1,875.4
36780,0.4143,-9.60,0.50,25.27,85.18,0.3702,986.8,0.0,100.0,7.4,0.0,885.3,862.7
36840,0.4150,-9.53,0.50,24.27,90.35,0.3700,988.5,0.0,100.0,16.8,0.0,866.4,903.2
36900,0.4157,-9.46,0.50,23.33,93.64,0.3700,990.3,0.0,100.0,16.2,0.0,867.5,905.7
36960,0.4163,-9.39,0.50,22.46,95.63,0.3699,992.0,100.0,100.0,4.9,0.0,890.2,895.4
37020,0.4170,-9.32,0.50,26.23,77.25,0.3699,993.7,0.0,100.0,0.0,0.0,909.1,888.5
37080,0.4177,-9.25,0.50,25.20,85.06,0.3697,995.4,0.0,100.0,0.0,0.0,932.7,924.8
37140,0.4184,-9.18,0.50,24.23,90.21,0.3696,997.0,0.0,100.0,0.0,0.0,907.3,880.1
37200,0.4190,-9.12,0.50,23.33,93.47,0.3695,998.7,0.0,100.0,4.5,0.0,890.9,891.8
37260,0.4197,-9.05,0.50,22.48,95.44,0.3694,1000.3,100.0,100.0,2.7,0.0,894.7,907.8
37320,0.4204,-8.98,0.50,26.28,77.11,0.3694,1002.0,0.0,100.0,17.7,0.0,864.7,853.6
37380,0.4211,-8.92,0.50,25.27,84.90,0.3692,1003.6,0.0,100.0,0.0,0.0,901.3,898.8
37440,0.4217,-8.85,0.50,24.32,90.03,0.3691,1005.2,0.0,100.0,18.0,0.0,863.9,901.4
37500,0.4224,-8.79,0.50,23.44,93.29,0.3690,1006.8,0.0,100.0,8.3,0.0,883.5,877.5
37560,0.4231,-8.72,0.50,22.61,95.25,0.3689,1008.4,100.0,100.0,0.0,0.0,922.3,898.0
37620,0.4238,-8.66,0.50,26.43,77.00,0.3689,1010.0,0.0,100.0,3.0,0.0,894.1,912.0
37680,0.4244,-8.59,0.50,25.44,84.75,0.3687,1011.5,0.0,100.0,6.1,0.0,887.8,913.6
37740,0.4251,-8.53,0.50,24.51,89.86,0.3686,1013.1,0.0,100.0,7.1,0.0,885.9,911.9
37800,0.4258,-8.47,0.50,23.64,93.11,0.3685,1014.6,0.0,100.0,10.7,0.0,878.6,906.9
37860,0.4265,-8.41,0.50,22.83,95.08,0.3684,1016.1,0.0,100.0,0.0,0.0,913.8,886.6
37920,0.4271,-8.35,0.50,22.07,96.20,0.3684,1017.6,100.0,100.0,0.0,0.0,900.7,890.7
37980,0.4278,-8.29,0.50,25.95,77.27,0.3683,1019.1,0.0,100.0,0.0,0.0,907.3,881.3
38040,0.4285,-8.22,0.50,25.02,84.93,0.3681,1020.6,0.0,100.0,15.1,0.0,869.7,893.2
38100,0.4292,-8.17,0.50,24.14,89.93,0.3680,1022.1,0.0,100.0,26.2,0.0,847.6,893.3
38160,0.4299,-8.11,0.50,23.32,93.06,0.3679,1023.5,0.0,100.0,0.5,0.0,899.1,916.1
38220,0.4305,-8.05,0.50,22.56,94.94,0.3679,1025.0,100.0,100.0,11.9,0.0,876.2,894.3
38280,0.4312,-7.99,0.50,26.43,76.74,0.3678,1026.4,0.0,100.0,0.0,0.0,916.6,921.0
38340,0.4319,-7.93,0.50,25.49,84.47,0.3676,1027.8,0.0,100.0,0.0,0.0,903.6,912.2
38400,0.4326,-7.87,0.50,24.61,89.55,0.3675,1029.2,0.0,100.0,0.0,0.0,907.4,879.5
38460,0.4332,-7.82,0.50,23.79,92.77,0.3674,1030.6,0.0,100.0,0.0,0.0,918.3,874.7
38520,0.4339,-7.76,0.50,23.02,94.72,0.3673,1032.0,0.0,100.0,35.3,0.0,829.5,888.9
38580,0.4346,-7.71,0.50,22.30,95.84,0.3673,1033.4,100.0,100.0,12.5,0.0,875.0,934.9
38640,0.4353,-7.65,0.50,26.22,77.05,0.3673,1034.7,0.0,100.0,0.0,0.0,937.2,910.6
38700,0.4359,-7.60,0.50,25.32,84.64,0.3671,1036.1,0.0,100.0,12.1,0.0,875.7,886.3
38760,0.4366,-7.54,0.50,24.48,89.60,0.3669,1037.4,0.0,100.0,0.0,0.0,927.9,926.2
38820,0.4373,-7.49,0.50,23.69,92.73,0.3669,1038.7,0.0,100.0,0.0,0.0,900.6,924.3
38880,0.4380,-7.44,0.50,22.95,94.61,0.3668,1040.0,100.0,100.0,6.0,0.0,887.9,875.5
38940,0.4386,-7.39,0.50,26.85,76.56,0.3667,1041.3,0.0,100.0,11.9,0.0,876.2,884.3
39000,0.4393,-7.33,0.50,25.93,84.19,0.3665,1042.5,0.0,100.0,0.0,0.0,925.7,867.2
39060,0.4400,-7.28,0.50,25.08,89.22,0.3664,1043.8,0.0,100.0,0.0,0.0,902.5,878.0
39120,0.4407,-7.23,0.50,24.27,92.44,0.3663,1045.0,0.0,100.0,21.4,0.0,857.2,897.4
39180,0.4413,-7.18,0.50,23.52,94.41,0.3662,1046.3,0.0,100.0,6.3,0.0,887.5,908.8
39240,0.4420,-7.13,0.50,22.82,95.55,0.3662,1047.5,0.0,100.0,1.6,0.0,896.8,902.7
39300,0.4427,-7.08,0.50,22.16,96.16,0.3662,1048.7,100.0,100.0,5.5,0.0,889.0,927.0
39360,0.4434,-7.04,0.50,26.14,77.06,0.3661,1049.9,0.0,100.0,9.6,0.0,880.8,886.5
39420,0.4440,-6.99,0.50,25.29,84.57,0.3659,1051.1,0.0,100.0,3.3,0.0,893.4,907.3
39480,0.4447,-6.94,0.50,24.50,89.43,0.3658,1052.2,0.0,100.0,0.0,0.0,906.7,933.2
39540,0.4454,-6.89,0.50,23.76,92.49,0.3657,1053.4,0.0,100.0,0.0,0.0,932.4,894.7
39600,0.4461,-6.85,0.50,23.06,94.33,0.3656,1054.5,100.0,100.0,1.4,0.0,897.2,882.8
39660,0.4467,-6.80,0.50,27.00,76.36,0.3656,1055.6,0.0,100.0,15.9,0.0,868.1,880.0
39720,0.4474,-6.76,0.50,26.12,83.94,0.3654,1056.7,0.0,100.0,14.2,0.0,871.6,903.3
39780,0.4481,-6.71,0.50,25.30,88.94,0.3653,1057.8,0.0,100.0,0.0,0.0,909.2,912.0
39840,0.4488,-6.67,0.50,24.53,92.14,0.3652,1058.9,0.0,100.0,0.0,0.0,912.5,900.7
39900,0.4495,-6.63,0.50,23.81,94.10,0.3651,1060.0,0.0,100.0,0.0,0.0,914.6,900.9
39960,0.4501,-6.58,0.50,23.13,95.26,0.3650,1061.0,100.0,100.0,10.4,0.0,879.2,914.7
40020,0.4508,-6.54,0.50,27.09,76.75,0.3650,1062.1,0.0,100.0,14.0,0.0,872.0,928.5
40080,0.4515,-6.50,0.50,26.23,84.14,0.3648,1063.1,0.0,100.0,0.0,0.0,938.4,879.1
40140,0.4522,-6.46,0.50,25.42,89.02,0.3647,1064.1,0.0,100.0,13.9,0.0,872.2,893.1
40200,0.4528,-6.42,0.50,24.66,92.13,0.3646,1065.1,0.0,100.0,14.0,0.0,872.0,929.8
40260,0.4535,-6.38,0.50,23.95,94.05,0.3645,1066.1,0.0,100.0,4.0,0.0,892.1,888.2
40320,0.4542,-6.34,0.50,23.28,95.17,0.3645,1067.1,0.0,100.0,0.0,0.0,946.3,898.6
40380,0.4549,-6.30,0.50,22.66,95.79,0.3644,1068.0,100.0,100.0,0.0,0.0,916.6,912.2
40440,0.4555,-6.26,0.50,26.67,76.86,0.3644,1069.0,0.0,100.0,18.0,0.0,864.0,921.6
40500,0.4562,-6.22,0.50,25.85,84.23,0.3642,1069.9,0.0,100.0,9.5,0.0,881.1,881.8
40560,0.4569,-6.19,0.50,25.09,89.04,0.3640,1070.8,0.0,100.0,0.0,0.0,936.0,930.4
40620,0.4576,-6.15,0.50,24.37,92.09,0.3639,1071.7,0.0,100.0,0.0,0.0,911.9,881.7
40680,0.4582,-6.11,0.50,23.70,93.95,0.3639,1072.6,0.0,100.0,1.1,0.0,897.7,891.3
40740,0.4589,-6.08,0.50,23.07,95.03,0.3638,1073.5,0.0,100.0,12.7,0.0,874.5,848.7
40800,0.4596,-6.04,0.50,22.48,95.62,0.3638,1074.3,100.0,100.0,0.0,0.0,901.2,934.7
40860,0.4603,-6.01,0.50,26.52,76.71,0.3637,1075.2,0.0,100.0,8.6,0.0,882.9,898.8
40920,0.4609,-5.97,0.50,25.74,84.12,0.3635,1076.0,0.0,100.0,0.0,0.0,916.4,874.5
40980,0.4616,-5.94,0.50,25.00,88.93,0.3634,1076.8,0.0,100.0,0.0,0.0,923.5,881.1
41040,0.4623,-5.91,0.50,24.31,91.96,0.3633,1077.7,0.0,100.0,0.0,0.0,916.5,864.8
41100,0.4630,-5.88,0.50,23.66,93.81,0.3632,1078.4,0.0,100.0,9.2,0.0,881.6,912.8
41160,0.4636,-5.84,0.50,23.05,94.89,0.3632,1079.2,0.0,100.0,0.0,0.0,900.3,917.0
41220,0.4643,-5.81,0.50,22.48,95.48,0.3631,1080.0,100.0,100.0,2.1,0.0,895.7,872.2
41280,0.4650,-5.78,0.50,26.54,76.62,0.3631,1080.7,0.0,100.0,11.3,0.0,877.4,896.0
41340,0.4657,-5.75,0.50,25.77,84.02,0.3629,1081.5,0.0,100.0,12.8,0.0,874.4,874.0
41400,0.4663,-5.72,0.50,25.05,88.82,0.3628,1082.2,0.0,100.0,4.7,0.0,890.5,864.8
41460,0.4670,-5.70,0.50,24.37,91.85,0.3627,1082.9,0.0,100.0,21.6,0.0,856.7,855.5
41520,0.4677,-5.67,0.50,23.73,93.70,0.3626,1083.6,0.0,100.0,27.8,0.0,844.4,883.8
41580,0.4684,-5.64,0.50,23.14,94.78,0.3625,1084.3,0.0,100.0,0.0,0.0,924.8,892.1
41640,0.4691,-5.61,0.50,22.58,95.37,0.3625,1084.9,100.0,100.0,4.7,0.0,890.6,895.7
41700,0.4697,-5.59,0.50,26.65,76.55,0.3625,1085.6,0.0,100.0,0.0,0.0,909.7,916.6
41760,0.4704,-5.56,0.50,25.89,83.93,0.3623,1086.2,0.0,100.0,21.0,0.0,858.1,892.5
41820,0.4711,-5.54,0.50,25.17,88.73,0.3621,1086.8,0.0,100.0,6.0,0.0,888.1,895.4
41880,0.4718,-5.51,0.50,24.50,91.75,0.3620,1087.4,0.0,100.0,0.0,0.0,905.3,926.3
41940,0.4724,-5.49,0.50,23.87,93.61,0.3619,1088.0,0.0,100.0,0.0,0.0,904.5,916.8
42000,0.4731,-5.46,0.50,23.28,94.69,0.3619,1088.6,0.0,100.0,11.9,0.0,876.2,934.8
42060,0.4738,-5.44,0.50,22.73,95.29,0.3618,1089.2,100.0,100.0,2.1,0.0,895.8,898.4
42120,0.4745,-5.42,0.50,26.80,76.52,0.3618,1089.7,0.0,100.0,11.8,0.0,876.3,883.7
42180,0.4751,-5.40,0.50,26.04,83.86,0.3616,1090.3,0.0,100.0,0.0,0.0,914.0,911.8
42240,0.4758,-5.37,0.50,25.33,88.64,0.3615,1090.8,0.0,100.0,0.0,0.0,918.0,898.3
42300,0.4765,-5.35,0.50,24.67,91.67,0.3614,1091.3,0.0,100.0,12.9,0.0,874.2,851.8
42360,0.4772,-5.33,0.50,24.04,93.53,0.3613,1091.8,0.0,100.0,12.0,0.0,876.0,893.6
42420,0.4778,-5.31,0.50,23.45,94.62,0.3612,1092.3,0.0,100.0,0.0,0.0,931.9,931.8
42480,0.4785,-5.30,0.50,22.90,95.23,0.3612,1092.7,100.0,100.0,16.8,0.0,866.3,876.6
42540,0.4792,-5.28,0.50,26.98,76.50,0.3611,1093.2,0.0,100.0,0.0,0.0,919.6,923.3
42600,0.4799,-5.26,0.50,26.22,83.80,0.3609,1093.6,0.0,100.0,0.0,0.0,915.6,900.9
42660,0.4805,-5.24,0.50,25.51,88.57,0.3608,1094.0,0.0,100.0,9.0,0.0,882.0,914.4
42720,0.4812,-5.23,0.50,24.84,91.60,0.3607,1094.4,0.0,100.0,0.0,0.0,916.3,834.8
42780,0.4819,-5.21,0.50,24.21,93.46,0.3606,1094.8,0.0,100.0,11.2,0.0,877.6,893.7
42840,0.4826,-5.19,0.50,23.62,94.57,0.3606,1095.2,0.0,100.0,1.0,0.0,897.9,932.4
42900,0.4832,-5.18,0.50,23.07,95.18,0.3605,1095.6,100.0,100.0,3.1,0.0,893.8,876.4
42960,0.4839,-5.17,0.50,27.15,76.49,0.3605,1095.9,0.0,100.0,0.0,0.0,926.5,925.8
43020,0.4846,-5.15,0.50,26.39,83.76,0.3603,1096.3,0.0,100.0,13.0,0.0,874.0,905.0
43080,0.4853,-5.14,0.50,25.67,88.51,0.3601,1096.6,0.0,100.0,14.4,0.0,871.2,900.9
43140,0.4859,-5.13,0.50,25.00,91.54,0.3600,1096.9,0.0,100.0,14.8,0.0,870.4,928.6
43200,0.4866,-5.11,0.50,24.38,93.42,0.3600,1097.2,0.0,100.0,4.3,0.0,891.4,883.4
43260,0.4873,-5.10,0.50,23.79,94.53,0.3599,1097.5,0.0,100.0,0.0,0.0,929.8,894.8
43320,0.4880,-5.09,0.50,23.23,95.15,0.3598,1097.7,0.0,100.0,12.4,0.0,875.3,897.7
43380,0.4887,-5.08,0.50,22.71,95.48,0.3598,1098.0,0.0,100.0,2.4,0.0,895.3,899.8
43440,0.4893,-5.07,0.50,22.22,95.61,0.3598,1098.2,100.0,100.0,0.0,0.0,908.4,901.6
43500,0.4900,-5.06,0.50,26.35,76.52,0.3597,1098.4,0.0,100.0,0.0,0.0,918.3,885.5
43560,0.4907,-5.06,0.50,25.65,83.88,0.3595,1098.6,0.0,100.0,0.4,0.0,899.1,884.8
43620,0.4914,-5.05,0.50,24.99,88.62,0.3594,1098.8,0.0,100.0,23.9,0.0,852.2,896.3
43680,0.4920,-5.04,0.50,24.37,91.59,0.3593,1099.0,0.0,100.0,0.0,0.0,914.8,930.4
43740,0.4927,-5.03,0.50,23.78,93.40,0.3592,1099.2,0.0,100.0,0.0,0.0,902.7,885.8
43800,0.4934,-5.03,0.50,23.23,94.47,0.3592,1099.3,0.0,100.0,8.1,0.0,883.7,887.8
43860,0.4941,-5.02,0.50,22.72,95.06,0.3591,1099.4,100.0,100.0,2.5,0.0,895.0,883.6
43920,0.4947,-5.02,0.50,26.82,76.35,0.3591,1099.6,0.0,100.0,0.0,0.0,901.2,922.5
43980,0.4954,-5.01,0.50,26.09,83.70,0.3589,1099.7,0.0,100.0,0.0,0.0,901.9,910.0
44040,0.4961,-5.01,0.50,25.41,88.47,0.3587,1099.8,0.0,100.0,14.8,0.0,870.4,871.9
44100,0.4968,-5.01,0.50,24.77,91.50,0.3586,1099.8,0.0,100.0,15.5,0.0,869.0,891.8
44160,0.4974,-5.00,0.50,24.16,93.35,0.3585,1099.9,0.0,100.0,3.1,0.0,893.8,914.7
44220,0.4981,-5.00,0.50,23.59,94.46,0.3585,1099.9,0.0,100.0,9.1,0.0,881.9,915.8
44280,0.4988,-5.00,0.50,23.06,95.07,0.3584,1100.0,0.0,100.0,13.3,0.0,873.4,860.7
44340,0.4995,-5.00,0.50,22.55,95.40,0.3584,1100.0,100.0,100.0,9.7,0.0,880.6,903.3
44400,0.5001,-5.00,0.50,26.67,76.47,0.3583,1100.0,0.0,100.0,0.0,0.0,941.4,872.8
44460,0.5008,-5.00,0.50,25.95,83.80,0.3581,1100.0,0.0,100.0,13.8,0.0,872.5,896.6
44520,0.5015,-5.00,0.50,25.27,88.55,0.3580,1100.0,0.0,100.0,5.4,0.0,889.3,888.8
44580,0.5022,-5.00,0.50,24.64,91.55,0.3579,1099.9,0.0,100.0,8.6,0.0,882.7,902.8
44640,0.5028,-5.01,0.50,24.04,93.38,0.3578,1099.9,0.0,100.0,13.8,0.0,872.3,902.1
44700,0.5035,-5.01,0.50,23.48,94.47,0.3578,1099.8,0.0,100.0,0.0,0.0,904.6,916.7
44760,0.5042,-5.01,0.50,22.95,95.08,0.3577,1099.7,0.0,100.0,1.1,0.0,897.9,905.1
44820,0.5049,-5.02,0.50,22.45,95.39,0.3577,1099.6,100.0,100.0,0.0,0.0,907.1,937.5
44880,0.5055,-5.02,0.50,26.57,76.46,0.3576,1099.5,0.0,100.0,1.8,0.0,896.3,875.2
44940,0.5062,-5.02,0.50,25.86,83.82,0.3574,1099.4,0.0,100.0,5.7,0.0,888.6,879.3
45000,0.5069,-5.03,0.50,25.18,88.57,0.3573,1099.2,0.0,100.0,12.6,0.0,874.7,853.0
45060,0.5076,-5.04,0.50,24.55,91.57,0.3572,1099.1,0.0,100.0,0.0,0.0,901.6,895.6
45120,0.5083,-5.04,0.50,23.96,93.40,0.3571,1098.9,0.0,100.0,8.6,0.0,882.8,891.7
45180,0.5089,-5.05,0.50,23.39,94.49,0.3571,1098.7,0.0,100.0,0.0,0.0,900.6,907.5
45240,0.5096,-5.06,0.50,22.87,95.09,0.3570,1098.5,100.0,100.0,0.0,0.0,902.9,896.0
45300,0.5103,-5.07,0.50,26.96,76.40,0.3570,1098.3,0.0,100.0,27.5,0.0,845.0,848.4
45360,0.5110,-5.08,0.50,26.22,83.74,0.3568,1098.1,0.0,100.0,6.1,0.0,887.9,916.9
45420,0.5116,-5.09,0.50,25.52,88.51,0.3566,1097.9,0.0,100.0,13.5,0.0,873.1,928.6
45480,0.5123,-5.10,0.50,24.86,91.55,0.3565,1097.6,0.0,100.0,19.2,0.0,861.7,896.5
45540,0.5130,-5.11,0.50,24.24,93.42,0.3564,1097.3,0.0,100.0,0.0,0.0,913.1,877.9
45600,0.5137,-5.12,0.50,23.66,94.53,0.3564,1097.1,0.0,100.0,0.8,0.0,898.4,837.2
45660,0.5143,-5.13,0.50,23.11,95.16,0.3563,1096.8,0.0,100.0,0.0,0.0,910.8,887.4
45720,0.5150,-5.14,0.50,22.59,95.49,0.3563,1096.4,100.0,100.0,0.0,0.0,919.8,877.1
45780,0.5157,-5.16,0.50,26.69,76.55,0.3563,1096.1,0.0,100.0,26.9,0.0,846.1,862.8
45840,0.5164,-5.17,0.50,25.96,83.89,0.3560,1095.8,0.0,100.0,18.5,0.0,863.1,906.8
45900,0.5170,-5.19,0.50,25.27,88.65,0.3559,1095.4,0.0,100.0,0.0,0.0,926.3,903.5
45960,0.5177,-5.20,0.50,24.62,91.66,0.3558,1095.1,0.0,100.0,0.0,0.0,957.8,936.7
46020,0.5184,-5.22,0.50,24.00,93.50,0.3557,1094.7,0.0,100.0,0.0,0.0,920.5,866.6
46080,0.5191,-5.23,0.50,23.42,94.60,0.3557,1094.3,0.0,100.0,0.0,0.0,932.0,888.2
46140,0.5197,-5.25,0.50,22.88,95.21,0.3556,1093.9,100.0,100.0,5.3,0.0,889.3,908.3
46200,0.5204,-5.27,0.50,26.96,76.49,0.3556,1093.4,0.0,100.0,0.0,0.0,909.3,884.3
46260,0.5211,-5.28,0.50,26.20,83.84,0.3554,1093.0,0.0,100.0,6.0,0.0,888.0,878.5
46320,0.5218,-5.30,0.50,25.48,88.63,0.3552,1092.5,0.0,100.0,20.9,0.0,858.2,870.7
46380,0.5224,-5.32,0.50,24.81,91.67,0.3551,1092.1,0.0,100.0,0.0,0.0,913.8,902.7
46440,0.5231,-5.34,0.50,24.17,93.55,0.3551,1091.6,0.0,100.0,5.7,0.0,888.6,891.0
46500,0.5238,-5.36,0.50,23.57,94.67,0.3550,1091.1,0.0,100.0,6.0,0.0,888.0,910.4
46560,0.5245,-5.38,0.50,23.01,95.30,0.3550,1090.6,0.0,100.0,7.1,0.0,885.8,899.1
46620,0.5251,-5.40,0.50,22.47,95.63,0.3549,1090.0,100.0,100.0,0.0,0.0,901.2,866.1
46680,0.5258,-5.43,0.50,26.56,76.63,0.3549,1089.5,0.0,100.0,6.9,0.0,886.1,885.0
46740,0.5265,-5.45,0.50,25.81,84.02,0.3547,1088.9,0.0,100.0,0.0,0.0,914.3,871.6
46800,0.5272,-5.47,0.50,25.11,88.81,0.3545,1088.4,0.0,100.0,6.8,0.0,886.4,900.9
46860,0.5279,-5.50,0.50,24.44,91.82,0.3544,1087.8,0.0,100.0,14.6,0.0,870.9,891.6
46920,0.5285,-5.52,0.50,23.82,93.67,0.3544,1087.2,0.0,100.0,11.5,0.0,876.9,885.1
46980,0.5292,-5.55,0.50,23.22,94.76,0.3543,1086.6,0.0,100.0,0.0,0.0,947.2,937.7
47040,0.5299,-5.57,0.50,22.66,95.37,0.3543,1085.9,100.0,100.0,3.0,0.0,894.0,893.2
47100,0.5306,-5.60,0.50,26.73,76.58,0.3542,1085.3,0.0,100.0,11.5,0.0,877.0,871.3
47160,0.5312,-5.62,0.50,25.95,84.00,0.3540,1084.6,0.0,100.0,0.8,0.0,898.5,919.2
47220,0.5319,-5.65,0.50,25.23,88.82,0.3539,1084.0,0.0,100.0,3.2,0.0,893.6,893.2
47280,0.5326,-5.68,0.50,24.54,91.88,0.3538,1083.3,0.0,100.0,14.7,0.0,870.7,891.8
47340,0.5333,-5.71,0.50,23.89,93.75,0.3537,1082.6,0.0,100.0,7.0,0.0,886.0,914.7
47400,0.5339,-5.74,0.50,23.28,94.86,0.3537,1081.9,0.0,100.0,0.0,0.0,911.5,887.0
47460,0.5346,-5.77,0.50,22.70,95.49,0.3536,1081.2,100.0,100.0,5.6,0.0,888.8,871.5
47520,0.5353,-5.80,0.50,26.74,76.67,0.3536,1080.4,0.0,100.0,15.7,0.0,868.6,861.8
47580,0.5360,-5.83,0.50,25.95,84.09,0.3534,1079.7,0.0,100.0,4.1,0.0,891.8,909.8
47640,0.5366,-5.86,0.50,25.21,88.92,0.3532,1078.9,0.0,100.0,0.0,0.0,908.4,878.2
47700,0.5373,-5.89,0.50,24.51,91.99,0.3531,1078.1,0.0,100.0,21.0,0.0,858.0,887.3
47760,0.5380,-5.92,0.50,23.84,93.87,0.3531,1077.3,0.0,100.0,0.0,0.0,900.2,893.4
47820,0.5387,-5.95,0.50,23.21,94.99,0.3530,1076.5,0.0,100.0,4.2,0.0,891.5,897.3
47880,0.5393,-5.99,0.50,22.62,95.61,0.3530,1075.7,100.0,100.0,14.3,0.0,871.4,889.7
47940,0.5400,-6.02,0.50,26.65,76.75,0.3529,1074.8,0.0,100.0,3.4,0.0,893.2,908.9
48000,0.5407,-6.06,0.50,25.85,84.20,0.3527,1074.0,0.0,100.0,0.0,0.0,911.5,895.1
48060,0.5414,-6.09,0.50,25.09,89.05,0.3526,1073.1,0.0,100.0,6.0,0.0,887.9,888.3
48120,0.5420,-6.13,0.50,24.38,92.12,0.3525,1072.2,0.0,100.0,16.8,0.0,866.3,905.9
48180,0.5427,-6.16,0.50,23.70,94.01,0.3524,1071.4,0.0,100.0,7.9,0.0,884.3,885.4
48240,0.5434,-6.20,0.50,23.06,95.12,0.3524,1070.4,0.0,100.0,0.0,0.0,900.1,908.2
48300,0.5441,-6.24,0.50,22.46,95.74,0.3523,1069.5,100.0,100.0,0.0,0.0,913.1,888.3
48360,0.5447,-6.28,0.50,26.48,76.82,0.3523,1068.6,0.0,100.0,0.0,0.0,943.2,897.0
48420,0.5454,-6.31,0.50,25.67,84.32,0.3521,1067.6,0.0,100.0,21.8,0.0,856.5,878.9
48480,0.5461,-6.35,0.50,24.90,89.19,0.3520,1066.7,0.0,100.0,4.4,0.0,891.2,901.9
48540,0.5468,-6.39,0.50,24.17,92.27,0.3519,1065.7,0.0,100.0,9.5,0.0,881.0,911.1
48600,0.5475,-6.43,0.50,23.49,94.15,0.3518,1064.7,100.0,100.0,0.1,0.0,899.7,914.6
48660,0.5481,-6.47,0.50,27.43,76.31,0.3517,1063.7,0.0,100.0,1.0,0.0,898.0,908.8
48720,0.5488,-6.52,0.50,26.55,83.88,0.3515,1062.7,0.0,100.0,17.8,0.0,864.3,890.0
48780,0.5495,-6.56,0.50,25.71,88.91,0.3514,1061.7,0.0,100.0,0.0,0.0,904.9,898.6
48840,0.5502,-6.60,0.50,24.92,92.15,0.3513,1060.6,0.0,100.0,0.0,0.0,904.9,890.7
48900,0.5508,-6.64,0.50,24.17,94.16,0.3512,1059.5,0.0,100.0,0.0,0.0,934.4,887.5
48960,0.5515,-6.69,0.50,23.47,95.37,0.3512,1058.5,0.0,100.0,0.7,0.0,898.6,926.9
49020,0.5522,-6.73,0.50,22.80,96.05,0.3511,1057.4,100.0,100.0,23.3,0.0,853.4,884.3
49080,0.5529,-6.78,0.50,26.76,77.11,0.3511,1056.3,0.0,100.0,10.6,0.0,878.9,918.3
49140,0.5535,-6.82,0.50,25.89,84.56,0.3509,1055.2,0.0,100.0,0.0,0.0,920.5,891.3
49200,0.5542,-6.87,0.50,25.07,89.44,0.3508,1054.0,0.0,100.0,3.5,0.0,893.0,906.2
49260,0.5549,-6.91,0.50,24.29,92.55,0.3507,1052.9,0.0,100.0,6.6,0.0,886.9,917.3
49320,0.5556,-6.96,0.50,23.55,94.46,0.3506,1051.7,0.0,100.0,0.0,0.0,935.4,901.8
49380,0.5562,-7.01,0.50,22.86,95.58,0.3506,1050.6,0.0,100.0,0.0,0.0,910.0,886.0
49440,0.5569,-7.06,0.50,22.20,96.20,0.3505,1049.4,100.0,100.0,3.4,0.0,893.3,897.4
49500,0.5576,-7.10,0.50,26.17,77.11,0.3505,1048.2,0.0,100.0,16.9,0.0,866.1,909.8
49560,0.5583,-7.15,0.50,25.31,84.72,0.3503,1047.0,0.0,100.0,9.1,0.0,881.7,912.9
49620,0.5589,-7.20,0.50,24.49,89.65,0.3502,1045.8,0.0,100.0,7.3,0.0,885.4,880.6
49680,0.5596,-7.25,0.50,23.72,92.75,0.3501,1044.5,0.0,100.0,0.0,0.0,902.5,866.7
49740,0.5603,-7.30,0.50,22.99,94.63,0.3500,1043.3,0.0,100.0,0.0,0.0,914.7,918.7
49800,0.5610,-7.36,0.50,22.30,95.73,0.3500,1042.0,100.0,100.0,0.0,0.0,908.2,867.9
49860,0.5616,-7.41,0.50,26.24,76.97,0.3499,1040.7,0.0,100.0,1.6,0.0,896.7,886.3
49920,0.5623,-7.46,0.50,25.35,84.67,0.3497,1039.4,0.0,100.0,10.4,0.0,879.1,860.7
49980,0.5630,-7.51,0.50,24.51,89.68,0.3496,1038.1,0.0,100.0,26.8,0.0,846.4,862.9
50040,0.5637,-7.57,0.50,23.71,92.84,0.3495,1036.8,0.0,100.0,8.3,0.0,883.4,897.6
50100,0.5643,-7.62,0.50,22.96,94.77,0.3494,1035.5,100.0,100.0,4.9,0.0,890.1,841.1
50160,0.5650,-7.67,0.50,26.84,76.70,0.3494,1034.2,0.0,100.0,21.4,0.0,857.3,884.4
50220,0.5657,-7.73,0.50,25.89,84.45,0.3492,1032.8,0.0,100.0,11.6,0.0,876.9,870.2
50280,0.5664,-7.79,0.50,24.99,89.57,0.3490,1031.4,0.0,100.0,0.0,0.0,931.9,910.6
50340,0.5671,-7.84,0.50,24.14,92.85,0.3490,1030.0,0.0,100.0,0.0,0.0,924.7,866.5
50400,0.5677,-7.90,0.50,23.34,94.86,0.3489,1028.7,0.0,100.0,6.6,0.0,886.8,857.2
50460,0.5684,-7.96,0.50,22.58,96.04,0.3488,1027.2,100.0,100.0,3.4,0.0,893.2,915.6
50520,0.5691,-8.01,0.50,26.46,77.27,0.3488,1025.8,0.0,100.0,6.0,0.0,888.0,900.5
50580,0.5698,-8.07,0.50,25.50,84.95,0.3486,1024.4,0.0,100.0,6.3,0.0,887.4,878.1
50640,0.5704,-8.13,0.50,24.60,89.98,0.3485,1022.9,0.0,100.0,20.9,0.0,858.2,905.0
50700,0.5711,-8.19,0.50,23.75,93.18,0.3484,1021.5,0.0,100.0,3.8,0.0,892.4,943.7
50760,0.5718,-8.25,0.50,22.94,95.13,0.3483,1020.0,100.0,100.0,0.0,0.0,908.1,931.8
50820,0.5725,-8.31,0.50,26.77,76.97,0.3483,1018.5,0.0,100.0,0.0,0.0,912.4,910.0
50880,0.5731,-8.37,0.50,25.78,84.76,0.3481,1017.0,0.0,100.0,0.0,0.0,899.9,903.6
50940,0.5738,-8.43,0.50,24.83,89.91,0.3480,1015.5,0.0,100.0,6.0,0.0,888.1,914.7
51000,0.5745,-8.49,0.50,23.94,93.21,0.3479,1014.0,0.0,100.0,2.4,0.0,895.1,887.7
51060,0.5752,-8.56,0.50,23.10,95.24,0.3478,1012.4,0.0,100.0,0.0,0.0,906.0,840.8
51120,0.5758,-8.62,0.50,22.30,96.42,0.3478,1010.9,100.0,100.0,6.6,0.0,886.8,920.8
51180,0.5765,-8.68,0.50,26.14,77.50,0.3477,1009.3,0.0,100.0,0.0,0.0,910.6,887.3
51240,0.5772,-8.75,0.50,25.15,85.27,0.3475,1007.7,0.0,100.0,19.9,0.0,860.1,908.9
51300,0.5779,-8.81,0.50,24.21,90.35,0.3474,1006.2,0.0,100.0,5.8,0.0,888.4,891.6
51360,0.5785,-8.88,0.50,23.33,93.57,0.3473,1004.5,100.0,100.0,22.0,0.0,856.0,916.1
51420,0.5792,-8.94,0.50,27.08,76.41,0.3473,1002.9,0.0,100.0,8.1,0.0,883.7,901.0
51480,0.5799,-9.01,0.50,26.02,84.46,0.3471,1001.3,0.0,100.0,0.0,0.0,901.2,873.9
51540,0.5806,-9.08,0.50,25.01,89.85,0.3469,999.7,0.0,100.0,0.0,0.0,920.2,878.7
51600,0.5812,-9.14,0.50,24.06,93.33,0.3469,998.0,0.0,100.0,23.7,0.0,852.6,903.3
51660,0.5819,-9.21,0.50,23.15,95.48,0.3468,996.3,100.0,100.0,5.0,0.0,890.0,901.7
51720,0.5826,-9.28,0.50,26.89,77.33,0.3468,994.7,0.0,100.0,10.0,0.0,879.9,920.1
51780,0.5833,-9.35,0.50,25.81,85.16,0.3466,993.0,0.0,100.0,0.6,0.0,898.8,892.7
51840,0.5839,-9.42,0.50,24.79,90.38,0.3464,991.3,0.0,100.0,0.0,0.0,933.3,888.9
51900,0.5846,-9.49,0.50,23.82,93.74,0.3464,989.6,0.0,100.0,0.0,0.0,901.0,867.4
51960,0.5853,-9.56,0.50,22.90,95.81,0.3463,987.8,0.0,100.0,0.0,0.0,943.5,845.4
52020,0.5860,-9.63,0.50,22.03,97.00,0.3463,986.1,100.0,100.0,16.5,0.0,867.1,876.7
52080,0.5867,-9.70,0.50,25.80,77.88,0.3462,984.3,0.0,100.0,6.4,0.0,887.3,912.4
52140,0.5873,-9.77,0.50,24.75,85.76,0.3460,982.6,0.0,100.0,2.9,0.0,894.1,858.9
52200,0.5880,-9.84,0.50,23.76,90.91,0.3459,980.8,0.0,100.0,4.3,0.0,891.4,905.1
52260,0.5887,-9.92,0.50,22.82,94.15,0.3458,979.0,100.0,100.0,27.2,0.0,845.6,910.0
52320,0.5894,-9.99,0.50,26.52,76.77,0.3458,977.2,0.0,100.0,5.4,0.0,889.1,928.9
52380,0.5900,-10.06,0.50,25.40,84.99,0.3456,975.4,0.0,100.0,2.2,0.0,895.6,916.5
52440,0.5907,-10.14,0.50,24.34,90.45,0.3455,973.6,0.0,100.0,0.0,0.0,913.7,909.3
52500,0.5914,-10.21,0.50,23.34,93.95,0.3454,971.7,0.0,100.0,0.0,0.0,922.8,907.4
52560,0.5921,-10.29,0.50,22.40,96.09,0.3453,969.9,100.0,100.0,9.5,0.0,881.0,883.6
52620,0.5927,-10.36,0.50,26.09,77.65,0.3453,968.0,0.0,100.0,5.5,0.0,889.1,895.5
52680,0.5934,-10.44,0.50,24.97,85.70,0.3451,966.1,0.0,100.0,3.6,0.0,892.8,890.4
52740,0.5941,-10.52,0.50,23.91,91.01,0.3450,964.2,0.0,100.0,0.0,0.0,905.8,890.3
52800,0.5948,-10.59,0.50,22.90,94.38,0.3449,962.3,0.0,100.0,12.3,0.0,875.5,894.6
52860,0.5954,-10.67,0.50,21.95,96.41,0.3449,960.4,100.0,100.0,13.1,0.0,873.8,898.5
52920,0.5961,-10.75,0.50,25.64,77.78,0.3448,958.5,0.0,100.0,0.0,0.0,918.7,915.8
52980,0.5968,-10.83,0.50,24.52,85.92,0.3446,956.6,0.0,100.0,0.0,0.0,927.5,911.1
53040,0.5975,-10.91,0.50,23.45,91.26,0.3445,954.6,0.0,100.0,11.7,0.0,876.5,855.4
53100,0.5981,-10.99,0.50,22.44,94.62,0.3444,952.7,100.0,100.0,2.3,0.0,895.5,889.2
53160,0.5988,-11.07,0.50,26.08,77.11,0.3444,950.7,0.0,100.0,0.0,0.0,900.0,908.3
53220,0.5995,-11.15,0.50,24.90,85.48,0.3442,948.7,0.0,100.0,16.2,0.0,867.5,866.7
53280,0.6002,-11.23,0.50,23.78,91.03,0.3441,946.7,0.0,100.0,4.0,0.0,892.0,886.6
53340,0.6008,-11.31,0.50,22.73,94.57,0.3440,944.7,100.0,100.0,15.6,0.0,868.8,851.0
53400,0.6015,-11.39,0.50,26.32,77.19,0.3439,942.7,0.0,100.0,0.0,0.0,920.7,899.2
53460,0.6022,-11.47,0.50,25.10,85.55,0.3437,940.7,0.0,100.0,33.1,0.0,833.7,909.6
53520,0.6029,-11.56,0.50,23.95,91.14,0.3436,938.6,0.0,100.0,0.0,0.0,902.1,891.5
53580,0.6035,-11.64,0.50,22.86,94.72,0.3435,936.6,100.0,100.0,0.0,0.0,909.0,922.4
53640,0.6042,-11.72,0.50,26.42,77.34,0.3435,934.5,0.0,100.0,3.6,0.0,892.8,909.7
53700,0.6049,-11.81,0.50,25.16,85.70,0.3433,932.4,0.0,100.0,0.0,0.0,932.6,904.0
53760,0.6056,-11.89,0.50,23.98,91.31,0.3432,930.3,0.0,100.0,0.0,0.0,901.3,924.7
53820,0.6063,-11.98,0.50,22.86,94.91,0.3431,928.2,100.0,100.0,1.8,0.0,896.3,910.8
53880,0.6069,-12.06,0.50,26.39,77.49,0.3431,926.1,0.0,100.0,13.0,0.0,874.1,900.5
53940,0.6076,-12.15,0.50,25.11,85.87,0.3429,924.0,0.0,100.0,9.4,0.0,881.2,946.4
54000,0.6083,-12.24,0.50,23.90,91.50,0.3428,921.9,0.0,100.0,0.0,0.0,914.2,895.7
54060,0.6090,-12.32,0.50,22.76,95.11,0.3427,919.7,0.0,100.0,0.0,0.0,929.3,908.0
54120,0.6096,-12.41,0.50,21.68,97.30,0.3426,917.6,100.0,100.0,9.3,0.0,881.5,914.8
54180,0.6103,-12.50,0.50,25.24,78.44,0.3426,915.4,0.0,100.0,5.9,0.0,888.2,865.1
54240,0.6110,-12.59,0.50,24.00,86.75,0.3424,913.2,0.0,100.0,4.1,0.0,891.9,900.2
54300,0.6117,-12.68,0.50,22.82,92.21,0.3423,911.1,0.0,100.0,0.0,0.0,910.0,894.7
54360,0.6123,-12.76,0.50,21.71,95.63,0.3423,908.9,100.0,100.0,12.1,0.0,875.7,874.0
54420,0.6130,-12.85,0.50,25.24,77.75,0.3422,906.7,0.0,100.0,0.0,0.0,901.9,866.4
54480,0.6137,-12.94,0.50,23.97,86.37,0.3420,904.4,0.0,100.0,22.2,0.0,855.6,890.2
54540,0.6144,-13.04,0.50,22.76,92.05,0.3419,902.2,100.0,100.0,0.9,0.0,898.2,870.2
54600,0.6150,-13.13,0.50,26.21,76.30,0.3418,900.0,0.0,100.0,19.3,0.0,861.3,911.1
54660,0.6157,-13.22,0.50,24.86,85.31,0.3416,897.7,0.0,100.0,0.0,0.0,918.4,927.6
54720,0.6164,-13.31,0.50,23.58,91.39,0.3415,895.4,0.0,100.0,0.0,0.0,930.5,882.8
54780,0.6171,-13.40,0.50,22.37,95.31,0.3415,893.2,100.0,100.0,0.0,0.0,906.8,908.7
54840,0.6177,-13.50,0.50,25.81,77.83,0.3414,890.9,0.0,100.0,7.4,0.0,885.2,906.2
54900,0.6184,-13.59,0.50,24.45,86.46,0.3412,888.6,0.0,100.0,0.0,0.0,910.5,932.4
54960,0.6191,-13.68,0.50,23.17,92.24,0.3411,886.3,0.0,100.0,14.1,0.0,871.8,884.8
55020,0.6198,-13.78,0.50,21.95,95.91,0.3410,884.0,100.0,100.0,0.0,0.0,903.3,883.6
55080,0.6204,-13.87,0.50,25.39,78.11,0.3410,881.6,0.0,100.0,0.0,0.0,929.4,876.9
55140,0.6211,-13.97,0.50,24.02,86.78,0.3408,879.3,0.0,100.0,3.1,0.0,893.8,852.8
55200,0.6218,-14.06,0.50,22.73,92.54,0.3407,877.0,100.0,100.0,13.9,0.0,872.2,869.1
55260,0.6225,-14.16,0.50,26.10,76.71,0.3406,874.6,0.0,100.0,13.7,0.0,872.6,878.4
55320,0.6231,-14.25,0.50,24.67,85.79,0.3405,872.2,0.0,100.0,18.2,0.0,863.7,888.0
55380,0.6238,-14.35,0.50,23.32,91.95,0.3403,869.8,0.0,100.0,13.2,0.0,873.7,893.6
55440,0.6245,-14.45,0.50,22.04,95.91,0.3403,867.5,100.0,100.0,0.0,0.0,900.3,902.1
55500,0.6252,-14.54,0.50,25.42,78.24,0.3402,865.1,0.0,100.0,6.2,0.0,887.6,906.9
55560,0.6259,-14.64,0.50,24.00,86.99,0.3400,862.6,0.0,100.0,0.0,0.0,905.6,916.4
55620,0.6265,-14.74,0.50,22.65,92.84,0.3399,860.2,100.0,100.0,0.0,0.0,949.1,885.2
55680,0.6272,-14.84,0.50,25.97,76.95,0.3399,857.8,0.0,100.0,0.0,0.0,918.3,909.9
55740,0.6279,-14.94,0.50,24.50,86.10,0.3397,855.4,0.0,100.0,10.2,0.0,879.6,899.3
55800,0.6286,-15.04,0.50,23.10,92.32,0.3396,852.9,0.0,100.0,0.4,0.0,899.2,890.0
55860,0.6292,-15.14,0.50,21.78,96.31,0.3395,850.4,100.0,100.0,4.1,0.0,891.8,873.4
55920,0.6299,-15.24,0.50,25.12,78.50,0.3395,848.0,0.0,100.0,8.2,0.0,883.7,892.3
55980,0.6306,-15.34,0.50,23.66,87.35,0.3393,845.5,0.0,100.0,12.9,0.0,874.2,882.7
56040,0.6313,-15.44,0.50,22.28,93.25,0.3392,843.0,100.0,100.0,0.0,0.0,920.2,921.3
56100,0.6319,-15.54,0.50,25.56,77.20,0.3391,840.5,0.0,100.0,22.5,0.0,855.0,871.6
56160,0.6326,-15.64,0.50,24.05,86.47,0.3389,838.0,0.0,100.0,6.4,0.0,887.2,876.5
56220,0.6333,-15.75,0.50,22.62,92.74,0.3388,835.5,100.0,100.0,0.0,0.0,905.9,924.9
56280,0.6340,-15.85,0.50,25.86,77.07,0.3388,833.0,0.0,100.0,0.0,0.0,907.7,919.8
56340,0.6346,-15.95,0.50,24.31,86.39,0.3386,830.4,0.0,100.0,0.0,0.0,904.8,859.1
56400,0.6353,-16.06,0.50,22.84,92.75,0.3385,827.9,100.0,100.0,3.9,0.0,892.2,899.0
56460,0.6360,-16.16,0.50,26.04,77.16,0.3384,825.3,0.0,100.0,18.0,0.0,864.0,908.5
56520,0.6367,-16.26,0.50,24.45,86.48,0.3382,822.7,0.0,100.0,4.9,0.0,890.2,896.7
56580,0.6373,-16.37,0.50,22.95,92.88,0.3381,820.2,100.0,100.0,0.0,0.0,910.5,897.0
56640,0.6380,-16.47,0.50,26.12,77.29,0.3380,817.6,0.0,100.0,6.4,0.0,887.3,902.3
56700,0.6387,-16.58,0.50,24.50,86.62,0.3379,815.0,0.0,100.0,9.6,0.0,880.8,919.4
56760,0.6394,-16.68,0.50,22.97,93.04,0.3377,812.4,100.0,100.0,28.3,0.0,843.4,932.0
56820,0.6400,-16.79,0.50,26.12,77.43,0.3377,809.8,0.0,100.0,16.6,0.0,866.8,917.4
56880,0.6407,-16.90,0.50,24.47,86.78,0.3375,807.1,0.0,100.0,0.0,0.0,907.4,920.1
56940,0.6414,-17.00,0.50,22.92,93.22,0.3374,804.5,0.0,100.0,0.0,0.0,927.0,905.0
57000,0.6421,-17.11,0.50,21.45,97.39,0.3373,801.9,100.0,100.0,0.0,0.0,912.1,905.8
57060,0.6427,-17.22,0.50,24.65,79.31,0.3373,799.2,0.0,100.0,0.0,0.0,901.4,899.5
57120,0.6434,-17.33,0.50,23.05,88.34,0.3371,796.6,100.0,100.0,8.0,0.0,883.9,880.4
57180,0.6441,-17.44,0.50,26.14,75.25,0.3370,793.9,0.0,100.0,4.4,0.0,891.1,933.1
57240,0.6448,-17.54,0.50,24.44,85.40,0.3368,791.2,0.0,100.0,9.6,0.0,880.8,900.5
57300,0.6455,-17.65,0.50,22.84,92.46,0.3367,788.5,100.0,100.0,0.0,0.0,912.3,890.8
57360,0.6461,-17.76,0.50,25.91,77.30,0.3367,785.8,0.0,100.0,0.0,0.0,934.4,891.9
57420,0.6468,-17.87,0.50,24.20,86.91,0.3365,783.1,0.0,100.0,13.9,0.0,872.3,913.8
57480,0.6475,-17.98,0.50,22.58,93.54,0.3364,780.4,100.0,100.0,9.4,0.0,881.2,908.9
57540,0.6482,-18.09,0.50,25.64,77.84,0.3363,777.7,0.0,100.0,0.1,0.0,899.8,894.3
57600,0.6488,-18.20,0.50,23.92,87.38,0.3361,775.0,0.0,100.0,20.2,0.0,859.7,879.3
57660,0.6495,-18.32,0.50,22.30,93.94,0.3360,772.2,100.0,100.0,0.0,0.0,914.6,889.6
57720,0.6502,-18.43,0.50,25.35,78.05,0.3360,769.5,0.0,100.0,0.0,0.0,909.4,911.3
57780,0.6509,-18.54,0.50,23.62,87.63,0.3358,766.7,0.0,100.0,0.0,0.0,916.5,867.0
57840,0.6515,-18.65,0.50,21.98,94.20,0.3357,764.0,100.0,100.0,0.0,0.0,919.7,860.7
57900,0.6522,-18.76,0.50,25.02,78.18,0.3356,761.2,0.0,100.0,0.0,0.0,917.0,897.5
57960,0.6529,-18.88,0.50,23.29,87.84,0.3355,758.4,0.0,100.0,16.1,0.0,867.9,866.8
58020,0.6536,-18.99,0.50,21.64,94.42,0.3354,755.6,100.0,100.0,17.0,0.0,866.1,862.3
58080,0.6542,-19.10,0.50,24.68,78.29,0.3353,752.8,0.0,100.0,2.2,0.0,895.7,897.4
58140,0.6549,-19.22,0.50,22.93,88.03,0.3351,750.0,100.0,100.0,0.0,0.0,924.8,894.2
58200,0.6556,-19.33,0.50,25.87,75.38,0.3351,747.2,0.0,100.0,0.7,0.0,898.7,876.9
58260,0.6563,-19.45,0.50,24.04,85.89,0.3349,744.4,0.0,100.0,7.2,0.0,885.5,922.3
58320,0.6569,-19.56,0.50,22.30,93.25,0.3347,741.6,100.0,100.0,0.0,0.0,921.3,870.8
58380,0.6576,-19.68,0.50,25.25,77.94,0.3347,738.7,0.0,100.0,25.1,0.0,849.9,872.3
58440,0.6583,-19.79,0.50,23.43,87.81,0.3345,735.9,0.0,100.0,11.6,0.0,876.7,929.1
58500,0.6590,-19.91,0.50,21.70,94.63,0.3344,733.0,100.0,100.0,1.5,0.0,897.1,916.4
58560,0.6596,-20.02,0.50,24.66,78.57,0.3344,730.2,0.0,100.0,0.0,0.0,914.5,902.2
58620,0.6603,-20.14,0.50,22.84,88.40,0.3342,727.3,100.0,100.0,18.2,0.0,863.7,919.6
58680,0.6610,-20.26,0.50,25.71,75.71,0.3341,724.4,0.0,100.0,0.0,0.0,909.0,931.0
58740,0.6617,-20.37,0.50,23.81,86.31,0.3339,721.5,0.0,100.0,0.0,0.0,930.6,869.4
58800,0.6623,-20.49,0.50,22.02,93.76,0.3338,718.6,100.0,100.0,0.0,0.0,903.3,846.2
58860,0.6630,-20.61,0.50,24.91,78.31,0.3337,715.7,0.0,100.0,0.0,0.0,923.7,902.2
58920,0.6637,-20.73,0.50,23.03,88.30,0.3336,712.8,100.0,100.0,24.9,0.0,850.1,906.9
58980,0.6644,-20.85,0.50,25.84,75.77,0.3335,709.9,0.0,100.0,0.0,0.0,901.5,942.0
59040,0.6651,-20.97,0.50,23.89,86.44,0.3333,707.0,0.0,100.0,12.0,0.0,876.1,884.1
59100,0.6657,-21.08,0.50,22.04,93.98,0.3332,704.1,100.0,100.0,2.3,0.0,895.4,924.8
59160,0.6664,-21.20,0.50,24.88,78.53,0.3331,701.1,0.0,100.0,0.0,0.0,902.1,907.9
59220,0.6671,-21.32,0.50,22.95,88.57,0.3330,698.2,0.0,100.0,6.3,0.0,887.4,887.5
59280,0.6678,-21.44,0.50,21.13,95.52,0.3329,695.3,100.0,100.0,12.6,0.0,874.7,858.8
59340,0.6684,-21.56,0.50,24.00,79.18,0.3328,692.3,0.0,100.0,0.0,0.0,915.7,880.7
59400,0.6691,-21.68,0.50,22.10,89.22,0.3327,689.3,100.0,100.0,13.2,0.0,873.5,871.1
59460,0.6698,-21.80,0.50,24.89,76.29,0.3326,686.4,0.0,100.0,0.0,0.0,907.3,929.6
59520,0.6705,-21.93,0.50,22.91,87.15,0.3324,683.4,0.0,100.0,0.0,0.0,912.8,888.5
59580,0.6711,-22.05,0.50,21.04,94.73,0.3323,680.4,100.0,100.0,0.0,0.0,914.3,892.1
59640,0.6718,-22.17,0.50,23.87,78.90,0.3322,677.4,0.0,100.0,18.0,0.0,864.0,837.7
59700,0.6725,-22.29,0.50,21.92,89.17,0.3321,674.4,100.0,100.0,0.0,0.0,899.9,899.4
59760,0.6732,-22.41,0.50,24.68,76.35,0.3320,671.4,0.0,100.0,0.0,0.0,915.2,919.3
59820,0.6738,-22.53,0.50,22.67,87.34,0.3318,668.4,100.0,100.0,2.5,0.0,895.0,893.3
59880,0.6745,-22.66,0.50,25.35,75.54,0.3317,665.4,0.0,100.0,13.6,0.0,872.7,878.8
59940,0.6752,-22.78,0.50,23.28,86.69,0.3315,662.3,0.0,100.0,0.0,0.0,922.4,863.1
60000,0.6759,-22.90,0.50,21.32,94.61,0.3314,659.3,100.0,100.0,0.0,0.0,923.2,897.9
60060,0.6765,-23.03,0.50,24.06,79.06,0.3314,656.3,0.0,100.0,10.0,0.0,880.0,902.2
60120,0.6772,-23.15,0.50,22.04,89.42,0.3312,653.2,100.0,100.0,9.7,0.0,880.6,897.7
60180,0.6779,-23.27,0.50,24.71,76.63,0.3311,650.2,0.0,100.0,4.9,0.0,890.2,879.2
60240,0.6786,-23.40,0.50,22.63,87.68,0.3309,647.1,100.0,100.0,7.0,0.0,885.9,868.4
60300,0.6792,-23.52,0.50,25.25,75.85,0.3308,644.1,0.0,100.0,12.2,0.0,875.6,842.8
60360,0.6799,-23.65,0.50,23.11,87.08,0.3307,641.0,100.0,100.0,22.2,0.0,855.6,876.0
60420,0.6806,-23.77,0.50,25.69,75.62,0.3306,637.9,0.0,100.0,0.0,0.0,953.0,917.2
60480,0.6813,-23.90,0.50,23.50,86.89,0.3304,634.8,0.0,100.0,0.0,0.0,900.3,934.3
60540,0.6819,-24.02,0.50,21.44,95.01,0.3303,631.7,100.0,100.0,0.0,0.0,923.1,882.0
60600,0.6826,-24.15,0.50,24.08,79.49,0.3302,628.6,0.0,100.0,0.0,0.0,907.3,897.7
60660,0.6833,-24.27,0.50,21.97,89.93,0.3301,625.5,100.0,100.0,0.0,0.0,904.0,892.2
60720,0.6840,-24.40,0.50,24.56,77.07,0.3300,622.4,0.0,100.0,8.8,0.0,882.4,885.8
60780,0.6847,-24.53,0.50,22.39,88.22,0.3298,619.3,100.0,100.0,8.3,0.0,883.4,892.3
60840,0.6853,-24.65,0.50,24.94,76.28,0.3297,616.2,0.0,100.0,0.0,0.0,925.6,908.0
60900,0.6860,-24.78,0.50,22.73,87.65,0.3295,613.1,100.0,100.0,6.0,0.0,888.1,915.7
60960,0.6867,-24.91,0.50,25.23,76.06,0.3295,610.0,0.0,100.0,0.0,0.0,924.3,873.4
61020,0.6874,-25.04,0.50,22.98,87.48,0.3293,606.8,0.0,100.0,1.9,0.0,896.3,904.9
61080,0.6880,-25.16,0.50,20.86,95.71,0.3292,603.7,100.0,100.0,20.5,0.0,859.0,903.2
61140,0.6887,-25.29,0.50,23.44,79.95,0.3291,600.5,0.0,100.0,14.8,0.0,870.5,883.9
61200,0.6894,-25.42,0.50,21.27,90.57,0.3290,597.4,100.0,100.0,0.0,0.0,904.6,919.3
61260,0.6901,-25.55,0.50,23.81,77.50,0.3289,594.2,0.0,100.0,7.3,0.0,885.4,934.4
61320,0.6907,-25.68,0.50,21.60,88.86,0.3287,591.1,100.0,100.0,8.2,0.0,883.7,890.4
61380,0.6914,-25.80,0.50,24.10,76.72,0.3287,587.9,0.0,100.0,0.0,0.0,911.8,875.5
61440,0.6921,-25.93,0.50,21.85,88.31,0.3285,584.7,100.0,100.0,0.4,0.0,899.2,927.2
61500,0.6928,-26.06,0.50,24.31,76.51,0.3284,581.5,0.0,100.0,1.0,0.0,898.1,896.7
61560,0.6934,-26.19,0.50,22.02,88.17,0.3282,578.4,100.0,100.0,0.0,0.0,904.2,878.2
61620,0.6941,-26.32,0.50,24.46,76.49,0.3281,575.2,0.0,100.0,2.5,0.0,895.0,917.3
61680,0.6948,-26.45,0.50,22.14,88.18,0.3280,572.0,100.0,100.0,14.5,0.0,871.0,894.3
61740,0.6955,-26.58,0.50,24.55,76.55,0.3279,568.8,0.0,100.0,14.8,0.0,870.4,866.7
61800,0.6961,-26.71,0.50,22.20,88.25,0.3277,565.6,100.0,100.0,6.5,0.0,886.9,926.9
61860,0.6968,-26.84,0.50,24.58,76.63,0.3276,562.4,0.0,100.0,3.2,0.0,893.5,885.4
61920,0.6975,-26.97,0.50,22.22,88.35,0.3274,559.2,100.0,100.0,16.3,0.0,867.5,911.8
61980,0.6982,-27.10,0.50,24.58,76.73,0.3273,555.9,0.0,100.0,11.2,0.0,877.5,924.2
62040,0.6988,-27.23,0.50,22.19,88.46,0.3272,552.7,100.0,100.0,5.5,0.0,889.0,880.5
62100,0.6995,-27.36,0.50,24.53,76.83,0.3271,549.5,0.0,100.0,4.3,0.0,891.4,914.3
62160,0.7002,-27.50,0.50,22.13,88.59,0.3269,546.3,100.0,100.0,0.0,0.0,900.6,884.1
62220,0.7009,-27.63,0.50,24.45,76.93,0.3268,543.0,0.0,100.0,0.0,0.0,905.6,895.1
62280,0.7015,-27.76,0.50,22.03,88.72,0.3267,539.8,100.0,100.0,10.5,0.0,879.0,922.3
62340,0.7022,-27.89,0.50,24.33,77.03,0.3266,536.6,0.0,100.0,0.0,0.0,905.0,922.0
62400,0.7029,-28.02,0.50,21.90,88.86,0.3264,533.3,100.0,100.0,1.4,0.0,897.2,876.1
62460,0.7036,-28.15,0.50,24.19,77.13,0.3263,530.1,0.0,100.0,8.5,0.0,883.0,926.3
62520,0.7043,-28.29,0.50,21.74,89.00,0.3262,526.8,100.0,100.0,9.6,0.0,880.9,885.8
62580,0.7049,-28.42,0.50,24.02,77.24,0.3261,523.5,0.0,100.0,21.6,0.0,856.8,880.1
62640,0.7056,-28.55,0.50,21.57,89.15,0.3259,520.3,100.0,100.0,0.0,0.0,900.1,924.0
62700,0.7063,-28.68,0.50,23.84,77.34,0.3258,517.0,0.0,100.0,8.2,0.0,883.5,919.6
62760,0.7070,-28.82,0.50,21.37,89.30,0.3257,513.7,100.0,100.0,3.9,0.0,892.3,924.2
62820,0.7076,-28.95,0.50,23.63,77.44,0.3256,510.5,0.0,100.0,14.6,0.0,870.7,927.9
62880,0.7083,-29.08,0.50,21.15,89.46,0.3254,507.2,100.0,100.0,0.0,0.0,916.8,918.6
62940,0.7090,-29.22,0.50,23.40,77.54,0.3254,503.9,0.0,100.0,0.0,0.0,928.2,927.1
63000,0.7097,-29.35,0.50,20.91,89.62,0.3252,500.6,100.0,100.0,0.0,0.0,936.0,914.3
63060,0.7103,-29.48,0.50,23.16,77.64,0.3251,497.3,0.0,100.0,3.3,0.0,893.5,905.2
63120,0.7110,-29.62,0.50,20.67,89.78,0.3250,494.0,100.0,100.0,8.1,0.0,883.8,903.7
63180,0.7117,-29.75,0.50,22.90,77.74,0.3249,490.7,100.0,100.0,0.0,0.0,931.0,932.3
63240,0.7124,-29.89,0.50,24.99,71.45,0.3247,487.4,0.0,100.0,0.0,0.0,903.6,897.0
63300,0.7130,-30.02,0.50,22.36,84.95,0.3245,484.1,100.0,100.0,13.3,0.0,873.4,904.3
63360,0.7137,-30.15,0.50,24.46,75.39,0.3244,480.8,0.0,100.0,0.0,0.0,912.3,886.7
63420,0.7144,-30.29,0.50,21.84,88.02,0.3243,477.5,100.0,100.0,0.0,0.0,942.5,909.4
63480,0.7151,-30.42,0.50,23.95,77.05,0.3242,474.2,0.0,100.0,7.0,0.0,886.0,920.5
63540,0.7157,-30.56,0.50,21.34,89.36,0.3240,470.9,100.0,100.0,8.4,0.0,883.1,884.1
63600,0.7164,-30.69,0.50,23.46,77.76,0.3239,467.6,0.0,100.0,0.0,0.0,920.4,893.6
63660,0.7171,-30.83,0.50,20.85,90.01,0.3238,464.2,100.0,100.0,0.0,0.0,924.6,878.6
63720,0.7178,-30.96,0.50,22.98,78.09,0.3237,460.9,100.0,100.0,10.6,0.0,878.8,874.1
63780,0.7184,-31.10,0.50,24.97,71.76,0.3236,457.6,0.0,100.0,11.9,0.0,876.3,899.7
63840,0.7191,-31.23,0.50,22.24,85.34,0.3234,454.2,100.0,100.0,0.0,0.0,920.9,911.3
63900,0.7198,-31.37,0.50,24.25,75.77,0.3233,450.9,0.0,100.0,0.0,0.0,907.3,889.6
63960,0.7205,-31.51,0.50,21.54,88.52,0.3231,447.6,100.0,100.0,2.3,0.0,895.5,879.9
64020,0.7211,-31.64,0.50,23.57,77.48,0.3230,444.2,0.0,100.0,0.0,0.0,907.4,861.9
64080,0.7218,-31.78,0.50,20.88,89.94,0.3229,440.9,100.0,100.0,0.0,0.0,902.1,906.7
64140,0.7225,-31.91,0.50,22.93,78.21,0.3228,437.5,100.0,100.0,12.3,0.0,875.4,884.5
64200,0.7232,-32.05,0.50,24.85,71.92,0.3226,434.2,0.0,100.0,12.4,0.0,875.3,915.4
64260,0.7239,-32.18,0.50,22.05,85.60,0.3225,430.8,100.0,100.0,12.8,0.0,874.4,874.7
64320,0.7245,-32.32,0.50,24.00,76.03,0.3224,427.5,0.0,100.0,3.3,0.0,893.4,920.4
64380,0.7252,-32.46,0.50,21.22,88.90,0.3222,424.1,100.0,100.0,3.5,0.0,892.9,933.1
64440,0.7259,-32.59,0.50,23.20,77.80,0.3221,420.8,0.0,100.0,17.1,0.0,865.9,909.4
64500,0.7266,-32.73,0.50,20.45,90.39,0.3220,417.4,100.0,100.0,0.0,0.0,908.1,897.4
64560,0.7272,-32.87,0.50,22.45,78.56,0.3219,414.1,100.0,100.0,0.0,0.0,905.6,917.7
64620,0.7279,-33.00,0.50,24.32,72.21,0.3218,410.7,0.0,100.0,0.0,0.0,915.3,880.8
64680,0.7286,-33.14,0.50,21.47,86.04,0.3216,407.3,100.0,100.0,0.2,0.0,899.7,912.0
64740,0.7293,-33.28,0.50,23.38,76.36,0.3215,404.0,0.0,100.0,0.0,0.0,926.3,888.0
64800,0.7299,-33.41,0.50,20.57,89.39,0.3213,400.6,100.0,100.0,1.0,0.0,898.1,850.9
64860,0.7306,-33.55,0.50,22.50,78.15,0.3213,397.2,100.0,100.0,0.3,0.0,899.4,905.6
64920,0.7313,-33.69,0.50,24.31,72.03,0.3211,393.8,0.0,100.0,11.3,0.0,877.4,897.5
64980,0.7320,-33.82,0.50,21.41,85.98,0.3209,390.5,100.0,100.0,1.9,0.0,896.2,911.5
65040,0.7326,-33.96,0.50,23.27,76.42,0.3209,387.1,0.0,100.0,0.0,0.0,905.9,909.5
65100,0.7333,-34.10,0.50,20.41,89.54,0.3207,383.7,100.0,100.0,12.7,0.0,874.6,854.0
65160,0.7340,-34.24,0.50,22.30,78.32,0.3206,380.3,100.0,100.0,0.0,0.0,905.8,932.1
65220,0.7347,-34.37,0.50,24.06,72.19,0.3205,377.0,0.0,100.0,20.7,0.0,858.5,862.8
65280,0.7353,-34.51,0.50,21.12,86.22,0.3203,373.6,100.0,100.0,7.7,0.0,884.5,907.0
65340,0.7360,-34.65,0.50,22.94,76.62,0.3202,370.2,100.0,100.0,0.0,0.0,906.5,903.7
65400,0.7367,-34.79,0.50,24.63,71.24,0.3201,366.8,0.0,100.0,12.3,0.0,875.5,934.4
65460,0.7374,-34.92,0.50,21.63,85.39,0.3199,363.4,100.0,100.0,18.5,0.0,863.0,936.1
65520,0.7380,-35.06,0.50,23.38,76.25,0.3198,360.0,0.0,100.0,0.0,0.0,931.9,914.7
65580,0.7387,-35.20,0.50,20.42,89.53,0.3197,356.6,100.0,100.0,0.0,0.0,925.3,895.7
65640,0.7394,-35.34,0.50,22.22,78.49,0.3196,353.3,100.0,100.0,0.0,0.0,904.5,883.7
65700,0.7401,-35.47,0.50,23.91,72.37,0.3195,349.9,0.0,100.0,5.1,0.0,889.8,880.5
65760,0.7407,-35.61,0.50,20.89,86.49,0.3193,346.5,100.0,100.0,0.0,100.0,915.6,852.6
65820,0.7414,-35.75,0.50,22.63,76.92,0.3195,343.1,100.0,100.0,0.0,0.0,902.2,889.1
65880,0.7421,-35.89,0.50,24.25,71.49,0.3194,339.7,0.0,100.0,0.5,0.0,899.0,903.6
65940,0.7428,-36.03,0.50,21.18,85.75,0.3192,336.3,100.0,100.0,0.0,0.0,940.8,932.1
66000,0.7435,-36.16,0.50,22.87,76.56,0.3191,332.9,100.0,100.0,15.9,0.0,868.3,904.0
66060,0.7441,-36.30,0.50,24.45,71.29,0.3190,329.5,0.0,100.0,0.0,0.0,914.2,886.9
66120,0.7448,-36.44,0.50,21.33,85.59,0.3188,326.1,100.0,100.0,0.0,0.0,901.6,896.2
66180,0.7455,-36.58,0.50,22.98,76.53,0.3187,322.7,0.0,100.0,6.3,0.0,887.5,863.1
66240,0.7462,-36.72,0.50,19.92,89.98,0.3186,319.3,100.0,100.0,0.2,0.0,899.6,885.8
66300,0.7468,-36.85,0.50,21.63,78.91,0.3185,315.9,100.0,100.0,6.5,0.0,887.0,927.0
66360,0.7475,-36.99,0.50,23.23,72.71,0.3184,312.5,0.0,100.0,0.0,0.0,918.4,892.4
66420,0.7482,-37.13,0.50,20.13,86.99,0.3183,309.1,100.0,100.0,0.6,0.0,898.8,914.3
66480,0.7489,-37.27,0.50,21.79,77.31,0.3182,305.7,100.0,100.0,0.0,0.0,902.1,876.5
66540,0.7495,-37.41,0.50,23.34,71.80,0.3181,302.3,0.0,100.0,14.4,0.0,871.1,886.8
66600,0.7502,-37.54,0.50,20.20,86.28,0.3179,300.0,0.0,0.0,1.9,0.0,896.2,922.1
66660,0.7509,-37.68,0.50,16.76,97.22,0.3179,0.0,100.0,0.0,0.0,100.0,907.5,856.4
66720,0.7516,-37.82,0.50,18.10,83.96,0.3182,0.0,100.0,0.0,0.0,0.0,921.7,889.4
66780,0.7522,-37.96,0.50,19.36,74.24,0.3182,0.0,0.0,0.0,0.5,0.0,899.1,874.0
66840,0.7529,-38.10,0.50,15.94,85.15,0.3182,0.0,100.0,0.0,2.3,100.0,895.4,871.1
66900,0.7536,-38.23,0.50,17.31,74.77,0.3186,0.0,100.0,0.0,12.5,0.0,875.0,925.5
66960,0.7543,-38.37,0.50,18.58,67.17,0.3186,0.0,0.0,0.0,10.9,0.0,878.1,909.2
67020,0.7549,-38.51,0.50,15.19,78.06,0.3186,0.0,100.0,0.0,0.0,0.0,919.1,900.4
67080,0.7556,-38.65,0.50,16.57,69.29,0.3186,0.0,100.0,0.0,0.0,0.0,916.7,912.3
67140,0.7563,-38.78,0.50,17.87,62.94,0.3186,0.0,100.0,0.0,0.0,0.0,915.0,855.9
67200,0.7570,-38.92,0.50,19.08,58.33,0.3186,0.0,0.0,0.0,0.0,0.0,924.7,913.3
67260,0.7576,-39.06,0.50,15.62,69.29,0.3186,0.0,100.0,0.0,0.0,0.0,903.9,886.4
67320,0.7583,-39.20,0.50,16.95,62.82,0.3186,0.0,100.0,0.0,0.0,0.0,901.3,891.3
67380,0.7590,-39.34,0.50,18.20,58.13,0.3186,0.0,0.0,0.0,1.8,0.0,896.4,917.6
67440,0.7597,-39.47,0.50,14.76,69.09,0.3186,0.0,100.0,0.0,0.0,0.0,926.3,885.3
67500,0.7603,-39.61,0.50,16.12,62.57,0.3186,0.0,100.0,0.0,0.0,0.0,911.3,897.2
67560,0.7610,-39.75,0.50,17.39,57.85,0.3185,0.0,100.0,0.0,4.5,0.0,890.9,913.0
67620,0.7617,-39.89,0.50,18.57,53.96,0.3185,0.0,0.0,0.0,0.0,0.0,912.5,890.5
67680,0.7624,-40.02,0.50,15.08,64.97,0.3185,0.0,100.0,0.0,0.0,0.0,941.2,900.4
67740,0.7631,-40.16,0.50,16.39,59.55,0.3185,0.0,100.0,0.0,0.0,0.0,949.5,934.1
67800,0.7637,-40.30,0.50,17.61,55.40,0.3185,0.0,100.0,0.0,0.0,0.0,900.4,906.1
67860,0.7644,-40.44,0.50,18.74,51.83,0.3185,0.0,0.0,0.0,0.0,0.0,922.8,928.2
67920,0.7651,-40.57,0.50,15.21,62.87,0.3185,0.0,100.0,0.0,0.0,0.0,909.8,967.4
67980,0.7658,-40.71,0.50,16.48,58.02,0.3185,0.0,100.0,0.0,0.0,0.0,900.7,916.4
68040,0.7664,-40.85,0.50,17.66,54.11,0.3185,0.0,0.0,0.0,0.0,0.0,952.4,939.3
68100,0.7671,-40.99,0.50,14.17,65.16,0.3185,0.0,100.0,0.0,5.9,0.0,888.1,932.8
68160,0.7678,-41.12,0.50,15.47,59.63,0.3185,0.0,100.0,0.0,0.0,0.0,930.0,900.9
68220,0.7685,-41.26,0.50,16.68,55.46,0.3185,0.0,100.0,0.0,0.0,0.0,930.9,921.6
68280,0.7691,-41.40,0.50,17.82,51.86,0.3185,0.0,100.0,0.0,0.0,0.0,919.5,903.3
68340,0.7698,-41.54,0.50,18.88,48.76,0.3185,0.0,0.0,0.0,0.0,0.0,919.5,924.1
68400,0.7705,-41.67,0.50,15.28,59.86,0.3185,0.0,100.0,0.0,0.0,0.0,908.1,970.9
68460,0.7712,-41.81,0.50,16.47,55.73,0.3185,0.0,100.0,0.0,0.0,0.0,902.7,911.9
68520,0.7718,-41.95,0.50,17.59,52.18,0.3185,0.0,100.0,0.0,0.0,0.0,935.3,867.8
68580,0.7725,-42.08,0.50,18.63,49.10,0.3185,0.0,0.0,0.0,0.0,0.0,951.0,942.1
68640,0.7732,-42.22,0.50,15.01,60.24,0.3185,0.0,100.0,0.0,0.0,0.0,933.7,913.0
68700,0.7739,-42.36,0.50,16.18,56.10,0.3185,0.0,100.0,0.0,0.0,0.0,904.7,922.9
68760,0.7745,-42.49,0.50,17.28,52.57,0.3185,0.0,100.0,0.0,0.0,0.0,926.8,920.5
68820,0.7752,-42.63,0.50,18.31,49.50,0.3185,0.0,0.0,0.0,0.0,0.0,918.2,945.3
68880,0.7759,-42.76,0.50,14.68,60.68,0.3185,0.0,100.0,0.0,0.0,0.0,929.8,943.4
68940,0.7766,-42.90,0.50,15.84,56.43,0.3185,0.0,100.0,0.0,2.8,0.0,894.4,930.2
69000,0.7772,-43.04,0.50,16.93,52.90,0.3185,0.0,100.0,0.0,0.0,0.0,961.1,977.8
69060,0.7779,-43.17,0.50,17.94,49.84,0.3185,0.0,100.0,0.0,0.0,0.0,945.0,926.4
69120,0.7786,-43.31,0.50,18.89,47.18,0.3185,0.0,0.0,0.0,0.0,0.0,924.3,884.3
69180,0.7793,-43.44,0.50,15.18,58.38,0.3185,0.0,100.0,0.0,0.0,0.0,951.2,971.6
69240,0.7799,-43.58,0.50,16.28,54.69,0.3185,0.0,100.0,0.0,0.0,0.0,921.6,965.4
69300,0.7806,-43.72,0.50,17.30,51.49,0.3185,0.0,100.0,0.0,0.0,0.0,956.3,913.7
69360,0.7813,-43.85,0.50,18.25,48.70,0.3185,0.0,0.0,0.0,0.0,0.0,927.0,945.6
69420,0.7820,-43.99,0.50,14.55,59.96,0.3185,0.0,100.0,0.0,0.0,0.0,921.4,906.0
69480,0.7827,-44.12,0.50,15.65,55.94,0.3185,0.0,100.0,0.0,0.0,0.0,919.8,930.1
69540,0.7833,-44.26,0.50,16.67,52.63,0.3185,0.0,100.0,0.0,7.5,0.0,884.9,911.1
69600,0.7840,-44.39,0.50,17.63,49.76,0.3185,0.0,100.0,0.0,0.0,0.0,965.1,903.1
69660,0.7847,-44.53,0.50,18.53,47.24,0.3185,0.0,0.0,0.0,0.0,0.0,923.8,932.2
69720,0.7854,-44.66,0.50,14.77,58.53,0.3185,0.0,100.0,0.0,0.0,0.0,942.6,933.0
69780,0.7860,-44.80,0.50,15.81,54.92,0.3185,0.0,100.0,0.0,0.0,0.0,926.9,919.7
69840,0.7867,-44.93,0.50,16.79,51.83,0.3185,0.0,100.0,0.0,0.0,0.0,945.8,924.6
69900,0.7874,-45.06,0.50,17.70,49.14,0.3185,0.0,100.0,0.0,0.0,0.0,904.1,918.1
69960,0.7881,-45.20,0.50,18.55,46.78,0.3185,0.0,0.0,0.0,0.0,0.0,923.6,932.4
70020,0.7887,-45.33,0.50,14.75,58.11,0.3185,0.0,100.0,0.0,0.0,0.0,921.7,942.7
70080,0.7894,-45.47,0.50,15.76,54.64,0.3185,0.0,100.0,0.0,0.0,0.0,920.4,908.7
70140,0.7901,-45.60,0.50,16.70,51.68,0.3185,0.0,100.0,0.0,0.0,0.0,915.8,948.5
70200,0.7908,-45.73,0.50,17.57,49.09,0.3185,0.0,0.0,0.0,0.0,0.0,934.8,935.8
70260,0.7914,-45.87,0.50,13.80,60.49,0.3185,0.0,100.0,0.0,0.0,0.0,934.1,868.8
70320,0.7921,-46.00,0.50,14.83,56.38,0.3185,0.0,100.0,0.0,0.0,0.0,951.2,906.6
70380,0.7928,-46.13,0.50,15.80,53.23,0.3185,0.0,100.0,0.0,0.0,0.0,940.8,897.5
70440,0.7935,-46.27,0.50,16.69,50.47,0.3185,0.0,100.0,0.0,0.0,0.0,911.6,915.0
70500,0.7941,-46.40,0.50,17.53,48.06,0.3185,0.0,100.0,0.0,0.0,0.0,929.1,907.0
70560,0.7948,-46.53,0.50,18.31,45.94,0.3185,0.0,0.0,0.0,0.0,0.0,925.6,945.0
70620,0.7955,-46.66,0.50,14.44,57.34,0.3185,0.0,100.0,0.0,0.0,0.0,920.0,902.4
70680,0.7962,-46.80,0.50,15.39,54.09,0.3185,0.0,100.0,0.0,0.0,0.0,956.4,971.0
70740,0.7968,-46.93,0.50,16.27,51.33,0.3185,0.0,100.0,0.0,4.8,0.0,890.4,958.5
70800,0.7975,-47.06,0.50,17.10,48.91,0.3185,0.0,100.0,0.0,0.0,0.0,900.8,934.7
70860,0.7982,-47.19,0.50,17.86,46.79,0.3185,0.0,100.0,0.0,0.0,0.0,917.8,936.7
70920,0.7989,-47.32,0.50,18.58,44.91,0.3185,0.0,0.0,0.0,0.0,0.0,941.8,926.6
70980,0.7995,-47.46,0.50,14.65,56.33,0.3185,0.0,100.0,0.0,0.0,0.0,966.2,936.5
71040,0.8002,-47.59,0.50,15.53,53.39,0.3185,0.0,100.0,0.0,0.0,0.0,947.3,953.1
71100,0.8009,-47.72,0.50,16.36,50.84,0.3185,0.0,100.0,0.0,0.0,0.0,918.9,963.4
71160,0.8016,-47.85,0.50,17.13,48.60,0.3185,0.0,100.0,0.0,0.0,0.0,910.5,918.8
71220,0.8023,-47.98,0.50,17.85,46.62,0.3185,0.0,100.0,0.0,0.0,0.0,947.4,933.2
71280,0.8029,-48.11,0.50,18.52,44.87,0.3185,0.0,0.0,0.0,0.0,0.0,944.1,922.0
71340,0.8036,-48.24,0.50,14.54,56.35,0.3185,0.0,100.0,0.0,0.0,0.0,916.4,925.6
71400,0.8043,-48.37,0.50,15.39,53.44,0.3185,0.0,100.0,0.0,0.0,0.0,922.4,921.6
71460,0.8050,-48.50,0.50,16.18,51.00,0.3185,0.0,100.0,0.0,0.0,0.0,969.0,939.3
71520,0.8056,-48.63,0.50,16.92,48.85,0.3185,0.0,100.0,0.0,0.0,0.0,928.1,942.2
71580,0.8063,-48.76,0.50,17.60,46.96,0.3185,0.0,100.0,0.0,0.0,0.0,970.5,901.3
71640,0.8070,-48.89,0.50,18.23,45.28,0.3185,0.0,0.0,0.0,0.0,0.0,923.6,912.6
71700,0.8077,-49.02,0.50,14.23,56.82,0.3185,0.0,100.0,0.0,0.0,0.0,924.7,921.7
71760,0.8083,-49.15,0.50,15.05,53.81,0.3185,0.0,100.0,0.0,0.0,0.0,946.2,933.4
71820,0.8090,-49.28,0.50,15.82,51.43,0.3185,0.0,100.0,0.0,0.0,0.0,940.1,938.2
71880,0.8097,-49.40,0.50,16.53,49.33,0.3184,0.0,100.0,0.0,0.0,0.0,950.5,921.0
71940,0.8104,-49.53,0.50,17.19,47.48,0.3184,0.0,100.0,0.0,0.0,0.0,941.5,924.7
72000,0.8110,-49.66,0.50,17.80,45.83,0.3184,0.0,0.0,0.0,0.0,0.0,922.1,937.0
72060,0.8117,-49.79,0.50,13.78,57.45,0.3184,0.0,100.0,0.0,0.0,0.0,939.0,899.1
72120,0.8124,-49.92,0.50,14.58,54.29,0.3184,0.0,100.0,0.0,0.0,0.0,928.4,976.7
72180,0.8131,-50.04,0.50,15.33,51.93,0.3184,0.0,100.0,0.0,0.0,0.0,933.8,926.6
72240,0.8137,-50.17,0.50,16.02,49.86,0.3184,0.0,100.0,0.0,0.0,0.0,922.4,972.9
72300,0.8144,-50.30,0.50,16.67,48.02,0.3184,0.0,100.0,0.0,0.0,0.0,923.2,953.4
72360,0.8151,-50.42,0.50,17.26,46.39,0.3184,0.0,100.0,0.0,0.0,0.0,948.5,931.5
72420,0.8158,-50.55,0.50,17.82,44.93,0.3184,0.0,100.0,0.0,0.0,0.0,932.5,892.2
72480,0.8164,-50.68,0.50,18.34,43.64,0.3184,0.0,0.0,0.0,0.0,100.0,921.5,950.7
72540,0.8171,-50.80,0.50,14.22,55.43,0.3188,0.0,100.0,0.0,0.0,0.0,959.5,961.3
72600,0.8178,-50.93,0.50,14.94,52.84,0.3188,0.0,100.0,0.0,0.0,0.0,928.6,957.3
72660,0.8185,-51.06,0.50,15.60,50.81,0.3188,0.0,100.0,0.0,0.0,0.0,961.8,941.9
72720,0.8191,-51.18,0.50,16.22,49.01,0.3188,0.0,100.0,0.0,0.0,0.0,928.7,922.5
72780,0.8198,-51.31,0.50,16.79,47.41,0.3188,0.0,100.0,0.0,0.0,100.0,931.4,921.5
72840,0.8205,-51.43,0.50,17.32,46.15,0.3191,0.0,100.0,0.0,0.0,0.0,956.3,898.3
72900,0.8212,-51.55,0.50,17.82,44.88,0.3191,0.0,100.0,0.0,0.0,0.0,936.9,923.8
72960,0.8219,-51.68,0.50,18.27,43.74,0.3191,0.0,0.0,0.0,0.0,0.0,928.2,953.5
73020,0.8225,-51.80,0.50,14.10,55.42,0.3191,0.0,100.0,0.0,0.0,0.0,918.0,930.4
73080,0.8232,-51.93,0.50,14.77,52.88,0.3191,0.0,100.0,0.0,0.0,0.0,917.0,945.8
73140,0.8239,-52.05,0.50,15.38,50.97,0.3191,0.0,100.0,0.0,0.0,0.0,913.7,946.8
73200,0.8246,-52.17,0.50,15.95,49.30,0.3191,0.0,100.0,0.0,0.0,0.0,920.5,972.1
73260,0.8252,-52.30,0.50,16.48,47.81,0.3191,0.0,100.0,0.0,0.0,0.0,918.3,922.9
73320,0.8259,-52.42,0.50,16.97,46.48,0.3191,0.0,100.0,0.0,0.0,0.0,928.2,919.5
73380,0.8266,-52.54,0.50,17.43,45.30,0.3191,0.0,100.0,0.0,0.0,0.0,937.3,941.5
73440,0.8273,-52.66,0.50,17.85,44.24,0.3191,0.0,100.0,0.0,0.0,0.0,965.6,968.1
73500,0.8279,-52.79,0.50,18.24,43.30,0.3191,0.0,0.0,0.0,0.0,0.0,931.3,964.6
73560,0.8286,-52.91,0.50,14.00,55.03,0.3191,0.0,100.0,0.0,0.0,0.0,952.3,922.2
73620,0.8293,-53.03,0.50,14.61,52.63,0.3191,0.0,100.0,0.0,0.0,0.0,950.7,948.0
73680,0.8300,-53.15,0.50,15.17,50.82,0.3191,0.0,100.0,0.0,0.0,0.0,937.6,954.5
73740,0.8306,-53.27,0.50,15.69,49.31,0.3191,0.0,100.0,0.0,0.0,0.0,914.6,934.7
73800,0.8313,-53.39,0.50,16.17,47.96,0.3191,0.0,100.0,0.0,0.0,0.0,910.3,946.5
73860,0.8320,-53.51,0.50,16.61,46.76,0.3191,0.0,100.0,0.0,0.0,0.0,939.0,907.5
73920,0.8327,-53.63,0.50,17.02,45.68,0.3191,0.0,100.0,0.0,0.0,0.0,943.6,944.6
73980,0.8333,-53.75,0.50,17.40,44.72,0.3191,0.0,100.0,0.0,4.6,0.0,890.8,937.7
74040,0.8340,-53.87,0.50,17.75,43.86,0.3191,0.0,100.0,0.0,0.0,0.0,972.8,932.2
74100,0.8347,-53.99,0.50,18.08,43.09,0.3191,0.0,0.0,0.0,0.0,0.0,960.7,988.9
74160,0.8354,-54.11,0.50,13.78,54.90,0.3190,0.0,100.0,0.0,0.0,0.0,939.0,917.4
74220,0.8360,-54.23,0.50,14.33,52.58,0.3190,0.0,100.0,0.0,0.0,0.0,954.5,933.1
74280,0.8367,-54.35,0.50,14.83,50.82,0.3190,0.0,100.0,0.0,0.0,0.0,931.1,931.7
74340,0.8374,-54.46,0.50,15.30,49.45,0.3190,0.0,100.0,0.0,0.0,0.0,931.4,939.3
74400,0.8381,-54.58,0.50,15.73,48.24,0.3190,0.0,100.0,0.0,0.0,0.0,946.2,954.3
74460,0.8387,-54.70,0.50,16.13,47.15,0.3190,0.0,100.0,0.0,0.0,0.0,956.7,912.8
74520,0.8394,-54.82,0.50,16.50,46.18,0.3190,0.0,100.0,0.0,0.0,0.0,930.0,919.6
74580,0.8401,-54.93,0.50,16.84,45.31,0.3190,0.0,100.0,0.0,0.0,0.0,971.3,973.6
74640,0.8408,-55.05,0.50,17.16,44.53,0.3190,0.0,100.0,0.0,0.0,0.0,959.8,945.3
74700,0.8415,-55.16,0.50,17.44,43.84,0.3190,0.0,100.0,0.0,0.0,0.0,924.9,936.8
74760,0.8421,-55.28,0.50,17.71,43.22,0.3190,0.0,100.0,0.0,9.3,0.0,881.4,963.2
74820,0.8428,-55.40,0.50,17.95,42.67,0.3190,0.0,0.0,0.0,0.0,0.0,945.0,948.7
74880,0.8435,-55.51,0.50,13.58,54.56,0.3190,0.0,100.0,0.0,0.0,0.0,958.8,912.6
74940,0.8442,-55.63,0.50,14.05,52.38,0.3190,0.0,100.0,0.0,0.0,0.0,936.9,946.2
75000,0.8448,-55.74,0.50,14.49,50.70,0.3190,0.0,100.0,0.0,0.0,0.0,966.4,960.4
75060,0.8455,-55.85,0.50,14.90,49.43,0.3190,0.0,100.0,0.0,0.0,0.0,931.1,960.9
75120,0.8462,-55.97,0.50,15.27,48.39,0.3190,0.0,100.0,0.0,0.0,0.0,928.6,941.0
75180,0.8469,-56.08,0.50,15.62,47.45,0.3190,0.0,100.0,0.0,0.0,0.0,947.7,937.6
75240,0.8475,-56.19,0.50,15.93,46.61,0.3190,0.0,100.0,0.0,0.0,0.0,946.9,942.7
75300,0.8482,-56.31,0.50,16.23,45.87,0.3190,0.0,100.0,0.0,0.0,0.0,912.5,935.1
75360,0.8489,-56.42,0.50,16.50,45.20,0.3190,0.0,100.0,0.0,0.0,0.0,947.7,946.9
75420,0.8496,-56.53,0.50,16.74,44.60,0.3190,0.0,100.0,0.0,0.0,0.0,951.2,962.0
75480,0.8502,-56.64,0.50,16.97,44.08,0.3190,0.0,100.0,0.0,0.0,0.0,953.9,985.4
75540,0.8509,-56.75,0.50,17.17,43.61,0.3190,0.0,100.0,0.0,0.0,0.0,927.2,908.1
75600,0.8516,-56.86,0.50,17.36,43.19,0.3190,0.0,100.0,0.0,0.0,0.0,932.6,951.4
75660,0.8523,-56.98,0.50,17.53,42.83,0.3190,0.0,100.0,0.0,0.0,0.0,962.0,967.9
75720,0.8529,-57.09,0.50,17.68,42.51,0.3190,0.0,100.0,0.0,0.0,0.0,943.7,928.6
75780,0.8536,-57.20,0.50,17.81,42.24,0.3190,0.0,0.0,0.0,0.0,0.0,985.2,923.3
75840,0.8543,-57.31,0.50,13.34,54.23,0.3190,0.0,100.0,0.0,0.0,0.0,942.2,971.6
75900,0.8550,-57.41,0.50,13.72,52.20,0.3190,0.0,100.0,0.0,0.0,0.0,948.6,959.2
75960,0.8556,-57.52,0.50,14.08,50.64,0.3190,0.0,100.0,0.0,0.0,0.0,930.9,962.1
76020,0.8563,-57.63,0.50,14.40,49.43,0.3190,0.0,100.0,0.0,0.0,0.0,976.6,934.9
76080,0.8570,-57.74,0.50,14.70,48.51,0.3190,0.0,100.0,0.0,0.0,0.0,952.6,939.7
76140,0.8577,-57.85,0.50,14.97,47.78,0.3190,0.0,100.0,0.0,0.0,0.0,954.7,943.4
76200,0.8583,-57.96,0.50,15.23,47.12,0.3190,0.0,100.0,0.0,0.0,0.0,980.0,954.1
76260,0.8590,-58.06,0.50,15.46,46.54,0.3190,0.0,100.0,0.0,0.0,0.0,973.5,938.7
76320,0.8597,-58.17,0.50,15.67,46.02,0.3190,0.0,100.0,0.0,0.0,0.0,927.9,968.8
76380,0.8604,-58.28,0.50,15.86,45.56,0.3190,0.0,100.0,0.0,0.0,0.0,937.2,954.0
76440,0.8611,-58.38,0.50,16.03,45.16,0.3190,0.0,100.0,0.0,0.0,0.0,926.6,956.1
76500,0.8617,-58.49,0.50,16.19,44.80,0.3190,0.0,100.0,0.0,0.0,0.0,927.1,953.6
76560,0.8624,-58.59,0.50,16.33,44.50,0.3190,0.0,100.0,0.0,0.0,0.0,948.0,964.1
76620,0.8631,-58.70,0.50,16.46,44.23,0.3190,0.0,100.0,0.0,0.0,0.0,971.3,946.9
76680,0.8638,-58.80,0.50,16.57,44.00,0.3190,0.0,100.0,0.0,0.0,0.0,981.4,959.5
76740,0.8644,-58.91,0.50,16.67,43.81,0.3190,0.0,100.0,0.0,0.0,0.0,972.1,970.7
76800,0.8651,-59.01,0.50,16.76,43.65,0.3190,0.0,100.0,0.0,0.0,0.0,962.8,923.4
76860,0.8658,-59.11,0.50,16.84,43.52,0.3190,0.0,100.0,0.0,0.0,0.0,980.1,913.2
76920,0.8665,-59.22,0.50,16.90,43.42,0.3190,0.0,100.0,0.0,0.0,0.0,928.4,918.9
76980,0.8671,-59.32,0.50,16.96,43.34,0.3190,0.0,100.0,0.0,0.0,0.0,937.8,950.8
77040,0.8678,-59.42,0.50,17.00,43.29,0.3190,0.0,100.0,0.0,0.0,0.0,973.9,934.3
77100,0.8685,-59.52,0.50,17.04,43.27,0.3190,0.0,100.0,0.0,0.0,0.0,947.7,926.8
77160,0.8692,-59.62,0.50,17.07,43.26,0.3190,0.0,100.0,0.0,0.0,0.0,928.9,957.8
77220,0.8698,-59.72,0.50,17.09,43.27,0.3190,0.0,100.0,0.0,0.0,0.0,947.7,970.3
77280,0.8705,-59.82,0.50,17.11,43.31,0.3190,0.0,100.0,0.0,0.0,0.0,937.4,944.6
77340,0.8712,-59.92,0.50,17.12,43.36,0.3190,0.0,100.0,0.0,0.0,0.0,940.8,1001.7
77400,0.8719,-60.02,0.50,17.12,43.42,0.3190,0.0,100.0,0.0,0.0,0.0,963.1,941.2
77460,0.8725,-60.12,0.50,17.11,43.51,0.3190,0.0,100.0,0.0,0.0,0.0,973.8,972.3
77520,0.8732,-60.22,0.50,17.10,43.60,0.3190,0.0,100.0,0.0,0.0,0.0,909.8,972.1
77580,0.8739,-60.32,0.50,17.09,43.71,0.3190,0.0,100.0,0.0,0.0,0.0,969.5,905.3
77640,0.8746,-60.42,0.50,17.07,43.84,0.3190,0.0,100.0,0.0,0.0,0.0,929.8,946.1
77700,0.8752,-60.52,0.50,17.04,43.97,0.3190,0.0,100.0,0.0,0.0,0.0,955.7,945.3
77760,0.8759,-60.61,0.50,17.01,44.12,0.3190,0.0,100.0,0.0,0.0,0.0,953.5,940.3
77820,0.8766,-60.71,0.50,16.98,44.28,0.3190,0.0,100.0,0.0,0.0,0.0,943.8,972.5
77880,0.8773,-60.81,0.50,16.94,44.45,0.3189,0.0,100.0,0.0,0.0,0.0,926.1,937.9
77940,0.8779,-60.90,0.50,16.90,44.62,0.3189,0.0,100.0,0.0,0.0,0.0,993.4,963.9
78000,0.8786,-61.00,0.50,16.86,44.81,0.3189,0.0,100.0,0.0,0.0,0.0,967.7,977.9
78060,0.8793,-61.09,0.50,16.81,45.01,0.3189,0.0,100.0,0.0,0.0,0.0,942.5,969.3
78120,0.8800,-61.19,0.50,16.76,45.21,0.3189,0.0,100.0,0.0,0.0,0.0,962.1,979.8
78180,0.8807,-61.28,0.50,16.71,45.42,0.3189,0.0,100.0,0.0,0.0,0.0,957.6,949.9
78240,0.8813,-61.38,0.50,16.65,45.64,0.3189,0.0,100.0,0.0,0.0,0.0,968.5,951.6
78300,0.8820,-61.47,0.50,16.59,45.86,0.3189,0.0,100.0,0.0,0.0,0.0,949.2,938.3
78360,0.8827,-61.56,0.50,16.54,46.04,0.3189,0.0,100.0,0.0,0.0,0.0,914.7,969.2
78420,0.8834,-61.66,0.50,16.47,46.18,0.3189,0.0,100.0,0.0,0.0,0.0,944.8,980.3
78480,0.8840,-61.75,0.50,16.41,46.30,0.3189,0.0,100.0,0.0,0.0,0.0,979.8,948.7
78540,0.8847,-61.84,0.50,16.35,46.39,0.3189,0.0,100.0,0.0,0.0,0.0,939.5,938.5
78600,0.8854,-61.93,0.50,16.28,46.47,0.3189,0.0,100.0,0.0,0.0,0.0,963.6,974.7
78660,0.8861,-62.02,0.50,16.21,46.53,0.3189,0.0,100.0,0.0,0.0,0.0,953.9,964.7
78720,0.8867,-62.11,0.50,16.14,46.58,0.3189,0.0,100.0,0.0,0.0,0.0,960.9,946.7
78780,0.8874,-62.20,0.50,16.07,46.61,0.3189,0.0,100.0,0.0,0.0,100.0,981.6,988.2
78840,0.8881,-62.29,0.50,16.00,46.79,0.3193,0.0,100.0,0.0,0.0,0.0,951.7,950.8
78900,0.8888,-62.38,0.50,15.93,46.79,0.3193,0.0,100.0,0.0,0.0,0.0,905.1,945.8
78960,0.8894,-62.47,0.50,15.85,46.78,0.3192,0.0,100.0,0.0,4.2,0.0,891.6,971.8
79020,0.8901,-62.56,0.50,15.78,46.77,0.3192,0.0,100.0,0.0,0.0,0.0,942.8,939.7
79080,0.8908,-62.64,0.50,15.70,46.76,0.3192,0.0,100.0,0.0,0.0,0.0,974.6,955.1
79140,0.8915,-62.73,0.50,15.63,46.75,0.3192,0.0,100.0,0.0,0.0,0.0,939.9,949.4
79200,0.8921,-62.82,0.50,15.55,46.74,0.3192,0.0,100.0,0.0,0.0,0.0,931.1,928.1
79260,0.8928,-62.90,0.50,15.48,46.72,0.3192,0.0,100.0,0.0,0.0,0.0,974.1,972.6
79320,0.8935,-62.99,0.50,15.40,46.71,0.3192,0.0,100.0,0.0,0.0,0.0,954.3,951.2
79380,0.8942,-63.08,0.50,15.32,46.69,0.3192,0.0,100.0,0.0,0.0,0.0,961.0,965.8
79440,0.8948,-63.16,0.50,15.24,46.68,0.3192,0.0,100.0,0.0,0.0,0.0,970.3,989.7
79500,0.8955,-63.25,0.50,15.16,46.66,0.3192,0.0,100.0,0.0,0.0,0.0,968.6,937.9
79560,0.8962,-63.33,0.50,15.08,46.65,0.3192,0.0,100.0,0.0,0.0,0.0,945.2,941.8
79620,0.8969,-63.41,0.50,15.00,46.63,0.3192,0.0,100.0,0.0,0.0,0.0,928.4,955.2
79680,0.8975,-63.50,0.50,14.92,46.61,0.3192,0.0,100.0,0.0,0.0,0.0,956.0,962.8
79740,0.8982,-63.58,0.50,14.84,46.59,0.3192,0.0,100.0,0.0,0.0,0.0,974.8,894.3
79800,0.8989,-63.66,0.50,14.76,46.57,0.3192,0.0,100.0,0.0,0.0,0.0,954.4,960.1
79860,0.8996,-63.74,0.50,14.68,46.56,0.3192,0.0,100.0,0.0,0.0,0.0,938.5,967.5
79920,0.9003,-63.82,0.50,14.60,46.54,0.3192,0.0,100.0,0.0,0.0,0.0,981.2,958.2
79980,0.9009,-63.90,0.50,14.52,46.52,0.3192,0.0,100.0,0.0,0.0,0.0,916.5,963.1
80040,0.9016,-63.98,0.50,14.44,46.50,0.3192,0.0,100.0,0.0,0.0,0.0,978.5,959.2
80100,0.9023,-64.06,0.50,14.36,46.48,0.3192,0.0,100.0,0.0,0.0,0.0,932.1,948.9
80160,0.9030,-64.14,0.50,14.28,46.46,0.3192,0.0,100.0,0.0,0.0,0.0,999.4,959.8
80220,0.9036,-64.22,0.50,14.20,46.44,0.3192,0.0,100.0,0.0,0.0,0.0,1009.9,962.8
80280,0.9043,-64.30,0.50,14.12,46.42,0.3192,0.0,100.0,0.0,0.0,0.0,930.8,985.3
80340,0.9050,-64.38,0.50,14.04,46.40,0.3192,0.0,100.0,0.0,0.0,0.0,952.5,923.4
80400,0.9057,-64.46,0.50,13.96,46.37,0.3192,0.0,100.0,0.0,0.0,0.0,953.9,925.8
80460,0.9063,-64.53,0.50,13.88,46.35,0.3192,0.0,100.0,0.0,0.0,0.0,969.8,957.6
80520,0.9070,-64.61,0.50,13.80,46.33,0.3192,0.0,100.0,0.0,0.0,0.0,967.1,975.0
80580,0.9077,-64.68,0.50,13.73,46.31,0.3192,0.0,100.0,0.0,0.0,0.0,966.4,992.1
80640,0.9084,-64.76,0.50,13.65,46.29,0.3192,0.0,100.0,0.0,0.0,0.0,922.3,950.8
80700,0.9090,-64.84,0.50,13.57,46.27,0.3192,0.0,100.0,0.0,0.0,0.0,983.2,964.7
80760,0.9097,-64.91,0.50,13.49,46.25,0.3192,0.0,100.0,0.0,0.0,0.0,949.7,991.7
80820,0.9104,-64.98,0.50,13.41,46.23,0.3192,0.0,100.0,0.0,0.0,0.0,960.1,950.5
80880,0.9111,-65.06,0.50,13.33,46.20,0.3192,0.0,100.0,0.0,0.0,0.0,946.9,942.0
80940,0.9117,-65.13,0.50,13.26,46.18,0.3192,0.0,100.0,0.0,0.0,0.0,969.4,925.8
81000,0.9124,-65.20,0.50,13.18,46.16,0.3192,0.0,100.0,0.0,0.0,0.0,958.9,971.9
81060,0.9131,-65.27,0.50,13.10,46.14,0.3192,0.0,100.0,0.0,0.0,0.0,946.8,936.6
81120,0.9138,-65.35,0.50,13.03,46.12,0.3192,0.0,100.0,0.0,0.0,0.0,937.5,952.7
81180,0.9144,-65.42,0.50,12.95,46.10,0.3192,0.0,100.0,0.0,0.0,0.0,972.4,925.8
81240,0.9151,-65.49,0.50,12.87,46.07,0.3192,0.0,100.0,0.0,0.0,0.0,983.8,936.3
81300,0.9158,-65.56,0.50,12.80,46.05,0.3192,0.0,100.0,0.0,0.0,100.0,979.7,941.5
81360,0.9165,-65.63,0.50,12.72,46.22,0.3195,0.0,100.0,0.0,0.0,0.0,925.8,999.2
81420,0.9172,-65.70,0.50,12.65,46.16,0.3195,0.0,100.0,0.0,0.0,0.0,936.3,961.6
81480,0.9178,-65.76,0.50,12.57,46.11,0.3195,0.0,100.0,0.0,0.0,0.0,949.2,954.9
81540,0.9185,-65.83,0.50,12.50,46.07,0.3195,0.0,100.0,0.0,0.0,0.0,1000.6,965.7
81600,0.9192,-65.90,0.50,12.43,46.03,0.3195,0.0,100.0,0.0,0.0,0.0,969.2,941.8
81660,0.9199,-65.97,0.50,12.35,45.99,0.3195,0.0,100.0,0.0,0.0,0.0,989.7,973.1
81720,0.9205,-66.03,0.50,12.28,45.96,0.3195,0.0,100.0,0.0,0.0,0.0,925.7,971.5
81780,0.9212,-66.10,0.50,12.21,45.93,0.3195,0.0,100.0,0.0,0.0,0.0,938.0,954.1
81840,0.9219,-66.16,0.50,12.14,45.90,0.3195,0.0,100.0,0.0,0.0,0.0,937.0,959.2
81900,0.9226,-66.23,0.50,12.06,45.87,0.3195,0.0,100.0,0.0,0.0,0.0,946.8,930.8
81960,0.9232,-66.29,0.50,11.99,45.84,0.3195,0.0,100.0,0.0,0.0,0.0,905.6,969.4
82020,0.9239,-66.36,0.50,11.92,45.82,0.3195,0.0,100.0,0.0,0.0,0.0,930.5,959.3
82080,0.9246,-66.42,0.50,11.85,45.79,0.3195,0.0,100.0,0.0,0.0,0.0,988.3,980.2
82140,0.9253,-66.48,0.50,11.78,45.77,0.3195,0.0,100.0,0.0,0.0,0.0,974.6,982.1
82200,0.9259,-66.54,0.50,11.71,45.74,0.3195,0.0,100.0,0.0,0.0,0.0,959.3,982.6
82260,0.9266,-66.61,0.50,11.64,45.72,0.3195,0.0,100.0,0.0,0.0,0.0,953.8,941.4
82320,0.9273,-66.67,0.50,11.58,45.70,0.3195,0.0,100.0,0.0,0.0,0.0,995.4,947.4
82380,0.9280,-66.73,0.50,11.51,45.68,0.3195,0.0,100.0,0.0,0.0,0.0,971.1,969.2
82440,0.9286,-66.79,0.50,11.44,45.65,0.3195,0.0,100.0,0.0,0.0,0.0,951.1,959.0
82500,0.9293,-66.85,0.50,11.37,45.63,0.3195,0.0,100.0,0.0,0.0,0.0,956.9,957.5
82560,0.9300,-66.91,0.50,11.31,45.61,0.3195,0.0,100.0,0.0,0.0,0.0,937.1,925.2
82620,0.9307,-66.96,0.50,11.24,45.59,0.3195,0.0,100.0,0.0,0.0,0.0,947.5,992.8
82680,0.9313,-67.02,0.50,11.17,45.57,0.3195,0.0,100.0,0.0,0.0,0.0,957.2,963.6
82740,0.9320,-67.08,0.50,11.11,45.55,0.3195,0.0,100.0,0.0,0.0,100.0,936.7,947.7
82800,0.9327,-67.14,0.50,11.04,45.74,0.3198,0.0,100.0,0.0,0.0,0.0,958.4,988.2
82860,0.9334,-67.19,0.50,10.98,45.68,0.3198,0.0,100.0,0.0,0.0,0.0,962.8,970.0
82920,0.9340,-67.25,0.50,10.92,45.63,0.3198,0.0,100.0,0.0,0.0,0.0,969.6,988.6
82980,0.9347,-67.30,0.50,10.85,45.59,0.3198,0.0,100.0,0.0,0.0,0.0,933.3,948.5
83040,0.9354,-67.36,0.50,10.79,45.55,0.3198,0.0,100.0,0.0,0.0,0.0,965.6,933.9
83100,0.9361,-67.41,0.50,10.73,45.51,0.3198,0.0,100.0,0.0,0.0,0.0,959.3,982.4
83160,0.9368,-67.47,0.50,10.67,45.48,0.3198,0.0,100.0,0.0,0.0,0.0,979.1,938.5
83220,0.9374,-67.52,0.50,10.61,45.44,0.3198,0.0,100.0,0.0,0.0,0.0,989.4,975.8
83280,0.9381,-67.57,0.50,10.55,45.42,0.3198,0.0,100.0,0.0,0.0,0.0,1010.9,1001.9
83340,0.9388,-67.62,0.50,10.49,45.39,0.3198,0.0,100.0,0.0,0.0,0.0,960.3,956.4
83400,0.9395,-67.68,0.50,10.43,45.36,0.3198,0.0,100.0,0.0,0.0,0.0,986.6,939.9
83460,0.9401,-67.73,0.50,10.37,45.34,0.3198,0.0,100.0,0.0,0.0,0.0,904.6,985.2
83520,0.9408,-67.78,0.50,10.31,45.32,0.3198,0.0,100.0,0.0,0.0,0.0,951.4,941.0
83580,0.9415,-67.83,0.50,10.25,45.30,0.3198,0.0,100.0,0.0,0.0,0.0,948.0,967.4
83640,0.9422,-67.88,0.50,10.19,45.27,0.3198,0.0,100.0,0.0,0.0,0.0,940.2,954.3
83700,0.9428,-67.93,0.50,10.14,45.25,0.3198,0.0,100.0,0.0,0.0,0.0,966.3,985.5
83760,0.9435,-67.97,0.50,10.08,45.23,0.3198,0.0,100.0,0.0,0.0,100.0,990.3,925.7
83820,0.9442,-68.02,0.50,10.02,45.44,0.3201,0.0,100.0,0.0,0.0,0.0,954.4,986.5
83880,0.9449,-68.07,0.50,9.97,45.38,0.3201,0.0,100.0,0.0,0.0,0.0,969.5,950.0
83940,0.9455,-68.12,0.50,9.91,45.33,0.3201,0.0,100.0,0.0,0.0,0.0,962.6,972.1
84000,0.9462,-68.16,0.50,9.86,45.28,0.3201,0.0,100.0,0.0,0.0,0.0,966.5,947.7
84060,0.9469,-68.21,0.50,9.80,45.24,0.3201,0.0,100.0,0.0,0.0,0.0,974.5,964.2
84120,0.9476,-68.25,0.50,9.75,45.21,0.3201,0.0,100.0,0.0,0.0,0.0,1000.7,993.0
84180,0.9482,-68.30,0.50,9.70,45.17,0.3201,0.0,100.0,0.0,0.0,0.0,962.9,957.1
84240,0.9489,-68.34,0.50,9.65,45.14,0.3201,0.0,100.0,0.0,0.0,0.0,979.5,956.6
84300,0.9496,-68.38,0.50,9.59,45.12,0.3201,0.0,100.0,0.0,0.0,0.0,970.5,958.9
84360,0.9503,-68.43,0.50,9.54,45.09,0.3201,0.0,100.0,0.0,0.0,0.0,961.9,934.1
84420,0.9509,-68.47,0.50,9.49,45.07,0.3201,0.0,100.0,0.0,0.0,0.0,1004.3,963.8
84480,0.9516,-68.51,0.50,9.44,45.05,0.3201,0.0,100.0,0.0,0.0,0.0,937.0,969.5
84540,0.9523,-68.55,0.50,9.39,45.02,0.3201,0.0,100.0,0.0,0.0,0.0,959.8,997.3
84600,0.9530,-68.59,0.50,9.34,45.00,0.3201,0.0,100.0,0.0,0.0,0.0,936.6,991.8
84660,0.9536,-68.63,0.50,9.30,44.99,0.3201,0.0,100.0,0.0,0.0,0.0,948.5,961.9
84720,0.9543,-68.67,0.50,9.25,44.97,0.3201,0.0,100.0,0.0,0.0,0.0,946.6,960.4
84780,0.9550,-68.71,0.50,9.20,44.95,0.3201,0.0,100.0,0.0,0.0,0.0,951.2,950.1
84840,0.9557,-68.75,0.50,9.15,44.93,0.3201,0.0,100.0,0.0,0.0,0.0,965.0,962.0
84900,0.9564,-68.79,0.50,9.11,44.91,0.3201,0.0,100.0,0.0,0.0,0.0,954.1,934.7
84960,0.9570,-68.82,0.50,9.06,44.90,0.3201,0.0,100.0,0.0,0.0,0.0,965.2,989.1
85020,0.9577,-68.86,0.50,9.02,44.88,0.3201,0.0,100.0,0.0,0.0,0.0,963.2,980.1
85080,0.9584,-68.89,0.50,8.97,44.87,0.3201,0.0,100.0,0.0,0.0,0.0,978.9,974.6
85140,0.9591,-68.93,0.50,8.93,44.85,0.3201,0.0,100.0,0.0,0.0,0.0,970.8,966.4
85200,0.9597,-68.97,0.50,8.88,44.84,0.3201,0.0,100.0,0.0,0.0,0.0,981.0,972.0
85260,0.9604,-69.00,0.50,8.84,44.82,0.3201,0.0,100.0,0.0,0.0,0.0,945.4,999.9
85320,0.9611,-69.03,0.50,8.80,44.81,0.3201,0.0,100.0,0.0,0.0,0.0,951.5,976.9
85380,0.9618,-69.07,0.50,8.76,44.79,0.3201,0.0,100.0,0.0,0.0,0.0,951.0,958.1
85440,0.9624,-69.10,0.50,8.72,44.78,0.3201,0.0,100.0,0.0,0.0,0.0,989.6,966.8
85500,0.9631,-69.13,0.50,8.67,44.76,0.3201,0.0,100.0,0.0,0.0,0.0,946.5,995.2
85560,0.9638,-69.16,0.50,8.63,44.75,0.3201,0.0,100.0,0.0,0.0,0.0,976.5,972.2
85620,0.9645,-69.19,0.50,8.59,44.73,0.3201,0.0,100.0,0.0,0.0,0.0,957.6,978.2
85680,0.9651,-69.22,0.50,8.56,44.72,0.3201,0.0,100.0,0.0,0.0,0.0,969.6,953.7
85740,0.9658,-69.25,0.50,8.52,44.71,0.3201,0.0,100.0,0.0,0.0,0.0,960.5,984.0
85800,0.9665,-69.28,0.50,8.48,44.69,0.3201,0.0,100.0,0.0,0.0,0.0,980.8,945.9
85860,0.9672,-69.31,0.50,8.44,44.68,0.3201,0.0,100.0,0.0,0.0,0.0,965.7,945.6
85920,0.9678,-69.34,0.50,8.40,44.67,0.3201,0.0,100.0,0.0,0.0,0.0,972.3,954.2
85980,0.9685,-69.37,0.50,8.37,44.65,0.3200,0.0,100.0,0.0,0.0,0.0,990.2,943.5
86040,0.9692,-69.39,0.50,8.33,44.64,0.3200,0.0,100.0,0.0,0.0,0.0,978.2,1004.7
86100,0.9699,-69.42,0.50,8.30,44.63,0.3200,0.0,100.0,0.0,0.0,0.0,1001.9,977.4
86160,0.9705,-69.44,0.50,8.26,44.62,0.3200,0.0,100.0,0.0,0.0,0.0,952.9,964.1
86220,0.9712,-69.47,0.50,8.23,44.60,0.3200,0.0,100.0,0.0,0.0,0.0,967.7,996.3
86280,0.9719,-69.49,0.50,8.20,44.59,0.3200,0.0,100.0,0.0,0.0,0.0,965.1,1008.4
86340,0.9726,-69.52,0.50,8.16,44.58,0.3200,0.0,100.0,0.0,0.0,0.0,955.6,950.7
86400,0.9732,-69.54,0.50,8.13,44.57,0.3200,0.0,100.0,0.0,0.0,0.0,954.6,983.7
86460,0.9739,-69.56,0.50,8.10,44.56,0.3200,0.0,100.0,0.0,0.0,0.0,940.1,957.7
86520,0.9746,-69.59,0.50,8.07,44.54,0.3200,0.0,100.0,0.0,0.0,0.0,976.0,965.4
86580,0.9753,-69.61,0.50,8.04,44.53,0.3200,0.0,100.0,0.0,0.0,0.0,961.5,926.3
86640,0.9760,-69.63,0.50,8.01,44.52,0.3200,0.0,100.0,0.0,0.0,0.0,976.4,952.3
86700,0.9766,-69.65,0.50,7.98,44.51,0.3200,0.0,100.0,0.0,0.0,0.0,953.4,961.7
86760,0.9773,-69.67,0.50,7.95,44.50,0.3200,0.0,100.0,0.0,0.0,0.0,956.9,974.4
86820,0.9780,-69.69,0.50,7.92,44.49,0.3200,0.0,100.0,0.0,0.0,100.0,940.8,963.7
86880,0.9787,-69.71,0.50,7.89,44.74,0.3204,0.0,100.0,0.0,0.0,0.0,994.1,952.8
86940,0.9793,-69.73,0.50,7.86,44.68,0.3204,0.0,100.0,0.0,0.0,0.0,954.2,954.8
87000,0.9800,-69.74,0.50,7.84,44.63,0.3203,0.0,100.0,0.0,0.0,0.0,987.3,951.8
87060,0.9807,-69.76,0.50,7.81,44.59,0.3203,0.0,100.0,0.0,0.0,0.0,979.2,979.8
87120,0.9814,-69.78,0.50,7.79,44.55,0.3203,0.0,100.0,0.0,0.0,0.0,964.7,957.0
87180,0.9820,-69.79,0.50,7.76,44.52,0.3203,0.0,100.0,0.0,0.0,0.0,953.8,974.7
87240,0.9827,-69.81,0.50,7.74,44.49,0.3203,0.0,100.0,0.0,0.0,0.0,961.5,971.3
87300,0.9834,-69.82,0.50,7.71,44.47,0.3203,0.0,100.0,0.0,0.0,0.0,953.0,958.7
87360,0.9841,-69.84,0.50,7.69,44.45,0.3203,0.0,100.0,0.0,0.0,100.0,944.9,943.2
87420,0.9847,-69.85,0.50,7.67,44.70,0.3207,0.0,100.0,0.0,0.0,0.0,976.0,963.8
87480,0.9854,-69.86,0.50,7.65,44.63,0.3207,0.0,100.0,0.0,0.0,0.0,933.5,980.4
87540,0.9861,-69.88,0.50,7.62,44.58,0.3207,0.0,100.0,0.0,0.0,0.0,978.9,981.9
87600,0.9868,-69.89,0.50,7.60,44.53,0.3207,0.0,100.0,0.0,0.0,0.0,976.4,942.5
87660,0.9874,-69.90,0.50,7.58,44.49,0.3207,0.0,100.0,0.0,0.0,0.0,967.0,955.4
87720,0.9881,-69.91,0.50,7.56,44.46,0.3207,0.0,100.0,0.0,0.0,0.0,955.6,970.7
87780,0.9888,-69.92,0.50,7.54,44.43,0.3207,0.0,100.0,0.0,0.0,0.0,951.3,965.3
87840,0.9895,-69.93,0.50,7.53,44.40,0.3207,0.0,100.0,0.0,0.0,0.0,1000.3,980.9
87900,0.9901,-69.94,0.50,7.51,44.38,0.3207,0.0,100.0,0.0,0.0,0.0,962.5,985.0
87960,0.9908,-69.95,0.50,7.49,44.36,0.3207,0.0,100.0,0.0,0.0,0.0,998.7,984.8
88020,0.9915,-69.95,0.50,7.47,44.34,0.3207,0.0,100.0,0.0,0.0,0.0,947.8,960.0
88080,0.9922,-69.96,0.50,7.46,44.33,0.3206,0.0,100.0,0.0,0.0,0.0,999.5,948.5
88140,0.9928,-69.97,0.50,7.44,44.31,0.3206,0.0,100.0,0.0,0.0,0.0,946.1,960.2
88200,0.9935,-69.97,0.50,7.43,44.30,0.3206,0.0,100.0,0.0,0.0,100.0,966.8,971.0
88260,0.9942,-69.98,0.50,7.41,44.56,0.3210,0.0,100.0,0.0,0.0,0.0,959.1,959.2
88320,0.9949,-69.98,0.50,7.40,44.50,0.3210,0.0,100.0,0.0,0.0,0.0,981.4,958.2
88380,0.9956,-69.99,0.50,7.38,44.45,0.3210,0.0,100.0,0.0,0.0,0.0,917.0,965.3
88440,0.9962,-69.99,0.50,7.37,44.41,0.3210,0.0,100.0,0.0,0.0,0.0,953.1,960.4
88500,0.9969,-69.99,0.50,7.36,44.37,0.3210,0.0,100.0,0.0,0.0,0.0,965.1,969.4
88560,0.9976,-70.00,0.50,7.35,44.34,0.3210,0.0,100.0,0.0,0.0,0.0,951.1,969.5
88620,0.9983,-70.00,0.50,7.34,44.32,0.3210,0.0,100.0,0.0,0.0,0.0,975.3,973.1
88680,0.9989,-70.00,0.50,7.33,44.29,0.3210,0.0,100.0,0.0,0.0,0.0,976.2,952.7
88740,0.9996,-70.00,0.50,7.32,44.27,0.3210,0.0,100.0,0.0,0.0,0.0,963.0,976.5
88800,1.0003,-70.00,0.50,7.31,44.26,0.3210,0.0,100.0,0.0,0.0,0.0,964.7,971.5
88860,1.0010,-70.00,0.50,7.30,44.24,0.3210,0.0,100.0,0.0,0.0,0.0,975.5,935.1
88920,1.0016,-70.00,0.50,7.29,44.23,0.3210,0.0,100.0,0.0,0.0,0.0,910.3,999.8
88980,1.0023,-70.00,0.50,7.28,44.22,0.3210,0.0,100.0,0.0,0.0,0.0,1005.2,970.4
89040,1.0030,-69.99,0.50,7.28,44.21,0.3210,0.0,100.0,0.0,0.0,0.0,985.1,981.8
89100,1.0037,-69.99,0.50,7.27,44.20,0.3210,0.0,100.0,0.0,0.0,0.0,955.7,980.8
89160,1.0043,-69.99,0.50,7.26,44.19,0.3209,0.0,100.0,0.0,0.0,0.0,989.5,981.5
89220,1.0050,-69.98,0.50,7.26,44.18,0.3209,0.0,100.0,0.0,0.0,0.0,956.6,978.9
89280,1.0057,-69.98,0.50,7.25,44.18,0.3209,0.0,100.0,0.0,0.0,0.0,938.5,948.4
89340,1.0064,-69.97,0.50,7.25,44.17,0.3209,0.0,100.0,0.0,0.0,0.0,968.6,958.6
89400,1.0070,-69.97,0.50,7.25,44.16,0.3209,0.0,100.0,0.0,0.0,0.0,961.5,947.6
89460,1.0077,-69.96,0.50,7.24,44.16,0.3209,0.0,100.0,0.0,0.0,0.0,929.3,960.0
89520,1.0084,-69.95,0.50,7.24,44.15,0.3209,0.0,100.0,0.0,0.0,0.0,954.1,974.3
89580,1.0091,-69.95,0.50,7.24,44.15,0.3209,0.0,100.0,0.0,0.0,0.0,948.3,957.4
89640,1.0097,-69.94,0.50,7.24,44.14,0.3209,0.0,100.0,0.0,0.0,0.0,971.2,983.1
89700,1.0104,-69.93,0.50,7.24,44.14,0.3209,0.0,100.0,0.0,0.0,0.0,971.5,948.6
89760,1.0111,-69.92,0.50,7.24,44.14,0.3209,0.0,100.0,0.0,0.0,0.0,981.5,942.4
89820,1.0118,-69.91,0.50,7.24,44.13,0.3209,0.0,100.0,0.0,0.0,0.0,975.9,983.9
89880,1.0124,-69.90,0.50,7.24,44.13,0.3209,0.0,100.0,0.0,0.0,0.0,988.1,941.6
89940,1.0131,-69.89,0.50,7.24,44.13,0.3209,0.0,100.0,0.0,0.0,0.0,986.6,959.5
90000,1.0138,-69.88,0.50,7.24,44.12,0.3209,0.0,100.0,0.0,0.0,0.0,968.8,963.2
90060,1.0145,-69.87,0.50,7.25,44.12,0.3209,0.0,100.0,0.0,0.0,0.0,990.6,949.1
90120,1.0152,-69.85,0.50,7.25,44.12,0.3209,0.0,100.0,0.0,0.0,0.0,1000.6,990.8
90180,1.0158,-69.84,0.50,7.26,44.11,0.3209,0.0,100.0,0.0,0.0,0.0,970.8,948.1
90240,1.0165,-69.83,0.50,7.26,44.11,0.3209,0.0,100.0,0.0,0.0,0.0,977.4,964.2
90300,1.0172,-69.81,0.50,7.27,44.11,0.3209,0.0,100.0,0.0,0.0,0.0,966.7,962.4
90360,1.0179,-69.80,0.50,7.27,44.11,0.3209,0.0,100.0,0.0,0.0,0.0,965.9,966.5
90420,1.0185,-69.78,0.50,7.28,44.10,0.3209,0.0,100.0,0.0,0.0,0.0,935.3,998.3
90480,1.0192,-69.76,0.50,7.28,44.10,0.3209,0.0,100.0,0.0,0.0,0.0,957.8,974.0
90540,1.0199,-69.75,0.50,7.29,44.10,0.3209,0.0,100.0,0.0,0.0,0.0,1008.0,1003.8
90600,1.0206,-69.73,0.50,7.30,44.10,0.3209,0.0,100.0,0.0,0.0,0.0,985.9,965.2
90660,1.0212,-69.71,0.50,7.31,44.10,0.3209,0.0,100.0,0.0,0.0,0.0,995.1,958.9
90720,1.0219,-69.69,0.50,7.32,44.10,0.3209,0.0,100.0,0.0,0.0,100.0,977.0,969.5
90780,1.0226,-69.67,0.50,7.33,44.37,0.3212,0.0,100.0,0.0,0.0,0.0,1006.2,938.4
90840,1.0233,-69.65,0.50,7.34,44.32,0.3212,0.0,100.0,0.0,0.0,0.0,976.2,966.8
90900,1.0239,-69.63,0.50,7.35,44.28,0.3212,0.0,100.0,0.0,0.0,0.0,993.1,986.8
90960,1.0246,-69.61,0.50,7.36,44.24,0.3212,0.0,100.0,0.0,0.0,0.0,1013.6,981.3
91020,1.0253,-69.59,0.50,7.37,44.21,0.3212,0.0,100.0,0.0,0.0,0.0,943.9,981.6
91080,1.0260,-69.57,0.50,7.39,44.19,0.3212,0.0,100.0,0.0,0.0,0.0,965.9,969.7
91140,1.0266,-69.55,0.50,7.40,44.17,0.3212,0.0,100.0,0.0,0.0,0.0,978.1,957.8
91200,1.0273,-69.52,0.50,7.42,44.16,0.3212,0.0,100.0,0.0,0.0,0.0,990.3,952.7
91260,1.0280,-69.50,0.50,7.43,44.15,0.3212,0.0,100.0,0.0,0.0,0.0,931.2,958.6
91320,1.0287,-69.47,0.50,7.45,44.14,0.3212,0.0,100.0,0.0,0.0,0.0,979.0,937.4
91380,1.0293,-69.45,0.50,7.46,44.13,0.3212,0.0,100.0,0.0,0.0,0.0,1004.2,967.0
91440,1.0300,-69.42,0.50,7.48,44.12,0.3212,0.0,100.0,0.0,0.0,0.0,999.8,949.2
91500,1.0307,-69.40,0.50,7.49,44.12,0.3212,0.0,100.0,0.0,0.0,0.0,943.3,974.4
91560,1.0314,-69.37,0.50,7.51,44.12,0.3212,0.0,100.0,0.0,0.0,0.0,995.6,983.7
91620,1.0320,-69.34,0.50,7.53,44.11,0.3212,0.0,100.0,0.0,0.0,0.0,967.4,992.9
91680,1.0327,-69.32,0.50,7.55,44.11,0.3212,0.0,100.0,0.0,0.0,0.0,958.9,971.9
91740,1.0334,-69.29,0.50,7.57,44.11,0.3212,0.0,100.0,0.0,0.0,0.0,985.3,988.0
91800,1.0341,-69.26,0.50,7.59,44.11,0.3212,0.0,100.0,0.0,0.0,0.0,962.2,977.8
91860,1.0348,-69.23,0.50,7.61,44.11,0.3212,0.0,100.0,0.0,0.0,0.0,989.6,975.5
91920,1.0354,-69.20,0.50,7.63,44.11,0.3212,0.0,100.0,0.0,0.0,0.0,962.7,946.4
91980,1.0361,-69.17,0.50,7.65,44.11,0.3212,0.0,100.0,0.0,0.0,0.0,973.7,979.4
92040,1.0368,-69.14,0.50,7.67,44.11,0.3212,0.0,100.0,0.0,0.0,0.0,994.5,994.3
92100,1.0375,-69.10,0.50,7.70,44.11,0.3212,0.0,100.0,0.0,0.0,0.0,951.5,968.2
92160,1.0381,-69.07,0.50,7.72,44.12,0.3212,0.0,100.0,0.0,0.0,0.0,949.8,948.4
92220,1.0388,-69.04,0.50,7.74,44.12,0.3212,0.0,100.0,0.0,0.0,0.0,990.8,972.0
92280,1.0395,-69.01,0.50,7.77,44.12,0.3212,0.0,100.0,0.0,0.0,0.0,988.9,987.9
92340,1.0402,-68.97,0.50,7.79,44.12,0.3212,0.0,100.0,0.0,0.0,0.0,983.5,1003.1
92400,1.0408,-68.94,0.50,7.82,44.13,0.3212,0.0,100.0,0.0,0.0,0.0,977.5,980.3
92460,1.0415,-68.90,0.50,7.85,44.13,0.3212,0.0,100.0,0.0,0.0,0.0,1006.1,978.8
92520,1.0422,-68.87,0.50,7.87,44.13,0.3212,0.0,100.0,0.0,0.0,0.0,986.7,976.8
92580,1.0429,-68.83,0.50,7.90,44.14,0.3212,0.0,100.0,0.0,0.0,0.0,948.0,967.8
92640,1.0435,-68.79,0.50,7.93,44.14,0.3212,0.0,100.0,0.0,0.0,0.0,968.2,993.7
92700,1.0442,-68.75,0.50,7.96,44.14,0.3212,0.0,100.0,0.0,0.0,0.0,955.7,985.3
92760,1.0449,-68.72,0.50,7.98,44.15,0.3212,0.0,100.0,0.0,0.0,0.0,986.4,954.3
92820,1.0456,-68.68,0.50,8.01,44.15,0.3212,0.0,100.0,0.0,0.0,0.0,1019.6,983.1
92880,1.0462,-68.64,0.50,8.04,44.16,0.3212,0.0,100.0,0.0,0.0,0.0,990.1,964.5
92940,1.0469,-68.60,0.50,8.08,44.16,0.3212,0.0,100.0,0.0,0.0,0.0,956.4,971.2
93000,1.0476,-68.56,0.50,8.11,44.16,0.3212,0.0,100.0,0.0,0.0,0.0,1002.5,1000.6
93060,1.0483,-68.52,0.50,8.14,44.17,0.3212,0.0,100.0,0.0,0.0,0.0,956.4,980.5
93120,1.0489,-68.48,0.50,8.17,44.17,0.3212,0.0,100.0,0.0,0.0,0.0,973.7,971.6
93180,1.0496,-68.43,0.50,8.20,44.18,0.3212,0.0,100.0,0.0,0.0,0.0,976.3,928.5
93240,1.0503,-68.39,0.50,8.24,44.18,0.3212,0.0,100.0,0.0,0.0,0.0,986.4,974.5
93300,1.0510,-68.35,0.50,8.27,44.19,0.3212,0.0,100.0,0.0,0.0,0.0,976.1,998.9
93360,1.0516,-68.30,0.50,8.31,44.20,0.3212,0.0,100.0,0.0,0.0,0.0,1022.0,1002.4
93420,1.0523,-68.26,0.50,8.34,44.20,0.3212,0.0,100.0,0.0,0.0,0.0,949.1,987.7
93480,1.0530,-68.21,0.50,8.38,44.21,0.3212,0.0,100.0,0.0,0.0,0.0,993.6,998.1
93540,1.0537,-68.17,0.50,8.41,44.21,0.3212,0.0,100.0,0.0,0.0,0.0,961.8,975.8
93600,1.0544,-68.12,0.50,8.45,44.22,0.3212,0.0,100.0,0.0,0.0,0.0,980.7,966.5
93660,1.0550,-68.08,0.50,8.49,44.22,0.3212,0.0,100.0,0.0,0.0,0.0,1031.5,979.4
93720,1.0557,-68.03,0.50,8.53,44.23,0.3212,0.0,100.0,0.0,0.0,0.0,965.4,974.7
93780,1.0564,-67.98,0.50,8.57,44.24,0.3211,0.0,100.0,0.0,0.0,0.0,1009.6,1025.7
93840,1.0571,-67.93,0.50,8.61,44.24,0.3211,0.0,100.0,0.0,0.0,0.0,1014.2,1000.1
93900,1.0577,-67.89,0.50,8.65,44.25,0.3211,0.0,100.0,0.0,0.0,0.0,997.9,964.5
93960,1.0584,-67.84,0.50,8.69,44.26,0.3211,0.0,100.0,0.0,0.0,0.0,1022.4,960.7
94020,1.0591,-67.79,0.50,8.73,44.27,0.3211,0.0,100.0,0.0,0.0,0.0,991.2,988.5
94080,1.0598,-67.74,0.50,8.77,44.27,0.3211,0.0,100.0,0.0,0.0,0.0,959.4,972.6
94140,1.0604,-67.69,0.50,8.81,44.28,0.3211,0.0,100.0,0.0,0.0,0.0,990.4,991.7
94200,1.0611,-67.63,0.50,8.85,44.28,0.3211,0.0,100.0,0.0,0.0,0.0,992.7,1012.1
94260,1.0618,-67.58,0.50,8.90,44.28,0.3211,0.0,100.0,0.0,0.0,0.0,975.4,980.6
94320,1.0625,-67.53,0.50,8.94,44.28,0.3211,0.0,100.0,0.0,0.0,0.0,983.5,963.5
94380,1.0631,-67.48,0.50,8.98,44.28,0.3211,0.0,100.0,0.0,0.0,0.0,989.7,966.4
94440,1.0638,-67.42,0.50,9.03,44.27,0.3211,0.0,100.0,0.0,0.0,0.0,985.6,994.6
94500,1.0645,-67.37,0.50,9.07,44.26,0.3211,0.0,100.0,0.0,0.0,0.0,953.5,949.5
94560,1.0652,-67.31,0.50,9.12,44.26,0.3211,0.0,100.0,0.0,0.0,0.0,1008.2,983.1
94620,1.0658,-67.26,0.50,9.17,44.24,0.3211,0.0,100.0,0.0,0.0,0.0,958.3,1001.2
94680,1.0665,-67.20,0.50,9.21,44.23,0.3211,0.0,100.0,0.0,0.0,0.0,1000.3,965.8
94740,1.0672,-67.15,0.50,9.26,44.22,0.3211,0.0,100.0,0.0,0.0,0.0,934.2,959.0
94800,1.0679,-67.09,0.50,9.31,44.20,0.3211,0.0,100.0,0.0,0.0,0.0,981.2,966.0
94860,1.0685,-67.03,0.50,9.36,44.18,0.3211,0.0,100.0,0.0,0.0,0.0,972.0,985.1
94920,1.0692,-66.97,0.50,9.41,44.16,0.3211,0.0,100.0,0.0,0.0,0.0,998.2,970.5
94980,1.0699,-66.92,0.50,9.46,44.14,0.3211,0.0,100.0,0.0,0.0,0.0,994.1,977.2
95040,1.0706,-66.86,0.50,9.51,44.12,0.3211,0.0,100.0,0.0,0.0,0.0,982.3,928.7
95100,1.0712,-66.80,0.50,9.56,44.09,0.3211,0.0,100.0,0.0,0.0,0.0,983.5,975.5
95160,1.0719,-66.74,0.50,9.61,44.07,0.3211,0.0,100.0,0.0,0.0,0.0,991.0,967.8
95220,1.0726,-66.68,0.50,9.66,44.04,0.3211,0.0,100.0,0.0,0.0,0.0,949.1,958.3
95280,1.0733,-66.62,0.50,9.71,44.01,0.3211,0.0,100.0,0.0,0.0,0.0,975.9,922.3
95340,1.0740,-66.55,0.50,9.77,43.98,0.3211,0.0,100.0,0.0,0.0,0.0,999.1,986.8
95400,1.0746,-66.49,0.50,9.82,43.94,0.3211,0.0,100.0,0.0,0.0,0.0,931.9,952.5
95460,1.0753,-66.43,0.50,9.88,43.91,0.3211,0.0,100.0,0.0,0.0,0.0,1018.1,966.0
95520,1.0760,-66.37,0.50,9.93,43.87,0.3211,0.0,100.0,0.0,0.0,0.0,976.9,1000.3
95580,1.0767,-66.30,0.50,9.99,43.83,0.3211,0.0,100.0,0.0,0.0,0.0,1029.7,969.6
95640,1.0773,-66.24,0.50,10.04,43.79,0.3211,0.0,100.0,0.0,0.0,0.0,974.8,931.6
95700,1.0780,-66.17,0.50,10.10,43.75,0.3211,0.0,100.0,0.0,0.0,0.0,968.6,968.2
95760,1.0787,-66.11,0.50,10.15,43.71,0.3211,0.0,100.0,0.0,0.0,0.0,975.7,1001.0
95820,1.0794,-66.04,0.50,10.21,43.66,0.3211,0.0,100.0,0.0,0.0,0.0,968.3,977.8
95880,1.0800,-65.98,0.50,10.27,43.62,0.3211,0.0,100.0,0.0,0.0,0.0,963.5,982.4
95940,1.0807,-65.91,0.50,10.33,43.57,0.3211,0.0,100.0,0.0,0.0,0.0,973.1,963.2
96000,1.0814,-65.84,0.50,10.39,43.52,0.3211,0.0,100.0,0.0,0.0,0.0,1018.0,993.7
96060,1.0821,-65.77,0.50,10.45,43.47,0.3211,0.0,100.0,0.0,0.0,0.0,967.3,988.0
96120,1.0827,-65.71,0.50,10.51,43.41,0.3211,0.0,100.0,0.0,0.0,0.0,976.1,995.5
96180,1.0834,-65.64,0.50,10.57,43.36,0.3211,0.0,100.0,0.0,0.0,0.0,990.0,968.5
96240,1.0841,-65.57,0.50,10.63,43.30,0.3211,0.0,100.0,0.0,0.0,0.0,993.4,980.9
96300,1.0848,-65.50,0.50,10.69,43.25,0.3211,0.0,100.0,0.0,0.0,0.0,1009.9,981.6
96360,1.0854,-65.43,0.50,10.75,43.19,0.3211,0.0,100.0,0.0,0.0,0.0,960.9,990.6
96420,1.0861,-65.36,0.50,10.81,43.13,0.3211,0.0,100.0,0.0,0.0,0.0,980.8,1009.0
96480,1.0868,-65.29,0.50,10.88,43.07,0.3211,0.0,100.0,0.0,0.0,0.0,980.5,995.7
96540,1.0875,-65.21,0.50,10.94,43.00,0.3211,0.0,100.0,0.0,0.0,0.0,963.5,973.7
96600,1.0881,-65.14,0.50,11.00,42.94,0.3211,0.0,100.0,0.0,0.0,0.0,1024.3,983.4
96660,1.0888,-65.07,0.50,11.07,42.87,0.3211,0.0,100.0,0.0,0.0,0.0,960.9,992.7
96720,1.0895,-65.00,0.50,11.13,42.81,0.3211,0.0,100.0,0.0,0.0,0.0,1006.4,992.5
96780,1.0902,-64.92,0.50,11.20,42.74,0.3211,0.0,100.0,0.0,0.0,0.0,1019.4,982.1
96840,1.0908,-64.85,0.50,11.27,42.67,0.3211,0.0,100.0,0.0,0.0,0.0,988.0,977.2
96900,1.0915,-64.77,0.50,11.33,42.60,0.3211,0.0,100.0,0.0,0.0,0.0,996.7,973.6
96960,1.0922,-64.70,0.50,11.40,42.53,0.3211,0.0,100.0,0.0,0.0,0.0,974.9,977.2
97020,1.0929,-64.62,0.50,11.47,42.45,0.3211,0.0,100.0,0.0,0.0,0.0,1016.9,991.7
97080,1.0936,-64.55,0.50,11.54,42.38,0.3211,0.0,100.0,0.0,0.0,0.0,985.6,984.9
97140,1.0942,-64.47,0.50,11.61,42.30,0.3211,0.0,100.0,0.0,0.0,0.0,998.2,991.9
97200,1.0949,-64.39,0.50,11.67,42.22,0.3211,0.0,100.0,0.0,0.0,0.0,979.5,962.2
97260,1.0956,-64.31,0.50,11.74,42.15,0.3211,0.0,100.0,0.0,0.0,0.0,976.5,972.4
97320,1.0963,-64.24,0.50,11.81,42.07,0.3210,0.0,100.0,0.0,0.0,0.0,991.0,979.3
97380,1.0969,-64.16,0.50,11.89,41.98,0.3210,0.0,100.0,0.0,0.0,0.0,975.8,979.4
97440,1.0976,-64.08,0.50,11.96,41.90,0.3210,0.0,100.0,0.0,0.0,0.0,1007.9,956.7
97500,1.0983,-64.00,0.50,12.03,41.82,0.3210,0.0,100.0,0.0,0.0,0.0,973.2,1020.9
97560,1.0990,-63.92,0.50,12.10,41.73,0.3210,0.0,100.0,0.0,0.0,0.0,1020.1,969.5
97620,1.0996,-63.84,0.50,12.17,41.65,0.3210,0.0,100.0,0.0,0.0,0.0,983.9,950.7
97680,1.1003,-63.76,0.50,12.25,41.56,0.3210,0.0,100.0,0.0,0.0,0.0,992.6,1001.7
97740,1.1010,-63.67,0.50,12.32,41.47,0.3210,0.0,100.0,0.0,0.0,0.0,982.0,1010.6
97800,1.1017,-63.59,0.50,12.39,41.39,0.3210,0.0,100.0,0.0,0.0,0.0,1012.8,998.7
97860,1.1023,-63.51,0.50,12.47,41.30,0.3210,0.0,100.0,0.0,0.0,0.0,1013.4,976.1
97920,1.1030,-63.43,0.50,12.54,41.20,0.3210,0.0,100.0,0.0,0.0,0.0,995.3,970.5
97980,1.1037,-63.34,0.50,12.62,41.11,0.3210,0.0,100.0,0.0,0.0,0.0,1000.7,990.0
98040,1.1044,-63.26,0.50,12.70,41.02,0.3210,0.0,100.0,0.0,0.0,0.0,986.0,975.8
98100,1.1050,-63.17,0.50,12.77,40.93,0.3210,0.0,100.0,0.0,0.0,0.0,966.1,981.5
98160,1.1057,-63.09,0.50,12.85,40.83,0.3210,0.0,100.0,0.0,0.0,100.0,981.9,974.7
98220,1.1064,-63.00,0.50,12.93,40.98,0.3214,0.0,100.0,0.0,0.0,0.0,1003.3,990.7
98280,1.1071,-62.92,0.50,13.01,40.89,0.3214,0.0,100.0,0.0,0.0,0.0,994.4,987.6
98340,1.1077,-62.83,0.50,13.08,40.79,0.3213,0.0,100.0,0.0,0.0,0.0,1005.2,974.5
98400,1.1084,-62.75,0.50,13.16,40.69,0.3213,0.0,100.0,0.0,0.0,0.0,973.7,982.5
98460,1.1091,-62.66,0.50,13.24,40.58,0.3213,0.0,100.0,0.0,0.0,0.0,990.2,983.0
98520,1.1098,-62.57,0.50,13.32,40.48,0.3213,0.0,100.0,0.0,0.0,0.0,975.7,970.5
98580,1.1104,-62.48,0.50,13.40,40.38,0.3213,0.0,100.0,0.0,0.0,0.0,1003.3,994.6
98640,1.1111,-62.39,0.50,13.49,40.27,0.3213,0.0,100.0,0.0,0.0,0.0,979.7,999.7
98700,1.1118,-62.31,0.50,13.57,40.17,0.3213,0.0,100.0,0.0,0.0,0.0,1014.1,1018.3
98760,1.1125,-62.22,0.50,13.65,40.06,0.3213,0.0,100.0,0.0,0.0,0.0,963.3,971.8
98820,1.1132,-62.13,0.50,13.73,39.96,0.3213,0.0,100.0,0.0,0.0,0.0,959.5,1008.2
98880,1.1138,-62.04,0.50,13.81,39.85,0.3213,0.0,100.0,0.0,0.0,100.0,988.2,1000.9
98940,1.1145,-61.95,0.50,13.90,39.98,0.3217,0.0,100.0,0.0,0.0,0.0,960.4,989.1
99000,1.1152,-61.85,0.50,13.98,39.87,0.3217,0.0,100.0,0.0,0.0,0.0,984.9,993.2
99060,1.1159,-61.76,0.50,14.07,39.76,0.3217,0.0,100.0,0.0,0.0,0.0,952.5,978.0
99120,1.1165,-61.67,0.50,14.15,39.65,0.3217,0.0,100.0,0.0,0.0,0.0,999.7,996.5
99180,1.1172,-61.58,0.50,14.24,39.53,0.3217,0.0,100.0,0.0,0.0,0.0,975.9,974.6
99240,1.1179,-61.49,0.50,14.32,39.42,0.3217,0.0,100.0,0.0,0.0,0.0,975.1,946.7
99300,1.1186,-61.39,0.50,14.41,39.31,0.3216,0.0,100.0,0.0,0.0,0.0,982.6,966.9
99360,1.1192,-61.30,0.50,14.49,39.19,0.3216,0.0,100.0,0.0,0.0,0.0,1016.9,978.0
99420,1.1199,-61.20,0.50,14.58,39.08,0.3216,0.0,100.0,0.0,0.0,0.0,974.2,991.9
99480,1.1206,-61.11,0.50,14.67,38.96,0.3216,0.0,100.0,0.0,0.0,0.0,971.6,989.1
99540,1.1213,-61.01,0.50,14.76,38.84,0.3216,0.0,100.0,0.0,0.0,0.0,1023.6,990.0
99600,1.1219,-60.92,0.50,14.84,38.73,0.3216,0.0,100.0,0.0,0.0,0.0,1007.1,967.8
99660,1.1226,-60.82,0.50,14.93,38.61,0.3216,0.0,100.0,0.0,0.0,0.0,976.2,994.3
99720,1.1233,-60.73,0.50,15.02,38.49,0.3216,0.0,100.0,0.0,0.0,0.0,982.8,1007.2
99780,1.1240,-60.63,0.50,15.11,38.37,0.3216,0.0,100.0,0.0,0.0,0.0,983.5,956.1
99840,1.1246,-60.53,0.50,15.20,38.25,0.3216,0.0,100.0,0.0,0.0,0.0,981.1,996.0
99900,1.1253,-60.44,0.50,15.29,38.13,0.3216,0.0,100.0,0.0,0.0,0.0,952.2,995.7
99960,1.1260,-60.34,0.50,15.38,38.01,0.3216,0.0,100.0,0.0,0.0,0.0,954.0,952.6
100020,1.1267,-60.24,0.50,15.48,37.89,0.3216,0.0,100.0,0.0,0.0,0.0,979.0,994.0
100080,1.1273,-60.14,0.50,15.57,37.77,0.3216,0.0,100.0,0.0,0.0,0.0,1005.1,982.2
100140,1.1280,-60.04,0.50,15.66,37.64,0.3216,0.0,100.0,0.0,0.0,0.0,986.4,1024.1
100200,1.1287,-59.94,0.50,15.75,37.52,0.3216,0.0,100.0,0.0,0.0,100.0,1016.7,1008.1
100260,1.1294,-59.84,0.50,15.85,37.62,0.3219,0.0,100.0,0.0,0.0,0.0,966.4,1001.3
100320,1.1300,-59.74,0.50,15.94,37.49,0.3219,0.0,100.0,0.0,0.0,0.0,1009.2,1018.0
100380,1.1307,-59.64,0.50,16.03,37.37,0.3219,0.0,100.0,0.0,0.0,0.0,1005.4,970.1
100440,1.1314,-59.54,0.50,16.13,37.24,0.3219,0.0,100.0,0.0,0.0,0.0,1008.8,975.7
100500,1.1321,-59.44,0.50,16.22,37.12,0.3219,0.0,100.0,0.0,0.0,0.0,952.0,988.3
100560,1.1328,-59.33,0.50,16.32,36.99,0.3219,0.0,100.0,0.0,0.0,0.0,995.2,990.0
100620,1.1334,-59.23,0.50,16.41,36.86,0.3219,0.0,100.0,0.0,0.0,0.0,1025.9,987.9
100680,1.1341,-59.13,0.50,16.51,36.73,0.3219,0.0,100.0,0.0,0.0,0.0,1000.9,1016.9
100740,1.1348,-59.03,0.50,16.61,36.61,0.3219,0.0,100.0,0.0,0.0,0.0,993.7,964.5
100800,1.1355,-58.92,0.50,16.70,36.48,0.3219,0.0,100.0,0.0,0.0,0.0,986.6,993.5
100860,1.1361,-58.82,0.50,16.80,36.35,0.3219,0.0,100.0,0.0,0.0,0.0,986.1,1026.8
100920,1.1368,-58.71,0.50,16.90,36.22,0.3219,0.0,100.0,0.0,0.0,0.0,1004.5,972.1
100980,1.1375,-58.61,0.50,17.00,36.09,0.3219,0.0,100.0,0.0,0.0,0.0,985.6,976.5
101040,1.1382,-58.50,0.50,17.10,35.96,0.3219,0.0,100.0,0.0,0.0,100.0,994.3,949.4
101100,1.1388,-58.40,0.50,17.20,36.04,0.3223,0.0,100.0,0.0,0.0,0.0,965.7,979.5
101160,1.1395,-58.29,0.50,17.29,35.91,0.3223,0.0,100.0,0.0,0.0,0.0,995.5,960.0
101220,1.1402,-58.19,0.50,17.39,35.78,0.3222,0.0,100.0,0.0,0.0,0.0,971.8,1009.5
101280,1.1409,-58.08,0.50,17.50,35.65,0.3222,0.0,100.0,0.0,0.0,0.0,1016.3,996.0
101340,1.1415,-57.97,0.50,17.60,35.51,0.3222,0.0,100.0,0.0,0.0,0.0,988.4,990.8
101400,1.1422,-57.87,0.50,17.70,35.38,0.3222,0.0,100.0,0.0,0.0,0.0,970.7,961.7
101460,1.1429,-57.76,0.50,17.80,35.25,0.3222,0.0,100.0,0.0,0.0,0.0,1013.0,997.0
101520,1.1436,-57.65,0.50,17.90,35.12,0.3222,0.0,100.0,0.0,0.0,0.0,981.7,1009.8
101580,1.1442,-57.54,0.50,18.00,34.98,0.3222,0.0,100.0,0.0,0.0,0.0,975.5,1001.5
101640,1.1449,-57.43,0.50,18.11,34.85,0.3222,0.0,0.0,0.0,0.0,0.0,994.5,965.9
101700,1.1456,-57.32,0.50,13.62,45.82,0.3222,0.0,100.0,0.0,0.0,0.0,980.9,996.2
101760,1.1463,-57.21,0.50,13.99,44.86,0.3222,0.0,100.0,0.0,0.0,0.0,968.5,978.4
101820,1.1469,-57.10,0.50,14.35,43.96,0.3222,0.0,100.0,0.0,0.0,0.0,995.3,998.4
101880,1.1476,-56.99,0.50,14.70,43.12,0.3222,0.0,100.0,0.0,0.0,0.0,992.9,999.0
101940,1.1483,-56.88,0.50,15.03,42.34,0.3222,0.0,100.0,0.0,0.0,0.0,1001.0,1004.1
102000,1.1490,-56.77,0.50,15.35,41.61,0.3222,0.0,100.0,0.0,0.0,0.0,957.3,982.5
102060,1.1496,-56.66,0.50,15.66,40.92,0.3222,0.0,100.0,0.0,0.0,0.0,982.1,1029.2
102120,1.1503,-56.55,0.50,15.95,40.28,0.3222,0.0,100.0,0.0,0.0,0.0,1002.6,1006.6
102180,1.1510,-56.44,0.50,16.24,39.68,0.3222,0.0,100.0,0.0,0.0,0.0,975.8,967.2
102240,1.1517,-56.33,0.50,16.51,39.11,0.3222,0.0,100.0,0.0,0.0,0.0,991.2,983.0
102300,1.1524,-56.21,0.50,16.77,38.57,0.3222,0.0,100.0,0.0,0.0,0.0,974.4,981.3
102360,1.1530,-56.10,0.50,17.03,38.07,0.3222,0.0,100.0,0.0,0.0,0.0,993.7,983.0
102420,1.1537,-55.99,0.50,17.28,37.59,0.3222,0.0,100.0,0.0,0.0,0.0,1008.7,1006.4
102480,1.1544,-55.87,0.50,17.51,37.13,0.3222,0.0,100.0,0.0,0.0,0.0,1007.5,980.6
102540,1.1551,-55.76,0.50,17.75,36.70,0.3222,0.0,100.0,0.0,0.0,0.0,973.2,969.6
102600,1.1557,-55.64,0.50,17.97,36.29,0.3222,0.0,100.0,0.0,0.0,0.0,974.6,974.4
102660,1.1564,-55.53,0.50,18.19,35.90,0.3222,0.0,0.0,0.0,0.0,0.0,1058.6,987.8
102720,1.1571,-55.41,0.50,13.81,46.88,0.3222,0.0,100.0,0.0,0.0,0.0,990.6,984.9
102780,1.1578,-55.30,0.50,14.29,45.60,0.3222,0.0,100.0,0.0,0.0,0.0,1016.4,982.0
102840,1.1584,-55.18,0.50,14.74,44.42,0.3222,0.0,100.0,0.0,0.0,0.0,972.1,1013.6
102900,1.1591,-55.07,0.50,15.18,43.33,0.3222,0.0,100.0,0.0,0.0,0.0,1001.1,983.4
102960,1.1598,-54.95,0.50,15.60,42.33,0.3222,0.0,100.0,0.0,0.0,0.0,1017.7,1031.1
103020,1.1605,-54.83,0.50,16.00,41.39,0.3222,0.0,100.0,0.0,0.0,0.0,980.1,1006.3
103080,1.1611,-54.72,0.50,16.38,40.52,0.3222,0.0,100.0,0.0,0.0,0.0,979.8,989.7
103140,1.1618,-54.60,0.50,16.75,39.72,0.3222,0.0,100.0,0.0,0.0,0.0,1021.7,996.0
103200,1.1625,-54.48,0.50,17.10,38.96,0.3222,0.0,100.0,0.0,0.0,0.0,993.3,999.7
103260,1.1632,-54.37,0.50,17.44,38.26,0.3222,0.0,100.0,0.0,0.0,0.0,982.0,994.6
103320,1.1638,-54.25,0.50,17.77,37.60,0.3222,0.0,100.0,0.0,0.0,0.0,1022.2,988.3
103380,1.1645,-54.13,0.50,18.08,36.98,0.3222,0.0,100.0,0.0,0.0,0.0,1011.0,1010.9
103440,1.1652,-54.01,0.50,18.38,36.40,0.3222,0.0,0.0,0.0,0.0,0.0,1017.7,1009.6
103500,1.1659,-53.89,0.50,14.08,47.27,0.3222,0.0,100.0,0.0,0.0,0.0,954.0,1016.5
103560,1.1665,-53.77,0.50,14.64,45.77,0.3222,0.0,100.0,0.0,0.0,0.0,987.6,1039.4
103620,1.1672,-53.65,0.50,15.16,44.40,0.3222,0.0,100.0,0.0,0.0,0.0,960.3,972.4
103680,1.1679,-53.53,0.50,15.67,43.14,0.3222,0.0,100.0,0.0,0.0,0.0,1026.9,965.9
103740,1.1686,-53.41,0.50,16.15,41.98,0.3222,0.0,100.0,0.0,0.0,0.0,1000.6,989.7
103800,1.1692,-53.29,0.50,16.61,40.91,0.3222,0.0,100.0,0.0,0.0,0.0,1020.7,997.2
103860,1.1699,-53.17,0.50,17.05,39.92,0.3222,0.0,100.0,0.0,0.0,0.0,999.3,1004.0
103920,1.1706,-53.05,0.50,17.47,39.00,0.3222,0.0,100.0,0.0,0.0,0.0,996.0,999.7
103980,1.1713,-52.93,0.50,17.87,38.15,0.3222,0.0,100.0,0.0,0.0,0.0,963.5,1027.1
104040,1.1720,-52.81,0.50,18.26,37.36,0.3222,0.0,0.0,0.0,0.0,0.0,988.3,991.9
104100,1.1726,-52.68,0.50,14.03,48.30,0.3222,0.0,100.0,0.0,0.0,0.0,979.0,1027.0
104160,1.1733,-52.56,0.50,14.66,46.55,0.3222,0.0,100.0,0.0,0.0,0.0,999.3,994.3
104220,1.1740,-52.44,0.50,15.26,44.96,0.3222,0.0,100.0,0.0,0.0,0.0,1002.1,1005.4
104280,1.1747,-52.32,0.50,15.83,43.51,0.3222,0.0,100.0,0.0,0.0,0.0,986.7,969.2
104340,1.1753,-52.19,0.50,16.38,42.18,0.3222,0.0,100.0,0.0,0.0,0.0,981.7,987.4
104400,1.1760,-52.07,0.50,16.89,40.96,0.3222,0.0,100.0,0.0,0.0,0.0,985.1,997.3
104460,1.1767,-51.95,0.50,17.39,39.83,0.3222,0.0,100.0,0.0,0.0,0.0,978.2,1003.9
104520,1.1774,-51.82,0.50,17.86,38.80,0.3221,0.0,100.0,0.0,0.0,0.0,1001.3,997.3
104580,1.1780,-51.70,0.50,18.31,37.84,0.3221,0.0,0.0,0.0,0.0,0.0,961.3,977.9
104640,1.1787,-51.58,0.50,14.16,48.72,0.3221,0.0,100.0,0.0,0.0,0.0,986.0,971.6
104700,1.1794,-51.45,0.50,14.84,46.79,0.3221,0.0,100.0,0.0,0.0,0.0,985.0,1004.7
104760,1.1801,-51.33,0.50,15.50,45.04,0.3221,0.0,100.0,0.0,0.0,0.0,982.0,993.0
104820,1.1807,-51.20,0.50,16.12,43.45,0.3221,0.0,100.0,0.0,0.0,0.0,986.1,1000.4
104880,1.1814,-51.08,0.50,16.71,41.99,0.3221,0.0,100.0,0.0,0.0,0.0,1019.5,1005.6
104940,1.1821,-50.95,0.50,17.28,40.67,0.3221,0.0,100.0,0.0,0.0,0.0,996.8,987.5
105000,1.1828,-50.82,0.50,17.82,39.45,0.3221,0.0,100.0,0.0,0.0,0.0,998.0,978.1
105060,1.1834,-50.70,0.50,18.33,38.34,0.3221,0.0,0.0,0.0,0.0,0.0,980.5,980.1
105120,1.1841,-50.57,0.50,14.23,49.18,0.3221,0.0,100.0,0.0,0.0,0.0,960.5,988.5
105180,1.1848,-50.45,0.50,14.97,47.07,0.3221,0.0,100.0,0.0,0.0,0.0,967.8,1037.5
105240,1.1855,-50.32,0.50,15.68,45.16,0.3221,0.0,100.0,0.0,0.0,0.0,996.1,995.0
105300,1.1861,-50.19,0.50,16.35,43.44,0.3221,0.0,100.0,0.0,0.0,0.0,1002.0,1029.1
105360,1.1868,-50.07,0.50,16.99,41.87,0.3221,0.0,100.0,0.0,0.0,0.0,975.1,1013.5
105420,1.1875,-49.94,0.50,17.60,40.45,0.3221,0.0,100.0,0.0,0.0,0.0,1020.7,977.7
105480,1.1882,-49.81,0.50,18.18,39.14,0.3221,0.0,0.0,0.0,0.0,0.0,1031.6,986.3
105540,1.1888,-49.68,0.50,14.14,50.04,0.3221,0.0,100.0,0.0,0.0,0.0,997.0,1007.3
105600,1.1895,-49.55,0.50,14.94,47.71,0.3221,0.0,100.0,0.0,0.0,0.0,979.0,975.0
105660,1.1902,-49.43,0.50,15.70,45.63,0.3221,0.0,100.0,0.0,0.0,0.0,993.2,1007.5
105720,1.1909,-49.30,0.50,16.43,43.75,0.3221,0.0,100.0,0.0,0.0,0.0,982.3,1035.8
105780,1.1916,-49.17,0.50,17.12,42.05,0.3221,0.0,100.0,0.0,0.0,0.0,985.6,998.4
105840,1.1922,-49.04,0.50,17.77,40.51,0.3221,0.0,100.0,0.0,0.0,0.0,997.0,984.4
105900,1.1929,-48.91,0.50,18.39,39.10,0.3221,0.0,0.0,0.0,0.0,0.0,1033.0,1014.5
105960,1.1936,-48.78,0.50,14.40,49.83,0.3221,0.0,100.0,0.0,0.0,0.0,977.0,985.9
106020,1.1943,-48.65,0.50,15.24,47.41,0.3221,0.0,100.0,0.0,0.0,0.0,1011.9,972.9
106080,1.1949,-48.52,0.50,16.03,45.25,0.3221,0.0,100.0,0.0,0.0,0.0,966.0,1033.1
106140,1.1956,-48.39,0.50,16.79,43.30,0.3221,0.0,100.0,0.0,0.0,100.0,1025.7,1023.0
106200,1.1963,-48.26,0.50,17.51,41.72,0.3224,0.0,100.0,0.0,0.0,0.0,964.4,1000.8
106260,1.1970,-48.13,0.50,18.20,40.12,0.3224,0.0,0.0,0.0,0.0,0.0,998.6,1004.4
106320,1.1976,-48.00,0.50,14.26,50.97,0.3224,0.0,100.0,0.0,0.0,0.0,1046.3,996.4
106380,1.1983,-47.87,0.50,15.15,48.33,0.3224,0.0,100.0,0.0,0.0,0.0,993.1,973.6
106440,1.1990,-47.74,0.50,16.00,45.97,0.3224,0.0,100.0,0.0,0.0,0.0,989.1,981.5
106500,1.1997,-47.61,0.50,16.81,43.86,0.3224,0.0,100.0,0.0,0.0,0.0,1016.7,999.0
106560,1.2003,-47.48,0.50,17.57,41.96,0.3224,0.0,100.0,0.0,0.0,0.0,998.5,1026.3
106620,1.2010,-47.35,0.50,18.30,40.25,0.3224,0.0,0.0,0.0,0.0,0.0,988.2,979.0
106680,1.2017,-47.21,0.50,14.40,51.00,0.3224,0.0,100.0,0.0,0.0,0.0,994.1,965.4
106740,1.2024,-47.08,0.50,15.34,48.24,0.3224,0.0,100.0,0.0,0.0,0.0,1015.5,1005.7
106800,1.2030,-46.95,0.50,16.22,45.79,0.3224,0.0,100.0,0.0,0.0,0.0,1008.2,1005.2
106860,1.2037,-46.82,0.50,17.06,43.60,0.3224,0.0,100.0,0.0,0.0,0.0,962.6,1012.9
106920,1.2044,-46.69,0.50,17.86,41.64,0.3224,0.0,100.0,0.0,0.0,0.0,981.3,979.4
106980,1.2051,-46.55,0.50,18.62,39.88,0.3224,0.0,0.0,0.0,0.0,0.0,1034.2,1026.5
107040,1.2057,-46.42,0.50,14.75,50.40,0.3224,0.0,100.0,0.0,0.0,0.0,986.1,996.0
107100,1.2064,-46.29,0.50,15.71,47.61,0.3224,0.0,100.0,0.0,0.0,0.0,980.2,989.3
107160,1.2071,-46.16,0.50,16.62,45.13,0.3224,0.0,100.0,0.0,0.0,0.0,999.6,981.2
107220,1.2078,-46.02,0.50,17.48,42.92,0.3224,0.0,100.0,0.0,0.0,0.0,975.0,997.9
107280,1.2084,-45.89,0.50,18.30,40.94,0.3224,0.0,0.0,0.0,0.0,0.0,1006.5,997.4
107340,1.2091,-45.76,0.50,14.49,51.59,0.3224,0.0,100.0,0.0,0.0,0.0,1000.6,1023.2
107400,1.2098,-45.62,0.50,15.51,48.57,0.3224,0.0,100.0,0.0,0.0,0.0,1007.5,1014.8
107460,1.2105,-45.49,0.50,16.47,45.89,0.3224,0.0,100.0,0.0,0.0,0.0,989.2,1022.9
107520,1.2112,-45.35,0.50,17.38,43.51,0.3224,0.0,100.0,0.0,0.0,0.0,960.8,987.3
107580,1.2118,-45.22,0.50,18.25,41.39,0.3224,0.0,0.0,0.0,0.0,0.0,988.2,1012.9
107640,1.2125,-45.09,0.50,14.48,52.02,0.3224,0.0,100.0,0.0,0.0,0.0,973.1,974.1
107700,1.2132,-44.95,0.50,15.53,48.85,0.3224,0.0,100.0,0.0,0.0,0.0,971.9,977.1
107760,1.2139,-44.82,0.50,16.53,46.05,0.3224,0.0,100.0,0.0,0.0,0.0,997.5,990.3
107820,1.2145,-44.68,0.50,17.48,43.57,0.3224,0.0,100.0,0.0,0.0,0.0,1026.9,984.3
107880,1.2152,-44.55,0.50,18.38,41.36,0.3224,0.0,0.0,0.0,0.0,0.0,1021.8,988.3
107940,1.2159,-44.41,0.50,14.65,51.87,0.3224,0.0,100.0,0.0,0.0,0.0,990.8,998.1
108000,1.2166,-44.28,0.50,15.73,48.62,0.3224,0.0,100.0,0.0,0.0,0.0,1002.7,991.2
108060,1.2172,-44.14,0.50,16.76,45.76,0.3224,0.0,100.0,0.0,0.0,0.0,1037.3,986.5
108120,1.2179,-44.01,0.50,17.73,43.23,0.3224,0.0,0.0,0.0,0.0,0.0,1012.4,1006.1
108180,1.2186,-43.87,0.50,14.07,54.04,0.3224,0.0,100.0,0.0,0.0,0.0,984.4,998.1
108240,1.2193,-43.74,0.50,15.22,50.43,0.3224,0.0,100.0,0.0,0.0,0.0,1013.9,972.4
108300,1.2199,-43.60,0.50,16.31,47.27,0.3224,0.0,100.0,0.0,0.0,0.0,1017.8,985.0
108360,1.2206,-43.47,0.50,17.35,44.49,0.3224,0.0,100.0,0.0,0.0,0.0,979.2,1015.2
108420,1.2213,-43.33,0.50,18.33,42.03,0.3224,0.0,0.0,0.0,0.0,0.0,1001.8,1044.3
108480,1.2220,-43.20,0.50,14.67,52.47,0.3224,0.0,100.0,0.0,0.0,100.0,981.0,1032.3
108540,1.2226,-43.06,0.50,15.82,49.14,0.3227,0.0,100.0,0.0,0.0,0.0,1033.7,997.6
108600,1.2233,-42.92,0.50,16.92,46.06,0.3227,0.0,100.0,0.0,0.0,0.0,995.6,1033.0
108660,1.2240,-42.79,0.50,17.96,43.35,0.3227,0.0,100.0,0.0,0.0,0.0,975.1,1011.0
108720,1.2247,-42.65,0.50,18.94,40.96,0.3227,0.0,0.0,0.0,0.0,0.0,1024.1,983.0
108780,1.2253,-42.51,0.50,15.28,51.07,0.3227,0.0,100.0,0.0,0.0,0.0,1028.7,1016.0
108840,1.2260,-42.38,0.50,16.45,47.67,0.3227,0.0,100.0,0.0,0.0,0.0,1015.1,1024.1
108900,1.2267,-42.24,0.50,17.54,44.69,0.3227,0.0,100.0,0.0,0.0,0.0,1010.1,1022.0
108960,1.2274,-42.11,0.50,18.59,42.07,0.3227,0.0,0.0,0.0,0.0,0.0,983.1,985.9
109020,1.2280,-41.97,0.50,14.98,52.31,0.3227,0.0,100.0,0.0,0.0,0.0,1010.3,981.7
109080,1.2287,-41.83,0.50,16.19,48.67,0.3227,0.0,100.0,0.0,0.0,0.0,1002.7,994.4
109140,1.2294,-41.69,0.50,17.34,45.49,0.3227,0.0,100.0,0.0,0.0,0.0,987.0,1005.8
109200,1.2301,-41.56,0.50,18.43,42.70,0.3227,0.0,0.0,0.0,0.0,0.0,989.6,985.2
109260,1.2308,-41.42,0.50,14.87,52.98,0.3227,0.0,100.0,0.0,0.0,0.0,981.5,998.9
109320,1.2314,-41.28,0.50,16.12,49.17,0.3227,0.0,100.0,0.0,0.0,0.0,976.4,1027.8
109380,1.2321,-41.15,0.50,17.30,45.85,0.3227,0.0,100.0,0.0,0.0,0.0,1002.9,995.6
109440,1.2328,-41.01,0.50,18.42,42.95,0.3227,0.0,0.0,0.0,0.0,0.0,984.1,1008.9
109500,1.2335,-40.87,0.50,14.89,53.18,0.3227,0.0,100.0,0.0,0.0,0.0,1008.3,1017.8
109560,1.2341,-40.74,0.50,16.17,49.26,0.3227,0.0,100.0,0.0,0.0,0.0,985.8,1029.0
109620,1.2348,-40.60,0.50,17.39,45.86,0.3227,0.0,100.0,0.0,0.0,0.0,985.4,1031.7
109680,1.2355,-40.46,0.50,18.54,42.89,0.3227,0.0,0.0,0.0,0.0,0.0,983.8,978.4
109740,1.2362,-40.32,0.50,15.03,53.00,0.3227,0.0,100.0,0.0,0.0,0.0,1031.6,984.5
109800,1.2368,-40.19,0.50,16.34,49.03,0.3227,0.0,100.0,0.0,0.0,0.0,1010.9,999.1
109860,1.2375,-40.05,0.50,17.58,45.59,0.3227,0.0,0.0,0.0,0.0,0.0,993.4,1009.7
109920,1.2382,-39.91,0.50,14.16,56.15,0.3227,0.0,100.0,0.0,0.0,0.0,999.0,1004.5
109980,1.2389,-39.77,0.50,15.54,51.66,0.3227,0.0,100.0,0.0,0.0,0.0,1023.7,986.9
110040,1.2395,-39.63,0.50,16.85,47.80,0.3227,0.0,100.0,0.0,0.0,0.0,997.1,1005.2
110100,1.2402,-39.50,0.50,18.09,44.45,0.3227,0.0,100.0,0.0,0.0,0.0,956.3,1013.8
110160,1.2409,-39.36,0.50,19.26,41.53,0.3227,0.0,0.0,0.0,0.0,0.0,997.4,982.9
110220,1.2416,-39.22,0.50,15.78,51.20,0.3227,0.0,100.0,0.0,0.0,0.0,1008.7,1003.7
110280,1.2422,-39.08,0.50,17.11,47.32,0.3227,0.0,100.0,0.0,0.0,0.0,994.0,1006.1
110340,1.2429,-38.95,0.50,18.36,43.97,0.3227,0.0,0.0,0.0,0.0,0.0,989.8,1026.2
110400,1.2436,-38.81,0.50,14.96,54.02,0.3226,0.0,100.0,0.0,0.0,0.0,996.5,1019.6
110460,1.2443,-38.67,0.50,16.36,49.68,0.3226,0.0,100.0,0.0,0.0,0.0,1007.4,989.4
110520,1.2449,-38.53,0.50,17.68,45.95,0.3226,0.0,100.0,0.0,0.0,0.0,1012.6,983.7
110580,1.2456,-38.39,0.50,18.94,42.72,0.3226,0.0,0.0,0.0,0.0,0.0,1017.8,979.4
110640,1.2463,-38.26,0.50,15.54,52.44,0.3226,0.0,100.0,0.0,0.0,0.0,1062.5,1015.9
110700,1.2470,-38.12,0.50,16.93,48.25,0.3226,0.0,100.0,0.0,0.0,0.0,1010.4,979.5
110760,1.2476,-37.98,0.50,18.26,44.65,0.3226,0.0,0.0,0.0,0.0,0.0,1001.2,1007.7
110820,1.2483,-37.84,0.50,14.92,54.65,0.3226,0.0,100.0,0.0,0.0,0.0,995.4,1038.7
110880,1.2490,-37.70,0.50,16.38,50.08,0.3226,0.0,100.0,0.0,0.0,0.0,1004.0,1006.2
110940,1.2497,-37.57,0.50,17.76,46.16,0.3226,0.0,100.0,0.0,0.0,0.0,1028.6,1019.6
111000,1.2504,-37.43,0.50,19.07,42.89,0.3226,1.8,100.0,100.0,0.0,0.0,1030.7,1008.2
111060,1.2510,-37.29,0.50,20.79,48.42,0.3224,305.2,100.0,100.0,0.0,0.0,1050.5,1010.4
111120,1.2517,-37.15,0.50,22.43,52.04,0.3222,308.6,100.0,100.0,0.0,0.0,1004.5,998.9
111180,1.2524,-37.01,0.50,23.97,54.48,0.3220,312.0,0.0,100.0,0.0,0.0,1028.8,1040.2
111240,1.2531,-36.88,0.50,20.85,70.20,0.3218,315.4,100.0,100.0,0.0,0.0,997.0,982.0
111300,1.2537,-36.74,0.50,22.51,66.39,0.3216,318.8,100.0,100.0,0.0,0.0,994.5,944.5
111360,1.2544,-36.60,0.50,24.09,63.94,0.3215,322.2,0.0,100.0,0.0,0.0,956.0,991.9
111420,1.2551,-36.46,0.50,20.99,78.11,0.3213,325.5,100.0,100.0,0.0,0.0,983.6,980.8
111480,1.2558,-36.32,0.50,22.68,71.23,0.3212,328.9,0.0,100.0,0.0,0.0,982.8,987.7
111540,1.2564,-36.19,0.50,19.68,84.38,0.3211,332.3,100.0,100.0,0.0,0.0,955.1,987.3
111600,1.2571,-36.05,0.50,21.47,74.93,0.3210,335.7,100.0,100.0,0.0,0.0,941.9,971.2
111660,1.2578,-35.91,0.50,23.16,69.27,0.3209,339.1,100.0,100.0,0.0,0.0,973.6,972.5
111720,1.2585,-35.77,0.50,24.77,65.72,0.3208,342.5,0.0,100.0,0.0,0.0,957.3,966.9
111780,1.2591,-35.63,0.50,21.69,79.43,0.3206,345.9,100.0,100.0,0.0,0.0,953.4,970.3
111840,1.2598,-35.50,0.50,23.41,72.01,0.3205,349.3,0.0,100.0,0.0,0.0,993.7,978.0
111900,1.2605,-35.36,0.50,20.44,84.84,0.3204,352.7,100.0,100.0,0.0,0.0,969.0,954.5
111960,1.2612,-35.22,0.50,22.25,75.17,0.3203,356.1,100.0,100.0,0.0,0.0,1017.6,986.4
112020,1.2618,-35.08,0.50,23.96,69.38,0.3202,359.5,0.0,100.0,0.0,0.0,929.5,985.2
112080,1.2625,-34.95,0.50,20.99,82.56,0.3201,362.9,100.0,100.0,0.0,0.0,974.6,969.8
112140,1.2632,-34.81,0.50,22.80,73.80,0.3200,366.2,100.0,100.0,0.0,0.0,982.0,969.7
112200,1.2639,-34.67,0.50,24.51,68.51,0.3198,369.6,0.0,100.0,0.0,0.0,962.3,970.2
112260,1.2645,-34.53,0.50,21.54,81.72,0.3197,373.0,100.0,100.0,0.0,0.0,994.2,968.8
112320,1.2652,-34.40,0.50,23.35,73.29,0.3196,376.4,0.0,100.0,0.0,0.0,973.8,913.7
112380,1.2659,-34.26,0.50,20.48,85.77,0.3195,379.8,100.0,100.0,0.0,0.0,922.1,962.4
112440,1.2666,-34.12,0.50,22.37,75.58,0.3194,383.2,100.0,100.0,0.0,0.0,954.2,973.2
112500,1.2672,-33.98,0.50,24.17,69.56,0.3193,386.5,0.0,100.0,0.0,0.0,972.1,969.1
112560,1.2679,-33.85,0.50,21.27,82.58,0.3191,389.9,100.0,100.0,0.0,0.0,962.0,967.5
112620,1.2686,-33.71,0.50,23.15,73.71,0.3191,393.3,0.0,100.0,0.0,0.0,979.2,933.1
112680,1.2693,-33.57,0.50,20.34,86.05,0.3189,396.7,100.0,100.0,0.0,0.0,956.3,913.3
112740,1.2700,-33.44,0.50,22.30,75.64,0.3189,400.0,100.0,100.0,0.0,0.0,935.4,953.5
112800,1.2706,-33.30,0.50,24.16,69.54,0.3187,403.4,0.0,100.0,0.0,0.0,967.6,932.5
112860,1.2713,-33.16,0.50,21.32,82.51,0.3186,406.8,100.0,100.0,0.0,0.0,927.0,955.4
112920,1.2720,-33.03,0.50,23.25,73.59,0.3185,410.1,0.0,100.0,0.0,0.0,931.4,939.1
112980,1.2727,-32.89,0.50,20.49,85.86,0.3184,413.5,100.0,100.0,0.0,0.0,928.1,937.9
113040,1.2733,-32.75,0.50,22.50,75.45,0.3183,416.9,100.0,100.0,0.0,0.0,906.2,954.9
113100,1.2740,-32.62,0.50,24.39,69.37,0.3182,420.2,0.0,100.0,0.0,0.0,900.6,939.1
113160,1.2747,-32.48,0.50,21.60,82.27,0.3180,423.6,100.0,100.0,0.0,0.0,959.1,961.1
113220,1.2754,-32.34,0.50,23.57,73.38,0.3179,426.9,0.0,100.0,0.0,0.0,919.5,925.6
113280,1.2760,-32.21,0.50,20.84,85.57,0.3178,430.3,100.0,100.0,0.0,0.0,926.0,923.6
113340,1.2767,-32.07,0.50,22.88,75.22,0.3177,433.6,100.0,100.0,0.0,0.0,935.5,929.3
113400,1.2774,-31.94,0.50,24.81,69.18,0.3176,437.0,0.0,100.0,0.0,0.0,919.5,916.2
113460,1.2781,-31.80,0.50,22.04,81.97,0.3174,440.3,100.0,100.0,0.0,0.0,951.9,905.1
113520,1.2787,-31.66,0.50,24.04,73.16,0.3173,443.7,0.0,100.0,0.0,0.0,946.0,936.7
113580,1.2794,-31.53,0.50,21.35,85.23,0.3172,447.0,100.0,100.0,0.0,0.0,916.4,925.7
113640,1.2801,-31.39,0.50,23.41,74.98,0.3171,450.3,0.0,100.0,0.3,0.0,899.3,902.2
113700,1.2808,-31.26,0.50,20.77,86.71,0.3170,453.7,100.0,100.0,0.0,0.0,933.1,934.5
113760,1.2814,-31.12,0.50,22.89,75.74,0.3169,457.0,0.0,100.0,3.7,0.0,892.5,894.3
113820,1.2821,-30.99,0.50,20.30,87.34,0.3168,460.3,100.0,100.0,0.0,0.0,914.1,907.3
113880,1.2828,-30.85,0.50,22.47,76.00,0.3167,463.7,100.0,100.0,0.0,0.0,904.4,917.0
113940,1.2835,-30.72,0.50,24.52,69.55,0.3166,467.0,0.0,100.0,0.0,0.0,951.6,884.8
114000,1.2841,-30.58,0.50,21.87,82.18,0.3164,470.3,100.0,100.0,14.1,0.0,871.8,924.1
114060,1.2848,-30.45,0.50,23.98,73.12,0.3163,473.6,0.0,100.0,3.7,0.0,892.6,937.1
114120,1.2855,-30.31,0.50,21.38,85.05,0.3162,477.0,100.0,100.0,1.1,0.0,897.9,890.0
114180,1.2862,-30.18,0.50,23.54,74.71,0.3161,480.3,0.0,100.0,0.0,0.0,900.9,880.6
114240,1.2868,-30.04,0.50,20.99,86.31,0.3160,483.6,100.0,100.0,0.0,0.0,902.5,835.2
114300,1.2875,-29.91,0.50,23.20,75.35,0.3159,486.9,0.0,100.0,5.9,0.0,888.3,872.6
114360,1.2882,-29.77,0.50,20.69,86.82,0.3158,490.2,100.0,100.0,0.0,0.0,921.6,901.4
114420,1.2889,-29.64,0.50,22.93,75.57,0.3157,493.5,0.0,100.0,2.6,0.0,894.7,894.0
114480,1.2896,-29.51,0.50,20.46,86.98,0.3156,496.8,100.0,100.0,3.8,0.0,892.4,860.6
114540,1.2902,-29.37,0.50,22.74,75.59,0.3155,500.1,100.0,100.0,4.1,0.0,891.8,915.6
114600,1.2909,-29.24,0.50,24.90,69.18,0.3154,503.3,0.0,100.0,0.3,0.0,899.4,873.5
114660,1.2916,-29.11,0.50,22.34,81.66,0.3152,506.6,100.0,100.0,0.0,0.0,906.5,903.5
114720,1.2923,-28.97,0.50,24.54,72.66,0.3151,509.9,0.0,100.0,14.0,0.0,872.0,885.9
114780,1.2929,-28.84,0.50,22.03,84.41,0.3149,513.2,100.0,100.0,25.7,0.0,848.6,918.9
114840,1.2936,-28.71,0.50,24.27,74.19,0.3149,516.5,0.0,100.0,2.7,100.0,894.7,917.1
114900,1.2943,-28.57,0.50,21.80,85.65,0.3150,519.7,100.0,100.0,0.0,0.0,914.7,902.1
114960,1.2950,-28.44,0.50,24.07,74.84,0.3150,523.0,0.0,100.0,0.0,0.0,913.6,913.4
115020,1.2956,-28.31,0.50,21.63,86.08,0.3148,526.3,100.0,100.0,3.4,0.0,893.3,945.9
115080,1.2963,-28.18,0.50,23.93,75.03,0.3147,529.5,0.0,100.0,3.9,0.0,892.2,948.7
115140,1.2970,-28.04,0.50,21.52,86.20,0.3146,532.8,100.0,100.0,0.0,100.0,937.0,927.7
115200,1.2977,-27.91,0.50,23.86,75.08,0.3149,536.0,0.0,100.0,9.1,0.0,881.8,875.6
115260,1.2983,-27.78,0.50,21.47,86.21,0.3147,539.3,100.0,100.0,9.1,0.0,881.7,887.3
115320,1.2990,-27.65,0.50,23.83,75.01,0.3146,542.5,0.0,100.0,0.0,0.0,913.0,898.2
115380,1.2997,-27.52,0.50,21.47,86.12,0.3145,545.7,100.0,100.0,1.2,0.0,897.5,901.9
115440,1.3004,-27.39,0.50,23.84,74.92,0.3144,549.0,0.0,100.0,0.0,0.0,911.9,903.6
115500,1.3010,-27.25,0.50,21.50,86.01,0.3143,552.2,100.0,100.0,10.7,0.0,878.6,933.8
115560,1.3017,-27.12,0.50,23.90,74.83,0.3142,555.4,0.0,100.0,0.0,0.0,926.4,959.4
115620,1.3024,-26.99,0.50,21.58,85.89,0.3140,558.6,100.0,100.0,9.4,0.0,881.2,930.9
115680,1.3031,-26.86,0.50,23.99,74.73,0.3140,561.8,0.0,100.0,2.4,0.0,895.2,911.7
115740,1.3037,-26.73,0.50,21.68,85.76,0.3138,565.0,100.0,100.0,0.0,0.0,914.4,909.9
115800,1.3044,-26.60,0.50,24.11,74.63,0.3137,568.3,0.0,100.0,8.3,0.0,883.3,878.9
115860,1.3051,-26.47,0.50,21.81,85.63,0.3136,571.4,100.0,100.0,0.0,0.0,901.2,928.8
115920,1.3058,-26.34,0.50,24.26,74.53,0.3135,574.6,0.0,100.0,3.4,0.0,893.2,898.1
115980,1.3064,-26.21,0.50,21.97,85.49,0.3134,577.8,100.0,100.0,4.0,0.0,892.0,872.8
116040,1.3071,-26.08,0.50,24.43,74.43,0.3133,581.0,0.0,100.0,4.4,0.0,891.2,894.4
116100,1.3078,-25.95,0.50,22.15,85.35,0.3131,584.2,100.0,100.0,0.0,0.0,908.7,868.0
116160,1.3085,-25.83,0.50,24.62,74.33,0.3130,587.4,0.0,100.0,4.8,0.0,890.5,891.8
116220,1.3092,-25.70,0.50,22.36,85.21,0.3129,590.5,100.0,100.0,5.7,0.0,888.6,906.7
116280,1.3098,-25.57,0.50,24.83,74.23,0.3128,593.7,0.0,100.0,8.6,0.0,882.9,892.6
116340,1.3105,-25.44,0.50,22.57,85.07,0.3126,596.9,100.0,100.0,0.0,0.0,938.4,910.1
116400,1.3112,-25.31,0.50,25.05,74.13,0.3126,600.0,0.0,100.0,3.2,0.0,893.5,927.8
116460,1.3119,-25.18,0.50,22.81,84.92,0.3124,603.2,100.0,100.0,5.7,0.0,888.7,892.4
116520,1.3125,-25.06,0.50,25.29,74.04,0.3123,606.3,0.0,100.0,20.8,100.0,858.3,874.4
116580,1.3132,-24.93,0.50,23.05,84.82,0.3125,609.4,100.0,100.0,5.9,0.0,888.1,921.6
116640,1.3139,-24.80,0.50,25.54,73.97,0.3124,612.6,0.0,100.0,0.0,0.0,900.1,888.7
116700,1.3146,-24.68,0.50,23.31,84.65,0.3122,615.7,0.0,100.0,0.0,0.0,935.4,920.3
116760,1.3152,-24.55,0.50,21.21,92.80,0.3122,618.8,100.0,100.0,10.4,0.0,879.1,893.5
116820,1.3159,-24.42,0.50,23.85,78.08,0.3121,621.9,0.0,100.0,0.0,0.0,923.8,907.7
116880,1.3166,-24.30,0.50,21.74,87.88,0.3120,625.0,100.0,100.0,0.0,0.0,901.4,891.3
116940,1.3173,-24.17,0.50,24.36,75.44,0.3119,628.1,0.0,100.0,0.0,0.0,908.8,932.8
117000,1.3179,-24.04,0.50,22.25,85.81,0.3118,631.2,100.0,100.0,0.0,0.0,908.7,896.0
117060,1.3186,-23.92,0.50,24.86,74.32,0.3117,634.3,0.0,100.0,6.6,100.0,886.7,861.1
117120,1.3193,-23.79,0.50,22.74,84.92,0.3118,637.4,100.0,100.0,0.0,0.0,907.4,921.0
117180,1.3200,-23.67,0.50,25.34,73.83,0.3118,640.5,0.0,100.0,10.3,100.0,879.4,901.0
117240,1.3206,-23.54,0.50,23.21,84.45,0.3119,643.5,0.0,100.0,0.0,0.0,932.6,916.7
117300,1.3213,-23.42,0.50,21.21,92.41,0.3118,646.6,100.0,100.0,0.0,0.0,908.9,920.6
117360,1.3220,-23.29,0.50,23.93,77.67,0.3118,649.7,0.0,100.0,0.0,0.0,905.2,875.6
117420,1.3227,-23.17,0.50,21.92,87.36,0.3116,652.7,100.0,100.0,0.0,0.0,933.8,918.2
117480,1.3233,-23.05,0.50,24.62,75.00,0.3116,655.8,0.0,100.0,0.0,0.0,918.8,875.5
117540,1.3240,-22.92,0.50,22.58,85.27,0.3114,658.8,100.0,100.0,0.0,0.0,899.9,901.2
117600,1.3247,-22.80,0.50,25.26,73.89,0.3113,661.8,0.0,100.0,2.1,0.0,895.9,895.9
117660,1.3254,-22.68,0.50,23.20,84.32,0.3112,664.9,0.0,100.0,19.7,0.0,860.6,886.0
117720,1.3260,-22.55,0.50,21.28,92.13,0.3111,667.9,100.0,100.0,0.0,0.0,910.4,915.8
117780,1.3267,-22.43,0.50,24.07,77.38,0.3110,670.9,0.0,100.0,7.0,0.0,886.0,927.4
117840,1.3274,-22.31,0.50,22.11,86.99,0.3109,673.9,100.0,100.0,0.0,0.0,918.3,906.6
117900,1.3281,-22.19,0.50,24.87,74.69,0.3108,676.9,0.0,100.0,5.3,0.0,889.3,875.8
117960,1.3288,-22.07,0.50,22.88,84.87,0.3106,679.9,100.0,100.0,7.1,0.0,885.7,881.1
118020,1.3294,-21.95,0.50,25.61,73.57,0.3105,682.9,0.0,100.0,0.0,0.0,918.3,922.9
118080,1.3301,-21.82,0.50,23.60,83.90,0.3104,685.9,0.0,100.0,8.8,0.0,882.3,899.5
118140,1.3308,-21.70,0.50,21.72,91.63,0.3103,688.8,100.0,100.0,0.0,0.0,901.1,847.2
118200,1.3315,-21.58,0.50,24.55,77.03,0.3102,691.8,0.0,100.0,4.5,0.0,891.0,889.1
118260,1.3321,-21.46,0.50,22.63,86.53,0.3101,694.8,100.0,100.0,0.0,0.0,928.0,879.1
118320,1.3328,-21.34,0.50,25.43,74.37,0.3100,697.7,0.0,100.0,13.5,0.0,873.1,894.5
118380,1.3335,-21.22,0.50,23.48,84.42,0.3098,700.7,0.0,100.0,4.4,0.0,891.1,895.2
118440,1.3342,-21.10,0.50,21.65,91.88,0.3097,703.6,100.0,100.0,0.0,0.0,900.7,868.9
118500,1.3348,-20.99,0.50,24.54,77.05,0.3097,706.5,0.0,100.0,11.7,0.0,876.6,921.8
118560,1.3355,-20.87,0.50,22.67,86.44,0.3095,709.4,100.0,100.0,4.2,0.0,891.5,903.0
118620,1.3362,-20.75,0.50,25.51,74.24,0.3094,712.4,0.0,100.0,4.2,0.0,891.5,922.6
118680,1.3369,-20.63,0.50,23.60,84.22,0.3093,715.3,0.0,100.0,0.0,0.0,915.5,884.1
118740,1.3375,-20.51,0.50,21.82,91.60,0.3092,718.2,100.0,100.0,0.0,0.0,912.6,902.9
118800,1.3382,-20.39,0.50,24.74,76.83,0.3091,721.1,0.0,100.0,16.8,0.0,866.4,914.9
118860,1.3389,-20.28,0.50,22.90,86.15,0.3090,723.9,100.0,100.0,13.6,0.0,872.8,895.3
118920,1.3396,-20.16,0.50,25.78,74.02,0.3089,726.8,0.0,100.0,2.0,0.0,896.0,905.8
118980,1.3402,-20.04,0.50,23.90,83.92,0.3087,729.7,0.0,100.0,0.0,100.0,901.8,897.2
119040,1.3409,-19.93,0.50,22.15,91.28,0.3090,732.6,100.0,100.0,3.9,0.0,892.1,906.7
119100,1.3416,-19.81,0.50,25.10,76.62,0.3089,735.4,0.0,100.0,9.7,100.0,880.5,885.3
119160,1.3423,-19.70,0.50,23.29,85.90,0.3091,738.3,0.0,100.0,0.0,0.0,913.5,899.4
119220,1.3429,-19.58,0.50,21.60,92.59,0.3090,741.1,100.0,100.0,0.0,0.0,903.0,887.0
119280,1.3436,-19.47,0.50,24.60,77.16,0.3089,743.9,0.0,100.0,0.0,0.0,910.2,890.7
119340,1.3443,-19.35,0.50,22.85,86.25,0.3088,746.7,100.0,100.0,1.1,0.0,897.7,934.5
119400,1.3450,-19.24,0.50,25.81,73.93,0.3087,749.6,0.0,100.0,7.5,0.0,884.9,932.8
119460,1.3456,-19.12,0.50,24.00,83.71,0.3085,752.4,0.0,100.0,0.0,0.0,929.6,907.6
119520,1.3463,-19.01,0.50,22.31,90.90,0.3084,755.2,100.0,100.0,21.8,0.0,856.4,922.9
119580,1.3470,-18.90,0.50,25.33,76.29,0.3084,757.9,0.0,100.0,0.0,0.0,900.3,874.7
119640,1.3477,-18.78,0.50,23.58,85.43,0.3082,760.7,0.0,100.0,0.0,0.0,902.8,853.2
119700,1.3484,-18.67,0.50,21.94,92.06,0.3081,763.5,100.0,100.0,3.6,0.0,892.7,889.7
119760,1.3490,-18.56,0.50,25.00,76.78,0.3081,766.3,0.0,100.0,4.5,0.0,891.1,903.9
119820,1.3497,-18.45,0.50,23.30,85.77,0.3079,769.0,0.0,100.0,0.0,0.0,909.4,888.9
119880,1.3504,-18.33,0.50,21.71,92.23,0.3078,771.8,100.0,100.0,0.0,100.0,907.1,887.3
119940,1.3511,-18.22,0.50,24.81,76.79,0.3081,774.5,0.0,100.0,21.4,0.0,857.2,921.9
120000,1.3517,-18.11,0.50,23.15,85.74,0.3079,777.2,0.0,100.0,0.0,100.0,920.2,871.1
120060,1.3524,-18.00,0.50,21.59,92.17,0.3082,780.0,100.0,100.0,0.0,0.0,909.0,919.6
120120,1.3531,-17.89,0.50,24.73,76.67,0.3081,782.7,0.0,100.0,5.8,0.0,888.5,881.3
120180,1.3538,-17.78,0.50,23.10,85.61,0.3080,785.4,0.0,100.0,1.8,0.0,896.4,881.2
120240,1.3544,-17.67,0.50,21.57,91.98,0.3079,788.1,100.0,100.0,20.8,0.0,858.4,909.9
120300,1.3551,-17.56,0.50,24.73,76.52,0.3078,790.8,0.0,100.0,19.1,0.0,861.7,893.8
120360,1.3558,-17.45,0.50,23.13,85.45,0.3077,793.4,0.0,100.0,0.0,0.0,918.3,916.5
120420,1.3565,-17.35,0.50,21.63,91.79,0.3076,796.1,100.0,100.0,0.0,0.0,928.3,882.1
120480,1.3571,-17.24,0.50,24.81,76.38,0.3075,798.8,0.0,100.0,2.5,0.0,895.0,891.8
120540,1.3578,-17.13,0.50,23.23,85.28,0.3074,801.4,100.0,100.0,0.0,0.0,934.6,906.0
120600,1.3585,-17.02,0.50,26.34,73.14,0.3073,804.1,0.0,100.0,1.6,0.0,896.8,892.1
120660,1.3592,-16.92,0.50,24.68,82.71,0.3071,806.7,0.0,100.0,0.0,100.0,917.3,872.8
120720,1.3598,-16.81,0.50,23.13,89.74,0.3073,809.3,100.0,100.0,17.2,0.0,865.6,904.2
120780,1.3605,-16.70,0.50,26.27,75.44,0.3072,811.9,0.0,100.0,0.0,0.0,901.1,875.8
120840,1.3612,-16.60,0.50,24.64,84.34,0.3071,814.5,0.0,100.0,0.0,0.0,931.8,862.1
120900,1.3619,-16.49,0.50,23.12,90.79,0.3070,817.1,0.0,100.0,0.9,0.0,898.2,930.9
120960,1.3625,-16.39,0.50,21.69,95.22,0.3069,819.7,100.0,100.0,0.8,100.0,898.3,924.5
121020,1.3632,-16.28,0.50,24.95,77.99,0.3072,822.3,0.0,100.0,14.8,0.0,870.4,901.1
121080,1.3639,-16.18,0.50,23.44,86.23,0.3071,824.9,0.0,100.0,2.8,0.0,894.3,922.1
121140,1.3646,-16.07,0.50,22.02,92.05,0.3070,827.4,100.0,100.0,7.8,0.0,884.5,928.2
121200,1.3652,-15.97,0.50,25.28,76.36,0.3069,830.0,0.0,100.0,0.0,100.0,917.3,871.6
121260,1.3659,-15.87,0.50,23.77,85.04,0.3071,832.5,0.0,100.0,13.9,0.0,872.1,888.1
121320,1.3666,-15.76,0.50,22.36,91.15,0.3070,835.1,100.0,100.0,0.0,0.0,903.7,916.7
121380,1.3673,-15.66,0.50,25.63,75.90,0.3069,837.6,0.0,100.0,2.9,0.0,894.2,853.9
121440,1.3680,-15.56,0.50,24.12,84.58,0.3068,840.1,0.0,100.0,9.2,0.0,881.6,898.2
121500,1.3686,-15.46,0.50,22.71,90.75,0.3066,842.6,100.0,100.0,2.5,0.0,895.0,903.3
121560,1.3693,-15.36,0.50,25.99,75.70,0.3066,845.1,0.0,100.0,0.0,0.0,910.8,868.2
121620,1.3700,-15.26,0.50,24.48,84.34,0.3064,847.6,0.0,100.0,16.3,0.0,867.4,902.7
121680,1.3707,-15.15,0.50,23.08,90.51,0.3063,850.0,0.0,100.0,17.2,100.0,865.6,941.7
121740,1.3713,-15.05,0.50,21.76,94.73,0.3066,852.5,100.0,100.0,1.4,100.0,897.2,943.3
121800,1.3720,-14.96,0.50,25.13,77.52,0.3069,855.0,0.0,100.0,0.0,0.0,922.8,916.2
121860,1.3727,-14.86,0.50,23.71,85.66,0.3067,857.4,0.0,100.0,0.0,100.0,934.0,882.3
121920,1.3734,-14.76,0.50,22.38,91.39,0.3070,859.8,100.0,100.0,0.0,0.0,902.7,896.1
121980,1.3740,-14.66,0.50,25.73,75.87,0.3069,862.2,0.0,100.0,8.1,0.0,883.7,893.4
122040,1.3747,-14.56,0.50,24.29,84.38,0.3067,864.7,0.0,100.0,0.0,100.0,934.8,914.6
122100,1.3754,-14.46,0.50,22.96,90.43,0.3070,867.1,100.0,100.0,0.0,0.0,901.8,885.2
122160,1.3761,-14.37,0.50,26.29,75.42,0.3069,869.5,0.0,100.0,9.2,100.0,881.6,864.3
122220,1.3767,-14.27,0.50,24.85,83.98,0.3070,871.8,0.0,100.0,0.0,0.0,926.9,906.0
122280,1.3774,-14.17,0.50,23.50,90.04,0.3069,874.2,0.0,100.0,2.6,100.0,894.7,895.3
122340,1.3781,-14.08,0.50,22.24,94.20,0.3072,876.6,100.0,100.0,0.0,0.0,900.9,841.8
122400,1.3788,-13.98,0.50,25.65,77.16,0.3072,878.9,0.0,100.0,9.1,0.0,881.7,901.6
122460,1.3794,-13.89,0.50,24.28,85.18,0.3070,881.3,0.0,100.0,4.5,0.0,891.1,922.4
122520,1.3801,-13.79,0.50,23.00,90.81,0.3069,883.6,100.0,100.0,0.0,0.0,907.6,895.5
122580,1.3808,-13.70,0.50,26.39,75.51,0.3068,885.9,0.0,100.0,0.0,0.0,908.1,884.8
122640,1.3815,-13.60,0.50,24.99,83.89,0.3067,888.2,0.0,100.0,0.0,0.0,911.8,896.5
122700,1.3821,-13.51,0.50,23.69,89.84,0.3066,890.5,0.0,100.0,17.8,100.0,864.5,876.9
122760,1.3828,-13.42,0.50,22.47,93.91,0.3068,892.8,100.0,100.0,3.3,0.0,893.4,904.6
122820,1.3835,-13.33,0.50,25.92,76.95,0.3068,895.1,0.0,100.0,6.7,0.0,886.6,914.9
122880,1.3842,-13.23,0.50,24.58,84.89,0.3066,897.3,0.0,100.0,17.8,0.0,864.4,904.6
122940,1.3848,-13.14,0.50,23.33,90.47,0.3065,899.6,0.0,100.0,2.2,0.0,895.6,905.4
123000,1.3855,-13.05,0.50,22.17,94.21,0.3064,901.8,100.0,100.0,0.0,0.0,903.8,874.7
123060,1.3862,-12.96,0.50,25.66,76.99,0.3064,904.1,0.0,100.0,28.6,100.0,842.8,872.8
123120,1.3869,-12.87,0.50,24.37,84.93,0.3066,906.3,0.0,100.0,0.0,0.0,914.9,933.1
123180,1.3876,-12.78,0.50,23.16,90.43,0.3065,908.5,0.0,100.0,8.8,0.0,882.3,868.7
123240,1.3882,-12.69,0.50,22.03,94.09,0.3064,910.7,100.0,100.0,0.0,100.0,921.9,896.8
123300,1.3889,-12.60,0.50,25.57,76.85,0.3067,912.9,0.0,100.0,5.1,100.0,889.8,891.9
123360,1.3896,-12.51,0.50,24.31,84.79,0.3069,915.1,0.0,100.0,0.0,100.0,901.8,886.1
123420,1.3903,-12.42,0.50,23.14,90.29,0.3071,917.2,0.0,100.0,0.0,100.0,924.9,904.4
123480,1.3909,-12.34,0.50,22.04,93.94,0.3073,919.4,100.0,100.0,6.2,0.0,887.7,918.5
123540,1.3916,-12.25,0.50,25.60,76.71,0.3073,921.5,0.0,100.0,0.0,0.0,923.0,924.0
123600,1.3923,-12.16,0.50,24.37,84.58,0.3071,923.7,0.0,100.0,19.3,0.0,861.3,862.9
123660,1.3930,-12.08,0.50,23.22,90.05,0.3070,925.8,0.0,100.0,0.0,100.0,937.2,928.7
123720,1.3936,-11.99,0.50,22.14,93.70,0.3073,927.9,100.0,100.0,11.4,0.0,877.3,905.4
123780,1.3943,-11.91,0.50,25.73,76.55,0.3072,930.0,0.0,100.0,14.0,100.0,872.0,926.6
123840,1.3950,-11.82,0.50,24.52,84.45,0.3074,932.1,0.0,100.0,7.5,0.0,884.9,886.8
123900,1.3957,-11.74,0.50,23.38,89.88,0.3073,934.2,0.0,100.0,15.0,100.0,870.1,882.2
123960,1.3963,-11.65,0.50,22.32,93.52,0.3076,936.2,100.0,100.0,8.2,0.0,883.6,906.1
124020,1.3970,-11.57,0.50,25.93,76.44,0.3075,938.3,0.0,100.0,0.0,0.0,943.0,891.5
124080,1.3977,-11.49,0.50,24.73,84.25,0.3074,940.3,0.0,100.0,1.9,0.0,896.1,886.8
124140,1.3984,-11.40,0.50,23.61,89.67,0.3072,942.4,0.0,100.0,9.8,0.0,880.4,887.5
124200,1.3990,-11.32,0.50,22.56,93.29,0.3072,944.4,100.0,100.0,5.5,0.0,889.1,908.9
124260,1.3997,-11.24,0.50,26.18,76.31,0.3071,946.4,0.0,100.0,3.7,0.0,892.6,881.1
124320,1.4004,-11.16,0.50,24.99,84.08,0.3069,948.4,0.0,100.0,6.5,0.0,887.0,866.7
124380,1.4011,-11.08,0.50,23.88,89.48,0.3068,950.4,0.0,100.0,5.7,0.0,888.7,888.0
124440,1.4017,-11.00,0.50,22.85,93.10,0.3068,952.3,100.0,100.0,0.0,100.0,900.6,945.8
124500,1.4024,-10.92,0.50,26.47,76.22,0.3070,954.3,0.0,100.0,0.0,0.0,935.5,935.1
124560,1.4031,-10.84,0.50,25.29,83.93,0.3069,956.2,0.0,100.0,1.8,0.0,896.4,904.5
124620,1.4038,-10.76,0.50,24.19,89.31,0.3068,958.2,0.0,100.0,3.4,100.0,893.2,910.7
124680,1.4044,-10.68,0.50,23.17,92.94,0.3070,960.1,100.0,100.0,9.2,0.0,881.7,890.4
124740,1.4051,-10.61,0.50,26.79,76.14,0.3070,962.0,0.0,100.0,0.0,100.0,923.7,909.0
124800,1.4058,-10.53,0.50,25.62,83.82,0.3071,963.9,0.0,100.0,0.0,0.0,907.1,940.6
124860,1.4065,-10.45,0.50,24.53,89.16,0.3070,965.8,0.0,100.0,0.0,0.0,907.2,947.4
124920,1.4072,-10.38,0.50,23.50,92.76,0.3069,967.7,0.0,100.0,21.7,0.0,856.5,885.5
124980,1.4078,-10.30,0.50,22.55,95.07,0.3069,969.6,100.0,100.0,0.0,0.0,917.2,865.3
125040,1.4085,-10.22,0.50,26.24,77.03,0.3068,971.4,0.0,100.0,0.0,0.0,933.3,928.6
125100,1.4092,-10.15,0.50,25.14,84.40,0.3067,973.2,0.0,100.0,0.0,0.0,904.1,857.6
125160,1.4099,-10.08,0.50,24.10,89.50,0.3066,975.1,0.0,100.0,0.0,100.0,910.4,891.8
125220,1.4105,-10.00,0.50,23.13,92.91,0.3068,976.9,0.0,100.0,0.0,0.0,901.9,871.5
125280,1.4112,-9.93,0.50,22.23,95.06,0.3068,978.7,100.0,100.0,8.2,100.0,883.7,882.1
125340,1.4119,-9.86,0.50,25.97,76.91,0.3071,980.5,0.0,100.0,9.1,100.0,881.8,926.1
125400,1.4126,-9.78,0.50,24.91,84.33,0.3072,982.3,0.0,100.0,17.4,0.0,865.2,878.2
125460,1.4132,-9.71,0.50,23.92,89.39,0.3071,984.0,0.0,100.0,0.0,0.0,943.0,881.1
125520,1.4139,-9.64,0.50,22.99,92.73,0.3070,985.8,100.0,100.0,7.0,100.0,886.0,895.9
125580,1.4146,-9.57,0.50,26.71,75.85,0.3073,987.5,0.0,100.0,0.0,0.0,905.2,873.0
125640,1.4153,-9.50,0.50,25.63,83.43,0.3071,989.3,0.0,100.0,0.0,0.0,907.9,889.6
125700,1.4159,-9.43,0.50,24.62,88.70,0.3070,991.0,0.0,100.0,0.0,100.0,905.5,862.2
125760,1.4166,-9.36,0.50,23.67,92.25,0.3073,992.7,0.0,100.0,0.8,100.0,898.5,887.7
125820,1.4173,-9.29,0.50,22.78,94.53,0.3075,994.4,100.0,100.0,17.4,100.0,865.1,871.4
125880,1.4180,-9.22,0.50,26.55,76.65,0.3078,996.1,0.0,100.0,10.2,0.0,879.6,873.8
125940,1.4186,-9.15,0.50,25.50,83.95,0.3077,997.7,0.0,100.0,4.3,0.0,891.4,884.3
126000,1.4193,-9.09,0.50,24.52,88.98,0.3076,999.4,0.0,100.0,0.0,0.0,948.2,880.0
126060,1.4200,-9.02,0.50,23.61,92.34,0.3075,1001.0,0.0,100.0,12.2,0.0,875.5,890.2
126120,1.4207,-8.95,0.50,22.75,94.49,0.3074,1002.7,100.0,100.0,0.0,0.0,910.2,883.4
126180,1.4213,-8.89,0.50,26.55,76.56,0.3074,1004.3,0.0,100.0,0.0,0.0,911.3,863.1
126240,1.4220,-8.82,0.50,25.53,83.84,0.3072,1005.9,0.0,100.0,4.8,0.0,890.3,873.9
126300,1.4227,-8.76,0.50,24.57,88.85,0.3071,1007.5,0.0,100.0,0.0,0.0,928.4,926.2
126360,1.4234,-8.69,0.50,23.68,92.18,0.3070,1009.1,0.0,100.0,5.1,0.0,889.7,915.1
126420,1.4240,-8.63,0.50,22.85,94.31,0.3069,1010.6,100.0,100.0,2.9,0.0,894.2,868.7
126480,1.4247,-8.57,0.50,26.66,76.44,0.3069,1012.2,0.0,100.0,9.4,0.0,881.2,870.5
126540,1.4254,-8.51,0.50,25.66,83.69,0.3067,1013.7,0.0,100.0,4.9,0.0,890.3,885.2
126600,1.4261,-8.44,0.50,24.73,88.68,0.3066,1015.2,0.0,100.0,6.2,0.0,887.6,874.9
126660,1.4268,-8.38,0.50,23.85,92.01,0.3065,1016.8,0.0,100.0,19.8,0.0,860.3,904.6
126720,1.4274,-8.32,0.50,23.03,94.14,0.3065,1018.3,100.0,100.0,0.0,100.0,902.5,947.6
126780,1.4281,-8.26,0.50,26.86,76.35,0.3068,1019.8,0.0,100.0,0.0,100.0,908.0,898.2
126840,1.4288,-8.20,0.50,25.87,83.60,0.3069,1021.2,0.0,100.0,16.7,100.0,866.5,928.1
126900,1.4295,-8.14,0.50,24.95,88.58,0.3071,1022.7,0.0,100.0,0.0,0.0,901.6,881.6
126960,1.4301,-8.08,0.50,24.08,91.88,0.3070,1024.1,0.0,100.0,12.3,100.0,875.4,889.5
127020,1.4308,-8.02,0.50,23.27,94.01,0.3073,1025.6,0.0,100.0,0.0,0.0,900.2,912.5
127080,1.4315,-7.97,0.50,22.52,95.30,0.3073,1027.0,100.0,100.0,0.0,0.0,901.3,904.3
127140,1.4322,-7.91,0.50,26.40,76.76,0.3072,1028.4,0.0,100.0,0.0,100.0,901.8,889.6
127200,1.4328,-7.85,0.50,25.47,83.88,0.3074,1029.8,0.0,100.0,2.5,0.0,894.9,870.2
127260,1.4335,-7.79,0.50,24.60,88.69,0.3073,1031.2,0.0,100.0,0.0,100.0,924.1,881.1
127320,1.4342,-7.74,0.50,23.78,91.90,0.3075,1032.6,0.0,100.0,7.7,100.0,884.5,871.6
127380,1.4349,-7.68,0.50,23.02,93.93,0.3078,1033.9,100.0,100.0,6.1,0.0,887.8,888.5
127440,1.4355,-7.63,0.50,26.90,76.14,0.3078,1035.3,0.0,100.0,23.8,100.0,852.4,900.4
127500,1.4362,-7.58,0.50,25.96,83.35,0.3079,1036.6,0.0,100.0,0.0,0.0,902.5,922.9
127560,1.4369,-7.52,0.50,25.08,88.27,0.3078,1037.9,0.0,100.0,0.0,0.0,917.2,881.8
127620,1.4376,-7.47,0.50,24.26,91.55,0.3077,1039.2,0.0,100.0,0.0,0.0,902.2,851.3
127680,1.4382,-7.42,0.50,23.49,93.66,0.3076,1040.5,0.0,100.0,0.0,100.0,906.9,894.8
127740,1.4389,-7.36,0.50,22.77,94.96,0.3079,1041.8,100.0,100.0,32.5,100.0,834.9,903.2
127800,1.4396,-7.31,0.50,26.69,76.55,0.3082,1043.1,0.0,100.0,0.1,100.0,899.9,864.7
127860,1.4403,-7.26,0.50,25.78,83.61,0.3084,1044.3,0.0,100.0,9.3,0.0,881.5,931.6
127920,1.4409,-7.21,0.50,24.94,88.40,0.3082,1045.6,0.0,100.0,0.0,0.0,900.7,853.3
127980,1.4416,-7.16,0.50,24.15,91.56,0.3082,1046.8,0.0,100.0,0.0,0.0,919.0,931.1
128040,1.4423,-7.11,0.50,23.41,93.59,0.3081,1048.0,0.0,100.0,15.6,0.0,868.7,896.4
128100,1.4430,-7.06,0.50,22.72,94.83,0.3080,1049.2,100.0,100.0,0.0,100.0,907.5,922.1
128160,1.4436,-7.02,0.50,26.67,76.44,0.3083,1050.4,0.0,100.0,0.0,0.0,900.1,891.9
128220,1.4443,-6.97,0.50,25.79,83.46,0.3082,1051.5,0.0,100.0,4.0,0.0,892.1,906.2
128280,1.4450,-6.92,0.50,24.97,88.24,0.3080,1052.7,0.0,100.0,16.7,0.0,866.5,869.6
128340,1.4457,-6.87,0.50,24.20,91.40,0.3080,1053.9,0.0,100.0,0.0,100.0,909.0,875.3
128400,1.4464,-6.83,0.50,23.48,93.44,0.3082,1055.0,0.0,100.0,7.2,0.0,885.6,884.0
128460,1.4470,-6.78,0.50,22.81,94.68,0.3082,1056.1,100.0,100.0,3.4,0.0,893.2,895.1
128520,1.4477,-6.74,0.50,26.77,76.33,0.3081,1057.2,0.0,100.0,0.0,0.0,900.3,899.0
128580,1.4484,-6.69,0.50,25.91,83.33,0.3080,1058.3,0.0,100.0,0.0,0.0,906.7,838.7
128640,1.4491,-6.65,0.50,25.10,88.10,0.3078,1059.4,0.0,100.0,0.0,0.0,900.5,859.4
128700,1.4497,-6.61,0.50,24.35,91.26,0.3077,1060.4,0.0,100.0,12.9,0.0,874.3,906.8
128760,1.4504,-6.56,0.50,23.64,93.28,0.3077,1061.5,0.0,100.0,16.1,0.0,867.9,920.6
128820,1.4511,-6.52,0.50,22.98,94.53,0.3076,1062.5,100.0,100.0,8.4,0.0,883.3,874.4
128880,1.4518,-6.48,0.50,26.95,76.25,0.3076,1063.5,0.0,100.0,2.4,100.0,895.2,910.4
128940,1.4524,-6.44,0.50,26.10,83.25,0.3077,1064.5,0.0,100.0,3.4,0.0,893.1,898.4
129000,1.4531,-6.40,0.50,25.31,88.00,0.3076,1065.5,0.0,100.0,15.9,0.0,868.2,889.3
129060,1.4538,-6.36,0.50,24.56,91.14,0.3075,1066.5,0.0,100.0,7.1,100.0,885.7,925.3
129120,1.4545,-6.32,0.50,23.86,93.18,0.3078,1067.5,0.0,100.0,0.4,0.0,899.2,935.7
129180,1.4551,-6.28,0.50,23.20,94.42,0.3077,1068.4,0.0,100.0,0.0,0.0,911.7,919.2
129240,1.4558,-6.24,0.50,22.59,95.14,0.3077,1069.4,100.0,100.0,1.2,0.0,897.6,922.4
129300,1.4565,-6.21,0.50,26.61,76.43,0.3077,1070.3,0.0,100.0,3.2,0.0,893.5,869.5
129360,1.4572,-6.17,0.50,25.80,83.35,0.3075,1071.2,0.0,100.0,2.5,0.0,894.9,863.9
129420,1.4578,-6.13,0.50,25.04,88.02,0.3074,1072.1,0.0,100.0,16.5,0.0,867.0,915.9
129480,1.4585,-6.10,0.50,24.33,91.11,0.3073,1073.0,0.0,100.0,0.0,0.0,911.0,878.1
129540,1.4592,-6.06,0.50,23.67,93.07,0.3072,1073.8,0.0,100.0,0.5,0.0,898.9,892.7
129600,1.4599,-6.03,0.50,23.04,94.28,0.3071,1074.7,0.0,100.0,17.4,0.0,865.1,885.0
129660,1.4605,-5.99,0.50,22.46,94.98,0.3071,1075.5,100.0,100.0,0.0,0.0,900.5,877.5
129720,1.4612,-5.96,0.50,26.51,76.29,0.3071,1076.4,0.0,100.0,3.9,0.0,892.2,829.3
129780,1.4619,-5.93,0.50,25.72,83.23,0.3069,1077.2,0.0,100.0,0.0,0.0,904.3,928.0
129840,1.4626,-5.89,0.50,24.99,87.91,0.3068,1078.0,0.0,100.0,8.2,0.0,883.7,904.3
129900,1.4632,-5.86,0.50,24.30,90.99,0.3067,1078.8,0.0,100.0,0.0,0.0,911.9,899.2
129960,1.4639,-5.83,0.50,23.66,92.95,0.3066,1079.5,0.0,100.0,0.0,0.0,900.7,908.5
130020,1.4646,-5.80,0.50,23.05,94.15,0.3065,1080.3,0.0,100.0,0.0,0.0,918.5,899.6
130080,1.4653,-5.77,0.50,22.49,94.85,0.3065,1081.0,100.0,100.0,3.7,100.0,892.5,899.3
130140,1.4660,-5.74,0.50,26.55,76.21,0.3068,1081.8,0.0,100.0,0.0,0.0,899.9,851.8
130200,1.4666,-5.71,0.50,25.78,83.15,0.3066,1082.5,0.0,100.0,4.7,0.0,890.6,861.5
130260,1.4673,-5.68,0.50,25.06,87.82,0.3065,1083.2,0.0,100.0,19.8,0.0,860.3,868.4
130320,1.4680,-5.66,0.50,24.38,90.88,0.3064,1083.9,0.0,100.0,12.5,100.0,875.0,899.9
130380,1.4687,-5.63,0.50,23.75,92.86,0.3066,1084.5,0.0,100.0,11.4,100.0,877.2,890.1
130440,1.4693,-5.60,0.50,23.16,94.07,0.3069,1085.2,100.0,100.0,9.7,0.0,880.6,886.2
130500,1.4700,-5.58,0.50,27.19,75.92,0.3069,1085.8,0.0,100.0,10.1,0.0,879.8,885.4
130560,1.4707,-5.55,0.50,26.40,82.85,0.3067,1086.5,0.0,100.0,0.0,0.0,902.2,937.5
130620,1.4714,-5.52,0.50,25.65,87.57,0.3066,1087.1,0.0,100.0,5.8,100.0,888.5,883.4
130680,1.4720,-5.50,0.50,24.96,90.72,0.3068,1087.7,0.0,100.0,4.0,0.0,891.9,911.5
130740,1.4727,-5.48,0.50,24.30,92.73,0.3067,1088.3,0.0,100.0,0.0,0.0,931.7,921.7
130800,1.4734,-5.45,0.50,23.69,93.98,0.3067,1088.8,0.0,100.0,6.0,0.0,887.9,919.1
130860,1.4741,-5.43,0.50,23.11,94.72,0.3066,1089.4,0.0,100.0,0.0,0.0,905.8,892.2
130920,1.4747,-5.41,0.50,22.57,95.13,0.3066,1089.9,100.0,100.0,0.0,0.0,907.8,894.8
130980,1.4754,-5.39,0.50,26.66,76.30,0.3066,1090.5,0.0,100.0,0.0,0.0,904.8,888.3
131040,1.4761,-5.37,0.50,25.91,83.15,0.3064,1091.0,0.0,100.0,16.6,0.0,866.7,886.2
131100,1.4768,-5.35,0.50,25.21,87.76,0.3062,1091.5,0.0,100.0,0.0,0.0,932.8,885.8
131160,1.4774,-5.33,0.50,24.55,90.79,0.3061,1092.0,0.0,100.0,0.6,0.0,898.7,895.7
131220,1.4781,-5.31,0.50,23.93,92.72,0.3061,1092.5,0.0,100.0,12.3,100.0,875.4,891.4
131280,1.4788,-5.29,0.50,23.35,93.93,0.3064,1092.9,0.0,100.0,11.9,100.0,876.2,867.7
131340,1.4795,-5.27,0.50,22.81,94.64,0.3066,1093.4,0.0,100.0,0.0,0.0,912.8,882.1
131400,1.4801,-5.25,0.50,22.30,95.01,0.3066,1093.8,100.0,100.0,0.0,100.0,908.0,862.5
131460,1.4808,-5.24,0.50,26.42,76.18,0.3069,1094.2,0.0,100.0,5.8,0.0,888.4,899.9
131520,1.4815,-5.22,0.50,25.69,83.09,0.3067,1094.6,0.0,100.0,0.0,0.0,906.2,880.1
131580,1.4822,-5.20,0.50,25.02,87.71,0.3066,1095.0,0.0,100.0,4.0,0.0,892.0,901.0
131640,1.4828,-5.19,0.50,24.38,90.73,0.3065,1095.4,0.0,100.0,0.0,0.0,910.9,880.2
131700,1.4835,-5.17,0.50,23.79,92.65,0.3064,1095.7,0.0,100.0,0.0,0.0,929.6,885.4
131760,1.4842,-5.16,0.50,23.23,93.83,0.3064,1096.1,0.0,100.0,8.4,0.0,883.2,878.3
131820,1.4849,-5.15,0.50,22.70,94.53,0.3063,1096.4,100.0,100.0,16.5,100.0,867.1,871.0
131880,1.4856,-5.13,0.50,26.80,76.01,0.3066,1096.7,0.0,100.0,0.0,100.0,931.9,861.4
131940,1.4862,-5.12,0.50,26.06,82.96,0.3067,1097.0,0.0,100.0,7.6,0.0,884.7,880.4
132000,1.4869,-5.11,0.50,25.37,87.59,0.3066,1097.3,0.0,100.0,5.7,0.0,888.5,843.2
132060,1.4876,-5.10,0.50,24.72,90.64,0.3065,1097.6,0.0,100.0,25.1,0.0,849.9,888.9
132120,1.4883,-5.09,0.50,24.11,92.59,0.3064,1097.8,0.0,100.0,10.1,0.0,879.8,881.0
132180,1.4889,-5.08,0.50,23.54,93.80,0.3064,1098.1,0.0,100.0,2.9,0.0,894.1,855.3
132240,1.4896,-5.07,0.50,23.00,94.52,0.3063,1098.3,100.0,100.0,4.3,0.0,891.3,895.6
132300,1.4903,-5.06,0.50,27.09,76.04,0.3063,1098.5,0.0,100.0,0.0,100.0,914.5,849.9
132360,1.4910,-5.05,0.50,26.34,82.94,0.3064,1098.7,0.0,100.0,10.5,0.0,878.9,873.1
132420,1.4916,-5.04,0.50,25.64,87.56,0.3063,1098.9,0.0,100.0,22.6,0.0,854.8,906.3
132480,1.4923,-5.04,0.50,24.98,90.61,0.3062,1099.1,0.0,100.0,26.0,0.0,848.1,887.8
132540,1.4930,-5.03,0.50,24.36,92.58,0.3061,1099.2,0.0,100.0,0.0,0.0,900.2,919.3
132600,1.4937,-5.03,0.50,23.77,93.80,0.3061,1099.4,0.0,100.0,3.9,0.0,892.2,892.3
132660,1.4943,-5.02,0.50,23.23,94.53,0.3060,1099.5,0.0,100.0,0.0,0.0,934.1,915.4
132720,1.4950,-5.02,0.50,22.71,94.93,0.3060,1099.6,100.0,100.0,11.2,100.0,877.5,909.5
132780,1.4957,-5.01,0.50,26.82,76.19,0.3063,1099.7,0.0,100.0,0.0,0.0,912.0,909.0
132840,1.4964,-5.01,0.50,26.09,83.03,0.3061,1099.8,0.0,100.0,24.3,0.0,851.4,904.3
132900,1.4970,-5.01,0.50,25.41,87.64,0.3060,1099.9,0.0,100.0,9.5,0.0,880.9,932.1
132960,1.4977,-5.00,0.50,24.76,90.66,0.3059,1099.9,0.0,100.0,0.0,100.0,910.0,931.6
133020,1.4984,-5.00,0.50,24.16,92.61,0.3061,1100.0,0.0,100.0,0.0,100.0,930.4,917.6
133080,1.4991,-5.00,0.50,23.59,93.82,0.3064,1100.0,0.0,100.0,0.0,0.0,912.4,948.3
133140,1.4997,-5.00,0.50,23.05,94.52,0.3064,1100.0,0.0,100.0,3.1,0.0,893.9,932.1
133200,1.5004,-5.00,0.50,22.55,94.92,0.3063,1100.0,100.0,100.0,0.0,0.0,912.4,899.1
133260,1.5011,-5.00,0.50,26.67,76.14,0.3063,1100.0,0.0,100.0,4.1,100.0,891.9,899.9
133320,1.5018,-5.00,0.50,25.95,83.07,0.3064,1100.0,0.0,100.0,0.0,0.0,927.6,887.2
133380,1.5025,-5.00,0.50,25.27,87.68,0.3063,1099.9,0.0,100.0,0.0,0.0,917.3,921.4
133440,1.5031,-5.01,0.50,24.64,90.69,0.3062,1099.8,0.0,100.0,0.0,0.0,901.3,898.7
133500,1.5038,-5.01,0.50,24.04,92.62,0.3061,1099.8,0.0,100.0,8.3,100.0,883.4,888.9
133560,1.5045,-5.01,0.50,23.48,93.82,0.3064,1099.7,0.0,100.0,6.1,0.0,887.9,902.8
133620,1.5052,-5.02,0.50,22.95,94.52,0.3064,1099.6,100.0,100.0,0.0,0.0,901.1,890.2
133680,1.5058,-5.02,0.50,27.04,76.03,0.3063,1099.5,0.0,100.0,6.3,0.0,887.4,868.5
133740,1.5065,-5.03,0.50,26.30,82.93,0.3061,1099.3,0.0,100.0,12.7,0.0,874.6,888.8
133800,1.5072,-5.03,0.50,25.60,87.57,0.3060,1099.2,0.0,100.0,14.3,100.0,871.4,882.8
133860,1.5079,-5.04,0.50,24.94,90.66,0.3062,1099.0,0.0,100.0,2.2,100.0,895.5,887.4
133920,1.5085,-5.05,0.50,24.32,92.64,0.3065,1098.9,0.0,100.0,0.0,0.0,911.9,889.3
133980,1.5092,-5.05,0.50,23.74,93.85,0.3064,1098.7,0.0,100.0,1.4,100.0,897.1,953.1
134040,1.5099,-5.06,0.50,23.19,94.59,0.3067,1098.5,0.0,100.0,17.3,0.0,865.4,887.2
134100,1.5106,-5.07,0.50,22.67,94.99,0.3067,1098.2,100.0,100.0,15.5,0.0,869.1,919.1
134160,1.5112,-5.08,0.50,26.77,76.21,0.3066,1098.0,0.0,100.0,0.0,0.0,920.9,937.3
134220,1.5119,-5.09,0.50,26.04,83.10,0.3065,1097.8,0.0,100.0,0.9,0.0,898.3,911.8
134280,1.5126,-5.10,0.50,25.35,87.72,0.3063,1097.5,0.0,100.0,3.3,100.0,893.4,917.2
134340,1.5133,-5.11,0.50,24.70,90.78,0.3066,1097.2,0.0,100.0,0.0,100.0,942.7,911.4
134400,1.5139,-5.12,0.50,24.09,92.73,0.3068,1096.9,0.0,100.0,6.3,0.0,887.4,886.9
134460,1.5146,-5.14,0.50,23.52,93.92,0.3068,1096.6,0.0,100.0,0.0,100.0,923.5,917.3
134520,1.5153,-5.15,0.50,22.97,94.64,0.3070,1096.3,100.0,100.0,0.0,0.0,912.0,883.4
134580,1.5160,-5.16,0.50,27.05,76.12,0.3070,1096.0,0.0,100.0,9.7,0.0,880.5,884.7
134640,1.5166,-5.18,0.50,26.30,83.02,0.3068,1095.6,0.0,100.0,1.5,0.0,897.1,891.6
134700,1.5173,-5.19,0.50,25.58,87.69,0.3067,1095.3,0.0,100.0,0.0,0.0,916.6,872.6
134760,1.5180,-5.21,0.50,24.91,90.76,0.3066,1094.9,0.0,100.0,6.9,0.0,886.2,927.9
134820,1.5187,-5.22,0.50,24.28,92.73,0.3065,1094.5,0.0,100.0,0.0,0.0,925.5,869.9
134880,1.5193,-5.24,0.50,23.69,93.96,0.3065,1094.1,0.0,100.0,8.6,0.0,882.8,869.1
134940,1.5200,-5.26,0.50,23.12,94.69,0.3064,1093.7,0.0,100.0,0.0,0.0,928.2,891.0
135000,1.5207,-5.27,0.50,22.59,95.10,0.3064,1093.2,100.0,100.0,27.8,0.0,844.4,867.9
135060,1.5214,-5.29,0.50,26.69,76.29,0.3063,1092.8,0.0,100.0,5.6,0.0,888.8,885.9
135120,1.5221,-5.31,0.50,25.94,83.22,0.3061,1092.3,0.0,100.0,10.8,0.0,878.4,914.9
135180,1.5227,-5.33,0.50,25.24,87.87,0.3060,1091.9,0.0,100.0,0.0,0.0,904.8,917.5
135240,1.5234,-5.35,0.50,24.58,90.91,0.3059,1091.4,0.0,100.0,2.5,0.0,895.1,900.1
135300,1.5241,-5.37,0.50,23.95,92.86,0.3059,1090.9,0.0,100.0,5.7,0.0,888.6,891.2
135360,1.5248,-5.39,0.50,23.37,94.06,0.3058,1090.3,0.0,100.0,24.6,0.0,850.9,912.9
135420,1.5254,-5.41,0.50,22.81,94.77,0.3058,1089.8,100.0,100.0,20.7,100.0,858.6,929.4
135480,1.5261,-5.44,0.50,26.88,76.20,0.3060,1089.3,0.0,100.0,0.0,0.0,901.4,896.5
135540,1.5268,-5.46,0.50,26.11,83.17,0.3059,1088.7,0.0,100.0,0.0,100.0,908.3,945.9
135600,1.5275,-5.48,0.50,25.39,87.89,0.3061,1088.1,0.0,100.0,0.0,0.0,931.7,900.3
135660,1.5281,-5.51,0.50,24.70,90.97,0.3060,1087.5,0.0,100.0,0.0,100.0,910.3,906.5
135720,1.5288,-5.53,0.50,24.06,92.95,0.3062,1086.9,0.0,100.0,3.7,0.0,892.7,852.9
135780,1.5295,-5.56,0.50,23.45,94.17,0.3062,1086.3,100.0,100.0,15.3,0.0,869.4,876.8
135840,1.5302,-5.58,0.50,27.47,76.05,0.3061,1085.7,0.0,100.0,2.1,0.0,895.8,887.3
135900,1.5308,-5.61,0.50,26.65,83.03,0.3059,1085.0,0.0,100.0,0.0,0.0,903.4,878.7
135960,1.5315,-5.63,0.50,25.88,87.78,0.3058,1084.4,0.0,100.0,0.0,100.0,916.5,860.7
136020,1.5322,-5.66,0.50,25.16,90.95,0.3060,1083.7,0.0,100.0,0.0,0.0,904.9,918.5
136080,1.5329,-5.69,0.50,24.47,92.99,0.3060,1083.0,0.0,100.0,7.5,0.0,885.1,907.3
136140,1.5335,-5.72,0.50,23.83,94.26,0.3059,1082.3,0.0,100.0,0.0,0.0,915.2,907.9
136200,1.5342,-5.75,0.50,23.22,95.02,0.3059,1081.6,100.0,100.0,0.0,0.0,901.7,882.0
136260,1.5349,-5.78,0.50,27.23,76.45,0.3058,1080.9,0.0,100.0,11.0,100.0,878.0,847.8
136320,1.5356,-5.81,0.50,26.42,83.40,0.3060,1080.1,0.0,100.0,9.7,0.0,880.7,863.6
136380,1.5362,-5.84,0.50,25.65,88.09,0.3058,1079.3,0.0,100.0,0.0,0.0,915.5,887.4
136440,1.5369,-5.87,0.50,24.92,91.18,0.3058,1078.6,0.0,100.0,8.0,0.0,884.0,849.3
136500,1.5376,-5.90,0.50,24.23,93.18,0.3057,1077.8,0.0,100.0,0.0,0.0,923.1,851.5
136560,1.5383,-5.94,0.50,23.58,94.42,0.3056,1077.0,0.0,100.0,25.6,0.0,848.8,908.7
136620,1.5389,-5.97,0.50,22.97,95.15,0.3056,1076.2,100.0,100.0,0.0,0.0,907.3,892.2
136680,1.5396,-6.00,0.50,26.98,76.50,0.3055,1075.3,0.0,100.0,21.0,0.0,858.0,886.4
136740,1.5403,-6.04,0.50,26.16,83.48,0.3054,1074.5,0.0,100.0,0.0,0.0,934.9,908.0
136800,1.5410,-6.07,0.50,25.39,88.20,0.3052,1073.6,0.0,100.0,0.0,0.0,902.7,907.3
136860,1.5417,-6.11,0.50,24.66,91.31,0.3051,1072.8,0.0,100.0,20.4,100.0,859.2,897.1
136920,1.5423,-6.14,0.50,23.96,93.32,0.3054,1071.9,0.0,100.0,0.0,0.0,927.0,882.3
136980,1.5430,-6.18,0.50,23.31,94.55,0.3054,1071.0,0.0,100.0,7.5,0.0,885.1,886.9
137040,1.5437,-6.22,0.50,22.70,95.28,0.3053,1070.1,100.0,100.0,0.0,100.0,900.5,905.5
137100,1.5444,-6.25,0.50,26.70,76.56,0.3056,1069.1,0.0,100.0,1.2,0.0,897.7,873.1
137160,1.5450,-6.29,0.50,25.88,83.61,0.3054,1068.2,0.0,100.0,0.0,0.0,920.3,916.4
137220,1.5457,-6.33,0.50,25.10,88.36,0.3053,1067.2,0.0,100.0,17.1,0.0,865.8,915.0
137280,1.5464,-6.37,0.50,24.36,91.48,0.3052,1066.3,0.0,100.0,0.0,0.0,910.5,909.7
137340,1.5471,-6.41,0.50,23.67,93.46,0.3051,1065.3,0.0,100.0,0.0,100.0,905.3,899.3
137400,1.5477,-6.45,0.50,23.01,94.70,0.3054,1064.3,0.0,100.0,0.0,0.0,913.1,875.7
137460,1.5484,-6.49,0.50,22.39,95.41,0.3054,1063.3,100.0,100.0,0.5,100.0,898.9,878.5
137520,1.5491,-6.53,0.50,26.40,76.61,0.3057,1062.3,0.0,100.0,0.0,0.0,907.5,923.3
137580,1.5498,-6.58,0.50,25.57,83.74,0.3055,1061.2,0.0,100.0,10.9,100.0,878.1,874.4
137640,1.5504,-6.62,0.50,24.78,88.55,0.3057,1060.2,0.0,100.0,6.6,100.0,886.8,908.7
137700,1.5511,-6.66,0.50,24.04,91.69,0.3059,1059.1,0.0,100.0,7.6,0.0,884.7,899.1
137760,1.5518,-6.71,0.50,23.34,93.66,0.3059,1058.0,0.0,100.0,0.0,0.0,921.8,874.6
137820,1.5525,-6.75,0.50,22.68,94.86,0.3058,1056.9,100.0,100.0,7.5,100.0,884.9,861.8
137880,1.5531,-6.79,0.50,26.65,76.45,0.3061,1055.8,0.0,100.0,5.5,0.0,889.0,917.4
137940,1.5538,-6.84,0.50,25.78,83.66,0.3059,1054.7,0.0,100.0,11.2,0.0,877.7,903.4
138000,1.5545,-6.89,0.50,24.96,88.52,0.3058,1053.6,0.0,100.0,13.8,0.0,872.4,890.8
138060,1.5552,-6.93,0.50,24.19,91.71,0.3057,1052.4,0.0,100.0,0.7,0.0,898.6,892.4
138120,1.5558,-6.98,0.50,23.46,93.74,0.3056,1051.3,0.0,100.0,8.3,0.0,883.4,896.1
138180,1.5565,-7.03,0.50,22.77,94.99,0.3056,1050.1,100.0,100.0,17.6,100.0,864.9,894.2
138240,1.5572,-7.08,0.50,26.71,76.58,0.3059,1048.9,0.0,100.0,0.0,100.0,906.8,921.8
138300,1.5579,-7.12,0.50,25.82,83.83,0.3060,1047.7,0.0,100.0,0.0,0.0,913.2,894.5
138360,1.5585,-7.17,0.50,24.97,88.69,0.3059,1046.5,0.0,100.0,0.0,0.0,910.7,896.1
138420,1.5592,-7.22,0.50,24.18,91.89,0.3058,1045.3,0.0,100.0,14.5,100.0,871.0,905.9
138480,1.5599,-7.27,0.50,23.42,93.95,0.3061,1044.0,0.0,100.0,0.0,100.0,904.0,890.9
138540,1.5606,-7.33,0.50,22.71,95.20,0.3064,1042.8,100.0,100.0,9.3,100.0,881.4,910.0
138600,1.5613,-7.38,0.50,26.63,76.72,0.3067,1041.5,0.0,100.0,18.3,0.0,863.4,896.1
138660,1.5619,-7.43,0.50,25.72,83.96,0.3065,1040.2,0.0,100.0,15.1,0.0,869.8,878.0
138720,1.5626,-7.48,0.50,24.85,88.85,0.3064,1038.9,0.0,100.0,0.0,0.0,913.6,910.3
138780,1.5633,-7.54,0.50,24.04,92.07,0.3063,1037.6,0.0,100.0,5.9,100.0,888.2,882.9
138840,1.5640,-7.59,0.50,23.27,94.13,0.3065,1036.3,0.0,100.0,0.0,0.0,905.8,929.3
138900,1.5646,-7.64,0.50,22.54,95.37,0.3065,1034.9,100.0,100.0,0.0,0.0,903.1,937.9
138960,1.5653,-7.70,0.50,26.44,76.81,0.3065,1033.6,0.0,100.0,9.4,0.0,881.2,918.1
139020,1.5660,-7.75,0.50,25.51,84.11,0.3063,1032.2,0.0,100.0,0.7,0.0,898.6,890.7
139080,1.5667,-7.81,0.50,24.64,89.03,0.3062,1030.9,0.0,100.0,0.0,0.0,902.3,902.8
139140,1.5673,-7.87,0.50,23.81,92.26,0.3061,1029.5,0.0,100.0,4.4,0.0,891.2,872.0
139200,1.5680,-7.92,0.50,23.03,94.31,0.3060,1028.1,0.0,100.0,15.4,0.0,869.1,906.6
139260,1.5687,-7.98,0.50,22.28,95.55,0.3060,1026.7,100.0,100.0,0.0,0.0,908.5,907.7
139320,1.5694,-8.04,0.50,26.17,76.91,0.3059,1025.2,0.0,100.0,19.9,0.0,860.2,875.3
139380,1.5700,-8.10,0.50,25.23,84.27,0.3057,1023.8,0.0,100.0,0.0,100.0,922.9,908.6
139440,1.5707,-8.16,0.50,24.35,89.26,0.3060,1022.3,0.0,100.0,8.8,100.0,882.4,885.2
139500,1.5714,-8.21,0.50,23.51,92.50,0.3062,1020.9,0.0,100.0,4.0,0.0,892.0,894.3
139560,1.5721,-8.28,0.50,22.71,94.53,0.3061,1019.4,100.0,100.0,0.0,100.0,918.1,848.7
139620,1.5727,-8.34,0.50,26.55,76.56,0.3064,1017.9,0.0,100.0,0.0,0.0,909.3,935.8
139680,1.5734,-8.40,0.50,25.57,84.05,0.3062,1016.4,0.0,100.0,22.4,0.0,855.2,894.1
139740,1.5741,-8.46,0.50,24.64,89.14,0.3061,1014.9,0.0,100.0,0.0,100.0,924.5,871.8
139800,1.5748,-8.52,0.50,23.76,92.50,0.3064,1013.3,0.0,100.0,0.0,100.0,916.0,897.8
139860,1.5754,-8.58,0.50,22.92,94.64,0.3066,1011.8,0.0,100.0,0.1,0.0,899.8,891.5
139920,1.5761,-8.65,0.50,22.13,95.92,0.3066,1010.2,100.0,100.0,15.1,100.0,869.9,893.4
139980,1.5768,-8.71,0.50,25.98,77.17,0.3069,1008.7,0.0,100.0,0.0,0.0,902.4,903.7
140040,1.5775,-8.77,0.50,24.99,84.61,0.3067,1007.1,0.0,100.0,0.1,0.0,899.8,893.0
140100,1.5781,-8.84,0.50,24.07,89.61,0.3066,1005.5,0.0,100.0,0.0,0.0,917.5,884.9
140160,1.5788,-8.91,0.50,23.19,92.87,0.3065,1003.9,0.0,100.0,0.0,100.0,907.4,893.9
140220,1.5795,-8.97,0.50,22.36,94.93,0.3068,1002.3,100.0,100.0,10.7,100.0,878.6,896.0
140280,1.5802,-9.04,0.50,26.16,76.81,0.3071,1000.6,0.0,100.0,3.1,0.0,893.9,900.8
140340,1.5809,-9.10,0.50,25.14,84.41,0.3069,999.0,0.0,100.0,0.0,100.0,901.1,908.3
140400,1.5815,-9.17,0.50,24.18,89.58,0.3071,997.3,0.0,100.0,5.0,0.0,889.9,916.4
140460,1.5822,-9.24,0.50,23.27,92.93,0.3070,995.6,0.0,100.0,0.8,100.0,898.4,849.3
140520,1.5829,-9.31,0.50,22.40,95.06,0.3073,994.0,100.0,100.0,4.5,0.0,891.1,876.2
140580,1.5836,-9.38,0.50,26.18,76.92,0.3073,992.3,0.0,100.0,9.3,100.0,881.5,891.5
140640,1.5842,-9.45,0.50,25.13,84.59,0.3074,990.6,0.0,100.0,29.2,0.0,841.6,905.9
140700,1.5849,-9.52,0.50,24.14,89.74,0.3073,988.8,0.0,100.0,5.1,0.0,889.9,886.9
140760,1.5856,-9.59,0.50,23.20,93.12,0.3072,987.1,0.0,100.0,0.0,0.0,900.4,894.4
140820,1.5863,-9.66,0.50,22.32,95.25,0.3072,985.4,100.0,100.0,2.6,100.0,894.8,840.6
140880,1.5869,-9.73,0.50,26.07,77.07,0.3075,983.6,0.0,100.0,4.7,0.0,890.5,908.8
140940,1.5876,-9.80,0.50,25.00,84.73,0.3073,981.8,0.0,100.0,11.1,100.0,877.9,885.2
141000,1.5883,-9.87,0.50,23.99,89.95,0.3075,980.0,0.0,100.0,0.0,100.0,920.8,871.7
141060,1.5890,-9.95,0.50,23.03,93.36,0.3078,978.2,100.0,100.0,8.3,100.0,883.4,905.3
141120,1.5896,-10.02,0.50,26.71,76.33,0.3080,976.4,0.0,100.0,0.0,0.0,926.1,888.0
141180,1.5903,-10.09,0.50,25.58,84.21,0.3078,974.6,0.0,100.0,25.4,0.0,849.1,845.9
141240,1.5910,-10.17,0.50,24.51,89.62,0.3077,972.8,0.0,100.0,10.4,0.0,879.3,909.8
141300,1.5917,-10.24,0.50,23.50,93.21,0.3076,970.9,0.0,100.0,0.0,0.0,904.6,876.1
141360,1.5923,-10.32,0.50,22.54,95.49,0.3076,969.1,100.0,100.0,0.0,0.0,916.9,889.2
141420,1.5930,-10.39,0.50,26.22,77.33,0.3076,967.2,0.0,100.0,0.0,100.0,901.3,953.8
141480,1.5937,-10.47,0.50,25.09,85.06,0.3077,965.3,0.0,100.0,5.0,0.0,890.1,930.6
141540,1.5944,-10.55,0.50,24.02,90.29,0.3076,963.4,0.0,100.0,1.9,0.0,896.3,876.8
141600,1.5950,-10.62,0.50,23.01,93.72,0.3075,961.5,100.0,100.0,16.5,0.0,867.1,901.3
141660,1.5957,-10.70,0.50,26.64,76.61,0.3075,959.6,0.0,100.0,2.0,0.0,896.1,899.9
141720,1.5964,-10.78,0.50,25.46,84.54,0.3073,957.7,0.0,100.0,14.6,0.0,870.8,862.6
141780,1.5971,-10.86,0.50,24.34,90.00,0.3072,955.8,0.0,100.0,8.6,0.0,882.8,882.3
141840,1.5977,-10.94,0.50,23.28,93.62,0.3071,953.8,100.0,100.0,0.0,0.0,956.0,875.4
141900,1.5984,-11.02,0.50,26.87,76.66,0.3070,951.8,0.0,100.0,0.0,0.0,899.9,902.9
141960,1.5991,-11.10,0.50,25.65,84.60,0.3069,949.9,0.0,100.0,0.0,100.0,913.3,873.5
142020,1.5998,-11.18,0.50,24.49,90.13,0.3071,947.9,0.0,100.0,0.0,0.0,900.9,887.7
142080,1.6005,-11.26,0.50,23.40,93.79,0.3070,945.9,0.0,100.0,19.1,100.0,861.8,909.2
142140,1.6011,-11.34,0.50,22.36,96.14,0.3073,943.9,100.0,100.0,22.3,0.0,855.4,895.2
142200,1.6018,-11.42,0.50,25.98,77.78,0.3072,941.8,0.0,100.0,0.0,0.0,943.3,899.7
142260,1.6025,-11.51,0.50,24.77,85.56,0.3071,939.8,0.0,100.0,15.6,0.0,868.8,904.5
142320,1.6032,-11.59,0.50,23.64,90.87,0.3070,937.8,0.0,100.0,0.0,100.0,909.9,849.0
142380,1.6038,-11.67,0.50,22.56,94.36,0.3072,935.7,100.0,100.0,0.0,0.0,916.1,901.0
142440,1.6045,-11.76,0.50,26.13,77.03,0.3072,933.6,0.0,100.0,0.0,0.0,911.5,891.8
142500,1.6052,-11.84,0.50,24.90,85.09,0.3070,931.6,0.0,100.0,0.0,0.0,914.9,908.8
142560,1.6059,-11.93,0.50,23.73,90.63,0.3069,929.5,0.0,100.0,12.9,0.0,874.2,902.6
142620,1.6065,-12.01,0.50,22.62,94.28,0.3068,927.4,100.0,100.0,0.0,0.0,910.6,860.3
142680,1.6072,-12.10,0.50,26.16,77.05,0.3068,925.3,0.0,100.0,21.7,100.0,856.6,932.5
142740,1.6079,-12.19,0.50,24.89,85.22,0.3069,923.1,0.0,100.0,10.2,0.0,879.5,909.9
142800,1.6086,-12.27,0.50,23.69,90.79,0.3068,921.0,0.0,100.0,9.6,0.0,880.7,910.0
142860,1.6092,-12.36,0.50,22.56,94.47,0.3067,918.8,100.0,100.0,6.9,0.0,886.2,879.0
142920,1.6099,-12.45,0.50,26.08,77.20,0.3067,916.7,0.0,100.0,0.0,0.0,957.5,911.2
142980,1.6106,-12.54,0.50,24.79,85.35,0.3065,914.5,0.0,100.0,0.0,0.0,914.3,915.4
143040,1.6113,-12.62,0.50,23.57,90.97,0.3064,912.3,0.0,100.0,0.0,0.0,903.6,915.7
143100,1.6119,-12.71,0.50,22.41,94.67,0.3063,910.1,100.0,100.0,11.8,0.0,876.4,898.1
143160,1.6126,-12.80,0.50,25.91,77.33,0.3063,907.9,0.0,100.0,0.0,0.0,931.1,906.7
143220,1.6133,-12.89,0.50,24.60,85.54,0.3061,905.7,0.0,100.0,0.0,100.0,917.2,881.5
143280,1.6140,-12.98,0.50,23.36,91.20,0.3063,903.5,0.0,100.0,7.4,0.0,885.2,911.7
143340,1.6146,-13.07,0.50,22.19,94.91,0.3063,901.3,100.0,100.0,0.0,0.0,904.0,889.1
143400,1.6153,-13.16,0.50,25.67,77.46,0.3062,899.0,0.0,100.0,4.4,0.0,891.3,890.9
143460,1.6160,-13.26,0.50,24.35,85.73,0.3060,896.8,0.0,100.0,17.7,0.0,864.6,900.0
143520,1.6167,-13.35,0.50,23.09,91.40,0.3059,894.5,100.0,100.0,3.9,100.0,892.1,900.0
143580,1.6173,-13.44,0.50,26.50,75.96,0.3062,892.2,0.0,100.0,2.5,100.0,895.0,919.3
143640,1.6180,-13.53,0.50,25.10,84.68,0.3064,889.9,0.0,100.0,0.0,0.0,910.5,905.1
143700,1.6187,-13.63,0.50,23.78,90.73,0.3062,887.6,0.0,100.0,11.7,0.0,876.5,873.6
143760,1.6194,-13.72,0.50,22.53,94.78,0.3062,885.3,100.0,100.0,20.2,0.0,859.6,905.2
143820,1.6201,-13.82,0.50,25.94,77.58,0.3061,883.0,0.0,100.0,0.0,100.0,931.3,902.1
143880,1.6207,-13.91,0.50,24.55,85.94,0.3063,880.7,0.0,100.0,0.0,0.0,906.8,899.0
143940,1.6214,-14.01,0.50,23.23,91.69,0.3062,878.3,0.0,100.0,14.8,100.0,870.4,881.5
144000,1.6221,-14.10,0.50,21.99,95.49,0.3064,876.0,100.0,100.0,0.0,0.0,940.2,889.8
144060,1.6228,-14.20,0.50,25.40,77.89,0.3064,873.6,0.0,100.0,2.1,0.0,895.8,881.8
144120,1.6234,-14.29,0.50,24.01,86.27,0.3062,871.2,0.0,100.0,7.8,0.0,884.4,891.4
144180,1.6241,-14.39,0.50,22.69,92.01,0.3061,868.9,100.0,100.0,3.4,0.0,893.2,914.3
144240,1.6248,-14.49,0.50,26.03,76.36,0.3061,866.5,0.0,100.0,0.0,0.0,901.8,919.5
144300,1.6255,-14.59,0.50,24.58,85.19,0.3059,864.1,0.0,100.0,4.6,0.0,890.9,917.8
144360,1.6261,-14.68,0.50,23.21,91.34,0.3058,861.6,0.0,100.0,0.0,0.0,905.4,864.3
144420,1.6268,-14.78,0.50,21.91,95.42,0.3057,859.2,100.0,100.0,0.0,0.0,903.6,884.0
144480,1.6275,-14.88,0.50,25.27,77.97,0.3057,856.8,0.0,100.0,0.0,0.0,905.1,846.4
144540,1.6282,-14.98,0.50,23.83,86.47,0.3055,854.3,0.0,100.0,0.0,0.0,927.8,869.3
144600,1.6288,-15.08,0.50,22.47,92.31,0.3054,851.9,100.0,100.0,3.3,0.0,893.4,867.9
144660,1.6295,-15.18,0.50,25.77,76.60,0.3053,849.4,0.0,100.0,0.0,0.0,909.8,894.3
144720,1.6302,-15.28,0.50,24.28,85.52,0.3052,846.9,0.0,100.0,12.2,100.0,875.6,847.7
144780,1.6309,-15.38,0.50,22.86,91.77,0.3054,844.5,0.0,100.0,0.0,0.0,900.6,914.4
144840,1.6315,-15.48,0.50,21.53,95.87,0.3053,842.0,100.0,100.0,10.6,0.0,878.8,870.1
144900,1.6322,-15.58,0.50,24.85,78.24,0.3053,839.5,0.0,100.0,2.3,100.0,895.4,854.5
144960,1.6329,-15.69,0.50,23.38,86.89,0.3055,837.0,0.0,100.0,0.0,0.0,912.8,868.9
145020,1.6336,-15.79,0.50,21.99,92.77,0.3054,834.4,100.0,100.0,5.6,0.0,888.8,842.6
145080,1.6342,-15.89,0.50,25.26,76.87,0.3053,831.9,0.0,100.0,0.0,0.0,903.1,856.4
145140,1.6349,-16.00,0.50,23.74,85.93,0.3051,829.4,0.0,100.0,0.0,0.0,901.4,830.6
145200,1.6356,-16.10,0.50,22.31,92.20,0.3050,826.8,100.0,100.0,14.8,0.0,870.4,881.2
145260,1.6363,-16.20,0.50,25.54,76.69,0.3050,824.2,0.0,100.0,19.7,100.0,860.6,891.0
145320,1.6369,-16.31,0.50,23.97,85.86,0.3051,821.7,0.0,100.0,22.7,0.0,854.7,865.9
145380,1.6376,-16.41,0.50,22.50,92.22,0.3050,819.1,100.0,100.0,5.5,100.0,889.1,865.1
145440,1.6383,-16.52,0.50,25.69,76.80,0.3053,816.5,0.0,100.0,2.2,100.0,895.6,877.6
145500,1.6390,-16.62,0.50,24.09,85.98,0.3054,813.9,0.0,100.0,0.0,100.0,900.6,885.7
145560,1.6397,-16.73,0.50,22.58,92.39,0.3057,811.3,100.0,100.0,0.0,0.0,914.6,913.7
145620,1.6403,-16.84,0.50,25.75,76.94,0.3056,808.7,0.0,100.0,10.0,0.0,879.9,892.5
145680,1.6410,-16.94,0.50,24.12,86.09,0.3054,806.0,0.0,100.0,5.1,0.0,889.9,893.5
145740,1.6417,-17.05,0.50,22.58,92.51,0.3053,803.4,100.0,100.0,0.0,100.0,903.6,917.4
145800,1.6424,-17.16,0.50,25.72,77.07,0.3056,800.8,0.0,100.0,12.0,0.0,876.0,874.9
145860,1.6430,-17.26,0.50,24.07,86.24,0.3054,798.1,0.0,100.0,2.6,0.0,894.8,892.3
145920,1.6437,-17.37,0.50,22.51,92.70,0.3053,795.4,100.0,100.0,7.2,0.0,885.6,897.8
145980,1.6444,-17.48,0.50,25.63,77.19,0.3053,792.8,0.0,100.0,0.0,0.0,903.2,879.3
146040,1.6451,-17.59,0.50,23.95,86.41,0.3051,790.1,0.0,100.0,5.0,0.0,889.9,878.1
146100,1.6457,-17.70,0.50,22.37,92.89,0.3050,787.4,100.0,100.0,15.7,0.0,868.5,896.9
146160,1.6464,-17.81,0.50,25.47,77.32,0.3049,784.7,0.0,100.0,2.5,100.0,895.0,873.7
146220,1.6471,-17.92,0.50,23.78,86.63,0.3051,782.0,0.0,100.0,4.4,100.0,891.2,902.2
146280,1.6478,-18.03,0.50,22.19,93.15,0.3053,779.3,100.0,100.0,18.6,0.0,862.8,902.4
146340,1.6484,-18.14,0.50,25.27,77.48,0.3053,776.6,0.0,100.0,0.0,0.0,928.9,893.8
146400,1.6491,-18.25,0.50,23.57,86.79,0.3051,773.8,0.0,100.0,17.3,0.0,865.4,910.4
146460,1.6498,-18.36,0.50,21.96,93.32,0.3050,771.1,100.0,100.0,0.0,0.0,908.8,899.5
146520,1.6505,-18.47,0.50,25.02,77.59,0.3050,768.3,0.0,100.0,5.6,100.0,888.8,895.5
146580,1.6511,-18.59,0.50,23.31,87.01,0.3051,765.6,0.0,100.0,16.0,0.0,868.1,915.9
146640,1.6518,-18.70,0.50,21.69,93.55,0.3050,762.8,100.0,100.0,0.0,0.0,908.1,893.5
146700,1.6525,-18.81,0.50,24.74,77.72,0.3050,760.0,0.0,100.0,9.9,100.0,880.2,902.1
146760,1.6532,-18.92,0.50,23.02,87.21,0.3051,757.3,0.0,100.0,3.0,0.0,893.9,922.1
146820,1.6538,-19.04,0.50,21.39,93.78,0.3050,754.5,100.0,100.0,0.0,100.0,907.8,928.2
146880,1.6545,-19.15,0.50,24.43,77.85,0.3053,751.7,0.0,100.0,0.0,100.0,921.2,903.6
146940,1.6552,-19.27,0.50,22.70,87.41,0.3055,748.9,100.0,100.0,12.6,100.0,874.7,889.8
147000,1.6559,-19.38,0.50,25.65,74.88,0.3057,746.0,0.0,100.0,0.0,0.0,901.9,902.7
147060,1.6565,-19.49,0.50,23.82,85.15,0.3055,743.2,0.0,100.0,9.5,0.0,881.1,884.4
147120,1.6572,-19.61,0.50,22.10,92.50,0.3054,740.4,100.0,100.0,3.0,0.0,894.0,892.9
147180,1.6579,-19.72,0.50,25.06,77.43,0.3054,737.5,0.0,100.0,0.0,0.0,903.2,913.4
147240,1.6586,-19.84,0.50,23.24,87.10,0.3052,734.7,0.0,100.0,5.3,100.0,889.4,869.4
147300,1.6593,-19.96,0.50,21.52,93.95,0.3054,731.8,100.0,100.0,0.0,100.0,925.7,902.5
147360,1.6599,-20.07,0.50,24.49,78.13,0.3057,729.0,0.0,100.0,9.1,100.0,881.8,905.5
147420,1.6606,-20.19,0.50,22.67,87.78,0.3059,726.1,100.0,100.0,3.4,100.0,893.1,912.2
147480,1.6613,-20.31,0.50,25.55,75.22,0.3061,723.2,0.0,100.0,3.2,100.0,893.7,907.1
147540,1.6620,-20.42,0.50,23.66,85.62,0.3063,720.3,0.0,100.0,6.0,0.0,888.1,906.6
147600,1.6626,-20.54,0.50,21.87,93.05,0.3062,717.4,100.0,100.0,5.1,100.0,889.7,906.6
147660,1.6633,-20.66,0.50,24.76,77.84,0.3065,714.5,0.0,100.0,1.8,0.0,896.4,895.7
147720,1.6640,-20.78,0.50,22.89,87.62,0.3063,711.6,100.0,100.0,10.6,100.0,878.9,872.6
147780,1.6647,-20.90,0.50,25.70,75.25,0.3065,708.7,0.0,100.0,9.3,0.0,881.4,889.7
147840,1.6653,-21.01,0.50,23.75,85.69,0.3064,705.8,0.0,100.0,1.9,0.0,896.1,883.3
147900,1.6660,-21.13,0.50,21.91,93.23,0.3063,702.9,100.0,100.0,14.7,0.0,870.5,876.5
147960,1.6667,-21.25,0.50,24.76,78.04,0.3062,699.9,0.0,100.0,0.0,100.0,913.7,881.6
148020,1.6674,-21.37,0.50,22.83,87.91,0.3064,697.0,0.0,100.0,0.0,0.0,901.8,895.0
148080,1.6680,-21.49,0.50,21.01,94.86,0.3063,694.0,100.0,100.0,4.5,0.0,890.9,907.8
148140,1.6687,-21.61,0.50,23.89,78.77,0.3063,691.1,0.0,100.0,7.3,0.0,885.4,920.9
148200,1.6694,-21.73,0.50,21.98,88.58,0.3061,688.1,100.0,100.0,4.8,0.0,890.5,915.4
148260,1.6701,-21.85,0.50,24.78,75.79,0.3060,685.1,0.0,100.0,6.5,0.0,886.9,888.7
148320,1.6707,-21.98,0.50,22.81,86.40,0.3058,682.1,100.0,100.0,0.0,100.0,905.0,952.0
148380,1.6714,-22.10,0.50,25.53,74.80,0.3061,679.1,0.0,100.0,0.0,100.0,907.9,891.4
148440,1.6721,-22.22,0.50,23.49,85.66,0.3062,676.2,0.0,100.0,19.5,0.0,861.0,885.7
148500,1.6728,-22.34,0.50,21.57,93.51,0.3061,673.2,100.0,100.0,4.2,0.0,891.6,897.8
148560,1.6734,-22.46,0.50,24.34,78.35,0.3061,670.1,0.0,100.0,5.9,0.0,888.3,901.0
148620,1.6741,-22.59,0.50,22.34,88.39,0.3059,667.1,100.0,100.0,0.9,0.0,898.1,897.9
148680,1.6748,-22.71,0.50,25.04,75.87,0.3058,664.1,0.0,100.0,19.9,0.0,860.2,864.7
148740,1.6755,-22.83,0.50,22.99,86.58,0.3057,661.1,100.0,100.0,7.3,0.0,885.4,909.2
148800,1.6761,-22.95,0.50,25.63,75.02,0.3056,658.0,0.0,100.0,2.5,100.0,894.9,880.9
148860,1.6768,-23.08,0.50,23.52,85.96,0.3057,655.0,0.0,100.0,0.0,0.0,902.4,921.1
148920,1.6775,-23.20,0.50,21.52,93.92,0.3056,652.0,100.0,100.0,10.4,0.0,879.1,912.1
148980,1.6782,-23.33,0.50,24.23,78.71,0.3056,648.9,0.0,100.0,0.0,0.0,924.0,904.6
149040,1.6789,-23.45,0.50,22.17,88.84,0.3054,645.8,100.0,100.0,0.0,100.0,908.8,897.9
149100,1.6795,-23.57,0.50,24.81,76.24,0.3057,642.8,0.0,100.0,16.2,100.0,867.6,909.2
149160,1.6802,-23.70,0.50,22.70,87.09,0.3058,639.7,100.0,100.0,0.2,0.0,899.6,902.7
149220,1.6809,-23.82,0.50,25.29,75.41,0.3057,636.6,0.0,100.0,14.4,0.0,871.2,925.8
149280,1.6816,-23.95,0.50,23.13,86.41,0.3056,633.5,0.0,100.0,12.9,0.0,874.3,913.1
149340,1.6822,-24.08,0.50,21.08,94.46,0.3055,630.4,100.0,100.0,0.0,100.0,907.1,911.3
149400,1.6829,-24.20,0.50,23.74,79.08,0.3058,627.3,0.0,100.0,11.8,0.0,876.3,894.8
149460,1.6836,-24.33,0.50,21.64,89.34,0.3056,624.2,100.0,100.0,0.6,0.0,898.7,897.7
149520,1.6843,-24.45,0.50,24.25,76.58,0.3055,621.1,0.0,100.0,0.0,0.0,902.6,919.5
149580,1.6849,-24.58,0.50,22.09,87.54,0.3054,618.0,100.0,100.0,0.0,100.0,904.7,970.5
149640,1.6856,-24.71,0.50,24.65,75.75,0.3056,614.9,0.0,100.0,0.0,0.0,902.6,898.5
149700,1.6863,-24.83,0.50,22.46,86.93,0.3054,611.8,100.0,100.0,0.0,100.0,901.8,941.3
149760,1.6870,-24.96,0.50,24.97,75.50,0.3057,608.6,0.0,100.0,0.0,0.0,924.7,895.9
149820,1.6876,-25.09,0.50,22.74,86.74,0.3055,605.5,100.0,100.0,0.4,0.0,899.2,888.3
149880,1.6883,-25.22,0.50,25.21,75.44,0.3054,602.4,0.0,100.0,5.1,0.0,889.7,934.6
149940,1.6890,-25.34,0.50,22.94,86.70,0.3052,599.2,0.0,100.0,14.2,100.0,871.6,891.4
150000,1.6897,-25.47,0.50,20.80,95.04,0.3055,596.1,100.0,100.0,0.0,0.0,916.9,899.3
150060,1.6903,-25.60,0.50,23.36,79.59,0.3054,592.9,0.0,100.0,10.5,0.0,879.0,893.1
150120,1.6910,-25.73,0.50,21.17,90.03,0.3053,589.7,100.0,100.0,0.0,100.0,901.0,882.0
150180,1.6917,-25.86,0.50,23.69,77.14,0.3056,586.6,0.0,100.0,0.0,100.0,909.7,890.6
150240,1.6924,-25.99,0.50,21.46,88.34,0.3057,583.4,100.0,100.0,0.0,100.0,902.2,907.3
150300,1.6930,-26.12,0.50,23.94,76.34,0.3060,580.2,0.0,100.0,6.2,100.0,887.5,861.3
150360,1.6937,-26.25,0.50,21.67,87.77,0.3061,577.0,100.0,100.0,10.7,0.0,878.6,873.3
150420,1.6944,-26.38,0.50,24.12,76.08,0.3061,573.8,0.0,100.0,4.6,0.0,890.7,889.4
150480,1.6951,-26.50,0.50,21.82,87.56,0.3059,570.7,100.0,100.0,0.0,100.0,900.2,874.1
150540,1.6957,-26.63,0.50,24.24,76.05,0.3061,567.5,0.0,100.0,5.8,0.0,888.4,892.1
150600,1.6964,-26.76,0.50,21.91,87.56,0.3060,564.2,100.0,100.0,31.0,0.0,838.0,877.4
150660,1.6971,-26.90,0.50,24.31,76.07,0.3059,561.0,0.0,100.0,4.3,0.0,891.3,923.8
150720,1.6978,-27.03,0.50,21.95,87.62,0.3057,557.8,100.0,100.0,0.0,0.0,900.9,914.6
150780,1.6985,-27.16,0.50,24.32,76.15,0.3056,554.6,0.0,100.0,0.0,0.0,901.8,860.8
150840,1.6991,-27.29,0.50,21.95,87.71,0.3055,551.4,100.0,100.0,20.5,0.0,859.0,900.4
150900,1.6998,-27.42,0.50,24.30,76.25,0.3054,548.2,0.0,100.0,4.3,0.0,891.4,915.2
150960,1.7005,-27.55,0.50,21.90,87.84,0.3052,544.9,100.0,100.0,0.0,0.0,914.9,892.4
151020,1.7012,-27.68,0.50,24.23,76.35,0.3051,541.7,0.0,100.0,3.0,0.0,893.9,893.9
151080,1.7018,-27.81,0.50,21.82,87.97,0.3050,538.4,100.0,100.0,8.8,0.0,882.4,901.4
151140,1.7025,-27.94,0.50,24.13,76.45,0.3049,535.2,0.0,100.0,14.6,0.0,870.8,945.0
151200,1.7032,-28.08,0.50,21.71,88.11,0.3047,532.0,100.0,100.0,0.0,100.0,902.5,918.3
151260,1.7039,-28.21,0.50,24.01,76.58,0.3050,528.7,0.0,100.0,0.0,0.0,900.3,887.1
151320,1.7045,-28.34,0.50,21.57,88.27,0.3048,525.4,100.0,100.0,4.7,0.0,890.6,888.3
151380,1.7052,-28.47,0.50,23.85,76.68,0.3048,522.2,0.0,100.0,14.0,0.0,872.1,865.3
151440,1.7059,-28.61,0.50,21.40,88.41,0.3046,518.9,100.0,100.0,0.0,0.0,907.9,873.0
151500,1.7066,-28.74,0.50,23.67,76.78,0.3045,515.6,0.0,100.0,8.0,0.0,883.9,915.1
151560,1.7072,-28.87,0.50,21.21,88.56,0.3044,512.4,100.0,100.0,0.0,0.0,906.4,891.6
151620,1.7079,-29.01,0.50,23.48,76.88,0.3043,509.1,0.0,100.0,0.0,0.0,924.3,894.0
151680,1.7086,-29.14,0.50,21.00,88.72,0.3041,505.8,100.0,100.0,0.0,0.0,907.2,903.7
151740,1.7093,-29.27,0.50,23.26,76.99,0.3041,502.5,0.0,100.0,1.5,0.0,897.0,899.3
151800,1.7099,-29.41,0.50,20.78,88.87,0.3039,499.2,100.0,100.0,7.2,0.0,885.5,904.5
151860,1.7106,-29.54,0.50,23.02,77.09,0.3038,495.9,0.0,100.0,0.0,0.0,920.7,866.7
151920,1.7113,-29.67,0.50,20.53,89.04,0.3037,492.7,100.0,100.0,0.0,100.0,900.0,916.3
151980,1.7120,-29.81,0.50,22.77,77.21,0.3039,489.4,0.0,100.0,13.4,100.0,873.2,863.7
152040,1.7126,-29.94,0.50,20.28,89.26,0.3041,486.1,100.0,100.0,0.0,0.0,915.0,871.7
152100,1.7133,-30.08,0.50,22.51,77.33,0.3041,482.7,100.0,100.0,0.0,0.0,907.2,875.1
152160,1.7140,-30.21,0.50,24.60,70.97,0.3039,479.4,0.0,100.0,11.9,0.0,876.3,899.5
152220,1.7147,-30.34,0.50,21.96,84.30,0.3037,476.1,100.0,100.0,0.0,0.0,906.8,880.8
152280,1.7153,-30.48,0.50,24.07,74.86,0.3036,472.8,0.0,100.0,13.8,100.0,872.4,911.9
152340,1.7160,-30.61,0.50,21.44,87.41,0.3038,469.5,100.0,100.0,14.4,100.0,871.2,889.0
152400,1.7167,-30.75,0.50,23.55,76.59,0.3040,466.2,0.0,100.0,0.0,0.0,905.7,899.9
152460,1.7174,-30.88,0.50,20.93,88.79,0.3039,462.8,100.0,100.0,6.9,0.0,886.1,909.4
152520,1.7181,-31.02,0.50,23.05,77.30,0.3038,459.5,0.0,100.0,0.0,0.0,915.9,898.5
152580,1.7187,-31.15,0.50,20.44,89.44,0.3037,456.2,100.0,100.0,0.0,0.0,903.6,908.8
152640,1.7194,-31.29,0.50,22.57,77.65,0.3036,452.9,100.0,100.0,16.7,0.0,866.7,898.8
152700,1.7201,-31.43,0.50,24.55,71.27,0.3035,449.5,0.0,100.0,0.0,100.0,914.6,902.9
152760,1.7208,-31.56,0.50,21.82,84.75,0.3036,446.2,100.0,100.0,0.0,100.0,911.2,883.8
152820,1.7214,-31.70,0.50,23.83,75.30,0.3038,442.8,0.0,100.0,0.0,0.0,909.4,921.7
152880,1.7221,-31.83,0.50,21.12,87.92,0.3037,439.5,100.0,100.0,0.0,0.0,922.8,904.1
152940,1.7228,-31.97,0.50,23.15,77.00,0.3036,436.1,0.0,100.0,1.0,100.0,898.1,911.5
153000,1.7235,-32.11,0.50,20.46,89.41,0.3038,432.8,100.0,100.0,8.5,100.0,883.0,866.7
153060,1.7241,-32.24,0.50,22.51,77.81,0.3041,429.4,100.0,100.0,10.5,100.0,879.0,903.2
153120,1.7248,-32.38,0.50,24.42,71.50,0.3043,426.1,0.0,100.0,6.6,0.0,886.8,869.0
153180,1.7255,-32.51,0.50,21.62,85.01,0.3041,422.7,100.0,100.0,0.0,100.0,907.0,863.4
153240,1.7262,-32.65,0.50,23.57,75.56,0.3043,419.4,0.0,100.0,12.3,100.0,875.4,871.6
153300,1.7268,-32.79,0.50,20.80,88.36,0.3045,416.0,100.0,100.0,1.4,0.0,897.1,900.1
153360,1.7275,-32.92,0.50,22.77,77.36,0.3044,412.7,100.0,100.0,0.0,0.0,914.9,910.5
153420,1.7282,-33.06,0.50,24.61,71.26,0.3043,409.3,0.0,100.0,6.3,100.0,887.3,924.6
153480,1.7289,-33.20,0.50,21.75,84.92,0.3044,405.9,100.0,100.0,24.8,100.0,850.5,917.7
153540,1.7295,-33.33,0.50,23.63,75.62,0.3047,402.6,0.0,100.0,7.5,0.0,885.1,881.1
153600,1.7302,-33.47,0.50,20.80,88.44,0.3045,399.2,100.0,100.0,0.0,100.0,919.4,894.4
153660,1.7309,-33.61,0.50,22.72,77.54,0.3048,395.8,100.0,100.0,2.6,0.0,894.8,909.6
153720,1.7316,-33.74,0.50,24.51,71.43,0.3047,392.4,0.0,100.0,0.0,100.0,906.2,906.8
153780,1.7322,-33.88,0.50,21.59,85.15,0.3048,389.1,100.0,100.0,0.0,0.0,903.7,865.5
153840,1.7329,-34.02,0.50,23.43,75.80,0.3047,385.7,0.0,100.0,0.0,0.0,931.3,904.7
153900,1.7336,-34.16,0.50,20.56,88.70,0.3046,382.3,100.0,100.0,19.8,100.0,860.4,915.6
153960,1.7343,-34.29,0.50,22.43,77.76,0.3048,378.9,100.0,100.0,0.0,100.0,936.7,900.8
154020,1.7349,-34.43,0.50,24.19,71.66,0.3050,375.5,0.0,100.0,0.0,0.0,925.9,937.2
154080,1.7356,-34.57,0.50,21.24,85.40,0.3049,372.2,100.0,100.0,1.2,100.0,897.5,925.3
154140,1.7363,-34.71,0.50,23.04,76.03,0.3051,368.8,0.0,100.0,1.6,100.0,896.9,921.8
154200,1.7370,-34.84,0.50,20.13,89.09,0.3053,365.4,100.0,100.0,0.0,100.0,902.7,911.4
154260,1.7377,-34.98,0.50,21.98,78.04,0.3056,362.0,100.0,100.0,0.0,100.0,909.3,870.7
154320,1.7383,-35.12,0.50,23.71,71.88,0.3058,358.6,0.0,100.0,14.9,0.0,870.1,870.4
154380,1.7390,-35.26,0.50,20.73,85.74,0.3056,355.2,100.0,100.0,0.0,0.0,916.0,891.4
154440,1.7397,-35.39,0.50,22.51,76.25,0.3055,351.8,100.0,100.0,17.7,100.0,864.5,885.3
154500,1.7404,-35.53,0.50,24.17,70.85,0.3057,348.5,0.0,100.0,0.0,100.0,941.2,901.5
154560,1.7410,-35.67,0.50,21.13,84.94,0.3059,345.1,100.0,100.0,7.1,0.0,885.8,895.7
154620,1.7417,-35.81,0.50,22.85,75.87,0.3058,341.7,100.0,100.0,0.0,0.0,932.6,887.0
154680,1.7424,-35.95,0.50,24.46,70.61,0.3057,338.3,0.0,100.0,0.0,0.0,900.0,917.0
154740,1.7431,-36.08,0.50,21.37,84.65,0.3055,334.9,100.0,100.0,0.0,100.0,913.1,909.8
154800,1.7437,-36.22,0.50,23.04,75.81,0.3058,331.5,0.0,100.0,16.3,0.0,867.4,871.9
154860,1.7444,-36.36,0.50,20.01,89.05,0.3056,328.1,100.0,100.0,0.0,0.0,909.2,892.1
154920,1.7451,-36.50,0.50,21.74,78.21,0.3056,324.7,100.0,100.0,0.0,0.0,909.4,893.7
154980,1.7458,-36.63,0.50,23.36,72.05,0.3054,321.3,0.0,100.0,3.6,100.0,892.7,905.2
155040,1.7464,-36.77,0.50,20.28,86.12,0.3056,317.9,100.0,100.0,0.0,0.0,924.3,919.4
155100,1.7471,-36.91,0.50,21.96,76.62,0.3055,314.5,100.0,100.0,0.0,0.0,925.6,864.3
155160,1.7478,-37.05,0.50,23.53,71.13,0.3054,311.1,0.0,100.0,1.7,100.0,896.6,900.7
155220,1.7485,-37.19,0.50,20.41,85.39,0.3056,307.7,100.0,100.0,4.4,0.0,891.2,916.0
155280,1.7491,-37.32,0.50,22.05,76.26,0.3055,304.3,100.0,100.0,8.7,100.0,882.5,875.1
155340,1.7498,-37.46,0.50,23.58,70.97,0.3057,300.9,0.0,100.0,26.2,0.0,847.6,890.3
155400,1.7505,-37.60,0.50,20.43,85.22,0.3056,300.0,0.0,0.0,0.0,0.0,954.6,883.9
155460,1.7512,-37.74,0.50,16.97,96.19,0.3056,0.0,100.0,0.0,7.8,0.0,884.4,930.7
155520,1.7518,-37.88,0.50,18.29,83.24,0.3056,0.0,100.0,0.0,0.0,0.0,920.3,897.6
155580,1.7525,-38.01,0.50,19.53,73.74,0.3056,0.0,0.0,0.0,0.0,0.0,907.8,925.9
155640,1.7532,-38.15,0.50,16.10,84.68,0.3056,0.0,100.0,0.0,0.0,0.0,910.5,945.8
155700,1.7539,-38.29,0.50,17.46,74.41,0.3056,0.0,100.0,0.0,0.0,0.0,922.0,916.1
155760,1.7545,-38.43,0.50,18.72,66.93,0.3056,0.0,0.0,0.0,0.0,0.0,917.4,903.7
155820,1.7552,-38.57,0.50,15.31,77.84,0.3055,0.0,100.0,0.0,0.0,0.0,950.7,924.8
155880,1.7559,-38.70,0.50,16.69,69.16,0.3055,0.0,100.0,0.0,6.4,100.0,887.2,915.9
155940,1.7566,-38.84,0.50,17.98,62.94,0.3059,0.0,100.0,0.0,0.0,0.0,903.6,954.8
156000,1.7573,-38.98,0.50,19.18,58.35,0.3059,0.0,0.0,0.0,0.0,100.0,920.0,901.6
156060,1.7579,-39.12,0.50,15.71,69.44,0.3062,0.0,100.0,0.0,0.0,100.0,936.3,918.9
156120,1.7586,-39.26,0.50,17.03,63.03,0.3065,0.0,100.0,0.0,0.0,0.0,916.2,914.0
156180,1.7593,-39.39,0.50,18.26,58.31,0.3065,0.0,0.0,0.0,2.5,0.0,895.0,899.0
156240,1.7600,-39.53,0.50,14.83,69.28,0.3065,0.0,100.0,0.0,0.0,0.0,938.4,926.2
156300,1.7606,-39.67,0.50,16.17,62.72,0.3065,0.0,100.0,0.0,0.0,100.0,927.2,900.0
156360,1.7613,-39.81,0.50,17.43,58.08,0.3069,0.0,100.0,0.0,0.0,0.0,918.4,944.5
156420,1.7620,-39.94,0.50,18.61,54.20,0.3069,0.0,0.0,0.0,0.0,0.0,927.9,894.6
156480,1.7627,-40.08,0.50,15.12,65.21,0.3069,0.0,100.0,0.0,9.6,0.0,880.9,931.6
156540,1.7633,-40.22,0.50,16.42,59.74,0.3069,0.0,100.0,0.0,0.0,0.0,950.2,909.7
156600,1.7640,-40.36,0.50,17.63,55.60,0.3069,0.0,100.0,0.0,0.0,0.0,960.8,957.8
156660,1.7647,-40.49,0.50,18.76,52.03,0.3069,0.0,0.0,0.0,0.0,0.0,935.3,944.5
156720,1.7654,-40.63,0.50,15.23,63.08,0.3069,0.0,100.0,0.0,1.4,0.0,897.1,955.7
156780,1.7660,-40.77,0.50,16.49,58.19,0.3069,0.0,100.0,0.0,0.0,100.0,943.7,904.7
156840,1.7667,-40.91,0.50,17.66,54.40,0.3072,0.0,100.0,0.0,0.0,0.0,942.8,924.4
156900,1.7674,-41.04,0.50,18.76,51.02,0.3072,0.0,0.0,0.0,0.0,0.0,934.7,948.8
156960,1.7681,-41.18,0.50,15.20,62.11,0.3072,0.0,100.0,0.0,0.8,100.0,898.4,947.2
157020,1.7687,-41.32,0.50,16.42,57.59,0.3075,0.0,100.0,0.0,0.0,0.0,978.7,944.0
157080,1.7694,-41.46,0.50,17.57,53.80,0.3075,0.0,100.0,0.0,0.0,0.0,931.7,935.9
157140,1.7701,-41.59,0.50,18.64,50.54,0.3075,0.0,0.0,0.0,4.6,0.0,890.9,920.9
157200,1.7708,-41.73,0.50,15.05,61.66,0.3075,0.0,100.0,0.0,0.0,0.0,925.2,919.2
157260,1.7714,-41.87,0.50,16.25,57.16,0.3075,0.0,100.0,0.0,0.0,0.0,937.6,943.0
157320,1.7721,-42.00,0.50,17.38,53.47,0.3075,0.0,100.0,0.0,0.0,0.0,926.5,927.2
157380,1.7728,-42.14,0.50,18.43,50.28,0.3075,0.0,0.0,0.0,0.0,100.0,925.6,970.2
157440,1.7735,-42.28,0.50,14.82,61.59,0.3078,0.0,100.0,0.0,0.0,0.0,901.0,936.1
157500,1.7741,-42.41,0.50,16.00,57.11,0.3078,0.0,100.0,0.0,0.0,0.0,939.9,951.2
157560,1.7748,-42.55,0.50,17.11,53.48,0.3078,0.0,100.0,0.0,0.0,0.0,972.7,953.0
157620,1.7755,-42.68,0.50,18.14,50.34,0.3078,0.0,0.0,0.0,0.0,0.0,948.0,867.3
157680,1.7762,-42.82,0.50,14.52,61.53,0.3078,0.0,100.0,0.0,0.0,100.0,908.0,928.1
157740,1.7769,-42.96,0.50,15.69,57.17,0.3082,0.0,100.0,0.0,0.0,0.0,926.9,940.2
157800,1.7775,-43.09,0.50,16.78,53.57,0.3082,0.0,100.0,0.0,0.0,0.0,927.8,947.7
157860,1.7782,-43.23,0.50,17.80,50.45,0.3082,0.0,0.0,0.0,0.0,0.0,941.5,925.0
157920,1.7789,-43.36,0.50,14.16,61.68,0.3082,0.0,100.0,0.0,0.0,0.0,932.9,921.0
157980,1.7796,-43.50,0.50,15.32,57.16,0.3082,0.0,100.0,0.0,0.0,0.0,930.9,957.2
158040,1.7802,-43.64,0.50,16.41,53.59,0.3081,0.0,100.0,0.0,0.0,0.0,936.2,909.1
158100,1.7809,-43.77,0.50,17.42,50.49,0.3081,0.0,100.0,0.0,0.0,100.0,917.9,917.2
158160,1.7816,-43.91,0.50,18.36,47.94,0.3085,0.0,0.0,0.0,0.0,0.0,934.9,950.0
158220,1.7823,-44.04,0.50,14.65,59.19,0.3085,0.0,100.0,0.0,0.0,0.0,947.5,923.0
158280,1.7829,-44.18,0.50,15.74,55.37,0.3085,0.0,100.0,0.0,0.0,0.0,939.9,976.3
158340,1.7836,-44.31,0.50,16.75,52.13,0.3085,0.0,100.0,0.0,0.0,0.0,931.2,951.1
158400,1.7843,-44.45,0.50,17.70,49.30,0.3085,0.0,100.0,0.0,0.0,0.0,913.5,937.4
158460,1.7850,-44.58,0.50,18.59,46.83,0.3085,0.0,0.0,0.0,0.0,0.0,932.4,910.6
158520,1.7856,-44.72,0.50,14.82,58.12,0.3085,0.0,100.0,0.0,0.0,0.0,919.7,941.7
158580,1.7863,-44.85,0.50,15.86,54.61,0.3085,0.0,100.0,0.0,0.0,100.0,961.4,950.2
158640,1.7870,-44.99,0.50,16.83,51.71,0.3088,0.0,100.0,0.0,0.0,0.0,937.9,929.8
158700,1.7877,-45.12,0.50,17.74,49.04,0.3088,0.0,100.0,0.0,0.0,0.0,941.9,909.2
158760,1.7883,-45.25,0.50,18.58,46.70,0.3088,0.0,0.0,0.0,0.0,100.0,978.2,932.3
158820,1.7890,-45.39,0.50,14.78,58.20,0.3091,0.0,100.0,0.0,0.0,0.0,968.4,940.9
158880,1.7897,-45.52,0.50,15.78,54.71,0.3091,0.0,100.0,0.0,0.0,100.0,959.1,943.0
158940,1.7904,-45.66,0.50,16.71,51.92,0.3094,0.0,100.0,0.0,0.0,0.0,945.8,952.2
159000,1.7910,-45.79,0.50,17.59,49.33,0.3094,0.0,100.0,0.0,0.0,0.0,941.0,960.4
159060,1.7917,-45.92,0.50,18.40,47.06,0.3094,0.0,0.0,0.0,0.0,0.0,923.6,899.1
159120,1.7924,-46.06,0.50,14.56,58.45,0.3094,0.0,100.0,0.0,0.0,0.0,918.9,950.8
159180,1.7931,-46.19,0.50,15.54,54.92,0.3094,0.0,100.0,0.0,0.0,0.0,966.0,905.1
159240,1.7937,-46.32,0.50,16.45,52.04,0.3094,0.0,100.0,0.0,0.0,0.0,922.9,914.2
159300,1.7944,-46.45,0.50,17.30,49.51,0.3094,0.0,100.0,0.0,0.0,0.0,942.4,941.1
159360,1.7951,-46.59,0.50,18.09,47.29,0.3094,0.0,100.0,0.0,0.0,0.0,979.4,921.1
159420,1.7958,-46.72,0.50,18.82,45.33,0.3094,0.0,0.0,0.0,0.0,0.0,945.1,972.7
159480,1.7965,-46.85,0.50,14.92,56.73,0.3094,0.0,100.0,0.0,0.0,100.0,963.6,922.9
159540,1.7971,-46.98,0.50,15.82,53.82,0.3098,0.0,100.0,0.0,0.0,0.0,911.4,959.1
159600,1.7978,-47.12,0.50,16.67,51.20,0.3098,0.0,100.0,0.0,0.0,0.0,911.7,916.5
159660,1.7985,-47.25,0.50,17.46,48.89,0.3098,0.0,100.0,0.0,0.0,0.0,915.9,936.8
159720,1.7992,-47.38,0.50,18.19,46.86,0.3098,0.0,0.0,0.0,0.0,100.0,943.5,955.4
159780,1.7998,-47.51,0.50,14.28,58.52,0.3101,0.0,100.0,0.0,0.0,0.0,969.0,943.8
159840,1.8005,-47.64,0.50,15.19,55.03,0.3101,0.0,100.0,0.0,0.0,0.0,950.0,965.5
159900,1.8012,-47.77,0.50,16.03,52.34,0.3101,0.0,100.0,0.0,0.0,0.0,924.1,950.9
159960,1.8019,-47.90,0.50,16.82,49.98,0.3101,0.0,100.0,0.0,0.0,0.0,953.5,957.2
160020,1.8025,-48.03,0.50,17.55,47.89,0.3101,0.0,100.0,0.0,0.0,0.0,928.1,914.0
160080,1.8032,-48.16,0.50,18.23,46.05,0.3101,0.0,0.0,0.0,0.0,0.0,928.0,915.3
160140,1.8039,-48.29,0.50,14.27,57.57,0.3101,0.0,100.0,0.0,0.0,0.0,924.2,897.6
160200,1.8046,-48.42,0.50,15.14,54.35,0.3101,0.0,100.0,0.0,0.0,100.0,932.1,953.6
160260,1.8052,-48.55,0.50,15.94,51.99,0.3104,0.0,100.0,0.0,0.0,0.0,927.2,925.9
160320,1.8059,-48.68,0.50,16.68,49.76,0.3104,0.0,100.0,0.0,0.0,0.0,959.4,956.7
160380,1.8066,-48.81,0.50,17.38,47.79,0.3104,0.0,100.0,0.0,0.0,0.0,921.2,922.1
160440,1.8073,-48.94,0.50,18.02,46.05,0.3104,0.0,0.0,0.0,0.0,100.0,963.1,971.4
160500,1.8079,-49.07,0.50,14.03,57.80,0.3107,0.0,100.0,0.0,0.0,0.0,945.1,941.4
160560,1.8086,-49.20,0.50,14.86,54.55,0.3107,0.0,100.0,0.0,0.0,100.0,941.5,892.6
160620,1.8093,-49.33,0.50,15.63,52.26,0.3111,0.0,100.0,0.0,0.0,100.0,924.9,941.1
160680,1.8100,-49.46,0.50,16.35,50.26,0.3114,0.0,100.0,0.0,0.0,100.0,951.9,966.4
160740,1.8106,-49.59,0.50,17.02,48.51,0.3117,0.0,100.0,0.0,0.0,0.0,927.7,956.5
160800,1.8113,-49.71,0.50,17.64,46.80,0.3117,0.0,100.0,0.0,0.0,0.0,935.8,969.0
160860,1.8120,-49.84,0.50,18.21,45.29,0.3117,0.0,0.0,0.0,0.0,0.0,941.7,949.5
160920,1.8127,-49.97,0.50,14.16,56.90,0.3117,0.0,100.0,0.0,0.0,0.0,943.5,973.3
160980,1.8133,-50.10,0.50,14.92,53.93,0.3117,0.0,100.0,0.0,0.0,0.0,948.8,930.5
161040,1.8140,-50.22,0.50,15.64,51.69,0.3117,0.0,100.0,0.0,0.0,0.0,930.7,922.4
161100,1.8147,-50.35,0.50,16.30,49.72,0.3117,0.0,100.0,0.0,0.0,0.0,949.9,961.8
161160,1.8154,-50.48,0.50,16.92,47.97,0.3117,0.0,100.0,0.0,0.0,0.0,912.2,967.8
161220,1.8161,-50.60,0.50,17.49,46.41,0.3117,0.0,100.0,0.0,0.0,100.0,938.2,957.5
161280,1.8167,-50.73,0.50,18.03,45.19,0.3120,0.0,0.0,0.0,0.0,100.0,981.7,930.6
161340,1.8174,-50.86,0.50,13.93,57.04,0.3124,0.0,100.0,0.0,8.8,0.0,882.5,906.0
161400,1.8181,-50.98,0.50,14.66,54.07,0.3124,0.0,100.0,0.0,0.0,0.0,945.6,933.7
161460,1.8188,-51.11,0.50,15.33,51.83,0.3124,0.0,100.0,0.0,0.0,0.0,943.1,938.5
161520,1.8194,-51.23,0.50,15.96,49.95,0.3124,0.0,100.0,0.0,0.0,100.0,1005.1,938.1
161580,1.8201,-51.36,0.50,16.55,48.45,0.3127,0.0,100.0,0.0,4.3,0.0,891.3,969.5
161640,1.8208,-51.48,0.50,17.09,46.96,0.3127,0.0,100.0,0.0,0.0,0.0,933.7,959.6
161700,1.8215,-51.61,0.50,17.60,45.63,0.3127,0.0,100.0,0.0,0.0,0.0,938.1,937.3
161760,1.8221,-51.73,0.50,18.06,44.44,0.3127,0.0,0.0,0.0,0.0,0.0,971.6,1000.1
161820,1.8228,-51.85,0.50,13.90,56.16,0.3127,0.0,100.0,0.0,0.0,100.0,929.4,984.5
161880,1.8235,-51.98,0.50,14.57,53.57,0.3130,0.0,100.0,0.0,0.0,0.0,965.1,930.6
161940,1.8242,-52.10,0.50,15.20,51.50,0.3130,0.0,100.0,0.0,0.0,0.0,911.0,928.2
162000,1.8248,-52.23,0.50,15.78,49.78,0.3130,0.0,100.0,0.0,0.0,0.0,961.9,956.4
162060,1.8255,-52.35,0.50,16.31,48.25,0.3130,0.0,100.0,0.0,0.0,0.0,942.0,954.6
162120,1.8262,-52.47,0.50,16.81,46.89,0.3130,0.0,100.0,0.0,0.0,100.0,933.0,961.6
162180,1.8269,-52.59,0.50,17.27,45.85,0.3133,0.0,100.0,0.0,0.0,0.0,944.2,907.9
162240,1.8275,-52.72,0.50,17.70,44.76,0.3133,0.0,100.0,0.0,0.0,0.0,941.8,934.6
162300,1.8282,-52.84,0.50,18.10,43.79,0.3133,0.0,0.0,0.0,0.0,0.0,921.5,939.8
162360,1.8289,-52.96,0.50,13.87,55.55,0.3133,0.0,100.0,0.0,0.0,0.0,926.0,956.1
162420,1.8296,-53.08,0.50,14.48,53.03,0.3133,0.0,100.0,0.0,0.0,0.0,919.2,924.3
162480,1.8302,-53.20,0.50,15.04,51.12,0.3133,0.0,100.0,0.0,0.0,0.0,953.8,935.5
162540,1.8309,-53.32,0.50,15.56,49.58,0.3133,0.0,100.0,0.0,0.0,0.0,966.8,936.5
162600,1.8316,-53.44,0.50,16.05,48.21,0.3133,0.0,100.0,0.0,0.0,0.0,974.8,939.4
162660,1.8323,-53.56,0.50,16.50,46.99,0.3133,0.0,100.0,0.0,0.0,0.0,946.5,938.4
162720,1.8329,-53.68,0.50,16.91,45.90,0.3133,0.0,100.0,0.0,0.0,0.0,925.5,923.0
162780,1.8336,-53.80,0.50,17.30,44.92,0.3133,0.0,100.0,0.0,0.0,0.0,941.5,894.6
162840,1.8343,-53.92,0.50,17.65,44.05,0.3133,0.0,100.0,0.0,0.0,0.0,934.0,932.0
162900,1.8350,-54.04,0.50,17.98,43.27,0.3133,0.0,100.0,0.0,0.0,0.0,935.6,973.3
162960,1.8357,-54.16,0.50,18.27,42.57,0.3133,0.0,0.0,0.0,0.0,0.0,938.3,937.3
163020,1.8363,-54.28,0.50,13.96,54.37,0.3133,0.0,100.0,0.0,0.0,0.0,947.8,907.1
163080,1.8370,-54.39,0.50,14.48,52.19,0.3133,0.0,100.0,0.0,0.0,0.0,995.1,959.7
163140,1.8377,-54.51,0.50,14.97,50.53,0.3133,0.0,100.0,0.0,0.0,0.0,967.0,938.5
163200,1.8384,-54.63,0.50,15.42,49.24,0.3133,0.0,100.0,0.0,0.0,0.0,952.7,952.9
163260,1.8390,-54.75,0.50,15.83,48.08,0.3133,0.0,100.0,0.0,0.0,100.0,927.1,985.5
163320,1.8397,-54.86,0.50,16.22,47.22,0.3136,0.0,100.0,0.0,0.0,0.0,958.7,941.3
163380,1.8404,-54.98,0.50,16.57,46.29,0.3136,0.0,100.0,0.0,0.0,0.0,960.8,968.0
163440,1.8411,-55.10,0.50,16.90,45.45,0.3136,0.0,100.0,0.0,0.0,0.0,913.8,965.2
163500,1.8417,-55.21,0.50,17.20,44.71,0.3136,0.0,100.0,0.0,0.0,0.0,928.7,945.5
163560,1.8424,-55.33,0.50,17.48,44.04,0.3136,0.0,100.0,0.0,0.0,0.0,976.7,932.8
163620,1.8431,-55.44,0.50,17.73,43.45,0.3136,0.0,100.0,0.0,0.0,0.0,929.1,931.6
163680,1.8438,-55.56,0.50,17.96,42.93,0.3136,0.0,100.0,0.0,0.0,0.0,944.7,957.2
163740,1.8444,-55.67,0.50,18.17,42.46,0.3136,0.0,0.0,0.0,0.0,0.0,952.5,977.2
163800,1.8451,-55.79,0.50,13.77,54.36,0.3136,0.0,100.0,0.0,0.0,0.0,959.6,938.9
163860,1.8458,-55.90,0.50,14.21,52.26,0.3136,0.0,100.0,0.0,0.0,0.0,932.5,958.9
163920,1.8465,-56.01,0.50,14.63,50.65,0.3136,0.0,100.0,0.0,0.0,0.0,966.8,959.1
163980,1.8471,-56.13,0.50,15.01,49.42,0.3136,0.0,100.0,0.0,0.0,0.0,978.6,923.7
164040,1.8478,-56.24,0.50,15.36,48.44,0.3136,0.0,100.0,0.0,0.0,0.0,936.9,966.5
164100,1.8485,-56.35,0.50,15.68,47.56,0.3136,0.0,100.0,0.0,0.0,0.0,924.1,959.7
164160,1.8492,-56.47,0.50,15.98,46.78,0.3136,0.0,100.0,0.0,0.0,0.0,953.9,925.8
164220,1.8498,-56.58,0.50,16.26,46.08,0.3136,0.0,100.0,0.0,0.0,0.0,958.7,986.8
164280,1.8505,-56.69,0.50,16.51,45.46,0.3136,0.0,100.0,0.0,0.0,0.0,927.8,941.8
164340,1.8512,-56.80,0.50,16.74,44.91,0.3136,0.0,100.0,0.0,0.0,0.0,959.8,949.7
164400,1.8519,-56.91,0.50,16.94,44.42,0.3136,0.0,100.0,0.0,0.0,0.0,972.1,977.3
164460,1.8525,-57.02,0.50,17.13,43.98,0.3136,0.0,100.0,0.0,0.0,0.0,930.5,968.0
164520,1.8532,-57.13,0.50,17.31,43.60,0.3136,0.0,100.0,0.0,0.0,0.0,929.9,929.3
164580,1.8539,-57.24,0.50,17.46,43.27,0.3136,0.0,100.0,0.0,0.0,0.0,936.4,946.4
164640,1.8546,-57.35,0.50,17.60,42.97,0.3136,0.0,100.0,0.0,0.0,0.0,967.3,939.4
164700,1.8553,-57.46,0.50,17.73,42.72,0.3136,0.0,100.0,0.0,0.0,0.0,926.2,968.8
164760,1.8559,-57.57,0.50,17.84,42.51,0.3136,0.0,100.0,0.0,0.0,0.0,928.9,972.3
164820,1.8566,-57.68,0.50,17.94,42.33,0.3136,0.0,100.0,0.0,0.0,0.0,963.2,965.2
164880,1.8573,-57.79,0.50,18.02,42.18,0.3136,0.0,100.0,0.0,0.0,0.0,963.8,967.5
164940,1.8580,-57.89,0.50,18.10,42.07,0.3136,0.0,100.0,0.0,0.0,0.0,951.6,951.3
165000,1.8586,-58.00,0.50,18.16,41.98,0.3136,0.0,0.0,0.0,0.0,0.0,933.6,949.7
165060,1.8593,-58.11,0.50,13.62,54.01,0.3136,0.0,100.0,0.0,0.0,0.0,945.9,941.1
165120,1.8600,-58.21,0.50,13.94,52.12,0.3136,0.0,100.0,0.0,0.0,0.0,979.8,954.2
165180,1.8607,-58.32,0.50,14.23,50.65,0.3136,0.0,100.0,0.0,0.0,0.0,983.9,971.6
165240,1.8613,-58.43,0.50,14.50,49.51,0.3136,0.0,100.0,0.0,0.0,0.0,927.0,969.1
165300,1.8620,-58.53,0.50,14.74,48.62,0.3136,0.0,100.0,0.0,0.0,0.0,951.5,947.0
165360,1.8627,-58.64,0.50,14.97,47.94,0.3136,0.0,100.0,0.0,0.0,0.0,992.3,943.0
165420,1.8634,-58.74,0.50,15.17,47.42,0.3136,0.0,100.0,0.0,0.0,0.0,961.8,968.4
165480,1.8640,-58.84,0.50,15.36,46.95,0.3136,0.0,100.0,0.0,0.0,0.0,964.4,958.3
165540,1.8647,-58.95,0.50,15.53,46.55,0.3136,0.0,100.0,0.0,0.0,0.0,950.3,979.3
165600,1.8654,-59.05,0.50,15.68,46.19,0.3136,0.0,100.0,0.0,0.0,100.0,911.8,961.6
165660,1.8661,-59.16,0.50,15.82,46.06,0.3139,0.0,100.0,0.0,0.0,0.0,945.5,929.3
165720,1.8667,-59.26,0.50,15.95,45.79,0.3139,0.0,100.0,0.0,0.0,0.0,938.9,974.8
165780,1.8674,-59.36,0.50,16.06,45.56,0.3139,0.0,100.0,0.0,0.0,0.0,932.9,925.4
165840,1.8681,-59.46,0.50,16.15,45.36,0.3139,0.0,100.0,0.0,0.0,0.0,927.4,933.6
165900,1.8688,-59.56,0.50,16.24,45.20,0.3139,0.0,100.0,0.0,0.0,100.0,960.9,924.4
165960,1.8694,-59.67,0.50,16.31,45.26,0.3142,0.0,100.0,0.0,0.0,0.0,921.2,969.5
166020,1.8701,-59.77,0.50,16.38,45.15,0.3142,0.0,100.0,0.0,0.0,0.0,959.3,914.3
166080,1.8708,-59.87,0.50,16.43,45.07,0.3142,0.0,100.0,0.0,0.0,0.0,968.5,927.0
166140,1.8715,-59.97,0.50,16.48,45.02,0.3142,0.0,100.0,0.0,0.0,100.0,945.2,939.7
166200,1.8721,-60.07,0.50,16.52,45.18,0.3145,0.0,100.0,0.0,0.0,0.0,922.0,988.1
166260,1.8728,-60.16,0.50,16.54,45.17,0.3145,0.0,100.0,0.0,0.0,0.0,985.6,956.1
166320,1.8735,-60.26,0.50,16.56,45.18,0.3145,0.0,100.0,0.0,0.0,0.0,931.9,939.8
166380,1.8742,-60.36,0.50,16.58,45.22,0.3145,0.0,100.0,0.0,0.0,0.0,958.2,985.8
166440,1.8749,-60.46,0.50,16.59,45.26,0.3145,0.0,100.0,0.0,0.0,0.0,949.7,958.0
166500,1.8755,-60.56,0.50,16.59,45.33,0.3145,0.0,100.0,0.0,0.0,0.0,965.6,945.5
166560,1.8762,-60.65,0.50,16.58,45.41,0.3145,0.0,100.0,0.0,0.0,0.0,954.4,961.5
166620,1.8769,-60.75,0.50,16.57,45.51,0.3145,0.0,100.0,0.0,0.0,100.0,951.2,944.3
166680,1.8776,-60.85,0.50,16.56,45.81,0.3149,0.0,100.0,0.0,0.0,0.0,953.0,953.3
166740,1.8782,-60.94,0.50,16.54,45.93,0.3149,0.0,100.0,0.0,0.0,0.0,985.4,945.3
166800,1.8789,-61.04,0.50,16.51,46.06,0.3149,0.0,100.0,0.0,0.0,100.0,954.3,933.9
166860,1.8796,-61.13,0.50,16.48,46.32,0.3152,0.0,100.0,0.0,0.0,0.0,968.8,950.2
166920,1.8803,-61.23,0.50,16.45,46.39,0.3152,0.0,100.0,0.0,0.0,0.0,955.7,995.5
166980,1.8809,-61.32,0.50,16.41,46.45,0.3152,0.0,100.0,0.0,0.0,0.0,941.7,946.2
167040,1.8816,-61.42,0.50,16.37,46.49,0.3152,0.0,100.0,0.0,0.0,0.0,993.0,992.0
167100,1.8823,-61.51,0.50,16.33,46.53,0.3152,0.0,100.0,0.0,0.0,0.0,936.9,944.3
167160,1.8830,-61.60,0.50,16.29,46.56,0.3152,0.0,100.0,0.0,0.0,0.0,935.2,950.5
167220,1.8836,-61.69,0.50,16.24,46.59,0.3152,0.0,100.0,0.0,0.0,0.0,959.4,941.1
167280,1.8843,-61.79,0.50,16.19,46.61,0.3152,0.0,100.0,0.0,0.0,0.0,944.4,931.6
167340,1.8850,-61.88,0.50,16.13,46.63,0.3152,0.0,100.0,0.0,0.0,0.0,968.6,966.6
167400,1.8857,-61.97,0.50,16.08,46.64,0.3152,0.0,100.0,0.0,0.0,0.0,931.5,963.4
167460,1.8863,-62.06,0.50,16.02,46.65,0.3152,0.0,100.0,0.0,0.0,100.0,980.1,963.7
167520,1.8870,-62.15,0.50,15.96,46.81,0.3155,0.0,100.0,0.0,0.0,100.0,960.7,967.8
167580,1.8877,-62.24,0.50,15.90,46.95,0.3158,0.0,100.0,0.0,0.0,100.0,947.4,964.4
167640,1.8884,-62.33,0.50,15.83,47.05,0.3162,0.0,100.0,0.0,0.0,0.0,975.5,964.2
167700,1.8890,-62.42,0.50,15.77,46.98,0.3161,0.0,100.0,0.0,0.0,0.0,962.2,962.8
167760,1.8897,-62.51,0.50,15.70,46.93,0.3161,0.0,100.0,0.0,0.0,0.0,968.1,963.7
167820,1.8904,-62.59,0.50,15.63,46.88,0.3161,0.0,100.0,0.0,0.0,0.0,969.1,951.8
167880,1.8911,-62.68,0.50,15.57,46.83,0.3161,0.0,100.0,0.0,0.0,0.0,1010.6,978.5
167940,1.8917,-62.77,0.50,15.50,46.80,0.3161,0.0,100.0,0.0,0.0,100.0,968.4,975.7
168000,1.8924,-62.85,0.50,15.42,46.92,0.3165,0.0,100.0,0.0,0.0,0.0,951.9,942.5
168060,1.8931,-62.94,0.50,15.35,46.86,0.3165,0.0,100.0,0.0,0.0,0.0,980.5,950.7
168120,1.8938,-63.03,0.50,15.28,46.81,0.3165,0.0,100.0,0.0,0.0,0.0,980.4,946.2
168180,1.8945,-63.11,0.50,15.21,46.77,0.3165,0.0,100.0,0.0,0.0,0.0,953.9,952.6
168240,1.8951,-63.20,0.50,15.13,46.73,0.3165,0.0,100.0,0.0,0.0,0.0,966.4,939.5
168300,1.8958,-63.28,0.50,15.06,46.70,0.3165,0.0,100.0,0.0,0.0,0.0,987.7,976.2
168360,1.8965,-63.36,0.50,14.98,46.67,0.3165,0.0,100.0,0.0,0.0,100.0,987.4,972.2
168420,1.8972,-63.45,0.50,14.91,46.80,0.3168,0.0,100.0,0.0,0.0,0.0,975.9,936.8
168480,1.8978,-63.53,0.50,14.83,46.74,0.3168,0.0,100.0,0.0,0.0,0.0,954.8,959.3
168540,1.8985,-63.61,0.50,14.76,46.69,0.3168,0.0,100.0,0.0,0.0,0.0,936.0,927.0
168600,1.8992,-63.69,0.50,14.68,46.65,0.3168,0.0,100.0,0.0,0.0,0.0,950.6,970.5
168660,1.8999,-63.78,0.50,14.60,46.61,0.3168,0.0,100.0,0.0,0.0,0.0,968.5,957.0
168720,1.9005,-63.86,0.50,14.52,46.58,0.3168,0.0,100.0,0.0,0.0,0.0,944.2,936.5
168780,1.9012,-63.94,0.50,14.45,46.54,0.3168,0.0,100.0,0.0,0.0,0.0,957.1,934.0
168840,1.9019,-64.02,0.50,14.37,46.51,0.3168,0.0,100.0,0.0,0.0,100.0,993.3,982.0
168900,1.9026,-64.10,0.50,14.29,46.65,0.3171,0.0,100.0,0.0,0.0,0.0,965.8,920.6
168960,1.9032,-64.18,0.50,14.21,46.60,0.3171,0.0,100.0,0.0,0.0,0.0,940.9,933.8
169020,1.9039,-64.25,0.50,14.14,46.55,0.3171,0.0,100.0,0.0,0.0,0.0,938.3,983.2
169080,1.9046,-64.33,0.50,14.06,46.50,0.3171,0.0,100.0,0.0,0.0,0.0,971.1,969.0
169140,1.9053,-64.41,0.50,13.98,46.46,0.3171,0.0,100.0,0.0,0.0,0.0,975.1,976.8
169200,1.9059,-64.49,0.50,13.90,46.42,0.3171,0.0,100.0,0.0,0.0,0.0,1000.1,920.1
169260,1.9066,-64.56,0.50,13.82,46.39,0.3171,0.0,100.0,0.0,0.0,0.0,988.5,950.1
169320,1.9073,-64.64,0.50,13.75,46.36,0.3171,0.0,100.0,0.0,0.0,0.0,973.2,927.9
169380,1.9080,-64.72,0.50,13.67,46.33,0.3171,0.0,100.0,0.0,0.0,0.0,933.5,945.8
169440,1.9086,-64.79,0.50,13.59,46.30,0.3171,0.0,100.0,0.0,0.0,0.0,944.8,938.2
169500,1.9093,-64.87,0.50,13.52,46.27,0.3171,0.0,100.0,0.0,0.0,0.0,928.9,958.6
169560,1.9100,-64.94,0.50,13.44,46.25,0.3171,0.0,100.0,0.0,0.0,0.0,970.1,941.4
169620,1.9107,-65.01,0.50,13.36,46.22,0.3171,0.0,100.0,0.0,0.0,0.0,935.0,957.0
169680,1.9113,-65.09,0.50,13.28,46.20,0.3171,0.0,100.0,0.0,0.0,0.0,988.7,970.1
169740,1.9120,-65.16,0.50,13.21,46.17,0.3171,0.0,100.0,0.0,0.0,0.0,1005.6,950.0
169800,1.9127,-65.23,0.50,13.13,46.15,0.3171,0.0,100.0,0.0,0.0,0.0,925.7,959.0
169860,1.9134,-65.30,0.50,13.06,46.13,0.3171,0.0,100.0,0.0,0.0,0.0,959.8,935.1
169920,1.9141,-65.38,0.50,12.98,46.10,0.3171,0.0,100.0,0.0,0.0,0.0,978.8,932.3
169980,1.9147,-65.45,0.50,12.91,46.08,0.3171,0.0,100.0,0.0,0.0,0.0,916.2,962.3
170040,1.9154,-65.52,0.50,12.83,46.06,0.3171,0.0,100.0,0.0,0.0,100.0,956.7,964.5
170100,1.9161,-65.59,0.50,12.76,46.23,0.3174,0.0,100.0,0.0,0.0,0.0,987.5,936.9
170160,1.9168,-65.65,0.50,12.68,46.17,0.3174,0.0,100.0,0.0,0.0,0.0,964.1,920.5
170220,1.9174,-65.72,0.50,12.61,46.12,0.3174,0.0,100.0,0.0,0.0,0.0,969.8,950.0
170280,1.9181,-65.79,0.50,12.53,46.08,0.3174,0.0,100.0,0.0,0.0,0.0,946.8,943.6
170340,1.9188,-65.86,0.50,12.46,46.04,0.3174,0.0,100.0,0.0,0.0,100.0,992.3,974.3
170400,1.9195,-65.93,0.50,12.39,46.19,0.3177,0.0,100.0,0.0,0.0,0.0,977.2,1001.2
170460,1.9201,-65.99,0.50,12.31,46.12,0.3177,0.0,100.0,0.0,0.0,0.0,927.5,950.2
170520,1.9208,-66.06,0.50,12.24,46.06,0.3177,0.0,100.0,0.0,0.0,0.0,939.8,936.8
170580,1.9215,-66.12,0.50,12.17,46.01,0.3177,0.0,100.0,0.0,0.0,0.0,958.9,979.1
170640,1.9222,-66.19,0.50,12.10,45.96,0.3177,0.0,100.0,0.0,0.0,0.0,960.2,984.7
170700,1.9228,-66.25,0.50,12.03,45.92,0.3177,0.0,100.0,0.0,0.0,100.0,978.6,943.1
170760,1.9235,-66.32,0.50,11.96,46.08,0.3180,0.0,100.0,0.0,0.0,0.0,943.3,980.4
170820,1.9242,-66.38,0.50,11.89,46.01,0.3180,0.0,100.0,0.0,0.0,0.0,932.7,993.0
170880,1.9249,-66.45,0.50,11.82,45.95,0.3180,0.0,100.0,0.0,0.0,0.0,964.1,955.6
170940,1.9255,-66.51,0.50,11.75,45.89,0.3180,0.0,100.0,0.0,0.0,0.0,914.2,937.0
171000,1.9262,-66.57,0.50,11.68,45.85,0.3180,0.0,100.0,0.0,0.0,0.0,976.3,975.2
171060,1.9269,-66.63,0.50,11.61,45.80,0.3180,0.0,100.0,0.0,0.0,0.0,971.0,1002.5
171120,1.9276,-66.69,0.50,11.54,45.76,0.3180,0.0,100.0,0.0,0.0,0.0,942.3,945.0
171180,1.9282,-66.75,0.50,11.48,45.73,0.3180,0.0,100.0,0.0,0.0,0.0,974.0,974.3
171240,1.9289,-66.81,0.50,11.41,45.69,0.3180,0.0,100.0,0.0,0.0,0.0,977.6,981.2
171300,1.9296,-66.87,0.50,11.34,45.66,0.3180,0.0,100.0,0.0,0.0,0.0,940.9,982.1
171360,1.9303,-66.93,0.50,11.28,45.64,0.3180,0.0,100.0,0.0,0.0,0.0,951.4,971.1
171420,1.9309,-66.99,0.50,11.21,45.61,0.3180,0.0,100.0,0.0,0.0,0.0,964.4,981.5
171480,1.9316,-67.05,0.50,11.14,45.58,0.3180,0.0,100.0,0.0,0.0,0.0,967.8,966.6
171540,1.9323,-67.10,0.50,11.08,45.56,0.3180,0.0,100.0,0.0,0.0,0.0,982.8,999.9
171600,1.9330,-67.16,0.50,11.02,45.53,0.3180,0.0,100.0,0.0,0.0,0.0,981.7,963.4
171660,1.9337,-67.22,0.50,10.95,45.51,0.3180,0.0,100.0,0.0,0.0,0.0,904.8,954.1
171720,1.9343,-67.27,0.50,10.89,45.49,0.3180,0.0,100.0,0.0,0.0,0.0,947.1,960.4
171780,1.9350,-67.33,0.50,10.83,45.47,0.3180,0.0,100.0,0.0,0.0,0.0,951.8,960.1
171840,1.9357,-67.38,0.50,10.76,45.45,0.3180,0.0,100.0,0.0,0.0,0.0,957.8,913.8
171900,1.9364,-67.44,0.50,10.70,45.43,0.3180,0.0,100.0,0.0,0.0,0.0,948.4,972.0
171960,1.9370,-67.49,0.50,10.64,45.41,0.3180,0.0,100.0,0.0,0.0,0.0,950.1,987.0
172020,1.9377,-67.54,0.50,10.58,45.39,0.3180,0.0,100.0,0.0,0.0,0.0,944.5,975.8
172080,1.9384,-67.59,0.50,10.52,45.37,0.3180,0.0,100.0,0.0,0.0,0.0,1000.0,1002.9
172140,1.9391,-67.65,0.50,10.46,45.35,0.3180,0.0,100.0,0.0,0.0,0.0,970.7,965.7
172200,1.9397,-67.70,0.50,10.40,45.33,0.3180,0.0,100.0,0.0,0.0,0.0,961.4,961.4
172260,1.9404,-67.75,0.50,10.34,45.31,0.3180,0.0,100.0,0.0,0.0,0.0,987.5,983.6
172320,1.9411,-67.80,0.50,10.28,45.29,0.3180,0.0,100.0,0.0,0.0,0.0,984.3,953.4
172380,1.9418,-67.85,0.50,10.23,45.27,0.3180,0.0,100.0,0.0,0.0,0.0,982.7,905.0
172440,1.9424,-67.90,0.50,10.17,45.25,0.3180,0.0,100.0,0.0,0.0,0.0,981.2,980.1
172500,1.9431,-67.95,0.50,10.11,45.24,0.3180,0.0,100.0,0.0,0.0,0.0,978.6,959.8
172560,1.9438,-67.99,0.50,10.06,45.22,0.3180,0.0,100.0,0.0,0.0,0.0,954.9,931.6
172620,1.9445,-68.04,0.50,10.00,45.20,0.3180,0.0,100.0,0.0,0.0,0.0,946.0,971.9
172680,1.9451,-68.09,0.50,9.94,45.18,0.3180,0.0,100.0,0.0,0.0,0.0,936.1,938.1
172740,1.9458,-68.13,0.50,9.89,45.16,0.3180,0.0,100.0,0.0,0.0,0.0,977.8,986.8
172800,1.9465,-68.18,0.50,9.84,45.15,0.3180,0.0,100.0,0.0,0.0,0.0,989.1,950.0
172860,1.9472,-68.23,0.50,9.78,45.13,0.3180,0.0,100.0,0.0,0.0,0.0,969.1,963.5
172920,1.9478,-68.27,0.50,9.73,45.11,0.3180,0.0,100.0,0.0,0.0,0.0,914.5,959.5
172980,1.9485,-68.31,0.50,9.68,45.10,0.3180,0.0,100.0,0.0,0.0,0.0,995.1,952.4
173040,1.9492,-68.36,0.50,9.62,45.08,0.3180,0.0,100.0,0.0,0.0,0.0,930.9,947.8
173100,1.9499,-68.40,0.50,9.57,45.06,0.3180,0.0,100.0,0.0,0.0,0.0,941.0,964.3
173160,1.9505,-68.44,0.50,9.52,45.05,0.3180,0.0,100.0,0.0,0.0,0.0,967.6,975.7
173220,1.9512,-68.49,0.50,9.47,45.03,0.3180,0.0,100.0,0.0,0.0,0.0,934.5,958.1
173280,1.9519,-68.53,0.50,9.42,45.01,0.3180,0.0,100.0,0.0,0.0,100.0,951.4,990.8
173340,1.9526,-68.57,0.50,9.37,45.23,0.3183,0.0,100.0,0.0,0.0,0.0,953.0,955.4
173400,1.9533,-68.61,0.50,9.32,45.17,0.3183,0.0,100.0,0.0,0.0,0.0,966.7,984.0
173460,1.9539,-68.65,0.50,9.28,45.12,0.3183,0.0,100.0,0.0,0.0,0.0,979.1,977.6
173520,1.9546,-68.69,0.50,9.23,45.08,0.3183,0.0,100.0,0.0,0.0,0.0,966.4,952.9
173580,1.9553,-68.73,0.50,9.18,45.04,0.3183,0.0,100.0,0.0,0.0,0.0,981.0,953.7
173640,1.9560,-68.76,0.50,9.13,45.00,0.3183,0.0,100.0,0.0,0.0,0.0,994.3,963.9
173700,1.9566,-68.80,0.50,9.09,44.97,0.3183,0.0,100.0,0.0,0.0,0.0,953.3,1001.4
173760,1.9573,-68.84,0.50,9.04,44.95,0.3183,0.0,100.0,0.0,0.0,0.0,938.1,973.4
173820,1.9580,-68.87,0.50,9.00,44.92,0.3183,0.0,100.0,0.0,0.0,0.0,938.2,980.1
173880,1.9587,-68.91,0.50,8.95,44.90,0.3183,0.0,100.0,0.0,0.0,0.0,1007.6,979.8
173940,1.9593,-68.94,0.50,8.91,44.87,0.3183,0.0,100.0,0.0,0.0,0.0,983.5,962.9
174000,1.9600,-68.98,0.50,8.87,44.85,0.3183,0.0,100.0,0.0,0.0,0.0,986.4,980.8
174060,1.9607,-69.01,0.50,8.82,44.83,0.3183,0.0,100.0,0.0,0.0,0.0,963.2,947.8
174120,1.9614,-69.05,0.50,8.78,44.82,0.3183,0.0,100.0,0.0,0.0,0.0,965.4,974.3
174180,1.9620,-69.08,0.50,8.74,44.80,0.3183,0.0,100.0,0.0,0.0,0.0,943.8,954.4
174240,1.9627,-69.11,0.50,8.70,44.78,0.3183,0.0,100.0,0.0,0.0,0.0,991.2,973.5
174300,1.9634,-69.14,0.50,8.66,44.76,0.3183,0.0,100.0,0.0,0.0,0.0,950.5,961.5
174360,1.9641,-69.18,0.50,8.62,44.75,0.3183,0.0,100.0,0.0,0.0,0.0,945.8,967.9
174420,1.9647,-69.21,0.50,8.58,44.73,0.3183,0.0,100.0,0.0,0.0,0.0,964.9,974.4
174480,1.9654,-69.24,0.50,8.54,44.72,0.3183,0.0,100.0,0.0,0.0,0.0,989.5,968.0
174540,1.9661,-69.27,0.50,8.50,44.71,0.3183,0.0,100.0,0.0,0.0,0.0,922.3,955.1
174600,1.9668,-69.29,0.50,8.46,44.69,0.3183,0.0,100.0,0.0,0.0,0.0,947.6,991.9
174660,1.9674,-69.32,0.50,8.43,44.68,0.3183,0.0,100.0,0.0,0.0,0.0,994.6,979.1
174720,1.9681,-69.35,0.50,8.39,44.66,0.3183,0.0,100.0,0.0,0.0,0.0,959.3,983.4
174780,1.9688,-69.38,0.50,8.35,44.65,0.3183,0.0,100.0,0.0,0.0,0.0,996.0,971.2
174840,1.9695,-69.40,0.50,8.32,44.64,0.3183,0.0,100.0,0.0,0.0,0.0,992.5,986.1
174900,1.9701,-69.43,0.50,8.28,44.62,0.3183,0.0,100.0,0.0,0.0,0.0,989.5,946.6
174960,1.9708,-69.46,0.50,8.25,44.61,0.3183,0.0,100.0,0.0,0.0,0.0,969.2,950.4
175020,1.9715,-69.48,0.50,8.21,44.60,0.3183,0.0,100.0,0.0,0.0,0.0,990.4,953.3
175080,1.9722,-69.50,0.50,8.18,44.59,0.3183,0.0,100.0,0.0,0.0,0.0,926.4,955.8
175140,1.9729,-69.53,0.50,8.15,44.57,0.3183,0.0,100.0,0.0,0.0,0.0,989.2,978.7
175200,1.9735,-69.55,0.50,8.12,44.56,0.3183,0.0,100.0,0.0,0.0,0.0,937.8,955.7
175260,1.9742,-69.57,0.50,8.08,44.55,0.3183,0.0,100.0,0.0,0.0,0.0,977.0,941.6
175320,1.9749,-69.60,0.50,8.05,44.54,0.3183,0.0,100.0,0.0,0.0,0.0,945.8,956.8
175380,1.9756,-69.62,0.50,8.02,44.53,0.3182,0.0,100.0,0.0,0.0,0.0,999.7,956.2
175440,1.9762,-69.64,0.50,7.99,44.52,0.3182,0.0,100.0,0.0,0.0,0.0,968.6,980.8
175500,1.9769,-69.66,0.50,7.96,44.51,0.3182,0.0,100.0,0.0,0.0,0.0,959.9,933.6
175560,1.9776,-69.68,0.50,7.94,44.49,0.3182,0.0,100.0,0.0,0.0,0.0,939.8,959.8
175620,1.9783,-69.70,0.50,7.91,44.48,0.3182,0.0,100.0,0.0,0.0,0.0,976.5,949.9
175680,1.9789,-69.72,0.50,7.88,44.47,0.3182,0.0,100.0,0.0,0.0,0.0,977.3,984.7
175740,1.9796,-69.73,0.50,7.85,44.46,0.3182,0.0,100.0,0.0,0.0,0.0,987.1,979.1
175800,1.9803,-69.75,0.50,7.83,44.45,0.3182,0.0,100.0,0.0,0.0,0.0,954.5,982.6
175860,1.9810,-69.77,0.50,7.80,44.44,0.3182,0.0,100.0,0.0,0.0,0.0,971.2,988.7
175920,1.9816,-69.78,0.50,7.78,44.43,0.3182,0.0,100.0,0.0,0.0,0.0,967.5,937.3
175980,1.9823,-69.80,0.50,7.75,44.42,0.3182,0.0,100.0,0.0,0.0,0.0,951.3,948.0
176040,1.9830,-69.81,0.50,7.73,44.41,0.3182,0.0,100.0,0.0,0.0,0.0,966.2,1007.2
176100,1.9837,-69.83,0.50,7.70,44.40,0.3182,0.0,100.0,0.0,0.0,0.0,946.3,945.3
176160,1.9843,-69.84,0.50,7.68,44.39,0.3182,0.0,100.0,0.0,0.0,0.0,985.6,976.9
176220,1.9850,-69.86,0.50,7.66,44.38,0.3182,0.0,100.0,0.0,0.0,0.0,967.7,1000.9
176280,1.9857,-69.87,0.50,7.64,44.37,0.3182,0.0,100.0,0.0,0.0,0.0,967.5,962.5
176340,1.9864,-69.88,0.50,7.62,44.36,0.3182,0.0,100.0,0.0,0.0,0.0,953.2,989.7
176400,1.9870,-69.89,0.50,7.59,44.36,0.3182,0.0,100.0,0.0,0.0,0.0,934.5,987.0
176460,1.9877,-69.90,0.50,7.57,44.35,0.3182,0.0,100.0,0.0,0.0,0.0,964.1,959.4
176520,1.9884,-69.91,0.50,7.55,44.34,0.3182,0.0,100.0,0.0,0.0,0.0,989.5,978.6
176580,1.9891,-69.92,0.50,7.54,44.33,0.3182,0.0,100.0,0.0,0.0,0.0,945.1,949.4
176640,1.9897,-69.93,0.50,7.52,44.32,0.3182,0.0,100.0,0.0,0.0,0.0,958.8,987.2
176700,1.9904,-69.94,0.50,7.50,44.31,0.3182,0.0,100.0,0.0,0.0,0.0,953.6,959.1
176760,1.9911,-69.95,0.50,7.48,44.31,0.3182,0.0,100.0,0.0,0.0,0.0,968.9,980.2
176820,1.9918,-69.96,0.50,7.47,44.30,0.3182,0.0,100.0,0.0,0.0,0.0,955.3,972.7
176880,1.9925,-69.96,0.50,7.45,44.29,0.3182,0.0,100.0,0.0,0.0,0.0,994.9,974.2
176940,1.9931,-69.97,0.50,7.43,44.28,0.3182,0.0,100.0,0.0,0.0,0.0,972.0,957.6
177000,1.9938,-69.98,0.50,7.42,44.27,0.3182,0.0,100.0,0.0,0.0,0.0,981.2,972.5
177060,1.9945,-69.98,0.50,7.41,44.27,0.3182,0.0,100.0,0.0,0.0,0.0,956.8,989.0
177120,1.9952,-69.98,0.50,7.39,44.26,0.3182,0.0,100.0,0.0,0.0,0.0,989.0,966.0
177180,1.9958,-69.99,0.50,7.38,44.25,0.3182,0.0,100.0,0.0,0.0,0.0,993.9,1003.3
177240,1.9965,-69.99,0.50,7.37,44.25,0.3182,0.0,100.0,0.0,0.0,0.0,990.0,1012.9
177300,1.9972,-69.99,0.50,7.35,44.24,0.3182,0.0,100.0,0.0,0.0,0.0,1000.5,969.9
177360,1.9979,-70.00,0.50,7.34,44.23,0.3182,0.0,100.0,0.0,0.0,0.0,1009.1,971.1
177420,1.9985,-70.00,0.50,7.33,44.23,0.3182,0.0,100.0,0.0,0.0,0.0,998.7,1013.1
177480,1.9992,-70.00,0.50,7.32,44.22,0.3182,0.0,100.0,0.0,0.0,0.0,974.5,975.7
177540,1.9999,-70.00,0.50,7.31,44.21,0.3182,0.0,100.0,0.0,0.0,0.0,999.1,983.7
177600,2.0006,-70.00,0.50,7.30,44.21,0.3182,0.0,100.0,0.0,0.0,0.0,981.4,981.2
177660,2.0012,-70.00,0.50,7.29,44.20,0.3182,0.0,100.0,0.0,0.0,0.0,984.9,941.7
177720,2.0019,-70.00,0.50,7.29,44.20,0.3182,0.0,100.0,0.0,0.0,0.0,996.0,975.9
177780,2.0026,-70.00,0.50,7.28,44.19,0.3182,0.0,100.0,0.0,0.0,0.0,956.7,977.1
177840,2.0033,-69.99,0.50,7.27,44.19,0.3182,0.0,100.0,0.0,0.0,0.0,985.2,954.6
177900,2.0039,-69.99,0.50,7.27,44.18,0.3182,0.0,100.0,0.0,0.0,0.0,997.5,968.9
177960,2.0046,-69.99,0.50,7.26,44.18,0.3182,0.0,100.0,0.0,0.0,0.0,995.5,938.1
178020,2.0053,-69.98,0.50,7.26,44.17,0.3182,0.0,100.0,0.0,0.0,0.0,1002.4,969.0
178080,2.0060,-69.98,0.50,7.25,44.17,0.3182,0.0,100.0,0.0,0.0,0.0,978.8,954.7
178140,2.0066,-69.97,0.50,7.25,44.16,0.3182,0.0,100.0,0.0,0.0,0.0,990.1,949.9
178200,2.0073,-69.97,0.50,7.25,44.16,0.3182,0.0,100.0,0.0,0.0,0.0,945.7,933.5
178260,2.0080,-69.96,0.50,7.24,44.15,0.3182,0.0,100.0,0.0,0.0,0.0,996.6,990.6
178320,2.0087,-69.95,0.50,7.24,44.15,0.3182,0.0,100.0,0.0,0.0,0.0,970.5,964.1
178380,2.0093,-69.94,0.50,7.24,44.14,0.3182,0.0,100.0,0.0,0.0,0.0,987.2,971.3
178440,2.0100,-69.94,0.50,7.24,44.14,0.3182,0.0,100.0,0.0,0.0,0.0,999.0,993.8
178500,2.0107,-69.93,0.50,7.24,44.14,0.3182,0.0,100.0,0.0,0.0,0.0,968.5,958.2
178560,2.0114,-69.92,0.50,7.24,44.13,0.3182,0.0,100.0,0.0,0.0,0.0,950.1,936.3
178620,2.0121,-69.91,0.50,7.24,44.13,0.3182,0.0,100.0,0.0,0.0,0.0,953.2,977.7
178680,2.0127,-69.90,0.50,7.24,44.13,0.3182,0.0,100.0,0.0,0.0,0.0,949.1,944.3
178740,2.0134,-69.88,0.50,7.24,44.12,0.3182,0.0,100.0,0.0,0.0,0.0,956.9,975.4
178800,2.0141,-69.87,0.50,7.25,44.12,0.3182,0.0,100.0,0.0,0.0,0.0,1006.5,961.6
178860,2.0148,-69.86,0.50,7.25,44.12,0.3182,0.0,100.0,0.0,0.0,0.0,986.4,1011.3
178920,2.0154,-69.85,0.50,7.25,44.11,0.3182,0.0,100.0,0.0,0.0,0.0,999.9,1007.5
178980,2.0161,-69.83,0.50,7.26,44.11,0.3181,0.0,100.0,0.0,0.0,0.0,1000.6,961.6
179040,2.0168,-69.82,0.50,7.26,44.11,0.3181,0.0,100.0,0.0,0.0,0.0,936.2,977.7
179100,2.0175,-69.80,0.50,7.27,44.11,0.3181,0.0,100.0,0.0,0.0,0.0,941.6,992.0
179160,2.0181,-69.79,0.50,7.27,44.11,0.3181,0.0,100.0,0.0,0.0,0.0,1010.4,998.0
179220,2.0188,-69.77,0.50,7.28,44.10,0.3181,0.0,100.0,0.0,0.0,0.0,985.4,986.8
179280,2.0195,-69.76,0.50,7.29,44.10,0.3181,0.0,100.0,0.0,0.0,0.0,975.0,974.8
179340,2.0202,-69.74,0.50,7.30,44.10,0.3181,0.0,100.0,0.0,0.0,0.0,980.3,961.7
179400,2.0208,-69.72,0.50,7.30,44.10,0.3181,0.0,100.0,0.0,0.0,0.0,1001.6,969.6
179460,2.0215,-69.70,0.50,7.31,44.10,0.3181,0.0,100.0,0.0,0.0,0.0,995.3,973.2
179520,2.0222,-69.68,0.50,7.32,44.10,0.3181,0.0,100.0,0.0,0.0,0.0,950.1,976.0
179580,2.0229,-69.67,0.50,7.33,44.10,0.3181,0.0,100.0,0.0,0.0,0.0,969.9,974.0
179640,2.0235,-69.65,0.50,7.34,44.09,0.3181,0.0,100.0,0.0,0.0,0.0,935.5,967.5
179700,2.0242,-69.62,0.50,7.36,44.09,0.3181,0.0,100.0,0.0,0.0,0.0,985.3,1012.2
179760,2.0249,-69.60,0.50,7.37,44.09,0.3181,0.0,100.0,0.0,0.0,0.0,952.8,986.9
179820,2.0256,-69.58,0.50,7.38,44.09,0.3181,0.0,100.0,0.0,0.0,0.0,969.2,995.9
179880,2.0262,-69.56,0.50,7.39,44.09,0.3181,0.0,100.0,0.0,0.0,0.0,942.4,945.5
179940,2.0269,-69.54,0.50,7.41,44.09,0.3181,0.0,100.0,0.0,0.0,0.0,1025.1,975.8
180000,2.0276,-69.51,0.50,7.42,44.09,0.3181,0.0,100.0,0.0,0.0,0.0,954.5,966.0
180060,2.0283,-69.49,0.50,7.44,44.09,0.3181,0.0,100.0,0.0,0.0,0.0,920.8,950.9
180120,2.0289,-69.46,0.50,7.45,44.09,0.3181,0.0,100.0,0.0,0.0,0.0,1011.9,959.1
180180,2.0296,-69.44,0.50,7.47,44.09,0.3181,0.0,100.0,0.0,0.0,0.0,974.1,954.1
180240,2.0303,-69.41,0.50,7.48,44.09,0.3181,0.0,100.0,0.0,0.0,0.0,955.9,952.0
180300,2.0310,-69.39,0.50,7.50,44.10,0.3181,0.0,100.0,0.0,0.0,0.0,996.4,1004.4
180360,2.0317,-69.36,0.50,7.52,44.10,0.3181,0.0,100.0,0.0,0.0,0.0,966.8,957.9
180420,2.0323,-69.33,0.50,7.54,44.10,0.3181,0.0,100.0,0.0,0.0,0.0,961.8,988.5
180480,2.0330,-69.30,0.50,7.56,44.10,0.3181,0.0,100.0,0.0,0.0,0.0,977.0,990.5
180540,2.0337,-69.27,0.50,7.58,44.10,0.3181,0.0,100.0,0.0,0.0,0.0,936.5,965.9
180600,2.0344,-69.25,0.50,7.60,44.10,0.3181,0.0,100.0,0.0,0.0,0.0,1002.0,982.2
180660,2.0350,-69.22,0.50,7.62,44.10,0.3181,0.0,100.0,0.0,0.0,100.0,974.7,972.5
180720,2.0357,-69.19,0.50,7.64,44.38,0.3184,0.0,100.0,0.0,0.0,0.0,928.4,1011.0
180780,2.0364,-69.15,0.50,7.66,44.33,0.3184,0.0,100.0,0.0,0.0,0.0,967.4,971.0
180840,2.0371,-69.12,0.50,7.68,44.29,0.3184,0.0,100.0,0.0,0.0,0.0,971.5,955.9
180900,2.0377,-69.09,0.50,7.71,44.26,0.3184,0.0,100.0,0.0,0.0,0.0,979.2,959.1
180960,2.0384,-69.06,0.50,7.73,44.23,0.3184,0.0,100.0,0.0,0.0,0.0,946.8,974.5
181020,2.0391,-69.02,0.50,7.75,44.21,0.3184,0.0,100.0,0.0,0.0,0.0,1004.3,970.0
181080,2.0398,-68.99,0.50,7.78,44.20,0.3184,0.0,100.0,0.0,0.0,0.0,966.1,1002.1
181140,2.0404,-68.96,0.50,7.80,44.19,0.3184,0.0,100.0,0.0,0.0,0.0,992.2,1000.2
181200,2.0411,-68.92,0.50,7.83,44.18,0.3184,0.0,100.0,0.0,0.0,0.0,992.1,970.1
181260,2.0418,-68.89,0.50,7.86,44.17,0.3184,0.0,100.0,0.0,0.0,0.0,997.0,989.0
181320,2.0425,-68.85,0.50,7.88,44.17,0.3184,0.0,100.0,0.0,0.0,100.0,944.0,962.8
181380,2.0431,-68.81,0.50,7.91,44.43,0.3187,0.0,100.0,0.0,0.0,100.0,978.4,996.5
181440,2.0438,-68.78,0.50,7.94,44.64,0.3191,0.0,100.0,0.0,0.0,0.0,981.9,964.6
181500,2.0445,-68.74,0.50,7.97,44.55,0.3191,0.0,100.0,0.0,0.0,0.0,973.9,991.1
181560,2.0452,-68.70,0.50,8.00,44.48,0.3191,0.0,100.0,0.0,0.0,0.0,1003.9,1029.0
181620,2.0458,-68.66,0.50,8.03,44.42,0.3191,0.0,100.0,0.0,0.0,0.0,970.0,972.2
181680,2.0465,-68.62,0.50,8.06,44.38,0.3191,0.0,100.0,0.0,0.0,0.0,968.2,968.8
181740,2.0472,-68.58,0.50,8.09,44.34,0.3191,0.0,100.0,0.0,0.0,0.0,943.1,1004.9
181800,2.0479,-68.54,0.50,8.12,44.31,0.3191,0.0,100.0,0.0,0.0,0.0,966.7,968.2
181860,2.0485,-68.50,0.50,8.15,44.29,0.3191,0.0,100.0,0.0,0.0,0.0,962.8,975.3
181920,2.0492,-68.46,0.50,8.19,44.27,0.3191,0.0,100.0,0.0,0.0,100.0,958.5,1005.8
181980,2.0499,-68.42,0.50,8.22,44.52,0.3194,0.0,100.0,0.0,0.0,0.0,972.3,975.1
182040,2.0506,-68.37,0.50,8.25,44.46,0.3194,0.0,100.0,0.0,0.0,0.0,960.8,959.0
182100,2.0513,-68.33,0.50,8.29,44.42,0.3194,0.0,100.0,0.0,0.0,0.0,976.3,997.3
182160,2.0519,-68.29,0.50,8.32,44.38,0.3194,0.0,100.0,0.0,0.0,0.0,992.2,982.5
182220,2.0526,-68.24,0.50,8.36,44.35,0.3194,0.0,100.0,0.0,0.0,0.0,987.3,946.2
182280,2.0533,-68.20,0.50,8.39,44.33,0.3194,0.0,100.0,0.0,0.0,0.0,983.5,984.0
182340,2.0540,-68.15,0.50,8.43,44.31,0.3194,0.0,100.0,0.0,0.0,0.0,973.7,1004.2
182400,2.0546,-68.10,0.50,8.47,44.30,0.3194,0.0,100.0,0.0,0.0,0.0,971.7,956.3
182460,2.0553,-68.06,0.50,8.51,44.29,0.3194,0.0,100.0,0.0,0.0,0.0,987.5,1035.5
182520,2.0560,-68.01,0.50,8.54,44.29,0.3194,0.0,100.0,0.0,0.0,0.0,967.5,984.7
182580,2.0567,-67.96,0.50,8.58,44.28,0.3194,0.0,100.0,0.0,0.0,0.0,980.8,974.6
182640,2.0573,-67.91,0.50,8.62,44.28,0.3194,0.0,100.0,0.0,0.0,0.0,1009.6,1000.4
182700,2.0580,-67.86,0.50,8.66,44.28,0.3194,0.0,100.0,0.0,0.0,0.0,962.6,961.6
182760,2.0587,-67.82,0.50,8.70,44.29,0.3194,0.0,100.0,0.0,0.0,0.0,960.5,1007.4
182820,2.0594,-67.77,0.50,8.74,44.29,0.3194,0.0,100.0,0.0,0.0,0.0,958.3,1004.7
182880,2.0600,-67.71,0.50,8.79,44.29,0.3194,0.0,100.0,0.0,0.0,0.0,979.7,1036.6
182940,2.0607,-67.66,0.50,8.83,44.30,0.3194,0.0,100.0,0.0,0.0,0.0,1011.1,992.4
183000,2.0614,-67.61,0.50,8.87,44.30,0.3194,0.0,100.0,0.0,0.0,0.0,994.4,960.0
183060,2.0621,-67.56,0.50,8.91,44.30,0.3194,0.0,100.0,0.0,0.0,0.0,966.5,971.6
183120,2.0627,-67.51,0.50,8.96,44.29,0.3194,0.0,100.0,0.0,0.0,0.0,968.4,1026.2
183180,2.0634,-67.45,0.50,9.00,44.29,0.3194,0.0,100.0,0.0,0.0,0.0,983.2,971.1
183240,2.0641,-67.40,0.50,9.05,44.28,0.3193,0.0,100.0,0.0,0.0,0.0,973.8,1015.2
183300,2.0648,-67.35,0.50,9.09,44.28,0.3193,0.0,100.0,0.0,0.0,0.0,990.3,980.3
183360,2.0654,-67.29,0.50,9.14,44.27,0.3193,0.0,100.0,0.0,0.0,0.0,967.6,998.5
183420,2.0661,-67.24,0.50,9.19,44.26,0.3193,0.0,100.0,0.0,0.0,0.0,975.3,935.7
183480,2.0668,-67.18,0.50,9.23,44.24,0.3193,0.0,100.0,0.0,0.0,0.0,975.4,980.6
183540,2.0675,-67.12,0.50,9.28,44.23,0.3193,0.0,100.0,0.0,0.0,0.0,971.6,990.1
183600,2.0681,-67.07,0.50,9.33,44.21,0.3193,0.0,100.0,0.0,0.0,0.0,985.4,974.0
183660,2.0688,-67.01,0.50,9.38,44.19,0.3193,0.0,100.0,0.0,0.0,0.0,960.4,984.6
183720,2.0695,-66.95,0.50,9.43,44.17,0.3193,0.0,100.0,0.0,0.0,0.0,974.8,969.8
183780,2.0702,-66.89,0.50,9.48,44.15,0.3193,0.0,100.0,0.0,0.0,0.0,1003.5,992.3
183840,2.0709,-66.83,0.50,9.53,44.12,0.3193,0.0,100.0,0.0,0.0,0.0,991.9,999.0
183900,2.0715,-66.77,0.50,9.58,44.10,0.3193,0.0,100.0,0.0,0.0,0.0,957.2,1000.5
183960,2.0722,-66.71,0.50,9.63,44.07,0.3193,0.0,100.0,0.0,0.0,0.0,993.2,974.9
184020,2.0729,-66.65,0.50,9.68,44.04,0.3193,0.0,100.0,0.0,0.0,0.0,957.0,984.0
184080,2.0736,-66.59,0.50,9.74,44.01,0.3193,0.0,100.0,0.0,0.0,0.0,977.0,962.9
184140,2.0742,-66.53,0.50,9.79,43.98,0.3193,0.0,100.0,0.0,0.0,0.0,991.4,994.9
184200,2.0749,-66.47,0.50,9.84,43.94,0.3193,0.0,100.0,0.0,0.0,0.0,999.4,970.9
184260,2.0756,-66.40,0.50,9.90,43.91,0.3193,0.0,100.0,0.0,0.0,0.0,1012.7,979.4
184320,2.0763,-66.34,0.50,9.95,43.87,0.3193,0.0,100.0,0.0,0.0,0.0,977.1,979.4
184380,2.0769,-66.28,0.50,10.01,43.83,0.3193,0.0,100.0,0.0,0.0,0.0,1022.4,1005.0
184440,2.0776,-66.21,0.50,10.06,43.79,0.3193,0.0,100.0,0.0,0.0,0.0,976.4,1015.8
184500,2.0783,-66.15,0.50,10.12,43.75,0.3193,0.0,100.0,0.0,0.0,0.0,984.2,971.3
184560,2.0790,-66.08,0.50,10.18,43.70,0.3193,0.0,100.0,0.0,0.0,0.0,1002.2,966.9
184620,2.0796,-66.02,0.50,10.24,43.66,0.3193,0.0,100.0,0.0,0.0,0.0,1014.3,959.6
184680,2.0803,-65.95,0.50,10.29,43.61,0.3193,0.0,100.0,0.0,0.0,0.0,959.8,969.1
184740,2.0810,-65.88,0.50,10.35,43.56,0.3193,0.0,100.0,0.0,0.0,0.0,990.8,1030.0
184800,2.0817,-65.81,0.50,10.41,43.51,0.3193,0.0,100.0,0.0,0.0,0.0,978.6,967.7
184860,2.0823,-65.75,0.50,10.47,43.46,0.3193,0.0,100.0,0.0,0.0,0.0,989.9,1020.0
184920,2.0830,-65.68,0.50,10.53,43.41,0.3193,0.0,100.0,0.0,0.0,0.0,992.6,972.1
184980,2.0837,-65.61,0.50,10.59,43.35,0.3193,0.0,100.0,0.0,0.0,0.0,959.2,976.8
185040,2.0844,-65.54,0.50,10.65,43.29,0.3193,0.0,100.0,0.0,0.0,0.0,968.1,938.8
185100,2.0850,-65.47,0.50,10.71,43.24,0.3193,0.0,100.0,0.0,0.0,0.0,980.1,963.8
185160,2.0857,-65.40,0.50,10.78,43.18,0.3193,0.0,100.0,0.0,0.0,0.0,979.2,984.1
185220,2.0864,-65.33,0.50,10.84,43.12,0.3193,0.0,100.0,0.0,0.0,0.0,983.9,966.9
185280,2.0871,-65.26,0.50,10.90,43.05,0.3193,0.0,100.0,0.0,0.0,0.0,998.3,984.7
185340,2.0877,-65.18,0.50,10.97,42.99,0.3193,0.0,100.0,0.0,0.0,0.0,952.7,1008.0
185400,2.0884,-65.11,0.50,11.03,42.93,0.3193,0.0,100.0,0.0,0.0,0.0,1012.3,984.5
185460,2.0891,-65.04,0.50,11.10,42.86,0.3193,0.0,100.0,0.0,0.0,0.0,981.0,976.7
185520,2.0898,-64.96,0.50,11.16,42.79,0.3193,0.0,100.0,0.0,0.0,0.0,975.5,975.3
185580,2.0905,-64.89,0.50,11.23,42.72,0.3193,0.0,100.0,0.0,0.0,0.0,990.5,981.2
185640,2.0911,-64.82,0.50,11.29,42.65,0.3193,0.0,100.0,0.0,0.0,0.0,1004.8,978.9
185700,2.0918,-64.74,0.50,11.36,42.58,0.3193,0.0,100.0,0.0,0.0,0.0,988.6,983.8
185760,2.0925,-64.67,0.50,11.43,42.51,0.3193,0.0,100.0,0.0,0.0,0.0,1002.8,1001.3
185820,2.0932,-64.59,0.50,11.50,42.43,0.3193,0.0,100.0,0.0,0.0,0.0,972.6,972.4
185880,2.0938,-64.51,0.50,11.56,42.36,0.3193,0.0,100.0,0.0,0.0,0.0,1003.1,956.2
185940,2.0945,-64.44,0.50,11.63,42.28,0.3193,0.0,100.0,0.0,0.0,0.0,974.5,980.3
186000,2.0952,-64.36,0.50,11.70,42.20,0.3193,0.0,100.0,0.0,0.0,0.0,980.9,962.6
186060,2.0959,-64.28,0.50,11.77,42.12,0.3193,0.0,100.0,0.0,0.0,0.0,935.5,1022.5
186120,2.0965,-64.20,0.50,11.84,42.04,0.3193,0.0,100.0,0.0,0.0,0.0,1028.5,967.0
186180,2.0972,-64.12,0.50,11.91,41.96,0.3193,0.0,100.0,0.0,0.0,0.0,977.5,971.9
186240,2.0979,-64.04,0.50,11.99,41.88,0.3193,0.0,100.0,0.0,0.0,0.0,984.5,1001.4
186300,2.0986,-63.96,0.50,12.06,41.80,0.3193,0.0,100.0,0.0,0.0,0.0,995.7,1015.6
186360,2.0992,-63.88,0.50,12.13,41.71,0.3193,0.0,100.0,0.0,0.0,0.0,963.6,978.7
186420,2.0999,-63.80,0.50,12.20,41.63,0.3193,0.0,100.0,0.0,0.0,0.0,975.9,985.6
186480,2.1006,-63.72,0.50,12.28,41.54,0.3193,0.0,100.0,0.0,0.0,0.0,995.8,980.0
186540,2.1013,-63.64,0.50,12.35,41.45,0.3193,0.0,100.0,0.0,0.0,0.0,1005.3,997.4
186600,2.1019,-63.56,0.50,12.43,41.36,0.3193,0.0,100.0,0.0,0.0,0.0,967.1,995.2
186660,2.1026,-63.48,0.50,12.50,41.27,0.3193,0.0,100.0,0.0,0.0,0.0,997.9,947.5
186720,2.1033,-63.39,0.50,12.58,41.18,0.3192,0.0,100.0,0.0,0.0,0.0,973.2,1023.8
186780,2.1040,-63.31,0.50,12.65,41.09,0.3192,0.0,100.0,0.0,0.0,0.0,961.6,964.0
186840,2.1046,-63.22,0.50,12.73,40.99,0.3192,0.0,100.0,0.0,0.0,0.0,981.2,1009.6
186900,2.1053,-63.14,0.50,12.81,40.90,0.3192,0.0,100.0,0.0,0.0,0.0,970.0,993.1
186960,2.1060,-63.05,0.50,12.88,40.80,0.3192,0.0,100.0,0.0,0.0,0.0,974.9,976.8
187020,2.1067,-62.97,0.50,12.96,40.71,0.3192,0.0,100.0,0.0,0.0,0.0,987.3,984.4
187080,2.1074,-62.88,0.50,13.04,40.61,0.3192,0.0,100.0,0.0,0.0,0.0,1022.2,943.3
187140,2.1080,-62.80,0.50,13.12,40.51,0.3192,0.0,100.0,0.0,0.0,0.0,961.8,950.0
187200,2.1087,-62.71,0.50,13.20,40.41,0.3192,0.0,100.0,0.0,0.0,0.0,975.4,985.7
187260,2.1094,-62.62,0.50,13.28,40.31,0.3192,0.0,100.0,0.0,0.0,0.0,991.0,1000.8
187320,2.1101,-62.53,0.50,13.36,40.21,0.3192,0.0,100.0,0.0,0.0,0.0,999.6,955.6
187380,2.1107,-62.45,0.50,13.44,40.11,0.3192,0.0,100.0,0.0,0.0,0.0,983.1,983.9
187440,2.1114,-62.36,0.50,13.52,40.00,0.3192,0.0,100.0,0.0,0.0,0.0,996.3,981.0
187500,2.1121,-62.27,0.50,13.60,39.90,0.3192,0.0,100.0,0.0,0.0,0.0,1002.1,1014.1
187560,2.1128,-62.18,0.50,13.68,39.80,0.3192,0.0,100.0,0.0,0.0,0.0,993.8,993.4
187620,2.1134,-62.09,0.50,13.77,39.69,0.3192,0.0,100.0,0.0,0.0,0.0,1007.5,967.3
187680,2.1141,-62.00,0.50,13.85,39.59,0.3192,0.0,100.0,0.0,0.0,0.0,1001.4,1007.3
187740,2.1148,-61.91,0.50,13.93,39.48,0.3192,0.0,100.0,0.0,0.0,0.0,1003.1,991.8
187800,2.1155,-61.82,0.50,14.02,39.37,0.3192,0.0,100.0,0.0,0.0,0.0,989.3,980.4
187860,2.1161,-61.72,0.50,14.10,39.26,0.3192,0.0,100.0,0.0,0.0,0.0,985.9,988.8
187920,2.1168,-61.63,0.50,14.19,39.15,0.3192,0.0,100.0,0.0,0.0,0.0,953.8,978.1
187980,2.1175,-61.54,0.50,14.27,39.04,0.3192,0.0,100.0,0.0,0.0,0.0,993.1,1002.1
188040,2.1182,-61.45,0.50,14.36,38.93,0.3192,0.0,100.0,0.0,0.0,0.0,987.3,990.2
188100,2.1188,-61.35,0.50,14.44,38.82,0.3192,0.0,100.0,0.0,0.0,0.0,955.9,979.6
188160,2.1195,-61.26,0.50,14.53,38.71,0.3192,0.0,100.0,0.0,0.0,0.0,969.4,995.5
188220,2.1202,-61.16,0.50,14.62,38.60,0.3192,0.0,100.0,0.0,0.0,0.0,1009.7,1002.8
188280,2.1209,-61.07,0.50,14.70,38.48,0.3192,0.0,100.0,0.0,0.0,0.0,980.3,990.1
188340,2.1215,-60.97,0.50,14.79,38.37,0.3192,0.0,100.0,0.0,0.0,0.0,989.6,960.8
188400,2.1222,-60.88,0.50,14.88,38.26,0.3192,0.0,100.0,0.0,0.0,0.0,1000.1,954.2
188460,2.1229,-60.78,0.50,14.97,38.14,0.3192,0.0,100.0,0.0,0.0,0.0,982.4,969.5
188520,2.1236,-60.69,0.50,15.06,38.02,0.3192,0.0,100.0,0.0,0.0,0.0,978.3,1006.9
188580,2.1242,-60.59,0.50,15.15,37.91,0.3192,0.0,100.0,0.0,0.0,0.0,978.5,965.2
188640,2.1249,-60.49,0.50,15.24,37.79,0.3192,0.0,100.0,0.0,0.0,0.0,956.5,967.7
188700,2.1256,-60.39,0.50,15.33,37.67,0.3192,0.0,100.0,0.0,0.0,0.0,1036.4,990.1
188760,2.1263,-60.30,0.50,15.42,37.56,0.3192,0.0,100.0,0.0,0.0,0.0,1001.3,951.7
188820,2.1270,-60.20,0.50,15.51,37.44,0.3192,0.0,100.0,0.0,0.0,0.0,994.3,964.2
188880,2.1276,-60.10,0.50,15.61,37.32,0.3192,0.0,100.0,0.0,0.0,0.0,983.9,997.1
188940,2.1283,-60.00,0.50,15.70,37.20,0.3192,0.0,100.0,0.0,0.0,0.0,988.9,1027.3
189000,2.1290,-59.90,0.50,15.79,37.08,0.3192,0.0,100.0,0.0,0.0,0.0,989.7,997.8
189060,2.1297,-59.80,0.50,15.88,36.96,0.3192,0.0,100.0,0.0,0.0,0.0,990.6,952.4
189120,2.1303,-59.70,0.50,15.98,36.84,0.3192,0.0,100.0,0.0,0.0,0.0,996.1,1002.7
189180,2.1310,-59.60,0.50,16.07,36.72,0.3192,0.0,100.0,0.0,0.0,0.0,1007.3,995.5
189240,2.1317,-59.50,0.50,16.17,36.60,0.3192,0.0,100.0,0.0,0.0,0.0,1005.5,987.9
189300,2.1324,-59.39,0.50,16.26,36.47,0.3192,0.0,100.0,0.0,0.0,0.0,980.5,984.3
189360,2.1330,-59.29,0.50,16.36,36.35,0.3192,0.0,100.0,0.0,0.0,0.0,968.9,979.8
189420,2.1337,-59.19,0.50,16.45,36.23,0.3192,0.0,100.0,0.0,0.0,0.0,968.6,996.7
189480,2.1344,-59.09,0.50,16.55,36.10,0.3192,0.0,100.0,0.0,0.0,0.0,1013.1,980.1
189540,2.1351,-58.98,0.50,16.65,35.98,0.3192,0.0,100.0,0.0,0.0,0.0,979.8,972.5
189600,2.1357,-58.88,0.50,16.74,35.86,0.3192,0.0,100.0,0.0,0.0,0.0,1022.0,1010.3
189660,2.1364,-58.78,0.50,16.84,35.73,0.3192,0.0,100.0,0.0,0.0,0.0,980.0,974.0
189720,2.1371,-58.67,0.50,16.94,35.61,0.3192,0.0,100.0,0.0,0.0,0.0,991.1,975.2
189780,2.1378,-58.57,0.50,17.04,35.48,0.3192,0.0,100.0,0.0,0.0,0.0,1002.9,1000.2
189840,2.1384,-58.46,0.50,17.14,35.36,0.3192,0.0,100.0,0.0,0.0,100.0,965.1,966.4
189900,2.1391,-58.36,0.50,17.24,35.44,0.3195,0.0,100.0,0.0,0.0,0.0,962.6,1001.4
189960,2.1398,-58.25,0.50,17.34,35.31,0.3195,0.0,100.0,0.0,0.0,0.0,980.0,991.2
190020,2.1405,-58.14,0.50,17.44,35.19,0.3195,0.0,100.0,0.0,0.0,0.0,1024.9,968.1
190080,2.1411,-58.04,0.50,17.54,35.06,0.3195,0.0,100.0,0.0,0.0,0.0,989.0,983.0
190140,2.1418,-57.93,0.50,17.64,34.93,0.3195,0.0,100.0,0.0,0.0,0.0,1008.7,998.2
190200,2.1425,-57.82,0.50,17.74,34.80,0.3195,0.0,100.0,0.0,0.0,0.0,987.2,1008.8
190260,2.1432,-57.71,0.50,17.84,34.67,0.3195,0.0,100.0,0.0,0.0,0.0,1005.9,978.2
190320,2.1438,-57.61,0.50,17.94,34.55,0.3195,0.0,100.0,0.0,0.0,0.0,1030.5,983.0
190380,2.1445,-57.50,0.50,18.05,34.42,0.3195,0.0,100.0,0.0,0.0,0.0,980.9,995.7
190440,2.1452,-57.39,0.50,18.15,34.29,0.3195,0.0,0.0,0.0,0.0,0.0,972.6,967.7
190500,2.1459,-57.28,0.50,13.66,45.08,0.3195,0.0,100.0,0.0,0.0,0.0,1021.5,990.4
190560,2.1466,-57.17,0.50,14.04,44.13,0.3195,0.0,100.0,0.0,0.0,0.0,986.9,1011.0
190620,2.1472,-57.06,0.50,14.40,43.25,0.3195,0.0,100.0,0.0,0.0,0.0,1020.4,966.2
190680,2.1479,-56.95,0.50,14.74,42.43,0.3195,0.0,100.0,0.0,0.0,0.0,1002.0,964.4
190740,2.1486,-56.84,0.50,15.08,41.66,0.3195,0.0,100.0,0.0,0.0,0.0,1051.0,1001.8
190800,2.1493,-56.73,0.50,15.39,40.95,0.3195,0.0,100.0,0.0,0.0,0.0,1032.1,982.0
190860,2.1499,-56.61,0.50,15.70,40.28,0.3195,0.0,100.0,0.0,0.0,0.0,990.0,990.1
190920,2.1506,-56.50,0.50,16.00,39.65,0.3194,0.0,100.0,0.0,0.0,0.0,1009.1,963.7
190980,2.1513,-56.39,0.50,16.28,39.05,0.3194,0.0,100.0,0.0,0.0,0.0,996.5,963.1
191040,2.1520,-56.28,0.50,16.55,38.50,0.3194,0.0,100.0,0.0,0.0,0.0,971.9,1003.2
191100,2.1526,-56.17,0.50,16.82,37.97,0.3194,0.0,100.0,0.0,0.0,0.0,1020.7,981.9
191160,2.1533,-56.05,0.50,17.07,37.47,0.3194,0.0,100.0,0.0,0.0,0.0,991.4,1002.4
191220,2.1540,-55.94,0.50,17.32,37.00,0.3194,0.0,100.0,0.0,0.0,0.0,971.5,981.8
191280,2.1547,-55.82,0.50,17.56,36.56,0.3194,0.0,100.0,0.0,0.0,0.0,998.8,1011.2
191340,2.1553,-55.71,0.50,17.79,36.14,0.3194,0.0,100.0,0.0,0.0,0.0,1002.8,986.7
191400,2.1560,-55.60,0.50,18.02,35.74,0.3194,0.0,0.0,0.0,0.0,0.0,990.6,989.4
191460,2.1567,-55.48,0.50,13.64,46.66,0.3194,0.0,100.0,0.0,0.0,0.0,999.5,964.3
191520,2.1574,-55.37,0.50,14.13,45.37,0.3194,0.0,100.0,0.0,0.0,0.0,1005.4,1006.1
191580,2.1580,-55.25,0.50,14.59,44.18,0.3194,0.0,100.0,0.0,0.0,0.0,993.1,988.5
191640,2.1587,-55.14,0.50,15.03,43.09,0.3194,0.0,100.0,0.0,0.0,0.0,1001.0,997.8
191700,2.1594,-55.02,0.50,15.46,42.07,0.3194,0.0,100.0,0.0,0.0,0.0,994.4,1017.2
191760,2.1601,-54.90,0.50,15.86,41.13,0.3194,0.0,100.0,0.0,0.0,0.0,987.7,981.9
191820,2.1607,-54.79,0.50,16.25,40.26,0.3194,0.0,100.0,0.0,0.0,0.0,966.1,987.7
191880,2.1614,-54.67,0.50,16.62,39.45,0.3194,0.0,100.0,0.0,0.0,0.0,955.6,1035.6
191940,2.1621,-54.55,0.50,16.98,38.69,0.3194,0.0,100.0,0.0,0.0,0.0,1010.6,959.7
192000,2.1628,-54.43,0.50,17.32,37.99,0.3194,0.0,100.0,0.0,0.0,0.0,974.7,995.5
192060,2.1634,-54.32,0.50,17.65,37.33,0.3194,0.0,100.0,0.0,0.0,0.0,1019.7,971.4
192120,2.1641,-54.20,0.50,17.96,36.71,0.3194,0.0,0.0,0.0,0.0,0.0,1007.5,997.2
192180,2.1648,-54.08,0.50,13.68,47.68,0.3194,0.0,100.0,0.0,0.0,0.0,949.1,979.0
192240,2.1655,-53.96,0.50,14.24,46.12,0.3194,0.0,100.0,0.0,0.0,0.0,968.8,1006.0
192300,2.1662,-53.84,0.50,14.78,44.70,0.3194,0.0,100.0,0.0,0.0,100.0,1019.2,980.6
192360,2.1668,-53.72,0.50,15.30,43.60,0.3197,0.0,100.0,0.0,0.0,0.0,1011.5,983.4
192420,2.1675,-53.60,0.50,15.79,42.40,0.3197,0.0,100.0,0.0,0.0,0.0,982.3,1009.2
192480,2.1682,-53.48,0.50,16.26,41.29,0.3197,0.0,100.0,0.0,0.0,0.0,1001.8,1013.9
192540,2.1689,-53.36,0.50,16.71,40.27,0.3197,0.0,100.0,0.0,0.0,0.0,998.3,973.3
192600,2.1695,-53.24,0.50,17.14,39.32,0.3197,0.0,100.0,0.0,0.0,0.0,994.7,998.6
192660,2.1702,-53.12,0.50,17.55,38.44,0.3197,0.0,100.0,0.0,0.0,0.0,1003.4,998.2
192720,2.1709,-53.00,0.50,17.94,37.63,0.3197,0.0,0.0,0.0,0.0,0.0,976.2,1005.1
192780,2.1716,-52.88,0.50,13.73,48.65,0.3197,0.0,100.0,0.0,0.0,0.0,990.0,1000.7
192840,2.1722,-52.76,0.50,14.36,46.86,0.3197,0.0,100.0,0.0,0.0,0.0,988.1,976.6
192900,2.1729,-52.63,0.50,14.97,45.24,0.3197,0.0,100.0,0.0,0.0,0.0,977.5,946.6
192960,2.1736,-52.51,0.50,15.54,43.76,0.3197,0.0,100.0,0.0,0.0,0.0,1016.5,973.1
193020,2.1743,-52.39,0.50,16.09,42.40,0.3197,0.0,100.0,0.0,0.0,0.0,989.5,971.6
193080,2.1749,-52.27,0.50,16.62,41.16,0.3197,0.0,100.0,0.0,0.0,0.0,991.6,1012.2
193140,2.1756,-52.14,0.50,17.12,40.02,0.3197,0.0,100.0,0.0,0.0,0.0,996.7,983.7
193200,2.1763,-52.02,0.50,17.59,38.97,0.3197,0.0,100.0,0.0,0.0,0.0,1012.5,982.0
193260,2.1770,-51.90,0.50,18.05,38.00,0.3197,0.0,100.0,0.0,0.0,0.0,980.8,987.3
193320,2.1776,-51.77,0.50,18.49,37.10,0.3197,0.0,0.0,0.0,0.0,0.0,990.4,1024.0
193380,2.1783,-51.65,0.50,14.31,47.79,0.3197,0.0,100.0,0.0,0.0,0.0,991.5,979.9
193440,2.1790,-51.52,0.50,14.99,45.94,0.3197,0.0,100.0,0.0,0.0,0.0,1023.5,1020.0
193500,2.1797,-51.40,0.50,15.63,44.26,0.3197,0.0,100.0,0.0,0.0,0.0,1004.7,1016.7
193560,2.1803,-51.27,0.50,16.24,42.73,0.3197,0.0,100.0,0.0,0.0,0.0,987.4,1000.4
193620,2.1810,-51.15,0.50,16.82,41.33,0.3197,0.0,100.0,0.0,0.0,0.0,1002.0,980.3
193680,2.1817,-51.02,0.50,17.37,40.06,0.3197,0.0,100.0,0.0,0.0,0.0,1006.9,990.9
193740,2.1824,-50.90,0.50,17.90,38.89,0.3197,0.0,0.0,0.0,0.0,0.0,1004.0,993.5
193800,2.1830,-50.77,0.50,13.82,49.89,0.3197,0.0,100.0,0.0,0.0,0.0,1017.0,1015.7
193860,2.1837,-50.65,0.50,14.57,47.70,0.3197,0.0,100.0,0.0,0.0,0.0,980.2,1039.6
193920,2.1844,-50.52,0.50,15.29,45.73,0.3197,0.0,100.0,0.0,0.0,0.0,976.6,983.8
193980,2.1851,-50.39,0.50,15.97,43.95,0.3197,0.0,100.0,0.0,0.0,0.0,1012.9,991.6
194040,2.1858,-50.27,0.50,16.62,42.33,0.3197,0.0,100.0,0.0,0.0,0.0,1033.3,998.3
194100,2.1864,-50.14,0.50,17.24,40.86,0.3197,0.0,100.0,0.0,0.0,0.0,989.7,1008.8
194160,2.1871,-50.01,0.50,17.83,39.52,0.3197,0.0,100.0,0.0,0.0,0.0,982.3,957.7
194220,2.1878,-49.88,0.50,18.39,38.29,0.3197,0.0,0.0,0.0,0.0,0.0,1001.0,1003.3
194280,2.1885,-49.76,0.50,14.34,48.98,0.3197,0.0,100.0,0.0,0.0,0.0,983.3,1003.1
194340,2.1891,-49.63,0.50,15.12,46.76,0.3197,0.0,100.0,0.0,0.0,0.0,991.9,1008.1
194400,2.1898,-49.50,0.50,15.87,44.76,0.3197,0.0,100.0,0.0,0.0,0.0,1039.6,971.1
194460,2.1905,-49.37,0.50,16.58,42.96,0.3197,0.0,100.0,0.0,0.0,0.0,1006.4,982.0
194520,2.1912,-49.24,0.50,17.25,41.33,0.3197,0.0,100.0,0.0,0.0,0.0,1001.8,1020.5
194580,2.1918,-49.12,0.50,17.90,39.85,0.3197,0.0,100.0,0.0,0.0,0.0,1010.6,1008.0
194640,2.1925,-48.99,0.50,18.51,38.50,0.3197,0.0,0.0,0.0,0.0,0.0,953.3,998.4
194700,2.1932,-48.86,0.50,14.50,49.09,0.3197,0.0,100.0,0.0,0.0,0.0,1025.6,1021.5
194760,2.1939,-48.73,0.50,15.33,46.74,0.3197,0.0,100.0,0.0,0.0,0.0,965.5,995.9
194820,2.1945,-48.60,0.50,16.12,44.63,0.3197,0.0,100.0,0.0,0.0,0.0,1013.9,984.6
194880,2.1952,-48.47,0.50,16.86,42.74,0.3197,0.0,100.0,0.0,0.0,0.0,978.5,982.7
194940,2.1959,-48.34,0.50,17.58,41.02,0.3197,0.0,100.0,0.0,0.0,0.0,1007.5,994.0
195000,2.1966,-48.21,0.50,18.25,39.47,0.3197,0.0,0.0,0.0,0.0,0.0,999.6,1006.4
195060,2.1972,-48.08,0.50,14.31,50.17,0.3197,0.0,100.0,0.0,0.0,0.0,1013.6,996.9
195120,2.1979,-47.95,0.50,15.19,47.59,0.3197,0.0,100.0,0.0,0.0,0.0,1037.8,1020.3
195180,2.1986,-47.82,0.50,16.03,45.29,0.3197,0.0,100.0,0.0,0.0,0.0,976.3,941.5
195240,2.1993,-47.69,0.50,16.83,43.23,0.3197,0.0,100.0,0.0,0.0,0.0,999.2,988.9
195300,2.1999,-47.55,0.50,17.59,41.38,0.3197,0.0,100.0,0.0,0.0,0.0,1026.7,964.8
195360,2.2006,-47.42,0.50,18.32,39.71,0.3197,0.0,0.0,0.0,0.0,0.0,983.4,980.8
195420,2.2013,-47.29,0.50,14.41,50.32,0.3196,0.0,100.0,0.0,0.0,0.0,1025.6,956.7
195480,2.2020,-47.16,0.50,15.34,47.62,0.3196,0.0,100.0,0.0,0.0,0.0,988.6,1035.7
195540,2.2026,-47.03,0.50,16.22,45.22,0.3196,0.0,100.0,0.0,0.0,0.0,994.7,1015.2
195600,2.2033,-46.90,0.50,17.06,43.07,0.3196,0.0,100.0,0.0,0.0,0.0,955.6,991.4
195660,2.2040,-46.76,0.50,17.85,41.15,0.3196,0.0,100.0,0.0,0.0,0.0,998.9,1008.8
195720,2.2047,-46.63,0.50,18.60,39.41,0.3196,0.0,0.0,0.0,0.0,100.0,1005.0,998.2
195780,2.2054,-46.50,0.50,14.73,50.06,0.3200,0.0,100.0,0.0,0.0,0.0,996.1,1003.8
195840,2.2060,-46.37,0.50,15.69,47.30,0.3200,0.0,100.0,0.0,0.0,0.0,993.9,987.0
195900,2.2067,-46.23,0.50,16.59,44.85,0.3200,0.0,100.0,0.0,0.0,0.0,992.3,972.5
195960,2.2074,-46.10,0.50,17.45,42.66,0.3200,0.0,100.0,0.0,0.0,0.0,995.9,982.8
196020,2.2081,-45.97,0.50,18.27,40.70,0.3200,0.0,0.0,0.0,0.0,0.0,1002.5,1006.4
196080,2.2087,-45.83,0.50,14.46,51.30,0.3200,0.0,100.0,0.0,0.0,0.0,1007.7,970.5
196140,2.2094,-45.70,0.50,15.47,48.30,0.3200,0.0,100.0,0.0,0.0,0.0,1021.4,1011.5
196200,2.2101,-45.57,0.50,16.43,45.64,0.3200,0.0,100.0,0.0,0.0,0.0,986.9,988.4
196260,2.2108,-45.43,0.50,17.34,43.28,0.3200,0.0,100.0,0.0,0.0,0.0,1009.1,1048.3
196320,2.2114,-45.30,0.50,18.20,41.18,0.3200,0.0,0.0,0.0,0.0,0.0,1005.0,995.8
196380,2.2121,-45.16,0.50,14.43,51.77,0.3200,0.0,100.0,0.0,0.0,0.0,1009.2,984.7
196440,2.2128,-45.03,0.50,15.49,48.62,0.3200,0.0,100.0,0.0,0.0,0.0,986.9,1038.3
196500,2.2135,-44.90,0.50,16.48,45.83,0.3199,0.0,100.0,0.0,0.0,0.0,1017.9,1011.3
196560,2.2141,-44.76,0.50,17.43,43.37,0.3199,0.0,100.0,0.0,0.0,0.0,981.8,973.6
196620,2.2148,-44.63,0.50,18.33,41.18,0.3199,0.0,0.0,0.0,0.0,0.0,1009.5,1006.1
196680,2.2155,-44.49,0.50,14.59,51.65,0.3199,0.0,100.0,0.0,0.0,0.0,1016.7,1008.0
196740,2.2162,-44.36,0.50,15.68,48.42,0.3199,0.0,100.0,0.0,0.0,0.0,1022.6,1053.6
196800,2.2168,-44.22,0.50,16.70,45.57,0.3199,0.0,100.0,0.0,0.0,0.0,1002.6,1034.6
196860,2.2175,-44.09,0.50,17.68,43.06,0.3199,0.0,100.0,0.0,0.0,0.0,992.1,1004.0
196920,2.2182,-43.95,0.50,18.60,40.82,0.3199,0.0,0.0,0.0,0.0,0.0,1005.7,978.2
196980,2.2189,-43.82,0.50,14.89,51.11,0.3199,0.0,100.0,0.0,0.0,0.0,992.7,998.3
197040,2.2195,-43.68,0.50,15.99,47.85,0.3199,0.0,100.0,0.0,0.0,0.0,968.3,1024.4
197100,2.2202,-43.55,0.50,17.04,44.99,0.3199,0.0,100.0,0.0,0.0,0.0,974.2,998.1
197160,2.2209,-43.41,0.50,18.04,42.46,0.3199,0.0,100.0,0.0,0.0,0.0,990.7,1000.4
197220,2.2216,-43.27,0.50,18.98,40.22,0.3199,0.0,0.0,0.0,0.0,0.0,1012.4,988.5
197280,2.2222,-43.14,0.50,15.28,50.27,0.3199,0.0,100.0,0.0,0.0,0.0,1002.6,1019.5
197340,2.2229,-43.00,0.50,16.41,47.03,0.3199,0.0,100.0,0.0,0.0,0.0,1002.8,1007.3
197400,2.2236,-42.87,0.50,17.47,44.18,0.3199,0.0,100.0,0.0,0.0,0.0,998.8,1007.7
197460,2.2243,-42.73,0.50,18.48,41.67,0.3199,0.0,0.0,0.0,0.0,0.0,1009.4,990.5
197520,2.2250,-42.59,0.50,14.85,51.93,0.3199,0.0,100.0,0.0,0.0,0.0,997.1,973.4
197580,2.2256,-42.46,0.50,16.03,48.39,0.3199,0.0,100.0,0.0,0.0,0.0,1027.2,967.8
197640,2.2263,-42.32,0.50,17.15,45.31,0.3199,0.0,100.0,0.0,0.0,0.0,992.0,1034.0
197700,2.2270,-42.18,0.50,18.21,42.59,0.3199,0.0,100.0,0.0,0.0,0.0,996.4,1043.8
197760,2.2277,-42.05,0.50,19.21,40.20,0.3199,0.0,0.0,0.0,0.0,0.0,1017.0,1007.7
197820,2.2283,-41.91,0.50,15.58,50.03,0.3199,0.0,100.0,0.0,0.0,0.0,996.3,993.4
197880,2.2290,-41.77,0.50,16.75,46.66,0.3199,0.0,100.0,0.0,0.0,0.0,1009.0,1019.5
197940,2.2297,-41.64,0.50,17.87,43.71,0.3199,0.0,0.0,0.0,0.0,0.0,1013.0,990.9
198000,2.2304,-41.50,0.50,14.34,54.18,0.3199,0.0,100.0,0.0,0.0,0.0,1013.6,1010.3
198060,2.2310,-41.36,0.50,15.62,50.18,0.3199,0.0,100.0,0.0,0.0,0.0,1002.5,975.0
198120,2.2317,-41.23,0.50,16.82,46.72,0.3199,0.0,100.0,0.0,0.0,0.0,1028.2,975.6
198180,2.2324,-41.09,0.50,17.97,43.69,0.3199,0.0,100.0,0.0,0.0,0.0,1025.2,1005.1
198240,2.2331,-40.95,0.50,19.05,41.03,0.3199,0.0,0.0,0.0,0.0,0.0,1015.5,992.3
198300,2.2337,-40.82,0.50,15.49,50.85,0.3199,0.0,100.0,0.0,0.0,0.0,999.0,985.2
198360,2.2344,-40.68,0.50,16.74,47.22,0.3199,0.0,100.0,0.0,0.0,0.0,1001.2,987.7
198420,2.2351,-40.54,0.50,17.92,44.06,0.3199,0.0,100.0,0.0,0.0,0.0,1001.3,1025.7
198480,2.2358,-40.40,0.50,19.04,41.29,0.3199,0.0,0.0,0.0,0.0,0.0,1021.1,1024.4
198540,2.2364,-40.27,0.50,15.52,51.07,0.3199,0.0,100.0,0.0,0.0,0.0,978.7,1009.4
198600,2.2371,-40.13,0.50,16.80,47.33,0.3199,0.0,100.0,0.0,0.0,0.0,1034.0,1003.4
198660,2.2378,-39.99,0.50,18.01,44.09,0.3199,0.0,100.0,0.0,0.0,0.0,1000.0,1042.5
198720,2.2385,-39.85,0.50,19.16,41.25,0.3199,0.0,0.0,0.0,0.0,0.0,1014.3,1005.5
198780,2.2391,-39.72,0.50,15.65,50.93,0.3199,0.0,100.0,0.0,0.0,0.0,969.8,997.6
198840,2.2398,-39.58,0.50,16.96,47.14,0.3199,0.0,100.0,0.0,0.0,0.0,979.9,1056.6
198900,2.2405,-39.44,0.50,18.19,43.85,0.3199,0.0,0.0,0.0,0.0,0.0,1030.6,1017.7
198960,2.2412,-39.30,0.50,14.77,53.95,0.3199,0.0,100.0,0.0,0.0,0.0,1009.9,988.8
199020,2.2418,-39.16,0.50,16.15,49.67,0.3199,0.0,100.0,0.0,0.0,0.0,1002.8,1017.2
199080,2.2425,-39.03,0.50,17.46,45.98,0.3199,0.0,100.0,0.0,0.0,0.0,1013.4,1001.9
199140,2.2432,-38.89,0.50,18.70,42.78,0.3199,0.0,0.0,0.0,0.0,0.0,1019.8,1021.5
199200,2.2439,-38.75,0.50,15.28,52.58,0.3199,0.0,100.0,0.0,0.0,0.0,953.3,1038.5
199260,2.2446,-38.61,0.50,16.67,48.42,0.3199,0.0,100.0,0.0,0.0,0.0,1006.8,994.8
199320,2.2452,-38.47,0.50,17.98,44.83,0.3199,0.0,100.0,0.0,0.0,0.0,1008.4,996.9
199380,2.2459,-38.34,0.50,19.22,41.72,0.3199,0.0,0.0,0.0,0.0,0.0,995.3,1003.3
199440,2.2466,-38.20,0.50,15.80,51.23,0.3199,0.0,100.0,0.0,0.0,0.0,1014.8,1041.4
199500,2.2473,-38.06,0.50,17.19,47.19,0.3199,0.0,100.0,0.0,0.0,0.0,991.7,991.8
199560,2.2479,-37.92,0.50,18.50,43.70,0.3199,0.0,0.0,0.0,0.0,0.0,991.9,1003.2
199620,2.2486,-37.78,0.50,15.15,53.51,0.3199,0.0,100.0,0.0,0.0,0.0,1033.3,1017.1
199680,2.2493,-37.65,0.50,16.60,49.07,0.3199,0.0,100.0,0.0,0.0,0.0,1007.2,999.3
199740,2.2500,-37.51,0.50,17.97,45.27,0.3199,0.0,100.0,0.0,0.0,0.0,1010.6,996.4
199800,2.2506,-37.37,0.50,19.27,42.16,0.3199,3.2,100.0,100.0,0.0,0.0,1029.1,967.4
199860,2.2513,-37.23,0.50,20.99,46.97,0.3196,306.6,100.0,100.0,0.0,0.0,994.7,1037.3
199920,2.2520,-37.09,0.50,22.62,50.17,0.3194,310.0,100.0,100.0,0.0,0.0,1001.8,986.3
199980,2.2527,-36.96,0.50,24.16,52.38,0.3192,313.4,0.0,100.0,0.0,0.0,1033.2,992.3
200040,2.2533,-36.82,0.50,21.02,67.79,0.3190,316.8,100.0,100.0,0.0,0.0,1029.2,1020.0
200100,2.2540,-36.68,0.50,22.68,64.54,0.3189,320.2,0.0,100.0,0.0,0.0,970.5,987.9
200160,2.2547,-36.54,0.50,19.66,78.43,0.3188,323.6,100.0,100.0,0.0,0.0,1004.0,989.1
200220,2.2554,-36.40,0.50,21.42,71.13,0.3187,327.0,100.0,100.0,0.0,0.0,1000.7,984.5
200280,2.2560,-36.27,0.50,23.09,66.62,0.3186,330.4,0.0,100.0,0.0,0.0,1010.8,969.7
200340,2.2567,-36.13,0.50,20.07,80.08,0.3184,333.8,100.0,100.0,0.0,0.0,1027.3,983.1
200400,2.2574,-35.99,0.50,21.84,72.13,0.3183,337.1,100.0,100.0,0.0,0.0,973.1,1000.6
200460,2.2581,-35.85,0.50,23.52,67.23,0.3182,340.5,0.0,100.0,0.0,0.0,964.7,1002.5
200520,2.2587,-35.72,0.50,20.51,80.50,0.3181,343.9,100.0,100.0,0.0,0.0,1010.2,997.1
200580,2.2594,-35.58,0.50,22.29,72.37,0.3180,347.3,100.0,100.0,0.0,0.0,977.9,959.8
200640,2.2601,-35.44,0.50,23.97,67.37,0.3179,350.7,0.0,100.0,0.0,0.0,1009.1,1000.6
200700,2.2608,-35.30,0.50,20.97,80.51,0.3177,354.1,100.0,100.0,0.0,0.0,953.3,954.1
200760,2.2614,-35.16,0.50,22.75,72.38,0.3177,357.5,100.0,100.0,0.0,0.0,1020.0,982.5
200820,2.2621,-35.03,0.50,24.44,67.35,0.3175,360.9,0.0,100.0,0.0,0.0,997.6,933.9
200880,2.2628,-34.89,0.50,21.45,80.40,0.3174,364.3,100.0,100.0,0.0,0.0,967.9,960.5
200940,2.2635,-34.75,0.50,23.24,72.29,0.3173,367.7,0.0,100.0,0.0,0.0,955.5,980.7
201000,2.2642,-34.61,0.50,20.34,84.65,0.3172,371.0,100.0,100.0,0.0,0.0,989.6,952.0
201060,2.2648,-34.48,0.50,22.21,74.76,0.3171,374.4,100.0,100.0,0.0,0.0,989.4,961.0
201120,2.2655,-34.34,0.50,23.99,68.80,0.3170,377.8,0.0,100.0,0.0,0.0,953.1,975.7
201180,2.2662,-34.20,0.50,21.08,81.62,0.3169,381.2,100.0,100.0,0.0,100.0,978.4,973.9
201240,2.2669,-34.06,0.50,22.94,72.98,0.3171,384.6,100.0,100.0,0.0,0.0,967.4,979.9
201300,2.2675,-33.93,0.50,24.70,67.67,0.3170,387.9,0.0,100.0,0.0,0.0,968.4,975.2
201360,2.2682,-33.79,0.50,21.78,80.54,0.3169,391.3,100.0,100.0,0.0,100.0,942.6,956.9
201420,2.2689,-33.65,0.50,23.64,72.32,0.3171,394.7,0.0,100.0,0.0,0.0,976.8,947.3
201480,2.2696,-33.52,0.50,20.80,84.50,0.3170,398.1,100.0,100.0,0.0,0.0,959.2,951.4
201540,2.2702,-33.38,0.50,22.74,74.58,0.3169,401.4,0.0,100.0,0.0,0.0,941.3,959.9
201600,2.2709,-33.24,0.50,19.98,86.40,0.3168,404.8,100.0,100.0,0.0,0.0,919.6,960.9
201660,2.2716,-33.11,0.50,21.99,75.59,0.3167,408.2,100.0,100.0,0.0,0.0,928.4,972.7
201720,2.2723,-32.97,0.50,23.89,69.20,0.3166,411.5,0.0,100.0,0.0,100.0,940.0,975.5
201780,2.2729,-32.83,0.50,21.09,81.91,0.3168,414.9,100.0,100.0,0.0,0.0,924.7,921.0
201840,2.2736,-32.70,0.50,23.07,72.96,0.3167,418.3,0.0,100.0,0.0,0.0,963.9,925.4
201900,2.2743,-32.56,0.50,20.34,84.97,0.3166,421.6,100.0,100.0,0.0,0.0,940.1,932.5
201960,2.2750,-32.42,0.50,22.38,74.69,0.3165,425.0,100.0,100.0,0.0,0.0,925.7,977.6
202020,2.2756,-32.29,0.50,24.31,68.61,0.3164,428.3,0.0,100.0,0.0,0.0,951.6,944.6
202080,2.2763,-32.15,0.50,21.55,81.22,0.3163,431.7,100.0,100.0,0.0,0.0,934.5,941.5
202140,2.2770,-32.01,0.50,23.55,72.50,0.3162,435.0,0.0,100.0,0.0,0.0,944.9,906.1
202200,2.2777,-31.88,0.50,20.85,84.46,0.3161,438.4,100.0,100.0,0.0,0.0,972.4,915.5
202260,2.2783,-31.74,0.50,22.92,74.34,0.3160,441.7,100.0,100.0,0.0,0.0,923.4,959.9
202320,2.2790,-31.61,0.50,24.87,68.35,0.3159,445.1,0.0,100.0,0.0,100.0,922.1,965.9
202380,2.2797,-31.47,0.50,22.13,80.92,0.3160,448.4,100.0,100.0,12.8,0.0,874.3,920.5
202440,2.2804,-31.34,0.50,24.15,72.28,0.3160,451.7,0.0,100.0,0.0,0.0,934.1,960.2
202500,2.2810,-31.20,0.50,21.47,84.11,0.3158,455.1,100.0,100.0,0.0,0.0,934.1,935.5
202560,2.2817,-31.06,0.50,23.55,74.10,0.3157,458.4,0.0,100.0,0.0,0.0,922.6,921.5
202620,2.2824,-30.93,0.50,20.93,85.61,0.3156,461.7,100.0,100.0,0.0,0.0,928.5,971.4
202680,2.2831,-30.79,0.50,23.07,74.89,0.3155,465.1,100.0,100.0,0.0,0.0,937.9,949.8
202740,2.2838,-30.66,0.50,25.09,68.61,0.3154,468.4,0.0,100.0,0.0,0.0,903.5,889.0
202800,2.2844,-30.52,0.50,22.41,80.93,0.3153,471.7,100.0,100.0,0.0,0.0,970.9,922.0
202860,2.2851,-30.39,0.50,24.49,72.20,0.3152,475.0,0.0,100.0,0.0,0.0,952.2,924.4
202920,2.2858,-30.26,0.50,21.87,83.88,0.3150,478.3,100.0,100.0,3.0,0.0,894.0,905.9
202980,2.2865,-30.12,0.50,24.00,73.87,0.3150,481.6,0.0,100.0,0.0,0.0,909.6,951.6
203040,2.2871,-29.99,0.50,21.43,85.24,0.3148,484.9,100.0,100.0,0.0,0.0,921.9,915.7
203100,2.2878,-29.85,0.50,23.61,74.59,0.3148,488.3,0.0,100.0,0.0,0.0,959.5,919.8
203160,2.2885,-29.72,0.50,21.08,85.82,0.3146,491.6,100.0,100.0,100.0,0.0,433.2,905.6
203220,2.2892,-29.58,0.50,23.31,74.86,0.3146,494.8,0.0,100.0,100.0,0.0,428.9,969.1
203280,2.2898,-29.45,0.50,20.82,86.02,0.3144,498.1,100.0,100.0,100.0,0.0,423.1,1012.9
203340,2.2905,-29.32,0.50,23.08,74.91,0.3144,501.4,0.0,100.0,100.0,0.0,412.8,1036.9
203400,2.2912,-29.18,0.50,20.63,86.05,0.3142,504.7,100.0,100.0,100.0,0.0,422.0,1147.9
203460,2.2919,-29.05,0.50,22.93,74.87,0.3142,508.0,100.0,100.0,100.0,0.0,440.6,1215.9
203520,2.2925,-28.92,0.50,25.09,68.45,0.3140,511.3,0.0,100.0,100.0,0.0,418.7,1263.8
203580,2.2932,-28.78,0.50,22.55,80.61,0.3139,514.6,100.0,100.0,100.0,0.0,442.1,1320.2
203640,2.2939,-28.65,0.50,24.77,71.81,0.3138,517.8,0.0,100.0,100.0,100.0,429.5,1368.7
203700,2.2946,-28.52,0.50,22.27,83.35,0.3140,521.1,100.0,100.0,100.0,0.0,418.0,1385.9
203760,2.2952,-28.39,0.50,24.52,73.37,0.3139,524.4,0.0,100.0,100.0,0.0,436.6,1493.5
203820,2.2959,-28.25,0.50,22.06,84.52,0.3137,527.6,100.0,100.0,100.0,0.0,452.5,1522.5
203880,2.2966,-28.12,0.50,24.34,74.00,0.3137,530.9,0.0,100.0,100.0,0.0,417.1,1584.4
203940,2.2973,-27.99,0.50,21.91,85.00,0.3135,534.1,100.0,100.0,100.0,0.0,441.3,1612.1
204000,2.2979,-27.86,0.50,24.22,74.22,0.3134,537.4,0.0,100.0,100.0,0.0,434.8,1635.7
204060,2.2986,-27.73,0.50,21.82,85.15,0.3133,540.6,100.0,100.0,100.0,0.0,429.9,1754.5
204120,2.2993,-27.59,0.50,24.16,74.26,0.3132,543.8,0.0,100.0,100.0,0.0,462.4,1814.3
204180,2.3000,-27.46,0.50,21.78,85.15,0.3131,547.1,100.0,100.0,100.0,0.0,442.3,1887.3
204240,2.3006,-27.33,0.50,24.15,74.22,0.3130,550.3,0.0,100.0,100.0,0.0,441.7,1978.4
204300,2.3013,-27.20,0.50,21.79,85.08,0.3129,553.5,100.0,100.0,100.0,0.0,443.0,1969.3
204360,2.3020,-27.07,0.50,24.18,74.15,0.3128,556.8,0.0,100.0,100.0,0.0,426.5,2044.2
204420,2.3027,-26.94,0.50,21.84,84.98,0.3127,560.0,100.0,100.0,100.0,0.0,447.8,2120.9
204480,2.3034,-26.81,0.50,24.24,74.05,0.3126,563.2,0.0,100.0,100.0,0.0,420.9,2151.7
204540,2.3040,-26.68,0.50,21.92,84.86,0.3124,566.4,100.0,100.0,100.0,0.0,468.8,2263.3
204600,2.3047,-26.55,0.50,24.34,73.96,0.3124,569.6,0.0,100.0,100.0,0.0,428.5,2296.4
204660,2.3054,-26.42,0.50,22.04,84.73,0.3122,572.8,100.0,100.0,100.0,0.0,435.9,2323.2
204720,2.3061,-26.29,0.50,24.47,73.86,0.3121,576.0,0.0,100.0,100.0,0.0,434.7,2383.4
204780,2.3067,-26.16,0.50,22.18,84.60,0.3120,579.2,100.0,100.0,100.0,0.0,417.2,2476.8
204840,2.3074,-26.03,0.50,24.63,73.76,0.3119,582.3,0.0,100.0,100.0,0.0,413.5,2543.9
204900,2.3081,-25.90,0.50,22.35,84.47,0.3118,585.5,100.0,100.0,100.0,100.0,434.0,2578.0
204960,2.3088,-25.77,0.50,24.80,73.69,0.3120,588.7,0.0,100.0,100.0,0.0,418.8,2613.0
205020,2.3094,-25.64,0.50,22.53,84.35,0.3119,591.9,100.0,100.0,100.0,0.0,416.2,2666.3
205080,2.3101,-25.52,0.50,25.00,73.58,0.3118,595.0,0.0,100.0,100.0,0.0,427.0,2768.0
205140,2.3108,-25.39,0.50,22.74,84.20,0.3116,598.2,100.0,100.0,100.0,0.0,405.1,2790.1
205200,2.3115,-25.26,0.50,25.21,73.47,0.3116,601.3,0.0,100.0,100.0,0.0,445.8,2843.4
205260,2.3121,-25.13,0.50,22.96,84.05,0.3114,604.5,100.0,100.0,100.0,0.0,454.3,2882.8
205320,2.3128,-25.00,0.50,25.44,73.37,0.3113,607.6,0.0,100.0,100.0,0.0,444.8,2979.1
205380,2.3135,-24.88,0.50,23.20,83.91,0.3112,610.7,0.0,100.0,100.0,0.0,430.0,3012.7
205440,2.3142,-24.75,0.50,21.09,92.08,0.3111,613.9,100.0,100.0,100.0,0.0,411.4,3076.3
205500,2.3148,-24.62,0.50,23.72,77.61,0.3110,617.0,0.0,100.0,100.0,0.0,434.3,3166.7
205560,2.3155,-24.50,0.50,21.60,87.27,0.3109,620.1,100.0,100.0,100.0,0.0,414.1,3208.8
205620,2.3162,-24.37,0.50,24.22,74.97,0.3109,623.2,0.0,100.0,100.0,0.0,415.4,3226.7
205680,2.3169,-24.24,0.50,22.10,85.18,0.3107,626.3,100.0,100.0,100.0,0.0,399.0,3325.5
205740,2.3175,-24.12,0.50,24.70,73.81,0.3106,629.4,0.0,100.0,100.0,100.0,444.7,3367.8
205800,2.3182,-23.99,0.50,22.57,84.26,0.3108,632.5,100.0,100.0,100.0,0.0,444.7,3423.5
205860,2.3189,-23.87,0.50,25.17,73.30,0.3107,635.6,0.0,100.0,100.0,0.0,444.0,3518.0
205920,2.3196,-23.74,0.50,23.03,83.71,0.3106,638.7,0.0,100.0,100.0,100.0,448.3,3544.6
205980,2.3202,-23.62,0.50,21.03,91.73,0.3108,641.8,100.0,100.0,100.0,100.0,435.2,3593.8
206040,2.3209,-23.49,0.50,23.75,77.22,0.3111,644.8,0.0,100.0,100.0,0.0,437.7,3669.4
206100,2.3216,-23.37,0.50,21.72,86.78,0.3110,647.9,100.0,100.0,100.0,0.0,420.8,3718.9
206160,2.3223,-23.24,0.50,24.42,74.54,0.3109,650.9,0.0,100.0,100.0,0.0,442.9,3751.5
206220,2.3230,-23.12,0.50,22.38,84.66,0.3108,654.0,100.0,100.0,100.0,0.0,423.6,3867.6
206280,2.3236,-23.00,0.50,25.05,73.39,0.3107,657.0,0.0,100.0,100.0,0.0,423.1,3896.1
206340,2.3243,-22.87,0.50,22.99,83.66,0.3105,660.1,100.0,100.0,100.0,0.0,435.2,3951.7
206400,2.3250,-22.75,0.50,25.65,72.85,0.3104,663.1,0.0,100.0,100.0,0.0,475.9,4024.3
206460,2.3257,-22.63,0.50,23.58,83.14,0.3103,666.1,0.0,100.0,100.0,100.0,407.3,4031.6
206520,2.3263,-22.50,0.50,21.63,91.05,0.3105,669.1,100.0,100.0,100.0,0.0,430.5,4135.9
206580,2.3270,-22.38,0.50,24.40,76.74,0.3104,672.1,0.0,100.0,100.0,0.0,398.8,4150.8
206640,2.3277,-22.26,0.50,22.43,86.16,0.3103,675.2,100.0,100.0,100.0,100.0,403.7,4213.4
206700,2.3284,-22.14,0.50,25.18,74.14,0.3106,678.2,0.0,100.0,100.0,0.0,423.7,4280.4
206760,2.3290,-22.02,0.50,23.18,84.08,0.3104,681.1,0.0,100.0,100.0,0.0,416.3,4353.4
206820,2.3297,-21.89,0.50,21.30,91.59,0.3103,684.1,100.0,100.0,100.0,0.0,420.5,4414.9
206880,2.3304,-21.77,0.50,24.14,76.88,0.3103,687.1,0.0,100.0,100.0,0.0,423.7,4446.9
206940,2.3311,-21.65,0.50,22.24,86.19,0.3101,690.1,100.0,100.0,100.0,0.0,420.6,4478.2
207000,2.3317,-21.53,0.50,25.04,74.02,0.3101,693.0,0.0,100.0,100.0,0.0,466.2,4596.1
207060,2.3324,-21.41,0.50,23.10,83.92,0.3099,696.0,0.0,100.0,100.0,100.0,424.2,4612.6
207120,2.3331,-21.29,0.50,21.28,91.38,0.3101,698.9,100.0,100.0,100.0,0.0,420.9,4691.3
207180,2.3338,-21.17,0.50,24.17,76.67,0.3101,701.9,0.0,100.0,100.0,0.0,413.6,4718.7
207240,2.3344,-21.05,0.50,22.31,85.93,0.3100,704.8,100.0,100.0,100.0,100.0,441.2,4816.1
207300,2.3351,-20.94,0.50,25.16,73.82,0.3102,707.7,0.0,100.0,100.0,0.0,414.2,4855.1
207360,2.3358,-20.82,0.50,23.25,83.66,0.3100,710.7,0.0,100.0,100.0,0.0,415.4,4931.9
207420,2.3365,-20.70,0.50,21.47,91.03,0.3100,713.6,100.0,100.0,100.0,100.0,444.0,4953.4
207480,2.3371,-20.58,0.50,24.40,76.42,0.3102,716.5,0.0,100.0,100.0,100.0,427.5,5018.1
207540,2.3378,-20.46,0.50,22.57,85.67,0.3104,719.4,100.0,100.0,100.0,0.0,421.4,5053.6
207600,2.3385,-20.35,0.50,25.45,73.60,0.3103,722.3,0.0,100.0,100.0,100.0,455.8,5129.6
207660,2.3392,-20.23,0.50,23.58,83.41,0.3105,725.1,0.0,100.0,100.0,0.0,386.2,5192.4
207720,2.3398,-20.11,0.50,21.83,90.72,0.3104,728.0,100.0,100.0,100.0,0.0,395.1,5219.6
207780,2.3405,-20.00,0.50,24.78,76.20,0.3104,730.9,0.0,100.0,100.0,0.0,444.8,5283.8
207840,2.3412,-19.88,0.50,22.98,85.31,0.3102,733.7,0.0,100.0,100.0,0.0,432.0,5363.3
207900,2.3419,-19.76,0.50,21.29,92.03,0.3101,736.6,100.0,100.0,100.0,0.0,462.7,5436.1
207960,2.3426,-19.65,0.50,24.30,76.75,0.3101,739.4,0.0,100.0,100.0,0.0,414.6,5473.1
208020,2.3432,-19.53,0.50,22.55,85.72,0.3099,742.3,100.0,100.0,100.0,0.0,447.4,5495.0
208080,2.3439,-19.42,0.50,25.51,73.49,0.3099,745.1,0.0,100.0,100.0,100.0,465.6,5566.4
208140,2.3446,-19.30,0.50,23.71,83.19,0.3100,747.9,0.0,100.0,100.0,100.0,408.8,5637.5
208200,2.3453,-19.19,0.50,22.02,90.39,0.3103,750.7,100.0,100.0,100.0,0.0,407.4,5672.3
208260,2.3459,-19.08,0.50,25.04,75.90,0.3102,753.5,0.0,100.0,100.0,0.0,422.4,5782.1
208320,2.3466,-18.96,0.50,23.29,84.92,0.3101,756.3,0.0,100.0,100.0,0.0,431.2,5799.2
208380,2.3473,-18.85,0.50,21.66,91.54,0.3100,759.1,100.0,100.0,100.0,0.0,456.8,5850.8
208440,2.3480,-18.74,0.50,24.72,76.40,0.3099,761.9,0.0,100.0,100.0,0.0,402.2,5901.3
208500,2.3486,-18.62,0.50,23.02,85.26,0.3098,764.7,100.0,100.0,100.0,100.0,421.6,5948.8
208560,2.3493,-18.51,0.50,26.03,73.19,0.3100,767.4,0.0,100.0,100.0,100.0,436.2,6055.3
208620,2.3500,-18.40,0.50,24.27,82.75,0.3102,770.2,0.0,100.0,100.0,0.0,438.1,6070.4
208680,2.3507,-18.29,0.50,22.62,89.83,0.3101,772.9,100.0,100.0,100.0,0.0,414.5,6166.0
208740,2.3513,-18.18,0.50,25.67,75.54,0.3100,775.7,0.0,100.0,100.0,0.0,442.6,6218.0
208800,2.3520,-18.07,0.50,23.96,84.43,0.3099,778.4,0.0,100.0,100.0,100.0,427.5,6289.2
208860,2.3527,-17.96,0.50,22.36,91.02,0.3101,781.1,100.0,100.0,100.0,100.0,438.6,6340.0
208920,2.3534,-17.85,0.50,25.45,76.10,0.3104,783.8,0.0,100.0,100.0,0.0,445.0,6399.6
208980,2.3540,-17.74,0.50,23.78,84.81,0.3102,786.5,0.0,100.0,100.0,0.0,439.4,6396.5
209040,2.3547,-17.63,0.50,22.22,91.19,0.3101,789.2,100.0,100.0,100.0,0.0,422.2,6527.9
209100,2.3554,-17.52,0.50,25.35,76.10,0.3101,791.9,0.0,100.0,100.0,100.0,457.4,6547.1
209160,2.3561,-17.41,0.50,23.71,84.82,0.3103,794.6,0.0,100.0,100.0,0.0,428.1,6620.0
209220,2.3567,-17.30,0.50,22.18,91.12,0.3102,797.2,100.0,100.0,100.0,0.0,450.3,6669.6
209280,2.3574,-17.19,0.50,25.33,76.01,0.3101,799.9,0.0,100.0,100.0,0.0,467.7,6716.0
209340,2.3581,-17.08,0.50,23.72,84.65,0.3100,802.5,0.0,100.0,100.0,0.0,424.1,6778.2
209400,2.3588,-16.98,0.50,22.21,90.94,0.3099,805.2,100.0,100.0,100.0,0.0,416.6,6838.0
209460,2.3594,-16.87,0.50,25.40,75.87,0.3098,807.8,0.0,100.0,100.0,0.0,436.3,6898.0
209520,2.3601,-16.76,0.50,23.81,84.49,0.3097,810.4,0.0,100.0,100.0,0.0,417.6,6952.5
209580,2.3608,-16.66,0.50,22.32,90.76,0.3096,813.0,100.0,100.0,100.0,100.0,439.2,7001.7
209640,2.3615,-16.55,0.50,25.52,75.75,0.3098,815.6,0.0,100.0,100.0,0.0,385.1,7009.1
209700,2.3622,-16.45,0.50,23.95,84.34,0.3097,818.2,0.0,100.0,100.0,0.0,427.8,7116.1
209760,2.3628,-16.34,0.50,22.48,90.58,0.3096,820.8,100.0,100.0,100.0,0.0,423.6,7165.5
209820,2.3635,-16.24,0.50,25.69,75.62,0.3095,823.4,0.0,100.0,100.0,0.0,441.8,7201.2
209880,2.3642,-16.13,0.50,24.14,84.17,0.3094,825.9,0.0,100.0,100.0,0.0,456.5,7248.6
209940,2.3649,-16.03,0.50,22.68,90.39,0.3093,828.5,100.0,100.0,100.0,0.0,454.8,7333.5
210000,2.3655,-15.93,0.50,25.91,75.50,0.3092,831.0,0.0,100.0,100.0,0.0,446.1,7406.1
210060,2.3662,-15.82,0.50,24.37,84.01,0.3090,833.6,0.0,100.0,100.0,0.0,472.4,7478.9
210120,2.3669,-15.72,0.50,22.92,90.20,0.3089,836.1,100.0,100.0,100.0,0.0,403.4,7558.0
210180,2.3676,-15.62,0.50,26.16,75.38,0.3089,838.6,0.0,100.0,100.0,0.0,407.3,7551.8
210240,2.3682,-15.52,0.50,24.63,83.85,0.3087,841.1,0.0,100.0,100.0,0.0,431.6,7633.4
210300,2.3689,-15.41,0.50,23.19,90.02,0.3086,843.6,100.0,100.0,100.0,100.0,416.0,7686.3
210360,2.3696,-15.31,0.50,26.44,75.29,0.3089,846.1,0.0,100.0,100.0,0.0,409.7,7728.8
210420,2.3703,-15.21,0.50,24.91,83.70,0.3087,848.6,0.0,100.0,100.0,0.0,442.9,7787.1
210480,2.3709,-15.11,0.50,23.48,89.85,0.3086,851.1,0.0,100.0,100.0,0.0,369.3,7859.5
210540,2.3716,-15.01,0.50,22.15,94.13,0.3086,853.5,100.0,100.0,100.0,0.0,445.5,7897.1
210600,2.3723,-14.91,0.50,25.49,77.21,0.3085,856.0,0.0,100.0,100.0,100.0,437.0,7959.1
210660,2.3730,-14.81,0.50,24.05,85.16,0.3087,858.4,0.0,100.0,100.0,0.0,436.3,7973.2
210720,2.3736,-14.72,0.50,22.71,90.81,0.3086,860.8,100.0,100.0,100.0,0.0,410.4,8059.5
210780,2.3743,-14.62,0.50,26.04,75.52,0.3086,863.3,0.0,100.0,100.0,0.0,412.6,8130.3
210840,2.3750,-14.52,0.50,24.59,83.80,0.3084,865.7,0.0,100.0,100.0,0.0,458.3,8196.2
210900,2.3757,-14.42,0.50,23.24,89.79,0.3083,868.1,0.0,100.0,100.0,0.0,441.1,8210.8
210960,2.3763,-14.33,0.50,21.97,93.92,0.3082,870.4,100.0,100.0,100.0,0.0,451.6,8281.2
211020,2.3770,-14.23,0.50,25.38,76.95,0.3082,872.8,0.0,100.0,100.0,0.0,437.5,8368.4
211080,2.3777,-14.13,0.50,24.00,84.84,0.3080,875.2,0.0,100.0,100.0,0.0,429.0,8360.1
211140,2.3784,-14.04,0.50,22.72,90.45,0.3079,877.5,100.0,100.0,100.0,0.0,418.8,8476.0
211200,2.3790,-13.94,0.50,26.10,75.23,0.3079,879.9,0.0,100.0,100.0,100.0,435.3,8480.7
211260,2.3797,-13.85,0.50,24.71,83.52,0.3081,882.2,0.0,100.0,100.0,0.0,464.3,8585.2
211320,2.3804,-13.75,0.50,23.40,89.45,0.3079,884.5,0.0,100.0,100.0,0.0,423.8,8613.7
211380,2.3811,-13.66,0.50,22.18,93.54,0.3079,886.9,100.0,100.0,100.0,0.0,441.2,8650.0
211440,2.3818,-13.57,0.50,25.63,76.68,0.3078,889.2,0.0,100.0,100.0,0.0,443.3,8746.1
211500,2.3824,-13.47,0.50,24.29,84.51,0.3077,891.5,0.0,100.0,100.0,0.0,425.8,8800.1
211560,2.3831,-13.38,0.50,23.04,90.08,0.3076,893.7,0.0,100.0,100.0,0.0,425.2,8843.5
211620,2.3838,-13.29,0.50,21.87,93.87,0.3075,896.0,100.0,100.0,100.0,0.0,428.1,8874.1
211680,2.3845,-13.20,0.50,25.37,76.73,0.3075,898.3,0.0,100.0,100.0,0.0,432.2,8972.3
211740,2.3851,-13.10,0.50,24.07,84.52,0.3073,900.5,0.0,100.0,100.0,100.0,449.4,9029.4
211800,2.3858,-13.01,0.50,22.86,90.04,0.3076,902.8,0.0,100.0,100.0,0.0,419.3,9069.5
211860,2.3865,-12.92,0.50,21.73,93.75,0.3075,905.0,100.0,100.0,100.0,100.0,455.3,9105.8
211920,2.3872,-12.83,0.50,25.27,76.60,0.3078,907.2,0.0,100.0,100.0,0.0,433.9,9193.3
211980,2.3878,-12.74,0.50,24.01,84.38,0.3076,909.4,0.0,100.0,100.0,0.0,434.9,9258.3
212040,2.3885,-12.65,0.50,22.83,89.85,0.3075,911.6,100.0,100.0,100.0,0.0,423.1,9312.9
212100,2.3892,-12.56,0.50,26.33,74.73,0.3075,913.8,0.0,100.0,100.0,0.0,415.4,9328.8
212160,2.3899,-12.48,0.50,25.02,82.88,0.3073,916.0,0.0,100.0,100.0,0.0,397.7,9400.9
212220,2.3905,-12.39,0.50,23.81,88.72,0.3072,918.1,0.0,100.0,100.0,0.0,424.1,9495.8
212280,2.3912,-12.30,0.50,22.67,92.74,0.3071,920.3,100.0,100.0,100.0,0.0,389.6,9517.9
212340,2.3919,-12.21,0.50,26.20,76.14,0.3071,922.4,0.0,100.0,100.0,0.0,468.9,9605.3
212400,2.3926,-12.13,0.50,24.94,83.85,0.3069,924.6,0.0,100.0,100.0,100.0,411.7,9639.6
212460,2.3932,-12.04,0.50,23.75,89.36,0.3071,926.7,0.0,100.0,100.0,0.0,446.1,9696.2
212520,2.3939,-11.96,0.50,22.65,93.10,0.3071,928.8,100.0,100.0,100.0,0.0,420.9,9764.2
212580,2.3946,-11.87,0.50,26.21,76.26,0.3070,930.9,0.0,100.0,100.0,100.0,441.0,9779.4
212640,2.3953,-11.79,0.50,24.97,83.92,0.3072,933.0,0.0,100.0,100.0,0.0,446.9,9905.6
212700,2.3959,-11.70,0.50,23.81,89.31,0.3071,935.0,0.0,100.0,100.0,0.0,372.8,9901.2
212760,2.3966,-11.62,0.50,22.73,92.99,0.3070,937.1,100.0,100.0,100.0,0.0,405.3,9976.4
212820,2.3973,-11.54,0.50,26.31,76.17,0.3070,939.1,0.0,100.0,0.0,0.0,10031.1,10051.6
212880,2.3980,-11.45,0.50,25.10,83.75,0.3068,941.2,0.0,100.0,0.0,0.0,10030.7,10006.1
212940,2.3986,-11.37,0.50,23.96,89.13,0.3067,943.2,0.0,100.0,0.0,0.0,9991.6,10040.9
213000,2.3993,-11.29,0.50,22.89,92.80,0.3066,945.2,100.0,100.0,0.0,0.0,10002.1,10036.5
213060,2.4000,-11.21,0.50,26.49,76.04,0.3066,947.2,0.0,100.0,0.0,0.0,10035.2,10030.4
213120,2.4007,-11.13,0.50,25.29,83.59,0.3064,949.2,0.0,100.0,0.0,0.0,10046.6,10003.5
213180,2.4014,-11.05,0.50,24.17,88.95,0.3063,951.2,0.0,100.0,0.0,0.0,10024.5,9989.0
213240,2.4020,-10.97,0.50,23.12,92.61,0.3062,953.2,0.0,100.0,0.0,0.0,9972.0,10025.4
213300,2.4027,-10.89,0.50,22.14,95.00,0.3062,955.1,100.0,100.0,0.0,0.0,9977.6,10036.8
213360,2.4034,-10.81,0.50,25.81,76.96,0.3061,957.1,0.0,100.0,0.0,0.0,10003.9,9989.5
213420,2.4041,-10.73,0.50,24.68,84.25,0.3060,959.0,0.0,100.0,0.0,0.0,10037.3,10006.0
213480,2.4047,-10.65,0.50,23.63,89.34,0.3059,960.9,0.0,100.0,0.0,0.0,9990.6,9988.2
213540,2.4054,-10.57,0.50,22.64,92.77,0.3058,962.8,100.0,100.0,0.0,0.0,9996.5,9973.9
213600,2.4061,-10.50,0.50,26.31,75.88,0.3058,964.7,0.0,100.0,0.0,0.0,9982.5,9976.2
213660,2.4068,-10.42,0.50,25.18,83.39,0.3056,966.6,0.0,100.0,0.0,0.0,9967.3,9944.3
213720,2.4074,-10.34,0.50,24.12,88.67,0.3055,968.5,0.0,100.0,0.0,0.0,9959.2,9966.4
213780,2.4081,-10.27,0.50,23.12,92.27,0.3054,970.3,0.0,100.0,0.0,0.0,9988.5,9931.8
213840,2.4088,-10.19,0.50,22.20,94.61,0.3053,972.2,100.0,100.0,0.0,100.0,9974.8,9948.6
213900,2.4095,-10.12,0.50,25.93,76.67,0.3056,974.0,0.0,100.0,0.0,0.0,9981.9,9946.3
213960,2.4101,-10.04,0.50,24.84,83.93,0.3055,975.8,0.0,100.0,0.0,100.0,9965.2,9975.0
214020,2.4108,-9.97,0.50,23.83,89.01,0.3057,977.6,0.0,100.0,0.0,100.0,9928.3,9967.4
214080,2.4115,-9.90,0.50,22.89,92.43,0.3060,979.4,100.0,100.0,0.0,0.0,9882.8,9958.6
214140,2.4122,-9.82,0.50,26.60,75.64,0.3059,981.2,0.0,100.0,0.0,0.0,9937.9,9955.9
214200,2.4128,-9.75,0.50,25.50,83.09,0.3057,983.0,0.0,100.0,0.0,0.0,9898.9,9954.8
214260,2.4135,-9.68,0.50,24.48,88.33,0.3056,984.8,0.0,100.0,0.0,0.0,9960.4,9928.6
214320,2.4142,-9.61,0.50,23.52,91.90,0.3055,986.5,0.0,100.0,0.0,100.0,9942.8,9905.1
214380,2.4149,-9.54,0.50,22.62,94.25,0.3058,988.3,100.0,100.0,0.0,100.0,9995.8,9916.7
214440,2.4155,-9.47,0.50,26.37,76.47,0.3061,990.0,0.0,100.0,0.0,100.0,9922.8,9906.6
214500,2.4162,-9.40,0.50,25.32,83.68,0.3063,991.7,0.0,100.0,0.0,0.0,9934.6,9914.0
214560,2.4169,-9.33,0.50,24.33,88.68,0.3062,993.4,0.0,100.0,0.0,0.0,9949.9,9946.2
214620,2.4176,-9.26,0.50,23.41,92.06,0.3061,995.1,0.0,100.0,0.0,100.0,9910.8,9904.1
214680,2.4182,-9.19,0.50,22.55,94.27,0.3064,996.8,100.0,100.0,0.0,0.0,9917.4,9877.3
214740,2.4189,-9.13,0.50,26.33,76.40,0.3063,998.4,0.0,100.0,0.0,0.0,9925.0,9933.3
214800,2.4196,-9.06,0.50,25.31,83.54,0.3062,1000.1,0.0,100.0,0.0,100.0,9902.2,9891.0
214860,2.4203,-8.99,0.50,24.35,88.55,0.3064,1001.7,0.0,100.0,0.0,0.0,9899.1,9905.4
214920,2.4210,-8.93,0.50,23.45,91.90,0.3063,1003.3,0.0,100.0,0.0,0.0,9895.9,9899.4
214980,2.4216,-8.86,0.50,22.61,94.07,0.3063,1005.0,100.0,100.0,0.0,100.0,9911.5,9903.3
215040,2.4223,-8.80,0.50,26.42,76.27,0.3066,1006.5,0.0,100.0,0.0,0.0,9858.8,9888.2
215100,2.4230,-8.73,0.50,25.42,83.39,0.3064,1008.1,0.0,100.0,0.0,100.0,9860.3,9857.8
215160,2.4237,-8.67,0.50,24.48,88.39,0.3066,1009.7,0.0,100.0,0.0,0.0,9916.5,9890.2
215220,2.4243,-8.60,0.50,23.60,91.72,0.3065,1011.3,0.0,100.0,0.0,0.0,9905.9,9872.4
215280,2.4250,-8.54,0.50,22.78,93.89,0.3065,1012.8,100.0,100.0,0.0,100.0,9842.3,9877.4
215340,2.4257,-8.48,0.50,26.60,76.16,0.3068,1014.4,0.0,100.0,0.0,0.0,9872.7,9842.7
215400,2.4264,-8.42,0.50,25.61,83.25,0.3066,1015.9,0.0,100.0,0.0,100.0,9863.7,9861.9
215460,2.4270,-8.36,0.50,24.69,88.22,0.3068,1017.4,0.0,100.0,0.0,100.0,9865.8,9882.3
215520,2.4277,-8.30,0.50,23.82,91.58,0.3071,1018.9,0.0,100.0,0.0,100.0,9829.1,9896.6
215580,2.4284,-8.23,0.50,23.01,93.75,0.3073,1020.4,0.0,100.0,0.0,0.0,9867.7,9875.4
215640,2.4291,-8.18,0.50,22.25,95.09,0.3073,1021.8,100.0,100.0,0.0,0.0,9863.1,9833.9
215700,2.4297,-8.12,0.50,26.14,76.59,0.3073,1023.3,0.0,100.0,0.0,0.0,9836.2,9824.8
215760,2.4304,-8.06,0.50,25.21,83.55,0.3071,1024.7,0.0,100.0,0.0,0.0,9875.1,9849.8
215820,2.4311,-8.00,0.50,24.33,88.35,0.3070,1026.2,0.0,100.0,0.0,100.0,9839.3,9843.9
215880,2.4318,-7.94,0.50,23.52,91.58,0.3072,1027.6,0.0,100.0,0.0,0.0,9865.6,9831.6
215940,2.4324,-7.88,0.50,22.75,93.64,0.3072,1029.0,100.0,100.0,0.0,0.0,9810.1,9838.8
216000,2.4331,-7.83,0.50,26.63,75.93,0.3071,1030.4,0.0,100.0,0.0,0.0,9843.4,9799.8
216060,2.4338,-7.77,0.50,25.69,82.99,0.3070,1031.8,0.0,100.0,0.0,0.0,9823.5,9817.0
216120,2.4345,-7.72,0.50,24.81,87.90,0.3068,1033.1,0.0,100.0,0.0,0.0,9824.7,9847.5
216180,2.4351,-7.66,0.50,23.99,91.21,0.3068,1034.5,0.0,100.0,0.0,0.0,9779.5,9806.6
216240,2.4358,-7.61,0.50,23.22,93.36,0.3067,1035.8,100.0,100.0,0.0,0.0,9838.3,9813.7
216300,2.4365,-7.55,0.50,27.09,75.82,0.3066,1037.2,0.0,100.0,0.0,100.0,9791.5,9801.5
216360,2.4372,-7.50,0.50,26.15,82.87,0.3068,1038.5,0.0,100.0,0.0,100.0,9798.0,9843.0
216420,2.4378,-7.45,0.50,25.26,87.78,0.3070,1039.8,0.0,100.0,0.0,0.0,9795.7,9831.8
216480,2.4385,-7.39,0.50,24.44,91.08,0.3069,1041.1,0.0,100.0,0.0,0.0,9807.7,9806.3
216540,2.4392,-7.34,0.50,23.66,93.24,0.3069,1042.3,0.0,100.0,0.0,0.0,9785.1,9779.9
216600,2.4399,-7.29,0.50,22.94,94.60,0.3068,1043.6,100.0,100.0,0.0,0.0,9778.4,9793.7
216660,2.4406,-7.24,0.50,26.85,76.34,0.3068,1044.8,0.0,100.0,0.0,0.0,9787.9,9791.7
216720,2.4412,-7.19,0.50,25.95,83.17,0.3066,1046.1,0.0,100.0,0.0,0.0,9746.0,9769.4
216780,2.4419,-7.14,0.50,25.10,87.91,0.3065,1047.3,0.0,100.0,0.0,0.0,9798.9,9787.0
216840,2.4426,-7.09,0.50,24.30,91.10,0.3064,1048.5,0.0,100.0,0.0,0.0,9783.4,9768.7
216900,2.4433,-7.04,0.50,23.56,93.19,0.3063,1049.7,0.0,100.0,0.0,0.0,9750.8,9782.7
216960,2.4439,-7.00,0.50,22.87,94.49,0.3063,1050.9,100.0,100.0,0.0,0.0,9746.8,9746.3
217020,2.4446,-6.95,0.50,26.81,76.23,0.3063,1052.0,0.0,100.0,0.0,100.0,9776.5,9798.8
217080,2.4453,-6.90,0.50,25.93,83.10,0.3064,1053.2,0.0,100.0,0.0,0.0,9769.4,9767.7
217140,2.4460,-6.86,0.50,25.11,87.81,0.3063,1054.3,0.0,100.0,0.0,100.0,9759.2,9739.9
217200,2.4466,-6.81,0.50,24.33,91.00,0.3065,1055.4,0.0,100.0,0.0,0.0,9722.7,9712.6
217260,2.4473,-6.76,0.50,23.61,93.06,0.3065,1056.6,0.0,100.0,0.0,0.0,9724.9,9748.7
217320,2.4480,-6.72,0.50,22.94,94.35,0.3064,1057.7,0.0,100.0,0.0,0.0,9743.5,9750.8
217380,2.4487,-6.68,0.50,22.31,95.11,0.3064,1058.7,100.0,100.0,0.0,0.0,9683.5,9743.1
217440,2.4493,-6.63,0.50,26.31,76.38,0.3064,1059.8,0.0,100.0,0.0,100.0,9702.5,9737.5
217500,2.4500,-6.59,0.50,25.48,83.22,0.3065,1060.9,0.0,100.0,0.0,0.0,9723.4,9733.7
217560,2.4507,-6.55,0.50,24.71,87.85,0.3064,1061.9,0.0,100.0,0.0,0.0,9728.0,9733.1
217620,2.4514,-6.51,0.50,23.99,90.94,0.3063,1062.9,0.0,100.0,0.0,0.0,9696.2,9742.3
217680,2.4520,-6.46,0.50,23.31,92.94,0.3063,1064.0,0.0,100.0,0.0,0.0,9705.7,9715.5
217740,2.4527,-6.42,0.50,22.68,94.18,0.3062,1065.0,100.0,100.0,0.0,0.0,9697.2,9729.4
217800,2.4534,-6.38,0.50,26.67,75.96,0.3062,1065.9,0.0,100.0,0.0,0.0,9680.2,9735.7
217860,2.4541,-6.34,0.50,25.85,82.82,0.3060,1066.9,0.0,100.0,0.0,0.0,9709.9,9707.0
217920,2.4547,-6.31,0.50,25.07,87.53,0.3059,1067.9,0.0,100.0,0.0,100.0,9698.3,9695.0
217980,2.4554,-6.27,0.50,24.35,90.71,0.3061,1068.8,0.0,100.0,0.0,0.0,9708.3,9688.0
218040,2.4561,-6.23,0.50,23.67,92.75,0.3060,1069.8,0.0,100.0,0.0,100.0,9665.4,9681.1
218100,2.4568,-6.19,0.50,23.03,94.05,0.3063,1070.7,0.0,100.0,0.0,0.0,9710.4,9698.5
218160,2.4574,-6.15,0.50,22.44,94.81,0.3063,1071.6,100.0,100.0,0.0,0.0,9678.9,9672.6
218220,2.4581,-6.12,0.50,26.47,76.18,0.3062,1072.5,0.0,100.0,0.0,0.0,9672.3,9684.9
218280,2.4588,-6.08,0.50,25.68,82.96,0.3061,1073.3,0.0,100.0,0.0,100.0,9675.5,9704.3
218340,2.4595,-6.05,0.50,24.93,87.62,0.3063,1074.2,0.0,100.0,0.0,0.0,9676.5,9658.1
218400,2.4602,-6.01,0.50,24.24,90.70,0.3062,1075.1,0.0,100.0,0.0,0.0,9619.1,9658.2
218460,2.4608,-5.98,0.50,23.58,92.69,0.3061,1075.9,0.0,100.0,0.0,0.0,9666.1,9644.0
218520,2.4615,-5.95,0.50,22.97,93.93,0.3061,1076.7,100.0,100.0,0.0,0.0,9624.9,9645.4
218580,2.4622,-5.91,0.50,26.99,75.82,0.3060,1077.5,0.0,100.0,0.0,100.0,9654.8,9639.7
218640,2.4629,-5.88,0.50,26.18,82.67,0.3062,1078.3,0.0,100.0,0.0,0.0,9633.0,9656.1
218700,2.4635,-5.85,0.50,25.43,87.34,0.3061,1079.1,0.0,100.0,0.0,0.0,9628.2,9646.3
218760,2.4642,-5.82,0.50,24.71,90.48,0.3060,1079.9,0.0,100.0,0.0,0.0,9612.6,9639.3
218820,2.4649,-5.79,0.50,24.05,92.53,0.3059,1080.6,0.0,100.0,0.0,100.0,9590.1,9667.6
218880,2.4656,-5.76,0.50,23.43,93.84,0.3062,1081.3,0.0,100.0,0.0,0.0,9648.3,9584.6
218940,2.4662,-5.73,0.50,22.84,94.61,0.3061,1082.1,100.0,100.0,0.0,0.0,9630.3,9594.7
219000,2.4669,-5.70,0.50,26.89,76.10,0.3061,1082.8,0.0,100.0,0.0,0.0,9647.3,9636.5
219060,2.4676,-5.67,0.50,26.10,82.80,0.3059,1083.5,0.0,100.0,0.0,100.0,9598.8,9603.7
219120,2.4683,-5.64,0.50,25.36,87.43,0.3061,1084.1,0.0,100.0,0.0,0.0,9614.6,9628.0
219180,2.4689,-5.62,0.50,24.67,90.50,0.3060,1084.8,0.0,100.0,0.0,0.0,9617.3,9602.6
219240,2.4696,-5.59,0.50,24.03,92.50,0.3060,1085.5,0.0,100.0,0.0,0.0,9638.0,9622.6
219300,2.4703,-5.56,0.50,23.42,93.76,0.3059,1086.1,0.0,100.0,0.0,0.0,9587.6,9587.4
219360,2.4710,-5.54,0.50,22.85,94.52,0.3059,1086.7,0.0,100.0,0.0,100.0,9612.0,9582.8
219420,2.4716,-5.51,0.50,22.32,94.95,0.3062,1087.3,100.0,100.0,0.0,0.0,9591.5,9620.3
219480,2.4723,-5.49,0.50,26.41,76.14,0.3061,1087.9,0.0,100.0,0.0,0.0,9590.7,9618.1
219540,2.4730,-5.47,0.50,25.67,82.86,0.3060,1088.5,0.0,100.0,0.0,0.0,9595.6,9607.2
219600,2.4737,-5.44,0.50,24.97,87.43,0.3058,1089.1,0.0,100.0,0.0,100.0,9606.3,9575.2
219660,2.4743,-5.42,0.50,24.32,90.49,0.3061,1089.6,0.0,100.0,0.0,0.0,9590.7,9606.9
219720,2.4750,-5.40,0.50,23.71,92.44,0.3060,1090.2,0.0,100.0,0.0,100.0,9556.3,9552.8
219780,2.4757,-5.38,0.50,23.14,93.68,0.3063,1090.7,0.0,100.0,0.0,0.0,9601.1,9615.1
219840,2.4764,-5.36,0.50,22.60,94.40,0.3062,1091.2,100.0,100.0,0.0,100.0,9558.2,9558.2
219900,2.4770,-5.34,0.50,26.69,75.91,0.3065,1091.7,0.0,100.0,0.0,0.0,9548.7,9544.7
219960,2.4777,-5.32,0.50,25.94,82.66,0.3063,1092.2,0.0,100.0,0.0,100.0,9549.9,9536.3
220020,2.4784,-5.30,0.50,25.24,87.30,0.3066,1092.6,0.0,100.0,0.0,100.0,9579.5,9548.8
220080,2.4791,-5.28,0.50,24.59,90.38,0.3068,1093.1,0.0,100.0,0.0,0.0,9570.0,9559.1
220140,2.4798,-5.26,0.50,23.97,92.35,0.3067,1093.5,0.0,100.0,0.0,100.0,9555.9,9548.2
220200,2.4804,-5.25,0.50,23.39,93.61,0.3070,1094.0,0.0,100.0,0.0,0.0,9536.1,9542.5
220260,2.4811,-5.23,0.50,22.85,94.35,0.3070,1094.4,100.0,100.0,0.0,100.0,9552.8,9525.8
220320,2.4818,-5.21,0.50,26.93,75.91,0.3072,1094.8,0.0,100.0,0.0,0.0,9527.2,9542.4
220380,2.4825,-5.20,0.50,26.18,82.63,0.3071,1095.1,0.0,100.0,0.0,0.0,9539.5,9521.0
220440,2.4831,-5.18,0.50,25.48,87.22,0.3069,1095.5,0.0,100.0,0.0,0.0,9523.6,9517.8
220500,2.4838,-5.17,0.50,24.82,90.29,0.3068,1095.9,0.0,100.0,0.0,0.0,9523.3,9537.7
220560,2.4845,-5.15,0.50,24.20,92.28,0.3068,1096.2,0.0,100.0,0.0,0.0,9534.7,9508.1
220620,2.4852,-5.14,0.50,23.62,93.55,0.3067,1096.5,0.0,100.0,0.0,100.0,9521.2,9512.0
220680,2.4858,-5.13,0.50,23.07,94.32,0.3070,1096.8,0.0,100.0,0.0,100.0,9487.4,9552.4
220740,2.4865,-5.12,0.50,22.55,94.76,0.3073,1097.1,100.0,100.0,0.0,0.0,9481.9,9489.6
220800,2.4872,-5.11,0.50,26.66,76.04,0.3073,1097.4,0.0,100.0,0.0,0.0,9458.4,9542.1
220860,2.4879,-5.09,0.50,25.94,82.74,0.3071,1097.7,0.0,100.0,0.0,0.0,9461.2,9486.5
220920,2.4885,-5.08,0.50,25.26,87.29,0.3070,1097.9,0.0,100.0,0.0,0.0,9476.7,9533.3
220980,2.4892,-5.07,0.50,24.62,90.32,0.3069,1098.2,0.0,100.0,0.0,0.0,9474.1,9485.4
221040,2.4899,-5.07,0.50,24.01,92.28,0.3068,1098.4,0.0,100.0,0.0,0.0,9434.6,9481.3
221100,2.4906,-5.06,0.50,23.45,93.52,0.3067,1098.6,0.0,100.0,0.0,0.0,9465.4,9487.9
221160,2.4912,-5.05,0.50,22.92,94.26,0.3067,1098.8,100.0,100.0,0.0,100.0,9450.5,9478.5
221220,2.4919,-5.04,0.50,27.01,75.86,0.3070,1099.0,0.0,100.0,0.0,100.0,9439.7,9508.6
221280,2.4926,-5.04,0.50,26.27,82.62,0.3071,1099.1,0.0,100.0,0.0,0.0,9473.4,9458.5
221340,2.4933,-5.03,0.50,25.57,87.20,0.3070,1099.3,0.0,100.0,0.0,100.0,9474.1,9428.6
221400,2.4939,-5.02,0.50,24.92,90.28,0.3072,1099.4,0.0,100.0,0.0,0.0,9447.3,9438.8
221460,2.4946,-5.02,0.50,24.30,92.26,0.3072,1099.5,0.0,100.0,0.0,0.0,9466.7,9449.2
221520,2.4953,-5.01,0.50,23.72,93.52,0.3071,1099.7,0.0,100.0,0.0,0.0,9420.7,9418.1
221580,2.4960,-5.01,0.50,23.18,94.28,0.3071,1099.7,100.0,100.0,0.0,0.0,9434.2,9449.9
221640,2.4966,-5.01,0.50,27.26,75.90,0.3070,1099.8,0.0,100.0,0.0,0.0,9449.2,9394.5
221700,2.4973,-5.00,0.50,26.50,82.59,0.3068,1099.9,0.0,100.0,0.0,100.0,9462.1,9458.5
221760,2.4980,-5.00,0.50,25.80,87.19,0.3070,1099.9,0.0,100.0,0.0,0.0,9438.3,9419.3
221820,2.4987,-5.00,0.50,25.13,90.26,0.3070,1100.0,0.0,100.0,0.0,100.0,9441.2,9397.7
221880,2.4994,-5.00,0.50,24.50,92.28,0.3072,1100.0,0.0,100.0,0.0,0.0,9463.3,9448.0
221940,2.5000,-5.00,0.50,23.91,93.54,0.3072,1100.0,0.0,100.0,0.0,0.0,9396.9,9427.6
222000,2.5007,-5.00,0.50,23.36,94.31,0.3071,1100.0,0.0,100.0,0.0,0.0,9416.4,9436.3
222060,2.5014,-5.00,0.50,22.84,94.75,0.3071,1100.0,0.0,100.0,0.0,0.0,9385.3,9431.0
222120,2.5021,-5.00,0.50,22.35,94.98,0.3070,1099.9,100.0,100.0,0.0,0.0,9423.5,9415.8
222180,2.5027,-5.00,0.50,26.48,76.09,0.3070,1099.9,0.0,100.0,0.0,0.0,9407.7,9389.1
222240,2.5034,-5.01,0.50,25.77,82.82,0.3068,1099.8,0.0,100.0,0.0,0.0,9390.7,9399.6
222300,2.5041,-5.01,0.50,25.10,87.37,0.3067,1099.7,0.0,100.0,0.0,0.0,9386.2,9390.3
222360,2.5048,-5.01,0.50,24.48,90.38,0.3066,1099.6,0.0,100.0,0.0,0.0,9399.8,9377.5
222420,2.5054,-5.02,0.50,23.89,92.32,0.3065,1099.5,0.0,100.0,0.0,0.0,9403.2,9362.8
222480,2.5061,-5.02,0.50,23.33,93.54,0.3065,1099.4,0.0,100.0,0.0,0.0,9373.8,9383.5
222540,2.5068,-5.03,0.50,22.81,94.28,0.3064,1099.3,100.0,100.0,0.0,100.0,9378.1,9385.8
222600,2.5075,-5.04,0.50,26.91,75.86,0.3067,1099.1,0.0,100.0,0.0,0.0,9353.0,9389.4
222660,2.5081,-5.04,0.50,26.17,82.63,0.3065,1099.0,0.0,100.0,0.0,0.0,9326.1,9392.3
222720,2.5088,-5.05,0.50,25.48,87.24,0.3064,1098.8,0.0,100.0,0.0,0.0,9374.6,9369.2
222780,2.5095,-5.06,0.50,24.83,90.31,0.3063,1098.6,0.0,100.0,0.0,0.0,9371.8,9327.0
222840,2.5102,-5.07,0.50,24.21,92.31,0.3062,1098.4,0.0,100.0,0.0,100.0,9352.5,9362.0
222900,2.5108,-5.08,0.50,23.63,93.58,0.3065,1098.1,0.0,100.0,0.0,0.0,9335.4,9328.9
222960,2.5115,-5.09,0.50,23.09,94.34,0.3065,1097.9,0.0,100.0,0.0,0.0,9297.2,9335.8
223020,2.5122,-5.10,0.50,22.58,94.78,0.3064,1097.7,100.0,100.0,0.0,0.0,9330.9,9369.9
223080,2.5129,-5.11,0.50,26.68,76.06,0.3064,1097.4,0.0,100.0,0.0,0.0,9360.7,9357.4
223140,2.5135,-5.12,0.50,25.96,82.82,0.3062,1097.1,0.0,100.0,0.0,0.0,9314.1,9361.1
223200,2.5142,-5.13,0.50,25.27,87.40,0.3061,1096.8,0.0,100.0,0.0,0.0,9332.5,9306.5
223260,2.5149,-5.14,0.50,24.62,90.44,0.3060,1096.5,0.0,100.0,0.0,0.0,9318.2,9365.7
223320,2.5156,-5.16,0.50,24.01,92.41,0.3059,1096.2,0.0,100.0,0.0,0.0,9295.1,9319.2
223380,2.5162,-5.17,0.50,23.44,93.65,0.3058,1095.8,0.0,100.0,0.0,0.0,9334.4,9349.3
223440,2.5169,-5.18,0.50,22.90,94.40,0.3058,1095.5,100.0,100.0,0.0,100.0,9330.7,9298.1
223500,2.5176,-5.20,0.50,26.98,75.96,0.3061,1095.1,0.0,100.0,0.0,0.0,9308.9,9329.4
223560,2.5183,-5.21,0.50,26.22,82.74,0.3059,1094.7,0.0,100.0,0.0,0.0,9340.3,9321.0
223620,2.5190,-5.23,0.50,25.51,87.36,0.3058,1094.3,0.0,100.0,0.0,0.0,9312.4,9303.8
223680,2.5196,-5.25,0.50,24.84,90.45,0.3057,1093.9,0.0,100.0,0.0,100.0,9294.9,9291.7
223740,2.5203,-5.26,0.50,24.21,92.47,0.3060,1093.5,0.0,100.0,0.0,0.0,9288.1,9285.7
223800,2.5210,-5.28,0.50,23.62,93.73,0.3059,1093.1,0.0,100.0,0.0,100.0,9264.5,9254.3
223860,2.5217,-5.30,0.50,23.06,94.51,0.3062,1092.6,0.0,100.0,0.0,0.0,9294.7,9295.9
223920,2.5223,-5.32,0.50,22.53,94.94,0.3061,1092.1,100.0,100.0,0.0,0.0,9263.3,9233.0
223980,2.5230,-5.34,0.50,26.62,76.17,0.3061,1091.7,0.0,100.0,0.0,0.0,9291.8,9321.4
224040,2.5237,-5.36,0.50,25.87,82.96,0.3059,1091.2,0.0,100.0,0.0,0.0,9291.3,9293.5
224100,2.5244,-5.38,0.50,25.17,87.57,0.3058,1090.6,0.0,100.0,0.0,0.0,9254.1,9304.0
224160,2.5250,-5.40,0.50,24.51,90.62,0.3057,1090.1,0.0,100.0,0.0,0.0,9285.2,9264.5
224220,2.5257,-5.42,0.50,23.89,92.59,0.3056,1089.6,0.0,100.0,0.0,100.0,9265.5,9256.0
224280,2.5264,-5.45,0.50,23.30,93.84,0.3059,1089.0,0.0,100.0,0.0,0.0,9236.7,9248.2
224340,2.5271,-5.47,0.50,22.74,94.58,0.3059,1088.5,100.0,100.0,0.0,100.0,9244.0,9249.0
224400,2.5277,-5.49,0.50,26.81,76.07,0.3062,1087.9,0.0,100.0,0.0,100.0,9295.6,9241.7
224460,2.5284,-5.52,0.50,26.04,82.95,0.3063,1087.3,0.0,100.0,0.0,100.0,9271.4,9233.2
224520,2.5291,-5.54,0.50,25.32,87.62,0.3065,1086.7,0.0,100.0,0.0,0.0,9223.8,9247.0
224580,2.5298,-5.57,0.50,24.63,90.70,0.3064,1086.0,0.0,100.0,0.0,0.0,9218.3,9208.2
224640,2.5304,-5.59,0.50,23.99,92.69,0.3064,1085.4,0.0,100.0,0.0,0.0,9195.5,9226.9
224700,2.5311,-5.62,0.50,23.38,93.94,0.3063,1084.8,0.0,100.0,0.0,0.0,9189.3,9229.2
224760,2.5318,-5.65,0.50,22.80,94.70,0.3063,1084.1,100.0,100.0,0.0,0.0,9200.9,9226.5
224820,2.5325,-5.67,0.50,26.85,76.16,0.3062,1083.4,0.0,100.0,0.0,100.0,9225.1,9210.0
224880,2.5331,-5.70,0.50,26.07,83.05,0.3064,1082.7,0.0,100.0,0.0,0.0,9187.0,9225.3
224940,2.5338,-5.73,0.50,25.32,87.70,0.3062,1082.0,0.0,100.0,0.0,0.0,9211.1,9197.0
225000,2.5345,-5.76,0.50,24.62,90.80,0.3061,1081.3,0.0,100.0,0.0,0.0,9235.7,9196.0
225060,2.5352,-5.79,0.50,23.96,92.81,0.3061,1080.5,0.0,100.0,0.0,0.0,9242.9,9200.7
225120,2.5358,-5.82,0.50,23.34,94.07,0.3060,1079.8,0.0,100.0,0.0,0.0,9166.8,9190.0
225180,2.5365,-5.85,0.50,22.75,94.83,0.3060,1079.0,100.0,100.0,0.0,0.0,9194.4,9152.8
225240,2.5372,-5.88,0.50,26.79,76.25,0.3059,1078.2,0.0,100.0,0.0,0.0,9188.3,9164.8
225300,2.5379,-5.92,0.50,25.99,83.12,0.3058,1077.5,0.0,100.0,0.0,0.0,9203.7,9173.8
225360,2.5386,-5.95,0.50,25.23,87.81,0.3056,1076.6,0.0,100.0,0.0,0.0,9176.9,9174.5
225420,2.5392,-5.98,0.50,24.52,90.92,0.3055,1075.8,0.0,100.0,0.0,0.0,9182.6,9197.0
225480,2.5399,-6.02,0.50,23.85,92.94,0.3055,1075.0,0.0,100.0,0.0,0.0,9189.8,9139.7
225540,2.5406,-6.05,0.50,23.21,94.20,0.3054,1074.1,0.0,100.0,0.0,0.0,9179.8,9139.7
225600,2.5413,-6.09,0.50,22.61,94.96,0.3054,1073.3,100.0,100.0,0.0,100.0,9177.0,9151.4
225660,2.5419,-6.12,0.50,26.64,76.34,0.3057,1072.4,0.0,100.0,0.0,0.0,9169.9,9135.6
225720,2.5426,-6.16,0.50,25.83,83.25,0.3055,1071.5,0.0,100.0,0.0,100.0,9154.0,9202.3
225780,2.5433,-6.19,0.50,25.06,87.98,0.3057,1070.6,0.0,100.0,0.0,100.0,9134.6,9138.1
225840,2.5440,-6.23,0.50,24.34,91.12,0.3059,1069.7,0.0,100.0,0.0,0.0,9154.8,9115.7
225900,2.5446,-6.27,0.50,23.66,93.12,0.3059,1068.7,0.0,100.0,0.0,0.0,9143.5,9173.3
225960,2.5453,-6.31,0.50,23.01,94.37,0.3058,1067.8,100.0,100.0,0.0,100.0,9114.1,9115.3
226020,2.5460,-6.35,0.50,26.99,76.16,0.3061,1066.8,0.0,100.0,0.0,100.0,9147.2,9112.3
226080,2.5467,-6.39,0.50,26.15,83.18,0.3063,1065.9,0.0,100.0,0.0,0.0,9142.5,9110.4
226140,2.5473,-6.43,0.50,25.34,87.95,0.3061,1064.9,0.0,100.0,0.0,0.0,9129.3,9158.5
226200,2.5480,-6.47,0.50,24.58,91.13,0.3060,1063.9,0.0,100.0,0.0,0.0,9120.3,9091.9
226260,2.5487,-6.51,0.50,23.87,93.20,0.3060,1062.9,0.0,100.0,0.0,0.0,9084.1,9071.5
226320,2.5494,-6.55,0.50,23.19,94.50,0.3059,1061.8,100.0,100.0,0.0,0.0,9131.8,9121.1
226380,2.5500,-6.59,0.50,27.14,76.29,0.3059,1060.8,0.0,100.0,0.0,0.0,9079.9,9106.5
226440,2.5507,-6.64,0.50,26.26,83.26,0.3057,1059.7,0.0,100.0,0.0,0.0,9122.0,9094.7
226500,2.5514,-6.68,0.50,25.44,88.05,0.3056,1058.7,0.0,100.0,0.0,0.0,9100.2,9081.4
226560,2.5521,-6.72,0.50,24.65,91.26,0.3055,1057.6,0.0,100.0,0.0,0.0,9090.4,9115.0
226620,2.5527,-6.77,0.50,23.91,93.35,0.3054,1056.5,0.0,100.0,0.0,0.0,9105.9,9110.6
226680,2.5534,-6.81,0.50,23.21,94.67,0.3054,1055.4,0.0,100.0,0.0,0.0,9050.1,9063.5
226740,2.5541,-6.86,0.50,22.55,95.45,0.3053,1054.2,100.0,100.0,0.0,0.0,9094.9,9094.7
226800,2.5548,-6.91,0.50,26.51,76.68,0.3053,1053.1,0.0,100.0,0.0,0.0,9087.4,9058.7
226860,2.5554,-6.95,0.50,25.65,83.67,0.3051,1051.9,0.0,100.0,0.0,0.0,9049.3,9069.6
226920,2.5561,-7.00,0.50,24.83,88.42,0.3050,1050.8,0.0,100.0,0.0,0.0,9040.2,9044.7
226980,2.5568,-7.05,0.50,24.05,91.58,0.3049,1049.6,0.0,100.0,0.0,0.0,9056.6,9044.4
227040,2.5575,-7.10,0.50,23.32,93.61,0.3049,1048.4,0.0,100.0,0.0,0.0,9033.9,9050.1
227100,2.5582,-7.15,0.50,22.63,94.87,0.3048,1047.2,100.0,100.0,0.0,100.0,9045.3,9052.3
227160,2.5588,-7.20,0.50,26.57,76.48,0.3051,1046.0,0.0,100.0,0.0,0.0,9047.7,9076.3
227220,2.5595,-7.25,0.50,25.67,83.58,0.3049,1044.7,0.0,100.0,0.0,0.0,9044.5,8995.7
227280,2.5602,-7.30,0.50,24.83,88.43,0.3048,1043.5,0.0,100.0,0.0,0.0,9027.9,9053.1
227340,2.5609,-7.35,0.50,24.03,91.65,0.3047,1042.2,0.0,100.0,0.0,0.0,9041.5,9034.9
227400,2.5615,-7.40,0.50,23.28,93.73,0.3046,1041.0,0.0,100.0,0.0,0.0,9049.2,9058.1
227460,2.5622,-7.45,0.50,22.56,95.02,0.3046,1039.7,100.0,100.0,0.0,0.0,9006.9,9046.2
227520,2.5629,-7.50,0.50,26.48,76.58,0.3046,1038.4,0.0,100.0,0.0,100.0,9006.6,9020.3
227580,2.5636,-7.56,0.50,25.56,83.77,0.3047,1037.0,0.0,100.0,0.0,100.0,9012.8,9028.8
227640,2.5642,-7.61,0.50,24.70,88.66,0.3049,1035.7,0.0,100.0,0.0,0.0,9008.8,8990.6
227700,2.5649,-7.67,0.50,23.88,91.88,0.3048,1034.4,0.0,100.0,0.0,0.0,9006.2,9015.2
227760,2.5656,-7.72,0.50,23.11,93.95,0.3048,1033.0,100.0,100.0,0.0,0.0,9010.3,9021.2
227820,2.5663,-7.78,0.50,26.97,76.20,0.3047,1031.7,0.0,100.0,0.0,0.0,8964.2,9010.6
227880,2.5669,-7.83,0.50,26.01,83.47,0.3046,1030.3,0.0,100.0,0.0,0.0,9023.4,8982.7
227940,2.5676,-7.89,0.50,25.10,88.47,0.3044,1028.9,0.0,100.0,0.0,0.0,9052.2,8978.2
228000,2.5683,-7.95,0.50,24.23,91.83,0.3043,1027.5,0.0,100.0,0.0,100.0,8989.7,9020.7
228060,2.5690,-8.00,0.50,23.42,94.02,0.3046,1026.1,0.0,100.0,0.0,0.0,8995.1,8978.7
228120,2.5696,-8.06,0.50,22.65,95.37,0.3046,1024.6,100.0,100.0,0.0,0.0,8962.7,8955.9
228180,2.5703,-8.12,0.50,26.51,76.87,0.3045,1023.2,0.0,100.0,0.0,100.0,8976.2,8969.2
228240,2.5710,-8.18,0.50,25.54,84.08,0.3047,1021.7,0.0,100.0,0.0,0.0,8948.7,8945.4
228300,2.5717,-8.24,0.50,24.63,88.98,0.3046,1020.2,0.0,100.0,0.0,0.0,8954.9,8967.7
228360,2.5723,-8.30,0.50,23.77,92.24,0.3045,1018.8,0.0,100.0,0.0,0.0,8964.1,8944.1
228420,2.5730,-8.36,0.50,22.95,94.33,0.3044,1017.3,100.0,100.0,0.0,0.0,8931.1,8910.9
228480,2.5737,-8.42,0.50,26.77,76.47,0.3044,1015.8,0.0,100.0,0.0,0.0,8958.0,9001.4
228540,2.5744,-8.48,0.50,25.76,83.81,0.3042,1014.2,0.0,100.0,0.0,100.0,8961.0,8923.7
228600,2.5750,-8.55,0.50,24.81,88.88,0.3044,1012.7,0.0,100.0,0.0,0.0,8962.3,8939.3
228660,2.5757,-8.61,0.50,23.91,92.25,0.3043,1011.1,0.0,100.0,0.0,0.0,8942.0,8935.9
228720,2.5764,-8.67,0.50,23.06,94.43,0.3043,1009.6,100.0,100.0,0.0,0.0,8902.8,8934.7
228780,2.5771,-8.74,0.50,26.85,76.59,0.3042,1008.0,0.0,100.0,0.0,100.0,8924.6,8943.1
228840,2.5778,-8.80,0.50,25.82,83.98,0.3044,1006.4,0.0,100.0,0.0,100.0,8940.8,8942.6
228900,2.5784,-8.87,0.50,24.84,89.07,0.3046,1004.8,0.0,100.0,0.0,0.0,8919.1,8929.4
228960,2.5791,-8.93,0.50,23.91,92.45,0.3045,1003.2,0.0,100.0,0.0,0.0,8914.0,8966.9
229020,2.5798,-9.00,0.50,23.03,94.64,0.3045,1001.6,100.0,100.0,0.0,0.0,8910.2,8921.7
229080,2.5805,-9.07,0.50,26.80,76.75,0.3044,999.9,0.0,100.0,0.0,0.0,8902.7,8877.1
229140,2.5811,-9.13,0.50,25.74,84.12,0.3042,998.3,0.0,100.0,0.0,0.0,8920.7,8887.0
229200,2.5818,-9.20,0.50,24.73,89.21,0.3041,996.6,0.0,100.0,0.0,0.0,8898.4,8936.1
229260,2.5825,-9.27,0.50,23.79,92.63,0.3040,994.9,0.0,100.0,0.0,0.0,8872.4,8897.7
229320,2.5832,-9.34,0.50,22.89,94.83,0.3040,993.3,0.0,100.0,0.0,100.0,8868.3,8889.6
229380,2.5838,-9.41,0.50,22.04,96.20,0.3043,991.6,100.0,100.0,0.0,100.0,8879.4,8853.8
229440,2.5845,-9.48,0.50,25.83,77.39,0.3046,989.8,0.0,100.0,0.0,0.0,8846.5,8858.9
229500,2.5852,-9.55,0.50,24.80,84.75,0.3044,988.1,0.0,100.0,0.0,100.0,8877.8,8860.3
229560,2.5859,-9.62,0.50,23.82,89.79,0.3046,986.4,0.0,100.0,0.0,0.0,8840.5,8865.6
229620,2.5865,-9.69,0.50,22.89,93.09,0.3046,984.6,100.0,100.0,0.0,100.0,8898.0,8877.4
229680,2.5872,-9.76,0.50,26.60,76.09,0.3048,982.9,0.0,100.0,0.0,0.0,8852.0,8888.9
229740,2.5879,-9.83,0.50,25.50,83.83,0.3047,981.1,0.0,100.0,0.0,100.0,8853.6,8900.8
229800,2.5886,-9.90,0.50,24.46,89.22,0.3049,979.3,0.0,100.0,0.0,0.0,8893.2,8832.0
229860,2.5892,-9.98,0.50,23.47,92.79,0.3048,977.5,0.0,100.0,0.0,0.0,8851.8,8833.6
229920,2.5899,-10.05,0.50,22.53,95.10,0.3047,975.7,100.0,100.0,0.0,0.0,8803.8,8867.0
229980,2.5906,-10.12,0.50,26.24,77.06,0.3047,973.9,0.0,100.0,0.0,0.0,8827.5,8837.9
230040,2.5913,-10.20,0.50,25.13,84.61,0.3045,972.0,0.0,100.0,0.0,0.0,8864.6,8840.0
230100,2.5919,-10.27,0.50,24.08,89.81,0.3044,970.2,0.0,100.0,0.0,0.0,8855.2,8796.5
230160,2.5926,-10.35,0.50,23.08,93.27,0.3043,968.3,0.0,100.0,0.0,100.0,8867.9,8819.8
230220,2.5933,-10.43,0.50,22.14,95.48,0.3046,966.4,100.0,100.0,0.0,0.0,8857.2,8827.5
230280,2.5940,-10.50,0.50,25.84,77.24,0.3046,964.6,0.0,100.0,0.0,0.0,8824.9,8814.9
230340,2.5946,-10.58,0.50,24.72,84.86,0.3044,962.7,0.0,100.0,0.0,100.0,8821.5,8808.9
230400,2.5953,-10.66,0.50,23.66,90.10,0.3046,960.7,0.0,100.0,0.0,100.0,8808.3,8830.7
230460,2.5960,-10.74,0.50,22.66,93.56,0.3049,958.8,100.0,100.0,0.0,0.0,8814.0,8839.4
230520,2.5967,-10.81,0.50,26.30,76.45,0.3048,956.9,0.0,100.0,0.0,100.0,8797.7,8783.5
230580,2.5974,-10.89,0.50,25.13,84.36,0.3050,954.9,0.0,100.0,0.0,100.0,8780.5,8788.1
230640,2.5980,-10.97,0.50,24.02,89.83,0.3052,953.0,0.0,100.0,0.0,100.0,8806.2,8799.3
230700,2.5987,-11.05,0.50,22.98,93.47,0.3055,951.0,100.0,100.0,0.0,0.0,8779.8,8811.7
230760,2.5994,-11.13,0.50,26.57,76.51,0.3054,949.0,0.0,100.0,0.0,100.0,8779.3,8793.9
230820,2.6001,-11.21,0.50,25.36,84.44,0.3056,947.0,0.0,100.0,0.0,0.0,8808.4,8756.8
230880,2.6007,-11.30,0.50,24.21,89.91,0.3054,945.0,0.0,100.0,0.0,0.0,8793.4,8801.7
230940,2.6014,-11.38,0.50,23.13,93.59,0.3054,943.0,0.0,100.0,0.0,100.0,8764.5,8763.9
231000,2.6021,-11.46,0.50,22.10,95.96,0.3057,941.0,100.0,100.0,0.0,0.0,8751.2,8760.9
231060,2.6028,-11.54,0.50,25.72,77.64,0.3056,939.0,0.0,100.0,0.0,0.0,8771.9,8757.6
231120,2.6034,-11.63,0.50,24.52,85.36,0.3055,936.9,0.0,100.0,0.0,0.0,8774.7,8777.2
231180,2.6041,-11.71,0.50,23.39,90.66,0.3053,934.9,0.0,100.0,0.0,0.0,8762.3,8714.5
231240,2.6048,-11.79,0.50,22.32,94.15,0.3053,932.8,100.0,100.0,0.0,100.0,8743.3,8744.2
231300,2.6055,-11.88,0.50,25.90,76.87,0.3056,930.7,0.0,100.0,0.0,0.0,8759.0,8768.6
231360,2.6061,-11.96,0.50,24.66,84.88,0.3054,928.6,0.0,100.0,0.0,100.0,8749.1,8763.8
231420,2.6068,-12.05,0.50,23.50,90.44,0.3056,926.5,0.0,100.0,0.0,0.0,8735.6,8736.5
231480,2.6075,-12.13,0.50,22.39,94.10,0.3055,924.4,100.0,100.0,0.0,100.0,8719.2,8741.5
231540,2.6082,-12.22,0.50,25.94,76.92,0.3058,922.2,0.0,100.0,0.0,0.0,8670.4,8714.0
231600,2.6088,-12.31,0.50,24.67,84.97,0.3057,920.1,0.0,100.0,0.0,0.0,8728.6,8720.9
231660,2.6095,-12.40,0.50,23.48,90.55,0.3055,918.0,0.0,100.0,0.0,0.0,8707.1,8722.9
231720,2.6102,-12.48,0.50,22.35,94.26,0.3055,915.8,100.0,100.0,0.0,0.0,8709.1,8716.5
231780,2.6109,-12.57,0.50,25.87,77.04,0.3054,913.6,0.0,100.0,0.0,0.0,8714.4,8738.8
231840,2.6115,-12.66,0.50,24.58,85.14,0.3053,911.4,0.0,100.0,0.0,100.0,8720.3,8730.3
231900,2.6122,-12.75,0.50,23.36,90.77,0.3055,909.2,0.0,100.0,0.0,0.0,8682.9,8678.4
231960,2.6129,-12.84,0.50,22.21,94.49,0.3054,907.0,100.0,100.0,0.0,0.0,8707.0,8696.5
232020,2.6136,-12.93,0.50,25.71,77.19,0.3054,904.8,0.0,100.0,0.0,100.0,8687.2,8695.3
232080,2.6142,-13.02,0.50,24.40,85.37,0.3055,902.6,0.0,100.0,0.0,0.0,8704.4,8701.6
232140,2.6149,-13.11,0.50,23.16,90.99,0.3054,900.3,0.0,100.0,0.0,0.0,8655.7,8687.5
232200,2.6156,-13.20,0.50,21.99,94.72,0.3054,898.1,100.0,100.0,0.0,100.0,8736.3,8663.2
232260,2.6163,-13.29,0.50,25.48,77.34,0.3056,895.8,0.0,100.0,0.0,100.0,8665.2,8634.1
232320,2.6170,-13.39,0.50,24.15,85.58,0.3058,893.6,0.0,100.0,0.0,0.0,8626.2,8669.2
232380,2.6176,-13.48,0.50,22.90,91.22,0.3057,891.3,0.0,100.0,0.0,100.0,8700.8,8701.8
232440,2.6183,-13.57,0.50,21.72,94.97,0.3060,889.0,100.0,100.0,0.0,0.0,8663.5,8654.5
232500,2.6190,-13.67,0.50,25.19,77.47,0.3059,886.7,0.0,100.0,0.0,0.0,8661.7,8656.3
232560,2.6197,-13.76,0.50,23.85,85.74,0.3058,884.4,0.0,100.0,0.0,0.0,8650.3,8643.3
232620,2.6203,-13.86,0.50,22.59,91.43,0.3057,882.0,100.0,100.0,0.0,0.0,8664.0,8635.4
232680,2.6210,-13.95,0.50,25.98,75.92,0.3056,879.7,0.0,100.0,0.0,0.0,8661.5,8669.4
232740,2.6217,-14.05,0.50,24.57,84.62,0.3054,877.3,0.0,100.0,0.0,0.0,8622.0,8657.9
232800,2.6224,-14.14,0.50,23.24,90.72,0.3053,875.0,100.0,100.0,0.0,100.0,8630.9,8634.9
232860,2.6230,-14.24,0.50,26.58,75.71,0.3056,872.6,0.0,100.0,0.0,0.0,8646.8,8628.9
232920,2.6237,-14.33,0.50,25.11,84.45,0.3054,870.2,0.0,100.0,0.0,100.0,8612.6,8637.2
232980,2.6244,-14.43,0.50,23.73,90.68,0.3056,867.9,0.0,100.0,0.0,0.0,8637.4,8627.9
233040,2.6251,-14.53,0.50,22.42,94.87,0.3055,865.5,100.0,100.0,0.0,0.0,8616.5,8615.8
233100,2.6257,-14.63,0.50,25.77,77.71,0.3055,863.1,0.0,100.0,0.0,100.0,8638.4,8605.9
233160,2.6264,-14.72,0.50,24.32,86.07,0.3057,860.6,0.0,100.0,0.0,100.0,8583.9,8602.8
233220,2.6271,-14.82,0.50,22.95,91.89,0.3059,858.2,100.0,100.0,0.0,100.0,8578.9,8598.2
233280,2.6278,-14.92,0.50,26.24,76.38,0.3062,855.8,0.0,100.0,0.0,0.0,8637.6,8600.5
233340,2.6284,-15.02,0.50,24.74,85.09,0.3060,853.3,0.0,100.0,0.0,0.0,8604.3,8580.9
233400,2.6291,-15.12,0.50,23.32,91.26,0.3059,850.9,0.0,100.0,0.0,0.0,8574.6,8605.7
233460,2.6298,-15.22,0.50,21.98,95.42,0.3058,848.4,100.0,100.0,0.0,0.0,8570.6,8601.0
233520,2.6305,-15.32,0.50,25.30,78.03,0.3058,845.9,0.0,100.0,0.0,0.0,8608.7,8549.9
233580,2.6311,-15.42,0.50,23.82,86.44,0.3056,843.4,0.0,100.0,0.0,0.0,8594.5,8578.4
233640,2.6318,-15.52,0.50,22.43,92.30,0.3055,840.9,100.0,100.0,0.0,100.0,8581.2,8603.6
233700,2.6325,-15.63,0.50,25.70,76.62,0.3058,838.4,0.0,100.0,0.0,0.0,8587.6,8576.3
233760,2.6332,-15.73,0.50,24.17,85.48,0.3056,835.9,0.0,100.0,0.0,100.0,8579.0,8603.8
233820,2.6338,-15.83,0.50,22.73,91.74,0.3058,833.4,100.0,100.0,0.0,0.0,8600.5,8551.7
233880,2.6345,-15.93,0.50,25.96,76.43,0.3058,830.8,0.0,100.0,0.0,0.0,8593.9,8545.2
233940,2.6352,-16.04,0.50,24.39,85.37,0.3056,828.3,0.0,100.0,0.0,0.0,8545.5,8545.9
234000,2.6359,-16.14,0.50,22.91,91.70,0.3055,825.7,100.0,100.0,0.0,0.0,8549.8,8535.6
234060,2.6366,-16.25,0.50,26.10,76.49,0.3054,823.2,0.0,100.0,0.0,0.0,8576.7,8538.5
234120,2.6372,-16.35,0.50,24.50,85.45,0.3053,820.6,0.0,100.0,0.0,0.0,8529.0,8510.4
234180,2.6379,-16.46,0.50,22.99,91.82,0.3052,818.0,100.0,100.0,0.0,100.0,8563.8,8521.4
234240,2.6386,-16.56,0.50,26.15,76.63,0.3054,815.4,0.0,100.0,0.0,100.0,8555.8,8534.3
234300,2.6393,-16.67,0.50,24.52,85.65,0.3056,812.8,0.0,100.0,0.0,0.0,8518.0,8534.4
234360,2.6399,-16.77,0.50,22.98,92.03,0.3055,810.2,100.0,100.0,0.0,0.0,8509.4,8505.9
234420,2.6406,-16.88,0.50,26.12,76.78,0.3054,807.6,0.0,100.0,0.0,0.0,8511.7,8523.2
234480,2.6413,-16.99,0.50,24.47,85.78,0.3053,804.9,0.0,100.0,0.0,0.0,8538.6,8529.6
234540,2.6420,-17.09,0.50,22.91,92.20,0.3052,802.3,0.0,100.0,0.0,0.0,8505.7,8484.3
234600,2.6426,-17.20,0.50,21.43,96.54,0.3051,799.7,100.0,100.0,0.0,0.0,8514.6,8490.4
234660,2.6433,-17.31,0.50,24.62,78.84,0.3051,797.0,0.0,100.0,0.0,0.0,8530.5,8505.1
234720,2.6440,-17.42,0.50,23.03,87.50,0.3049,794.3,100.0,100.0,0.0,0.0,8539.8,8509.8
234780,2.6447,-17.53,0.50,26.11,74.57,0.3048,791.7,0.0,100.0,0.0,100.0,8477.4,8491.5
234840,2.6453,-17.64,0.50,24.40,84.39,0.3050,789.0,0.0,100.0,0.0,0.0,8502.2,8433.7
234900,2.6460,-17.74,0.50,22.79,91.40,0.3049,786.3,100.0,100.0,0.0,0.0,8486.7,8500.1
234960,2.6467,-17.85,0.50,25.86,76.60,0.3048,783.6,0.0,100.0,0.0,0.0,8509.0,8490.7
235020,2.6474,-17.96,0.50,24.15,85.88,0.3046,780.9,0.0,100.0,0.0,0.0,8492.9,8466.7
235080,2.6480,-18.08,0.50,22.53,92.51,0.3045,778.2,100.0,100.0,0.0,0.0,8507.5,8475.5
235140,2.6487,-18.19,0.50,25.58,77.18,0.3045,775.4,0.0,100.0,0.0,0.0,8424.7,8465.8
235200,2.6494,-18.30,0.50,23.86,86.39,0.3043,772.7,0.0,100.0,0.0,0.0,8463.9,8485.1
235260,2.6501,-18.41,0.50,22.23,92.95,0.3042,769.9,100.0,100.0,0.0,0.0,8444.7,8467.6
235320,2.6507,-18.52,0.50,25.27,77.42,0.3042,767.2,0.0,100.0,0.0,100.0,8448.6,8455.7
235380,2.6514,-18.63,0.50,23.54,86.71,0.3043,764.4,0.0,100.0,0.0,0.0,8444.3,8510.6
235440,2.6521,-18.75,0.50,21.90,93.26,0.3042,761.7,100.0,100.0,0.0,0.0,8471.4,8480.6
235500,2.6528,-18.86,0.50,24.94,77.58,0.3042,758.9,0.0,100.0,0.0,100.0,8458.7,8428.3
235560,2.6534,-18.97,0.50,23.20,86.94,0.3043,756.1,0.0,100.0,0.0,0.0,8463.3,8402.2
235620,2.6541,-19.08,0.50,21.55,93.50,0.3043,753.3,100.0,100.0,0.0,0.0,8454.3,8444.3
235680,2.6548,-19.20,0.50,24.59,77.70,0.3042,750.5,0.0,100.0,0.0,0.0,8446.7,8433.3
235740,2.6555,-19.31,0.50,22.84,87.10,0.3040,747.7,0.0,100.0,0.0,100.0,8419.6,8490.6
235800,2.6562,-19.43,0.50,21.19,93.73,0.3043,744.9,100.0,100.0,0.0,100.0,8441.4,8474.4
235860,2.6568,-19.54,0.50,24.22,77.83,0.3046,742.0,0.0,100.0,0.0,100.0,8442.3,8405.0
235920,2.6575,-19.66,0.50,22.46,87.35,0.3047,739.2,100.0,100.0,0.0,0.0,8395.3,8415.2
235980,2.6582,-19.77,0.50,25.40,74.80,0.3047,736.4,0.0,100.0,0.0,0.0,8438.9,8391.4
236040,2.6589,-19.89,0.50,23.55,85.05,0.3045,733.5,0.0,100.0,0.0,0.0,8407.0,8391.9
236100,2.6595,-20.01,0.50,21.81,92.42,0.3044,730.6,100.0,100.0,0.0,0.0,8438.2,8449.6
236160,2.6602,-20.12,0.50,24.76,77.37,0.3043,727.8,0.0,100.0,0.0,0.0,8397.2,8444.7
236220,2.6609,-20.24,0.50,22.92,87.03,0.3041,724.9,0.0,100.0,0.0,0.0,8449.2,8396.4
236280,2.6616,-20.36,0.50,21.19,93.88,0.3041,722.0,100.0,100.0,0.0,0.0,8369.5,8357.3
236340,2.6622,-20.47,0.50,24.14,78.07,0.3040,719.1,0.0,100.0,0.0,0.0,8378.8,8387.0
236400,2.6629,-20.59,0.50,22.32,87.67,0.3039,716.2,100.0,100.0,0.0,0.0,8380.0,8435.5
236460,2.6636,-20.71,0.50,25.19,75.10,0.3038,713.3,0.0,100.0,0.0,0.0,8403.8,8404.4
236520,2.6643,-20.83,0.50,23.28,85.47,0.3036,710.4,0.0,100.0,0.0,0.0,8388.3,8402.6
236580,2.6649,-20.95,0.50,21.48,92.95,0.3035,707.5,100.0,100.0,0.0,100.0,8407.3,8379.3
236640,2.6656,-21.06,0.50,24.37,77.77,0.3038,704.6,0.0,100.0,0.0,100.0,8350.5,8416.9
236700,2.6663,-21.18,0.50,22.48,87.59,0.3039,701.6,100.0,100.0,0.0,0.0,8393.1,8362.3
236760,2.6670,-21.30,0.50,25.29,75.17,0.3038,698.7,0.0,100.0,0.0,0.0,8348.4,8355.1
236820,2.6676,-21.42,0.50,23.33,85.62,0.3037,695.7,100.0,100.0,0.0,0.0,8383.7,8351.2
236880,2.6683,-21.54,0.50,26.07,74.24,0.3036,692.8,0.0,100.0,0.0,0.0,8335.5,8335.7
236940,2.6690,-21.66,0.50,24.05,84.87,0.3034,689.8,0.0,100.0,0.0,0.0,8371.6,8312.4
237000,2.6697,-21.78,0.50,22.13,92.70,0.3033,686.9,100.0,100.0,0.0,0.0,8338.9,8368.5
237060,2.6703,-21.91,0.50,24.91,77.88,0.3032,683.9,0.0,100.0,0.0,0.0,8324.7,8351.0
237120,2.6710,-22.03,0.50,22.93,87.73,0.3031,680.9,100.0,100.0,0.0,0.0,8354.8,8377.0
237180,2.6717,-22.15,0.50,25.64,75.42,0.3030,677.9,0.0,100.0,0.0,0.0,8333.8,8306.4
237240,2.6724,-22.27,0.50,23.59,85.90,0.3028,674.9,0.0,100.0,0.0,100.0,8364.2,8316.0
237300,2.6730,-22.39,0.50,21.66,93.61,0.3030,671.9,100.0,100.0,0.0,0.0,8284.4,8344.3
237360,2.6737,-22.51,0.50,24.42,78.39,0.3030,668.9,0.0,100.0,0.0,0.0,8316.0,8340.2
237420,2.6744,-22.64,0.50,22.41,88.28,0.3028,665.9,100.0,100.0,0.0,0.0,8352.8,8351.4
237480,2.6751,-22.76,0.50,25.11,75.76,0.3028,662.8,0.0,100.0,0.0,0.0,8345.1,8308.8
237540,2.6758,-22.88,0.50,23.04,86.34,0.3026,659.8,0.0,100.0,0.0,100.0,8291.6,8304.5
237600,2.6764,-23.01,0.50,21.09,94.09,0.3028,656.8,100.0,100.0,0.0,100.0,8346.0,8335.6
237660,2.6771,-23.13,0.50,23.83,78.66,0.3031,653.7,0.0,100.0,0.0,0.0,8317.0,8302.3
237720,2.6778,-23.25,0.50,21.81,88.67,0.3030,650.7,100.0,100.0,0.0,0.0,8299.7,8284.6
237780,2.6785,-23.38,0.50,24.50,76.01,0.3029,647.6,0.0,100.0,0.0,100.0,8342.5,8304.2
237840,2.6791,-23.50,0.50,22.42,86.78,0.3031,644.6,100.0,100.0,0.0,0.0,8289.0,8267.0
237900,2.6798,-23.63,0.50,25.04,75.11,0.3030,641.5,0.0,100.0,0.0,0.0,8290.9,8280.6
237960,2.6805,-23.75,0.50,22.91,86.05,0.3028,638.4,0.0,100.0,0.0,0.0,8311.1,8314.8
238020,2.6812,-23.88,0.50,20.89,94.07,0.3027,635.3,100.0,100.0,0.0,0.0,8276.0,8272.3
238080,2.6818,-24.00,0.50,23.58,78.77,0.3027,632.3,0.0,100.0,0.0,100.0,8259.6,8284.9
238140,2.6825,-24.13,0.50,21.50,89.01,0.3028,629.2,100.0,100.0,0.0,100.0,8257.8,8295.4
238200,2.6832,-24.25,0.50,24.13,76.31,0.3031,626.1,0.0,100.0,0.0,0.0,8258.6,8284.1
238260,2.6839,-24.38,0.50,22.01,87.18,0.3029,623.0,100.0,100.0,0.0,0.0,8226.4,8265.1
238320,2.6845,-24.51,0.50,24.58,75.43,0.3028,619.8,0.0,100.0,0.0,0.0,8274.2,8289.4
238380,2.6852,-24.63,0.50,22.41,86.51,0.3027,616.7,100.0,100.0,0.0,100.0,8247.7,8290.6
238440,2.6859,-24.76,0.50,24.94,75.18,0.3029,613.6,0.0,100.0,0.0,0.0,8250.4,8273.0
238500,2.6866,-24.89,0.50,22.73,86.32,0.3027,610.5,100.0,100.0,0.0,0.0,8276.5,8271.3
238560,2.6872,-25.01,0.50,25.22,75.11,0.3027,607.3,0.0,100.0,0.0,0.0,8253.0,8273.2
238620,2.6879,-25.14,0.50,22.97,86.28,0.3025,604.2,0.0,100.0,0.0,100.0,8219.9,8199.9
238680,2.6886,-25.27,0.50,20.84,94.60,0.3027,601.1,100.0,100.0,0.0,100.0,8266.5,8229.3
238740,2.6893,-25.40,0.50,23.41,79.31,0.3030,597.9,0.0,100.0,0.0,0.0,8252.2,8226.8
238800,2.6899,-25.53,0.50,21.23,89.65,0.3029,594.7,100.0,100.0,0.0,0.0,8256.4,8213.9
238860,2.6906,-25.65,0.50,23.77,76.83,0.3028,591.6,0.0,100.0,0.0,0.0,8245.7,8255.4
238920,2.6913,-25.78,0.50,21.55,87.88,0.3027,588.4,100.0,100.0,0.0,100.0,8233.8,8204.7
238980,2.6920,-25.91,0.50,24.04,76.00,0.3029,585.3,0.0,100.0,0.0,0.0,8205.2,8214.6
239040,2.6926,-26.04,0.50,21.78,87.28,0.3027,582.1,100.0,100.0,0.0,100.0,8224.2,8215.5
239100,2.6933,-26.17,0.50,24.24,75.75,0.3030,578.9,0.0,100.0,0.0,100.0,8208.5,8238.4
239160,2.6940,-26.30,0.50,21.95,87.16,0.3032,575.7,100.0,100.0,0.0,0.0,8205.3,8219.2
239220,2.6947,-26.43,0.50,24.38,75.72,0.3031,572.5,0.0,100.0,0.0,0.0,8195.6,8194.9
239280,2.6954,-26.56,0.50,22.06,87.12,0.3029,569.3,100.0,100.0,0.0,0.0,8223.9,8204.5
239340,2.6960,-26.69,0.50,24.46,75.75,0.3028,566.1,0.0,100.0,0.0,0.0,8233.5,8187.3
239400,2.6967,-26.82,0.50,22.12,87.17,0.3027,562.9,100.0,100.0,0.0,0.0,8222.6,8126.4
239460,2.6974,-26.95,0.50,24.49,75.83,0.3026,559.7,0.0,100.0,0.0,0.0,8142.7,8217.5
239520,2.6981,-27.08,0.50,22.13,87.27,0.3024,556.5,100.0,100.0,0.0,0.0,8163.4,8141.9
239580,2.6987,-27.21,0.50,24.48,75.92,0.3023,553.3,0.0,100.0,0.0,0.0,8190.3,8199.5
239640,2.6994,-27.34,0.50,22.09,87.39,0.3022,550.0,100.0,100.0,0.0,100.0,8174.3,8166.7
239700,2.7001,-27.47,0.50,24.43,76.05,0.3024,546.8,0.0,100.0,0.0,0.0,8174.3,8170.6
239760,2.7008,-27.60,0.50,22.02,87.54,0.3023,543.6,100.0,100.0,0.0,0.0,8154.1,8154.5
239820,2.7014,-27.74,0.50,24.34,76.14,0.3022,540.3,0.0,100.0,0.0,100.0,8170.3,8170.5
239880,2.7021,-27.87,0.50,21.92,87.72,0.3023,537.1,100.0,100.0,0.0,100.0,8125.4,8177.5
239940,2.7028,-28.00,0.50,24.22,76.30,0.3026,533.8,0.0,100.0,0.0,0.0,8176.4,8148.2
240000,2.7035,-28.13,0.50,21.78,87.85,0.3024,530.6,100.0,100.0,0.0,0.0,8202.0,8150.7
240060,2.7041,-28.26,0.50,24.07,76.37,0.3024,527.3,0.0,100.0,0.0,0.0,8159.8,8140.8
240120,2.7048,-28.40,0.50,21.63,87.97,0.3022,524.1,100.0,100.0,0.0,0.0,8150.1,8150.1
240180,2.7055,-28.53,0.50,23.90,76.47,0.3021,520.8,0.0,100.0,0.0,0.0,8112.6,8135.8
240240,2.7062,-28.66,0.50,21.44,88.12,0.3020,517.6,100.0,100.0,0.0,100.0,8133.2,8108.4
240300,2.7068,-28.79,0.50,23.71,76.60,0.3022,514.3,0.0,100.0,0.0,0.0,8132.0,8145.2
240360,2.7075,-28.93,0.50,21.24,88.29,0.3021,511.0,100.0,100.0,0.0,0.0,8109.9,8121.9
240420,2.7082,-29.06,0.50,23.50,76.69,0.3020,507.7,0.0,100.0,0.0,100.0,8124.1,8158.3
240480,2.7089,-29.19,0.50,21.02,88.49,0.3022,504.4,100.0,100.0,0.0,100.0,8131.7,8140.3
240540,2.7095,-29.33,0.50,23.27,76.84,0.3024,501.2,100.0,100.0,0.0,0.0,8139.9,8135.5
240600,2.7102,-29.46,0.50,25.37,70.50,0.3023,497.9,0.0,100.0,0.0,0.0,8106.6,8142.0
240660,2.7109,-29.60,0.50,22.75,83.51,0.3021,494.6,100.0,100.0,0.0,0.0,8126.7,8098.7
240720,2.7116,-29.73,0.50,24.87,74.28,0.3020,491.3,0.0,100.0,0.0,100.0,8091.4,8135.2
240780,2.7123,-29.86,0.50,22.25,86.58,0.3022,488.0,100.0,100.0,0.0,100.0,8080.8,8076.7
240840,2.7129,-30.00,0.50,24.37,76.02,0.3024,484.7,0.0,100.0,0.0,0.0,8102.1,8141.1
240900,2.7136,-30.13,0.50,21.77,87.97,0.3023,481.4,100.0,100.0,0.0,0.0,8079.3,8083.7
240960,2.7143,-30.27,0.50,23.90,76.77,0.3022,478.1,0.0,100.0,0.0,100.0,8092.3,8118.1
241020,2.7150,-30.40,0.50,21.30,88.70,0.3024,474.7,100.0,100.0,0.0,100.0,8093.3,8091.6
241080,2.7156,-30.54,0.50,23.43,77.18,0.3026,471.4,0.0,100.0,0.0,100.0,8095.2,8078.5
241140,2.7163,-30.67,0.50,20.84,89.12,0.3028,468.1,100.0,100.0,0.0,0.0,8107.6,8085.7
241200,2.7170,-30.81,0.50,22.98,77.38,0.3027,464.8,0.0,100.0,0.0,100.0,8046.4,8064.3
241260,2.7177,-30.94,0.50,20.39,89.39,0.3029,461.5,100.0,100.0,0.0,0.0,8047.5,8084.7
241320,2.7183,-31.08,0.50,22.54,77.52,0.3029,458.1,100.0,100.0,0.0,0.0,8068.3,8060.5
241380,2.7190,-31.21,0.50,24.55,71.08,0.3027,454.8,0.0,100.0,0.0,0.0,8087.8,8088.1
241440,2.7197,-31.35,0.50,21.83,84.36,0.3025,451.5,100.0,100.0,0.0,0.0,8065.4,8074.4
241500,2.7204,-31.48,0.50,23.86,74.95,0.3024,448.1,0.0,100.0,0.0,100.0,8107.0,8064.4
241560,2.7210,-31.62,0.50,21.16,87.53,0.3026,444.8,100.0,100.0,0.0,100.0,8070.7,8070.7
241620,2.7217,-31.75,0.50,23.21,76.72,0.3029,441.4,0.0,100.0,0.0,0.0,8032.0,8061.1
241680,2.7224,-31.89,0.50,20.53,88.97,0.3027,438.1,100.0,100.0,0.0,100.0,8040.8,8072.6
241740,2.7231,-32.03,0.50,22.59,77.49,0.3030,434.8,100.0,100.0,0.0,0.0,8051.8,8072.8
241800,2.7237,-32.16,0.50,24.52,71.15,0.3029,431.4,0.0,100.0,0.0,100.0,8043.9,8064.7
241860,2.7244,-32.30,0.50,21.73,84.60,0.3030,428.0,100.0,100.0,0.0,0.0,8021.9,8049.4
241920,2.7251,-32.43,0.50,23.69,75.21,0.3029,424.7,0.0,100.0,0.0,0.0,8051.1,8020.7
241980,2.7258,-32.57,0.50,20.93,87.85,0.3028,421.3,100.0,100.0,0.0,0.0,8010.9,8032.9
242040,2.7264,-32.71,0.50,22.91,77.00,0.3027,418.0,100.0,100.0,0.0,0.0,8063.9,8043.8
242100,2.7271,-32.84,0.50,24.76,70.94,0.3026,414.6,0.0,100.0,0.0,100.0,8035.7,8025.2
242160,2.7278,-32.98,0.50,21.90,84.47,0.3027,411.3,100.0,100.0,0.0,0.0,8027.3,8012.2
242220,2.7285,-33.12,0.50,23.80,75.24,0.3026,407.9,0.0,100.0,0.0,100.0,8012.6,7989.6
242280,2.7291,-33.25,0.50,20.97,88.01,0.3028,404.5,100.0,100.0,0.0,100.0,7995.1,8040.5
242340,2.7298,-33.39,0.50,22.90,77.23,0.3031,401.2,0.0,100.0,0.0,0.0,8059.5,8021.7
242400,2.7305,-33.53,0.50,20.11,89.66,0.3029,397.8,100.0,100.0,0.0,100.0,7962.5,7998.6
242460,2.7312,-33.66,0.50,22.06,78.09,0.3032,394.4,100.0,100.0,0.0,100.0,8015.9,8021.2
242520,2.7319,-33.80,0.50,23.89,71.70,0.3034,391.0,0.0,100.0,0.0,0.0,8009.8,8004.5
242580,2.7325,-33.94,0.50,21.00,85.28,0.3032,387.7,100.0,100.0,0.0,0.0,8019.0,7971.9
242640,2.7332,-34.08,0.50,22.87,75.77,0.3032,384.3,100.0,100.0,0.0,100.0,7977.3,8008.3
242700,2.7339,-34.21,0.50,24.62,70.37,0.3033,380.9,0.0,100.0,0.0,0.0,8005.5,7991.9
242760,2.7346,-34.35,0.50,21.66,84.14,0.3032,377.5,100.0,100.0,0.0,0.0,8000.9,7997.8
242820,2.7352,-34.49,0.50,23.45,75.22,0.3031,374.1,0.0,100.0,0.0,0.0,7967.4,7972.3
242880,2.7359,-34.63,0.50,20.54,88.19,0.3029,370.8,100.0,100.0,0.0,100.0,7999.1,7980.5
242940,2.7366,-34.76,0.50,22.38,77.49,0.3032,367.4,100.0,100.0,0.0,100.0,7953.2,7963.6
243000,2.7373,-34.90,0.50,24.10,71.45,0.3034,364.0,0.0,100.0,0.0,0.0,7957.2,7984.1
243060,2.7379,-35.04,0.50,21.11,85.16,0.3032,360.6,100.0,100.0,0.0,0.0,7985.2,7963.6
243120,2.7386,-35.18,0.50,22.89,75.85,0.3032,357.2,100.0,100.0,0.0,0.0,7949.8,7957.2
243180,2.7393,-35.31,0.50,24.54,70.46,0.3030,353.8,0.0,100.0,0.0,0.0,7999.0,7933.8
243240,2.7400,-35.45,0.50,21.50,84.33,0.3029,350.4,100.0,100.0,0.0,0.0,7969.7,7922.7
243300,2.7406,-35.59,0.50,23.22,75.45,0.3028,347.0,100.0,100.0,0.0,0.0,7994.1,7960.7
243360,2.7413,-35.73,0.50,24.82,70.25,0.3026,343.6,0.0,100.0,0.0,100.0,7942.6,7950.6
243420,2.7420,-35.86,0.50,21.72,84.20,0.3028,340.3,100.0,100.0,0.0,100.0,7941.2,7933.0
243480,2.7427,-36.00,0.50,23.39,75.48,0.3030,336.9,0.0,100.0,0.0,0.0,7927.9,7947.4
243540,2.7433,-36.14,0.50,20.36,88.59,0.3029,333.5,100.0,100.0,0.0,0.0,7998.7,7952.7
243600,2.7440,-36.28,0.50,22.09,77.91,0.3029,330.1,100.0,100.0,0.0,0.0,7945.3,7957.0
243660,2.7447,-36.42,0.50,23.71,71.77,0.3027,326.7,0.0,100.0,0.0,0.0,7936.3,7931.6
243720,2.7454,-36.55,0.50,20.62,85.62,0.3026,323.3,100.0,100.0,0.0,0.0,7942.9,7935.9
243780,2.7460,-36.69,0.50,22.30,76.28,0.3025,319.9,100.0,100.0,0.0,0.0,7933.8,7923.8
243840,2.7467,-36.83,0.50,23.87,70.82,0.3024,316.5,0.0,100.0,0.0,0.0,7977.3,7959.7
243900,2.7474,-36.97,0.50,20.74,84.86,0.3022,313.1,100.0,100.0,0.0,0.0,7941.9,7956.3
243960,2.7481,-37.11,0.50,22.38,75.89,0.3021,309.7,100.0,100.0,0.0,100.0,7905.1,7893.0
244020,2.7487,-37.24,0.50,23.91,70.65,0.3023,306.3,0.0,100.0,0.0,0.0,7927.9,7902.3
244080,2.7494,-37.38,0.50,20.75,84.74,0.3022,302.9,100.0,100.0,0.0,0.0,7963.6,7932.7
244140,2.7501,-37.52,0.50,22.36,75.87,0.3021,300.0,0.0,0.0,0.0,0.0,7875.8,7912.8
244200,2.7508,-37.66,0.50,18.79,86.96,0.3021,0.0,0.0,0.0,0.0,100.0,7893.6,7953.5
244260,2.7515,-37.80,0.50,15.42,97.81,0.3024,0.0,100.0,0.0,0.0,0.0,7933.1,7906.3
244320,2.7521,-37.93,0.50,16.84,84.08,0.3024,0.0,100.0,0.0,0.0,100.0,7890.7,7927.6
244380,2.7528,-38.07,0.50,18.16,74.13,0.3028,0.0,0.0,0.0,0.0,100.0,7906.1,7963.6
244440,2.7535,-38.21,0.50,14.81,85.03,0.3031,0.0,100.0,0.0,0.0,0.0,7916.8,7938.5
244500,2.7542,-38.35,0.50,16.23,74.41,0.3031,0.0,100.0,0.0,0.0,0.0,7936.6,7908.1
244560,2.7548,-38.49,0.50,17.57,66.72,0.3031,0.0,100.0,0.0,0.0,100.0,7902.2,7914.3
244620,2.7555,-38.62,0.50,18.82,61.21,0.3034,0.0,0.0,0.0,0.0,100.0,7883.6,7898.1
244680,2.7562,-38.76,0.50,15.39,72.26,0.3038,0.0,100.0,0.0,0.0,100.0,7915.7,7933.0
244740,2.7569,-38.90,0.50,16.75,65.06,0.3041,0.0,100.0,0.0,0.0,100.0,7935.7,7941.9
244800,2.7575,-39.04,0.50,18.02,59.87,0.3044,0.0,0.0,0.0,0.0,100.0,7910.7,7948.2
244860,2.7582,-39.18,0.50,14.62,70.92,0.3047,0.0,100.0,0.0,0.0,0.0,7924.3,7923.4
244920,2.7589,-39.31,0.50,16.00,63.89,0.3047,0.0,100.0,0.0,0.0,0.0,7914.1,7925.0
244980,2.7596,-39.45,0.50,17.29,58.82,0.3047,0.0,100.0,0.0,0.0,0.0,7925.8,7931.7
245040,2.7602,-39.59,0.50,18.50,54.79,0.3047,0.0,0.0,0.0,0.0,0.0,7916.7,7960.7
245100,2.7609,-39.73,0.50,15.04,65.77,0.3047,0.0,100.0,0.0,0.0,100.0,7961.2,7926.8
245160,2.7616,-39.86,0.50,16.36,60.22,0.3051,0.0,100.0,0.0,0.0,0.0,7928.1,7943.2
245220,2.7623,-40.00,0.50,17.60,55.95,0.3051,0.0,100.0,0.0,0.0,100.0,7928.0,7895.8
245280,2.7629,-40.14,0.50,18.75,52.42,0.3054,0.0,0.0,0.0,0.0,0.0,7934.4,7959.2
245340,2.7636,-40.28,0.50,15.24,63.44,0.3054,0.0,100.0,0.0,0.0,0.0,7922.0,7918.7
245400,2.7643,-40.41,0.50,16.52,58.44,0.3054,0.0,100.0,0.0,0.0,0.0,7880.2,7948.3
245460,2.7650,-40.55,0.50,17.72,54.44,0.3054,0.0,100.0,0.0,0.0,0.0,7893.9,7890.2
245520,2.7656,-40.69,0.50,18.83,51.00,0.3054,0.0,0.0,0.0,0.0,0.0,7899.7,7943.5
245580,2.7663,-40.83,0.50,15.28,62.06,0.3054,0.0,100.0,0.0,0.0,0.0,7957.0,7935.5
245640,2.7670,-40.96,0.50,16.53,57.44,0.3054,0.0,100.0,0.0,0.0,100.0,7899.6,7916.4
245700,2.7677,-41.10,0.50,17.69,53.75,0.3057,0.0,100.0,0.0,0.0,100.0,7920.1,7913.0
245760,2.7683,-41.24,0.50,18.77,50.59,0.3061,0.0,0.0,0.0,0.0,0.0,7918.7,7912.0
245820,2.7690,-41.38,0.50,15.19,61.69,0.3061,0.0,100.0,0.0,0.0,0.0,7949.0,7972.6
245880,2.7697,-41.51,0.50,16.41,57.18,0.3060,0.0,100.0,0.0,0.0,0.0,7895.2,7940.1
245940,2.7704,-41.65,0.50,17.55,53.46,0.3060,0.0,100.0,0.0,0.0,0.0,7925.0,7991.9
246000,2.7711,-41.79,0.50,18.61,50.24,0.3060,0.0,0.0,0.0,0.0,0.0,7937.6,7951.6
246060,2.7717,-41.92,0.50,15.01,61.37,0.3060,0.0,100.0,0.0,0.0,100.0,7871.1,7930.7
246120,2.7724,-42.06,0.50,16.20,57.06,0.3064,0.0,100.0,0.0,0.0,0.0,7905.4,7920.1
246180,2.7731,-42.20,0.50,17.32,53.40,0.3064,0.0,100.0,0.0,0.0,100.0,7927.1,7923.9
246240,2.7738,-42.33,0.50,18.36,50.38,0.3067,0.0,0.0,0.0,0.0,0.0,7944.1,7915.1
246300,2.7744,-42.47,0.50,14.74,61.56,0.3067,0.0,100.0,0.0,0.0,0.0,7914.1,7937.1
246360,2.7751,-42.61,0.50,15.92,57.09,0.3067,0.0,100.0,0.0,0.0,100.0,7920.6,7961.2
246420,2.7758,-42.74,0.50,17.02,53.62,0.3070,0.0,100.0,0.0,0.0,0.0,7894.5,7911.3
246480,2.7765,-42.88,0.50,18.05,50.48,0.3070,0.0,0.0,0.0,0.0,100.0,7925.9,7924.9
246540,2.7771,-43.01,0.50,14.41,61.84,0.3074,0.0,100.0,0.0,0.0,0.0,7927.5,7910.4
246600,2.7778,-43.15,0.50,15.58,57.30,0.3074,0.0,100.0,0.0,0.0,0.0,7893.9,7940.8
246660,2.7785,-43.29,0.50,16.67,53.70,0.3074,0.0,100.0,0.0,0.0,100.0,7881.9,7913.9
246720,2.7792,-43.42,0.50,17.69,50.73,0.3077,0.0,100.0,0.0,0.0,0.0,7911.1,7921.5
246780,2.7798,-43.56,0.50,18.63,48.01,0.3077,0.0,0.0,0.0,0.0,0.0,7903.8,7907.4
246840,2.7805,-43.69,0.50,14.92,59.25,0.3077,0.0,100.0,0.0,0.0,100.0,7919.4,7940.4
246900,2.7812,-43.83,0.50,16.02,55.55,0.3080,0.0,100.0,0.0,0.0,0.0,7927.7,7927.4
246960,2.7819,-43.96,0.50,17.04,52.28,0.3080,0.0,100.0,0.0,0.0,0.0,7944.9,7910.8
247020,2.7825,-44.10,0.50,17.99,49.45,0.3080,0.0,100.0,0.0,0.0,100.0,7912.0,7912.9
247080,2.7832,-44.23,0.50,18.88,47.11,0.3083,0.0,0.0,0.0,0.0,100.0,7914.3,7954.3
247140,2.7839,-44.37,0.50,15.12,58.55,0.3087,0.0,100.0,0.0,0.0,0.0,7925.0,7919.2
247200,2.7846,-44.50,0.50,16.16,54.96,0.3087,0.0,100.0,0.0,0.0,100.0,7931.7,7921.4
247260,2.7852,-44.64,0.50,17.14,52.04,0.3090,0.0,100.0,0.0,0.0,0.0,7922.1,7927.8
247320,2.7859,-44.77,0.50,18.04,49.35,0.3090,0.0,0.0,0.0,0.0,0.0,7916.5,7915.3
247380,2.7866,-44.91,0.50,14.30,60.69,0.3090,0.0,100.0,0.0,0.0,0.0,7946.3,7943.8
247440,2.7873,-45.04,0.50,15.36,56.53,0.3090,0.0,100.0,0.0,0.0,0.0,7926.4,7962.1
247500,2.7879,-45.18,0.50,16.35,53.30,0.3090,0.0,100.0,0.0,0.0,0.0,7916.9,7907.3
247560,2.7886,-45.31,0.50,17.27,50.48,0.3090,0.0,100.0,0.0,0.0,0.0,7899.1,7915.7
247620,2.7893,-45.44,0.50,18.13,48.02,0.3090,0.0,0.0,0.0,0.0,0.0,7933.6,7917.7
247680,2.7900,-45.58,0.50,14.34,59.38,0.3090,0.0,100.0,0.0,0.0,0.0,7897.5,7901.8
247740,2.7907,-45.71,0.50,15.36,55.58,0.3090,0.0,100.0,0.0,0.0,0.0,7910.6,7919.5
247800,2.7913,-45.84,0.50,16.31,52.53,0.3090,0.0,100.0,0.0,0.0,0.0,7954.0,7993.1
247860,2.7920,-45.98,0.50,17.19,49.87,0.3090,0.0,100.0,0.0,0.0,0.0,7947.3,7912.4
247920,2.7927,-46.11,0.50,18.02,47.53,0.3090,0.0,0.0,0.0,0.0,100.0,7901.0,7914.3
247980,2.7934,-46.24,0.50,14.19,59.10,0.3093,0.0,100.0,0.0,0.0,0.0,7926.4,7901.3
248040,2.7940,-46.38,0.50,15.18,55.39,0.3093,0.0,100.0,0.0,0.0,0.0,7920.9,7903.1
248100,2.7947,-46.51,0.50,16.10,52.44,0.3093,0.0,100.0,0.0,0.0,0.0,7937.9,7940.0
248160,2.7954,-46.64,0.50,16.96,49.85,0.3093,0.0,100.0,0.0,0.0,0.0,7924.2,7921.7
248220,2.7961,-46.77,0.50,17.76,47.59,0.3093,0.0,100.0,0.0,0.0,100.0,7908.1,7938.1
248280,2.7967,-46.91,0.50,18.50,45.75,0.3096,0.0,0.0,0.0,0.0,0.0,7916.9,7925.9
248340,2.7974,-47.04,0.50,14.60,57.17,0.3096,0.0,100.0,0.0,0.0,100.0,7930.9,7933.5
248400,2.7981,-47.17,0.50,15.52,54.13,0.3100,0.0,100.0,0.0,0.0,0.0,7928.1,7950.1
248460,2.7988,-47.30,0.50,16.37,51.46,0.3100,0.0,100.0,0.0,0.0,0.0,7943.4,7905.4
248520,2.7994,-47.43,0.50,17.17,49.12,0.3100,0.0,100.0,0.0,0.0,0.0,7972.7,7916.4
248580,2.8001,-47.56,0.50,17.90,47.06,0.3099,0.0,100.0,0.0,0.0,0.0,7946.0,7923.0
248640,2.8008,-47.70,0.50,18.59,45.23,0.3099,0.0,0.0,0.0,0.0,0.0,7930.1,7931.5
248700,2.8015,-47.83,0.50,14.64,56.70,0.3099,0.0,100.0,0.0,0.0,0.0,7883.9,7917.5
248760,2.8021,-47.96,0.50,15.51,53.69,0.3099,0.0,100.0,0.0,0.0,0.0,7941.5,7946.6
248820,2.8028,-48.09,0.50,16.31,51.19,0.3099,0.0,100.0,0.0,0.0,100.0,7937.7,7938.5
248880,2.8035,-48.22,0.50,17.07,49.15,0.3103,0.0,100.0,0.0,0.0,100.0,7913.8,7923.9
248940,2.8042,-48.35,0.50,17.76,47.36,0.3106,0.0,100.0,0.0,0.0,100.0,7934.3,7954.6
249000,2.8048,-48.48,0.50,18.41,45.78,0.3109,0.0,0.0,0.0,0.0,0.0,7933.4,7937.0
249060,2.8055,-48.61,0.50,14.43,57.32,0.3109,0.0,100.0,0.0,0.0,0.0,7916.4,7941.3
249120,2.8062,-48.74,0.50,15.26,54.20,0.3109,0.0,100.0,0.0,0.0,100.0,7965.1,7906.7
249180,2.8069,-48.87,0.50,16.03,51.93,0.3113,0.0,100.0,0.0,0.0,0.0,7936.9,7917.0
249240,2.8075,-49.00,0.50,16.76,49.78,0.3113,0.0,100.0,0.0,0.0,100.0,7903.0,7916.5
249300,2.8082,-49.13,0.50,17.43,48.03,0.3116,0.0,100.0,0.0,0.0,0.0,7919.6,7917.2
249360,2.8089,-49.25,0.50,18.05,46.34,0.3116,0.0,100.0,0.0,0.0,0.0,7958.8,7942.2
249420,2.8096,-49.38,0.50,18.63,44.84,0.3116,0.0,0.0,0.0,0.0,100.0,7938.6,7900.4
249480,2.8103,-49.51,0.50,14.57,56.58,0.3119,0.0,100.0,0.0,0.0,0.0,7918.0,7946.7
249540,2.8109,-49.64,0.50,15.35,53.70,0.3119,0.0,100.0,0.0,0.0,0.0,7909.0,7919.8
249600,2.8116,-49.77,0.50,16.06,51.48,0.3119,0.0,100.0,0.0,0.0,0.0,7932.2,7908.5
249660,2.8123,-49.90,0.50,16.73,49.51,0.3119,0.0,100.0,0.0,0.0,0.0,7923.9,7909.5
249720,2.8130,-50.02,0.50,17.35,47.77,0.3119,0.0,100.0,0.0,0.0,0.0,7950.2,7907.1
249780,2.8136,-50.15,0.50,17.92,46.21,0.3119,0.0,0.0,0.0,0.0,0.0,7947.6,7934.7
249840,2.8143,-50.28,0.50,13.86,57.89,0.3119,0.0,100.0,0.0,0.0,0.0,7921.5,7906.1
249900,2.8150,-50.40,0.50,14.63,54.68,0.3119,0.0,100.0,0.0,0.0,100.0,7942.7,7886.4
249960,2.8157,-50.53,0.50,15.35,52.41,0.3122,0.0,100.0,0.0,0.0,0.0,7904.3,7917.6
250020,2.8163,-50.66,0.50,16.01,50.40,0.3122,0.0,100.0,0.0,0.0,0.0,7917.8,7941.8
250080,2.8170,-50.78,0.50,16.63,48.63,0.3122,0.0,100.0,0.0,0.0,0.0,7957.4,7907.0
250140,2.8177,-50.91,0.50,17.20,47.04,0.3122,0.0,100.0,0.0,0.0,0.0,7915.3,7897.6
250200,2.8184,-51.03,0.50,17.73,45.64,0.3122,0.0,100.0,0.0,0.0,0.0,7906.3,7939.1
250260,2.8190,-51.16,0.50,18.22,44.38,0.3122,0.0,0.0,0.0,0.0,0.0,7909.8,7927.8
250320,2.8197,-51.28,0.50,14.09,56.06,0.3122,0.0,100.0,0.0,0.0,0.0,7934.5,7922.5
250380,2.8204,-51.41,0.50,14.78,53.34,0.3122,0.0,100.0,0.0,0.0,0.0,7924.3,7949.1
250440,2.8211,-51.53,0.50,15.43,51.31,0.3122,0.0,100.0,0.0,0.0,0.0,7928.3,7908.7
250500,2.8217,-51.66,0.50,16.03,49.54,0.3122,0.0,100.0,0.0,0.0,0.0,7954.6,7944.2
250560,2.8224,-51.78,0.50,16.58,47.97,0.3122,0.0,100.0,0.0,0.0,0.0,7914.4,7897.0
250620,2.8231,-51.91,0.50,17.10,46.57,0.3122,0.0,100.0,0.0,0.0,100.0,7939.1,7965.0
250680,2.8238,-52.03,0.50,17.58,45.49,0.3125,0.0,100.0,0.0,0.0,0.0,7928.3,7968.1
250740,2.8244,-52.15,0.50,18.02,44.37,0.3125,0.0,100.0,0.0,0.0,0.0,7920.6,7917.2
250800,2.8251,-52.28,0.50,18.43,43.37,0.3125,0.0,0.0,0.0,0.0,0.0,7935.6,7943.9
250860,2.8258,-52.40,0.50,14.21,55.08,0.3125,0.0,100.0,0.0,0.0,0.0,7932.5,7918.7
250920,2.8265,-52.52,0.50,14.83,52.66,0.3125,0.0,100.0,0.0,0.0,0.0,7902.2,7917.2
250980,2.8271,-52.64,0.50,15.41,50.84,0.3125,0.0,100.0,0.0,0.0,0.0,7960.8,7924.5
251040,2.8278,-52.77,0.50,15.94,49.28,0.3125,0.0,100.0,0.0,0.0,0.0,7940.0,7911.2
251100,2.8285,-52.89,0.50,16.44,47.90,0.3125,0.0,100.0,0.0,0.0,0.0,7926.3,7943.9
251160,2.8292,-53.01,0.50,16.90,46.66,0.3125,0.0,100.0,0.0,0.0,0.0,7927.0,7936.2
251220,2.8299,-53.13,0.50,17.32,45.55,0.3125,0.0,100.0,0.0,0.0,0.0,7940.8,7956.1
251280,2.8305,-53.25,0.50,17.71,44.56,0.3125,0.0,100.0,0.0,0.0,0.0,7918.0,7932.5
251340,2.8312,-53.37,0.50,18.08,43.68,0.3125,0.0,100.0,0.0,0.0,0.0,7937.7,7968.1
251400,2.8319,-53.49,0.50,18.41,42.89,0.3125,0.0,0.0,0.0,0.0,0.0,7945.9,7909.2
251460,2.8326,-53.61,0.50,14.12,54.66,0.3125,0.0,100.0,0.0,0.0,0.0,7945.5,7910.8
251520,2.8332,-53.73,0.50,14.68,52.40,0.3125,0.0,100.0,0.0,0.0,0.0,7946.6,7936.8
251580,2.8339,-53.85,0.50,15.19,50.68,0.3125,0.0,100.0,0.0,0.0,0.0,7898.0,7930.5
251640,2.8346,-53.97,0.50,15.67,49.30,0.3125,0.0,100.0,0.0,0.0,0.0,7915.0,7919.2
251700,2.8353,-54.09,0.50,16.11,48.07,0.3125,0.0,100.0,0.0,0.0,0.0,7942.4,7929.8
251760,2.8359,-54.21,0.50,16.51,46.97,0.3125,0.0,100.0,0.0,0.0,0.0,7925.4,7953.3
251820,2.8366,-54.33,0.50,16.89,45.99,0.3125,0.0,100.0,0.0,0.0,0.0,7936.8,7922.8
251880,2.8373,-54.44,0.50,17.24,45.11,0.3125,0.0,100.0,0.0,0.0,0.0,7934.7,7935.7
251940,2.8380,-54.56,0.50,17.56,44.32,0.3125,0.0,100.0,0.0,0.0,0.0,7927.3,7958.5
252000,2.8386,-54.68,0.50,17.85,43.62,0.3125,0.0,100.0,0.0,0.0,0.0,7967.4,7917.8
252060,2.8393,-54.80,0.50,18.12,42.99,0.3125,0.0,0.0,0.0,0.0,0.0,7913.0,7907.0
252120,2.8400,-54.91,0.50,13.77,54.86,0.3125,0.0,100.0,0.0,0.0,0.0,7902.8,7929.9
252180,2.8407,-55.03,0.50,14.27,52.60,0.3125,0.0,100.0,0.0,0.0,0.0,7919.2,7922.8
252240,2.8413,-55.14,0.50,14.73,50.87,0.3125,0.0,100.0,0.0,0.0,0.0,7919.5,7937.1
252300,2.8420,-55.26,0.50,15.16,49.56,0.3125,0.0,100.0,0.0,0.0,100.0,7924.8,7937.0
252360,2.8427,-55.38,0.50,15.55,48.63,0.3128,0.0,100.0,0.0,0.0,0.0,7938.5,7958.9
252420,2.8434,-55.49,0.50,15.92,47.64,0.3128,0.0,100.0,0.0,0.0,0.0,7925.7,7945.1
252480,2.8440,-55.61,0.50,16.25,46.75,0.3128,0.0,100.0,0.0,0.0,0.0,7944.7,7904.3
252540,2.8447,-55.72,0.50,16.56,45.96,0.3128,0.0,100.0,0.0,0.0,0.0,7893.6,7944.8
252600,2.8454,-55.83,0.50,16.84,45.25,0.3128,0.0,100.0,0.0,0.0,0.0,7972.3,7921.0
252660,2.8461,-55.95,0.50,17.10,44.62,0.3128,0.0,100.0,0.0,0.0,0.0,7915.6,7940.8
252720,2.8467,-56.06,0.50,17.34,44.05,0.3128,0.0,100.0,0.0,0.0,0.0,7961.3,7924.3
252780,2.8474,-56.17,0.50,17.56,43.55,0.3128,0.0,100.0,0.0,0.0,0.0,7953.8,7957.5
252840,2.8481,-56.29,0.50,17.76,43.11,0.3128,0.0,100.0,0.0,0.0,0.0,7956.0,7909.4
252900,2.8488,-56.40,0.50,17.93,42.72,0.3128,0.0,100.0,0.0,0.0,0.0,7911.4,7915.7
252960,2.8495,-56.51,0.50,18.10,42.38,0.3128,0.0,100.0,0.0,0.0,0.0,7932.9,7923.9
253020,2.8501,-56.62,0.50,18.24,42.08,0.3128,0.0,0.0,0.0,0.0,0.0,7933.7,7948.9
253080,2.8508,-56.74,0.50,13.78,54.03,0.3128,0.0,100.0,0.0,0.0,100.0,7923.9,7922.6
253140,2.8515,-56.85,0.50,14.17,52.21,0.3131,0.0,100.0,0.0,0.0,0.0,7929.9,7957.2
253200,2.8522,-56.96,0.50,14.53,50.66,0.3131,0.0,100.0,0.0,0.0,0.0,7935.1,7948.5
253260,2.8528,-57.07,0.50,14.86,49.47,0.3131,0.0,100.0,0.0,0.0,0.0,7924.2,7951.7
253320,2.8535,-57.18,0.50,15.16,48.56,0.3131,0.0,100.0,0.0,0.0,100.0,7906.9,7892.0
253380,2.8542,-57.29,0.50,15.44,47.99,0.3135,0.0,100.0,0.0,0.0,0.0,7928.6,7924.9
253440,2.8549,-57.40,0.50,15.70,47.32,0.3135,0.0,100.0,0.0,0.0,0.0,7937.7,7941.7
253500,2.8555,-57.51,0.50,15.94,46.72,0.3135,0.0,100.0,0.0,0.0,0.0,7934.0,7964.2
253560,2.8562,-57.61,0.50,16.15,46.19,0.3135,0.0,100.0,0.0,0.0,0.0,7936.5,7936.6
253620,2.8569,-57.72,0.50,16.35,45.71,0.3135,0.0,100.0,0.0,0.0,0.0,7921.1,7915.2
253680,2.8576,-57.83,0.50,16.52,45.30,0.3134,0.0,100.0,0.0,0.0,0.0,7949.6,7923.9
253740,2.8582,-57.94,0.50,16.68,44.93,0.3134,0.0,100.0,0.0,0.0,0.0,7921.1,7927.7
253800,2.8589,-58.04,0.50,16.83,44.61,0.3134,0.0,100.0,0.0,0.0,0.0,7909.2,7904.7
253860,2.8596,-58.15,0.50,16.96,44.33,0.3134,0.0,100.0,0.0,0.0,0.0,7930.7,7938.5
253920,2.8603,-58.26,0.50,17.07,44.10,0.3134,0.0,100.0,0.0,0.0,100.0,7963.3,7924.1
253980,2.8609,-58.36,0.50,17.18,44.08,0.3138,0.0,100.0,0.0,0.0,0.0,7917.5,7931.0
254040,2.8616,-58.47,0.50,17.27,43.91,0.3138,0.0,100.0,0.0,0.0,0.0,7917.0,7928.5
254100,2.8623,-58.57,0.50,17.35,43.77,0.3138,0.0,100.0,0.0,0.0,0.0,7945.9,7951.6
254160,2.8630,-58.68,0.50,17.41,43.66,0.3138,0.0,100.0,0.0,0.0,0.0,7950.6,7931.6
254220,2.8636,-58.78,0.50,17.47,43.58,0.3138,0.0,100.0,0.0,0.0,0.0,7894.5,7962.3
254280,2.8643,-58.89,0.50,17.52,43.53,0.3138,0.0,100.0,0.0,0.0,100.0,7909.4,7889.3
254340,2.8650,-58.99,0.50,17.56,43.67,0.3141,0.0,100.0,0.0,0.0,0.0,7959.9,7927.9
254400,2.8657,-59.10,0.50,17.59,43.66,0.3141,0.0,100.0,0.0,0.0,0.0,7927.7,7949.8
254460,2.8663,-59.20,0.50,17.61,43.67,0.3141,0.0,100.0,0.0,0.0,0.0,7901.1,7902.1
254520,2.8670,-59.30,0.50,17.62,43.70,0.3141,0.0,100.0,0.0,0.0,0.0,7931.9,7958.1
254580,2.8677,-59.40,0.50,17.63,43.75,0.3141,0.0,100.0,0.0,0.0,0.0,7957.6,7929.0
254640,2.8684,-59.50,0.50,17.63,43.81,0.3141,0.0,0.0,0.0,0.0,0.0,7907.6,7957.5
254700,2.8691,-59.61,0.50,13.04,56.10,0.3141,0.0,100.0,0.0,0.0,0.0,7954.8,7953.1
254760,2.8697,-59.71,0.50,13.30,53.83,0.3141,0.0,100.0,0.0,0.0,100.0,7920.2,7964.6
254820,2.8704,-59.81,0.50,13.54,52.20,0.3144,0.0,100.0,0.0,0.0,0.0,7957.2,7930.3
254880,2.8711,-59.91,0.50,13.76,50.77,0.3144,0.0,100.0,0.0,0.0,0.0,7934.5,7947.2
254940,2.8718,-60.01,0.50,13.96,49.64,0.3144,0.0,100.0,0.0,0.0,0.0,7924.4,7961.5
255000,2.8724,-60.11,0.50,14.15,48.76,0.3144,0.0,100.0,0.0,0.0,0.0,7904.4,7928.9
255060,2.8731,-60.21,0.50,14.31,48.08,0.3144,0.0,100.0,0.0,0.0,0.0,7929.7,7891.7
255120,2.8738,-60.30,0.50,14.47,47.55,0.3144,0.0,100.0,0.0,0.0,0.0,7958.2,7954.8
255180,2.8745,-60.40,0.50,14.60,47.14,0.3144,0.0,100.0,0.0,0.0,0.0,7934.2,7950.3
255240,2.8751,-60.50,0.50,14.72,46.83,0.3144,0.0,100.0,0.0,0.0,0.0,7916.3,7963.9
255300,2.8758,-60.60,0.50,14.83,46.59,0.3144,0.0,100.0,0.0,0.0,0.0,7953.5,7912.9
255360,2.8765,-60.69,0.50,14.93,46.40,0.3144,0.0,100.0,0.0,0.0,0.0,7917.3,7901.1
255420,2.8772,-60.79,0.50,15.02,46.23,0.3144,0.0,100.0,0.0,0.0,0.0,7936.2,7958.6
255480,2.8778,-60.89,0.50,15.09,46.10,0.3144,0.0,100.0,0.0,0.0,0.0,7945.7,7942.0
255540,2.8785,-60.98,0.50,15.16,45.99,0.3144,0.0,100.0,0.0,0.0,0.0,7952.8,7933.2
255600,2.8792,-61.08,0.50,15.21,45.91,0.3144,0.0,100.0,0.0,0.0,100.0,7949.5,7938.0
255660,2.8799,-61.17,0.50,15.26,46.06,0.3147,0.0,100.0,0.0,0.0,0.0,7915.9,7953.3
255720,2.8805,-61.27,0.50,15.30,46.02,0.3147,0.0,100.0,0.0,0.0,0.0,7941.0,7939.9
255780,2.8812,-61.36,0.50,15.33,46.01,0.3147,0.0,100.0,0.0,0.0,0.0,7926.1,7946.3
255840,2.8819,-61.45,0.50,15.35,46.03,0.3147,0.0,100.0,0.0,0.0,0.0,7916.0,7910.5
255900,2.8826,-61.55,0.50,15.36,46.05,0.3147,0.0,100.0,0.0,0.0,0.0,7960.3,7990.4
255960,2.8832,-61.64,0.50,15.37,46.08,0.3147,0.0,100.0,0.0,0.0,0.0,7939.5,7937.1
256020,2.8839,-61.73,0.50,15.38,46.10,0.3147,0.0,100.0,0.0,0.0,100.0,7938.2,7973.3
256080,2.8846,-61.82,0.50,15.37,46.29,0.3150,0.0,100.0,0.0,0.0,0.0,7953.3,7921.9
256140,2.8853,-61.92,0.50,15.37,46.29,0.3150,0.0,100.0,0.0,0.0,0.0,7946.1,7973.5
256200,2.8859,-62.01,0.50,15.35,46.29,0.3150,0.0,100.0,0.0,0.0,0.0,7960.4,7945.1
256260,2.8866,-62.10,0.50,15.34,46.29,0.3150,0.0,100.0,0.0,0.0,0.0,7922.7,7937.6
256320,2.8873,-62.19,0.50,15.32,46.30,0.3150,0.0,100.0,0.0,0.0,0.0,7950.8,7961.5
256380,2.8880,-62.28,0.50,15.29,46.31,0.3150,0.0,100.0,0.0,0.0,0.0,7956.7,7940.2
256440,2.8887,-62.37,0.50,15.26,46.32,0.3150,0.0,100.0,0.0,0.0,0.0,7920.0,7943.8
256500,2.8893,-62.45,0.50,15.23,46.33,0.3150,0.0,100.0,0.0,0.0,0.0,7923.3,7945.0
256560,2.8900,-62.54,0.50,15.19,46.33,0.3150,0.0,100.0,0.0,0.0,0.0,7957.1,7914.0
256620,2.8907,-62.63,0.50,15.15,46.34,0.3150,0.0,100.0,0.0,0.0,0.0,7974.3,7969.5
256680,2.8914,-62.72,0.50,15.11,46.35,0.3150,0.0,100.0,0.0,0.0,0.0,7930.4,7956.8
256740,2.8920,-62.80,0.50,15.06,46.36,0.3150,0.0,100.0,0.0,0.0,0.0,7921.7,7934.6
256800,2.8927,-62.89,0.50,15.02,46.36,0.3150,0.0,100.0,0.0,0.0,0.0,7917.1,7922.8
256860,2.8934,-62.98,0.50,14.97,46.36,0.3150,0.0,100.0,0.0,0.0,0.0,7912.9,7932.3
256920,2.8941,-63.06,0.50,14.92,46.37,0.3150,0.0,100.0,0.0,0.0,0.0,7951.8,7956.9
256980,2.8947,-63.15,0.50,14.86,46.37,0.3150,0.0,100.0,0.0,0.0,0.0,7928.1,7939.1
257040,2.8954,-63.23,0.50,14.81,46.37,0.3150,0.0,100.0,0.0,0.0,0.0,7946.2,7957.1
257100,2.8961,-63.32,0.50,14.75,46.37,0.3150,0.0,100.0,0.0,0.0,0.0,7938.2,7941.5
257160,2.8968,-63.40,0.50,14.69,46.37,0.3150,0.0,100.0,0.0,0.0,0.0,7942.5,7943.7
257220,2.8974,-63.48,0.50,14.63,46.36,0.3150,0.0,100.0,0.0,0.0,0.0,7964.4,7923.9
257280,2.8981,-63.56,0.50,14.57,46.36,0.3150,0.0,100.0,0.0,0.0,100.0,7971.8,7934.4
257340,2.8988,-63.65,0.50,14.51,46.52,0.3153,0.0,100.0,0.0,0.0,0.0,7937.8,7924.1
257400,2.8995,-63.73,0.50,14.44,46.49,0.3153,0.0,100.0,0.0,0.0,0.0,7963.3,7949.8
257460,2.9001,-63.81,0.50,14.38,46.45,0.3153,0.0,100.0,0.0,0.0,0.0,7953.6,7909.6
257520,2.9008,-63.89,0.50,14.31,46.43,0.3153,0.0,100.0,0.0,0.0,0.0,7939.8,7955.0
257580,2.9015,-63.97,0.50,14.24,46.40,0.3153,0.0,100.0,0.0,0.0,0.0,7931.7,7935.3
257640,2.9022,-64.05,0.50,14.18,46.38,0.3153,0.0,100.0,0.0,0.0,0.0,7961.7,7942.9
257700,2.9028,-64.13,0.50,14.11,46.36,0.3153,0.0,100.0,0.0,0.0,0.0,7930.3,7930.1
257760,2.9035,-64.21,0.50,14.04,46.33,0.3153,0.0,100.0,0.0,0.0,0.0,7961.8,7951.6
257820,2.9042,-64.29,0.50,13.97,46.32,0.3153,0.0,100.0,0.0,0.0,0.0,7950.2,7941.1
257880,2.9049,-64.37,0.50,13.90,46.30,0.3153,0.0,100.0,0.0,0.0,0.0,7964.0,7912.3
257940,2.9055,-64.44,0.50,13.83,46.28,0.3153,0.0,100.0,0.0,0.0,0.0,7933.7,7900.4
258000,2.9062,-64.52,0.50,13.76,46.26,0.3153,0.0,100.0,0.0,0.0,0.0,7974.4,7924.3
258060,2.9069,-64.60,0.50,13.69,46.24,0.3153,0.0,100.0,0.0,0.0,0.0,7934.1,7907.8
258120,2.9076,-64.67,0.50,13.62,46.22,0.3153,0.0,100.0,0.0,0.0,0.0,7926.8,7938.9
258180,2.9083,-64.75,0.50,13.55,46.21,0.3153,0.0,100.0,0.0,0.0,0.0,7957.8,7963.2
258240,2.9089,-64.82,0.50,13.47,46.19,0.3153,0.0,100.0,0.0,0.0,0.0,7932.3,7926.6
258300,2.9096,-64.90,0.50,13.40,46.17,0.3153,0.0,100.0,0.0,0.0,0.0,7942.5,7968.3
258360,2.9103,-64.97,0.50,13.33,46.15,0.3153,0.0,100.0,0.0,0.0,0.0,7922.0,7966.8
258420,2.9110,-65.04,0.50,13.26,46.14,0.3153,0.0,100.0,0.0,0.0,100.0,7911.1,7931.0
258480,2.9116,-65.12,0.50,13.18,46.30,0.3156,0.0,100.0,0.0,0.0,0.0,7958.6,7954.9
258540,2.9123,-65.19,0.50,13.11,46.25,0.3156,0.0,100.0,0.0,0.0,0.0,7949.2,7937.4
258600,2.9130,-65.26,0.50,13.04,46.20,0.3156,0.0,100.0,0.0,0.0,0.0,7975.7,7899.8
258660,2.9137,-65.33,0.50,12.97,46.16,0.3156,0.0,100.0,0.0,0.0,0.0,7964.8,7926.8
258720,2.9143,-65.40,0.50,12.90,46.13,0.3156,0.0,100.0,0.0,0.0,0.0,7912.9,7947.0
258780,2.9150,-65.48,0.50,12.82,46.09,0.3156,0.0,100.0,0.0,0.0,0.0,7941.9,7923.0
258840,2.9157,-65.55,0.50,12.75,46.06,0.3156,0.0,100.0,0.0,0.0,0.0,7930.3,7944.7
258900,2.9164,-65.61,0.50,12.68,46.03,0.3156,0.0,100.0,0.0,0.0,0.0,7939.4,7937.0
258960,2.9170,-65.68,0.50,12.61,46.01,0.3156,0.0,100.0,0.0,0.0,0.0,7933.6,7933.4
259020,2.9177,-65.75,0.50,12.54,45.98,0.3156,0.0,100.0,0.0,0.0,0.0,7936.2,7925.6
259080,2.9184,-65.82,0.50,12.47,45.96,0.3156,0.0,100.0,0.0,0.0,0.0,7936.6,7935.4
259140,2.9191,-65.89,0.50,12.40,45.93,0.3156,0.0,100.0,0.0,0.0,0.0,7956.7,7959.2
259200,2.9197,-65.95,0.50,12.32,45.91,0.3156,0.0,100.0,0.0,0.0,0.0,7977.2,7957.2
259260,2.9204,-66.02,0.50,12.25,45.89,0.3156,0.0,100.0,0.0,0.0,0.0,7967.5,7918.7
259320,2.9211,-66.09,0.50,12.18,45.86,0.3156,0.0,100.0,0.0,0.0,100.0,7935.8,7939.7
259380,2.9218,-66.15,0.50,12.11,46.04,0.3159,0.0,100.0,0.0,0.0,0.0,7932.6,7984.9
259440,2.9224,-66.22,0.50,12.04,45.98,0.3159,0.0,100.0,0.0,0.0,0.0,7931.5,7925.5
259500,2.9231,-66.28,0.50,11.97,45.93,0.3159,0.0,100.0,0.0,0.0,0.0,7931.9,7927.4
259560,2.9238,-66.35,0.50,11.91,45.89,0.3159,0.0,100.0,0.0,0.0,0.0,7948.1,7961.6
259620,2.9245,-66.41,0.50,11.84,45.85,0.3159,0.0,100.0,0.0,0.0,0.0,7954.9,7979.1
259680,2.9251,-66.47,0.50,11.77,45.81,0.3159,0.0,100.0,0.0,0.0,0.0,7929.8,7924.4
259740,2.9258,-66.53,0.50,11.70,45.78,0.3159,0.0,100.0,0.0,0.0,0.0,7956.0,7924.7
259800,2.9265,-66.60,0.50,11.63,45.75,0.3159,0.0,100.0,0.0,0.0,0.0,7944.6,7934.6
259860,2.9272,-66.66,0.50,11.57,45.72,0.3159,0.0,100.0,0.0,0.0,0.0,7941.7,7950.6
259920,2.9279,-66.72,0.50,11.50,45.69,0.3159,0.0,100.0,0.0,0.0,0.0,7972.5,7924.5
259980,2.9285,-66.78,0.50,11.43,45.67,0.3159,0.0,100.0,0.0,0.0,0.0,7956.1,7947.9
260040,2.9292,-66.84,0.50,11.37,45.64,0.3159,0.0,100.0,0.0,0.0,0.0,7975.9,7947.2
260100,2.9299,-66.90,0.50,11.30,45.62,0.3159,0.0,100.0,0.0,0.0,0.0,7938.3,7946.9
260160,2.9306,-66.95,0.50,11.24,45.59,0.3159,0.0,100.0,0.0,0.0,0.0,7966.6,7945.4
260220,2.9312,-67.01,0.50,11.17,45.57,0.3159,0.0,100.0,0.0,0.0,0.0,7950.0,7956.2
260280,2.9319,-67.07,0.50,11.11,45.55,0.3159,0.0,100.0,0.0,0.0,0.0,7938.8,7910.4
260340,2.9326,-67.13,0.50,11.04,45.53,0.3159,0.0,100.0,0.0,0.0,0.0,7964.0,7961.1
260400,2.9333,-67.18,0.50,10.98,45.51,0.3159,0.0,100.0,0.0,0.0,0.0,7960.8,7992.1
260460,2.9339,-67.24,0.50,10.92,45.49,0.3159,0.0,100.0,0.0,0.0,0.0,7972.2,7905.4
260520,2.9346,-67.30,0.50,10.85,45.47,0.3159,0.0,100.0,0.0,0.0,0.0,7929.6,7956.3
260580,2.9353,-67.35,0.50,10.79,45.45,0.3159,0.0,100.0,0.0,0.0,0.0,7928.3,7934.5
260640,2.9360,-67.40,0.50,10.73,45.43,0.3159,0.0,100.0,0.0,0.0,0.0,7975.2,7942.4
260700,2.9366,-67.46,0.50,10.67,45.41,0.3159,0.0,100.0,0.0,0.0,0.0,7910.3,7927.5
260760,2.9373,-67.51,0.50,10.61,45.39,0.3159,0.0,100.0,0.0,0.0,0.0,7930.6,7937.0
260820,2.9380,-67.56,0.50,10.55,45.37,0.3159,0.0,100.0,0.0,0.0,0.0,7958.2,7970.2
260880,2.9387,-67.62,0.50,10.49,45.35,0.3159,0.0,100.0,0.0,0.0,0.0,7945.3,7951.8
260940,2.9393,-67.67,0.50,10.43,45.33,0.3159,0.0,100.0,0.0,0.0,0.0,7925.2,7936.5
261000,2.9400,-67.72,0.50,10.37,45.32,0.3159,0.0,100.0,0.0,0.0,0.0,7975.3,7941.0
261060,2.9407,-67.77,0.50,10.31,45.30,0.3159,0.0,100.0,0.0,0.0,0.0,7999.5,7952.4
261120,2.9414,-67.82,0.50,10.25,45.28,0.3159,0.0,100.0,0.0,0.0,0.0,7921.5,7971.5
261180,2.9420,-67.87,0.50,10.20,45.26,0.3159,0.0,100.0,0.0,0.0,0.0,7967.9,7948.2
261240,2.9427,-67.92,0.50,10.14,45.24,0.3159,0.0,100.0,0.0,0.0,0.0,7951.3,7949.0
261300,2.9434,-67.97,0.50,10.08,45.22,0.3159,0.0,100.0,0.0,0.0,0.0,7943.5,7932.6
261360,2.9441,-68.01,0.50,10.03,45.21,0.3159,0.0,100.0,0.0,0.0,0.0,7936.5,7913.9
261420,2.9447,-68.06,0.50,9.97,45.19,0.3159,0.0,100.0,0.0,0.0,0.0,7909.2,7939.3
261480,2.9454,-68.11,0.50,9.92,45.17,0.3159,0.0,100.0,0.0,0.0,0.0,7950.2,7968.4
261540,2.9461,-68.15,0.50,9.86,45.15,0.3159,0.0,100.0,0.0,0.0,0.0,7919.9,7930.9
261600,2.9468,-68.20,0.50,9.81,45.14,0.3159,0.0,100.0,0.0,0.0,0.0,7962.4,7928.9
261660,2.9475,-68.24,0.50,9.76,45.12,0.3159,0.0,100.0,0.0,0.0,0.0,7934.4,7961.6
261720,2.9481,-68.29,0.50,9.70,45.10,0.3159,0.0,100.0,0.0,0.0,0.0,7944.3,7925.2
261780,2.9488,-68.33,0.50,9.65,45.09,0.3159,0.0,100.0,0.0,0.0,0.0,7969.2,7975.3
261840,2.9495,-68.38,0.50,9.60,45.07,0.3159,0.0,100.0,0.0,0.0,0.0,7941.2,7954.3
261900,2.9502,-68.42,0.50,9.55,45.05,0.3159,0.0,100.0,0.0,0.0,0.0,7927.4,7931.7
261960,2.9508,-68.46,0.50,9.50,45.04,0.3159,0.0,100.0,0.0,0.0,0.0,7955.0,7943.4
262020,2.9515,-68.50,0.50,9.45,45.02,0.3159,0.0,100.0,0.0,0.0,0.0,7960.2,7973.1
262080,2.9522,-68.54,0.50,9.40,45.00,0.3159,0.0,100.0,0.0,0.0,0.0,7992.4,7980.9
262140,2.9529,-68.58,0.50,9.35,44.99,0.3159,0.0,100.0,0.0,0.0,0.0,7979.7,7934.5
262200,2.9535,-68.62,0.50,9.30,44.97,0.3159,0.0,100.0,0.0,0.0,0.0,7958.8,7937.3
262260,2.9542,-68.66,0.50,9.25,44.96,0.3159,0.0,100.0,0.0,0.0,0.0,7942.8,7908.6
262320,2.9549,-68.70,0.50,9.21,44.94,0.3159,0.0,100.0,0.0,0.0,0.0,7934.9,7941.6
262380,2.9556,-68.74,0.50,9.16,44.92,0.3159,0.0,100.0,0.0,0.0,0.0,7952.9,7970.1
262440,2.9562,-68.78,0.50,9.11,44.91,0.3159,0.0,100.0,0.0,0.0,0.0,7951.7,7946.4
262500,2.9569,-68.82,0.50,9.07,44.89,0.3158,0.0,100.0,0.0,0.0,0.0,7963.8,7926.6
262560,2.9576,-68.85,0.50,9.02,44.88,0.3158,0.0,100.0,0.0,0.0,0.0,7903.9,7948.9
262620,2.9583,-68.89,0.50,8.98,44.86,0.3158,0.0,100.0,0.0,0.0,0.0,7949.5,7928.9
262680,2.9589,-68.92,0.50,8.93,44.85,0.3158,0.0,100.0,0.0,0.0,0.0,7952.1,7921.9
262740,2.9596,-68.96,0.50,8.89,44.83,0.3158,0.0,100.0,0.0,0.0,0.0,7969.8,7949.6
262800,2.9603,-68.99,0.50,8.85,44.82,0.3158,0.0,100.0,0.0,0.0,0.0,7937.4,7936.3
262860,2.9610,-69.03,0.50,8.80,44.81,0.3158,0.0,100.0,0.0,0.0,0.0,7951.2,7941.6
262920,2.9616,-69.06,0.50,8.76,44.79,0.3158,0.0,100.0,0.0,0.0,0.0,7944.8,7943.1
262980,2.9623,-69.09,0.50,8.72,44.78,0.3158,0.0,100.0,0.0,0.0,0.0,7984.2,7939.6
263040,2.9630,-69.13,0.50,8.68,44.76,0.3158,0.0,100.0,0.0,0.0,0.0,7936.6,7978.1
263100,2.9637,-69.16,0.50,8.64,44.75,0.3158,0.0,100.0,0.0,0.0,0.0,7950.2,7967.7
263160,2.9643,-69.19,0.50,8.60,44.74,0.3158,0.0,100.0,0.0,0.0,0.0,7931.1,7935.0
263220,2.9650,-69.22,0.50,8.56,44.72,0.3158,0.0,100.0,0.0,0.0,0.0,7945.4,7956.8
263280,2.9657,-69.25,0.50,8.52,44.71,0.3158,0.0,100.0,0.0,0.0,0.0,7933.8,7946.3
263340,2.9664,-69.28,0.50,8.48,44.69,0.3158,0.0,100.0,0.0,0.0,0.0,7925.6,7994.0
263400,2.9671,-69.31,0.50,8.45,44.68,0.3158,0.0,100.0,0.0,0.0,0.0,7947.3,7959.9
263460,2.9677,-69.33,0.50,8.41,44.67,0.3158,0.0,100.0,0.0,0.0,0.0,7972.7,7970.5
263520,2.9684,-69.36,0.50,8.37,44.66,0.3158,0.0,100.0,0.0,0.0,100.0,7936.0,7945.8
263580,2.9691,-69.39,0.50,8.34,44.90,0.3161,0.0,100.0,0.0,0.0,0.0,7957.6,7985.7
263640,2.9698,-69.41,0.50,8.30,44.84,0.3161,0.0,100.0,0.0,0.0,0.0,7969.3,7953.7
263700,2.9704,-69.44,0.50,8.27,44.79,0.3161,0.0,100.0,0.0,0.0,0.0,7915.9,7941.4
263760,2.9711,-69.47,0.50,8.23,44.75,0.3161,0.0,100.0,0.0,0.0,0.0,7936.7,7941.0
263820,2.9718,-69.49,0.50,8.20,44.71,0.3161,0.0,100.0,0.0,0.0,0.0,7946.4,7938.3
263880,2.9725,-69.51,0.50,8.17,44.67,0.3161,0.0,100.0,0.0,0.0,0.0,7974.9,7944.4
263940,2.9731,-69.54,0.50,8.13,44.65,0.3161,0.0,100.0,0.0,0.0,0.0,7962.5,7940.6
264000,2.9738,-69.56,0.50,8.10,44.62,0.3161,0.0,100.0,0.0,0.0,0.0,7946.5,7974.3
264060,2.9745,-69.58,0.50,8.07,44.60,0.3161,0.0,100.0,0.0,0.0,0.0,7984.3,7954.4
264120,2.9752,-69.61,0.50,8.04,44.58,0.3161,0.0,100.0,0.0,0.0,0.0,7943.9,7923.7
264180,2.9758,-69.63,0.50,8.01,44.56,0.3161,0.0,100.0,0.0,0.0,0.0,7958.4,7947.3
264240,2.9765,-69.65,0.50,7.98,44.54,0.3161,0.0,100.0,0.0,0.0,0.0,7987.1,7952.8
264300,2.9772,-69.67,0.50,7.95,44.52,0.3161,0.0,100.0,0.0,0.0,0.0,7998.1,7921.5
264360,2.9779,-69.69,0.50,7.92,44.51,0.3161,0.0,100.0,0.0,0.0,0.0,7973.0,7952.1
264420,2.9785,-69.71,0.50,7.90,44.49,0.3161,0.0,100.0,0.0,0.0,0.0,7958.2,7962.3
264480,2.9792,-69.72,0.50,7.87,44.48,0.3161,0.0,100.0,0.0,0.0,0.0,7938.1,7968.5
264540,2.9799,-69.74,0.50,7.84,44.47,0.3161,0.0,100.0,0.0,0.0,0.0,7984.7,7973.5
264600,2.9806,-69.76,0.50,7.82,44.46,0.3161,0.0,100.0,0.0,0.0,0.0,7913.3,7952.3
264660,2.9812,-69.77,0.50,7.79,44.44,0.3161,0.0,100.0,0.0,0.0,0.0,7962.4,7962.4
264720,2.9819,-69.79,0.50,7.77,44.43,0.3161,0.0,100.0,0.0,0.0,0.0,7945.5,7927.1
264780,2.9826,-69.81,0.50,7.74,44.42,0.3161,0.0,100.0,0.0,0.0,0.0,7926.5,7941.8
264840,2.9833,-69.82,0.50,7.72,44.41,0.3161,0.0,100.0,0.0,0.0,0.0,7960.5,7953.0
264900,2.9839,-69.83,0.50,7.69,44.40,0.3161,0.0,100.0,0.0,0.0,100.0,7961.5,7899.6
264960,2.9846,-69.85,0.50,7.67,44.66,0.3164,0.0,100.0,0.0,0.0,0.0,7954.6,7917.0
265020,2.9853,-69.86,0.50,7.65,44.60,0.3164,0.0,100.0,0.0,0.0,0.0,7945.6,7935.5
265080,2.9860,-69.87,0.50,7.63,44.55,0.3164,0.0,100.0,0.0,0.0,100.0,7918.9,7952.0
265140,2.9867,-69.89,0.50,7.61,44.78,0.3168,0.0,100.0,0.0,0.0,0.0,7950.8,7917.9
265200,2.9873,-69.90,0.50,7.59,44.69,0.3168,0.0,100.0,0.0,0.0,0.0,7971.7,7940.1
265260,2.9880,-69.91,0.50,7.57,44.62,0.3168,0.0,100.0,0.0,0.0,0.0,7944.4,7956.6
265320,2.9887,-69.92,0.50,7.55,44.56,0.3168,0.0,100.0,0.0,0.0,0.0,7937.6,7958.0
265380,2.9894,-69.93,0.50,7.53,44.51,0.3168,0.0,100.0,0.0,0.0,100.0,7938.9,7971.7
265440,2.9900,-69.94,0.50,7.51,44.74,0.3171,0.0,100.0,0.0,0.0,0.0,7957.3,7933.6
265500,2.9907,-69.94,0.50,7.49,44.65,0.3171,0.0,100.0,0.0,0.0,0.0,7961.9,7924.3
265560,2.9914,-69.95,0.50,7.48,44.58,0.3171,0.0,100.0,0.0,0.0,0.0,7988.1,7937.0
265620,2.9921,-69.96,0.50,7.46,44.52,0.3171,0.0,100.0,0.0,0.0,0.0,7961.6,7921.9
265680,2.9927,-69.97,0.50,7.44,44.47,0.3171,0.0,100.0,0.0,0.0,0.0,7992.2,7955.5
265740,2.9934,-69.97,0.50,7.43,44.43,0.3171,0.0,100.0,0.0,0.0,0.0,7972.2,7959.7
265800,2.9941,-69.98,0.50,7.41,44.40,0.3171,0.0,100.0,0.0,0.0,0.0,7963.7,7930.8
265860,2.9948,-69.98,0.50,7.40,44.37,0.3171,0.0,100.0,0.0,0.0,0.0,7952.1,7957.2
265920,2.9954,-69.99,0.50,7.39,44.34,0.3171,0.0,100.0,0.0,0.0,0.0,7943.0,7933.9
265980,2.9961,-69.99,0.50,7.37,44.32,0.3171,0.0,100.0,0.0,0.0,0.0,7929.7,7957.8
266040,2.9968,-69.99,0.50,7.36,44.30,0.3171,0.0,100.0,0.0,0.0,0.0,7968.5,7933.7
266100,2.9975,-70.00,0.50,7.35,44.28,0.3171,0.0,100.0,0.0,0.0,0.0,7947.7,7964.4
266160,2.9981,-70.00,0.50,7.34,44.27,0.3171,0.0,100.0,0.0,0.0,0.0,7946.6,7960.4
266220,2.9988,-70.00,0.50,7.33,44.25,0.3171,0.0,100.0,0.0,0.0,0.0,7944.0,7941.6
266280,2.9995,-70.00,0.50,7.32,44.24,0.3171,0.0,100.0,0.0,0.0,0.0,7984.6,7940.1
266340,3.0002,-70.00,0.50,7.31,44.23,0.3171,0.0,100.0,0.0,0.0,0.0,7906.4,7947.7
266400,3.0008,-70.00,0.50,7.30,44.22,0.3171,0.0,100.0,0.0,0.0,0.0,7947.1,7995.5
266460,3.0015,-70.00,0.50,7.29,44.21,0.3171,0.0,100.0,0.0,0.0,0.0,7964.1,7920.2
266520,3.0022,-70.00,0.50,7.28,44.21,0.3171,0.0,100.0,0.0,0.0,0.0,7963.5,7980.1
266580,3.0029,-69.99,0.50,7.28,44.20,0.3171,0.0,100.0,0.0,0.0,0.0,7955.7,7960.5
266640,3.0035,-69.99,0.50,7.27,44.19,0.3171,0.0,100.0,0.0,0.0,0.0,7940.5,7936.2
266700,3.0042,-69.99,0.50,7.26,44.18,0.3171,0.0,100.0,0.0,0.0,0.0,7960.2,7968.5
266760,3.0049,-69.98,0.50,7.26,44.18,0.3170,0.0,100.0,0.0,0.0,100.0,7942.3,7973.6
266820,3.0056,-69.98,0.50,7.25,44.45,0.3174,0.0,100.0,0.0,0.0,0.0,7936.8,7930.3
266880,3.0063,-69.97,0.50,7.25,44.39,0.3174,0.0,100.0,0.0,0.0,0.0,7956.3,7960.3
266940,3.0069,-69.97,0.50,7.25,44.35,0.3174,0.0,100.0,0.0,0.0,0.0,7937.6,7958.8
267000,3.0076,-69.96,0.50,7.24,44.31,0.3174,0.0,100.0,0.0,0.0,0.0,7979.4,7971.8
267060,3.0083,-69.96,0.50,7.24,44.27,0.3174,0.0,100.0,0.0,0.0,0.0,7945.1,7977.5
267120,3.0090,-69.95,0.50,7.24,44.25,0.3174,0.0,100.0,0.0,0.0,0.0,7923.2,7966.4
267180,3.0096,-69.94,0.50,7.24,44.23,0.3174,0.0,100.0,0.0,0.0,0.0,7951.9,7997.1
267240,3.0103,-69.93,0.50,7.24,44.21,0.3174,0.0,100.0,0.0,0.0,0.0,7947.4,7950.2
267300,3.0110,-69.92,0.50,7.24,44.19,0.3174,0.0,100.0,0.0,0.0,0.0,7976.2,7960.8
267360,3.0117,-69.91,0.50,7.24,44.18,0.3174,0.0,100.0,0.0,0.0,0.0,7995.3,7942.8
267420,3.0123,-69.90,0.50,7.24,44.16,0.3174,0.0,100.0,0.0,0.0,0.0,7955.9,7959.1
267480,3.0130,-69.89,0.50,7.24,44.15,0.3174,0.0,100.0,0.0,0.0,0.0,7943.5,7948.6
267540,3.0137,-69.88,0.50,7.24,44.15,0.3174,0.0,100.0,0.0,0.0,0.0,7989.9,7973.4
267600,3.0144,-69.87,0.50,7.25,44.14,0.3174,0.0,100.0,0.0,0.0,0.0,7966.0,7945.0
267660,3.0150,-69.86,0.50,7.25,44.13,0.3174,0.0,100.0,0.0,0.0,0.0,7972.4,7972.3
267720,3.0157,-69.84,0.50,7.25,44.13,0.3174,0.0,100.0,0.0,0.0,0.0,7940.5,7965.6
267780,3.0164,-69.83,0.50,7.26,44.12,0.3174,0.0,100.0,0.0,0.0,0.0,7944.7,7923.4
267840,3.0171,-69.81,0.50,7.26,44.12,0.3173,0.0,100.0,0.0,0.0,0.0,7929.6,7962.5
267900,3.0177,-69.80,0.50,7.27,44.11,0.3173,0.0,100.0,0.0,0.0,0.0,7937.3,7966.5
267960,3.0184,-69.78,0.50,7.28,44.11,0.3173,0.0,100.0,0.0,0.0,0.0,7966.7,7986.6
268020,3.0191,-69.77,0.50,7.28,44.11,0.3173,0.0,100.0,0.0,0.0,0.0,7983.0,7968.7
268080,3.0198,-69.75,0.50,7.29,44.11,0.3173,0.0,100.0,0.0,0.0,0.0,7953.4,7952.9
268140,3.0204,-69.73,0.50,7.30,44.10,0.3173,0.0,100.0,0.0,0.0,0.0,7932.2,7956.7
268200,3.0211,-69.71,0.50,7.31,44.10,0.3173,0.0,100.0,0.0,0.0,0.0,7946.4,7995.8
268260,3.0218,-69.70,0.50,7.32,44.10,0.3173,0.0,100.0,0.0,0.0,0.0,7969.7,7992.0
268320,3.0225,-69.68,0.50,7.33,44.10,0.3173,0.0,100.0,0.0,0.0,0.0,7949.2,7989.6
268380,3.0231,-69.66,0.50,7.34,44.10,0.3173,0.0,100.0,0.0,0.0,0.0,7942.4,7947.3
268440,3.0238,-69.64,0.50,7.35,44.10,0.3173,0.0,100.0,0.0,0.0,0.0,7925.7,7980.0
268500,3.0245,-69.62,0.50,7.36,44.09,0.3173,0.0,100.0,0.0,0.0,0.0,7958.2,7981.3
268560,3.0252,-69.59,0.50,7.37,44.09,0.3173,0.0,100.0,0.0,0.0,0.0,8009.1,7935.6
268620,3.0259,-69.57,0.50,7.39,44.09,0.3173,0.0,100.0,0.0,0.0,0.0,7942.5,7976.9
268680,3.0265,-69.55,0.50,7.40,44.09,0.3173,0.0,100.0,0.0,0.0,0.0,7941.2,7963.5
268740,3.0272,-69.53,0.50,7.41,44.09,0.3173,0.0,100.0,0.0,0.0,100.0,7949.6,7937.6
268800,3.0279,-69.50,0.50,7.43,44.37,0.3177,0.0,100.0,0.0,0.0,0.0,7945.4,7939.9
268860,3.0286,-69.48,0.50,7.44,44.32,0.3176,0.0,100.0,0.0,0.0,0.0,7961.2,7952.4
268920,3.0292,-69.45,0.50,7.46,44.28,0.3176,0.0,100.0,0.0,0.0,100.0,7959.7,7944.0
268980,3.0299,-69.43,0.50,7.47,44.51,0.3180,0.0,100.0,0.0,0.0,0.0,7954.1,7959.6
269040,3.0306,-69.40,0.50,7.49,44.44,0.3180,0.0,100.0,0.0,0.0,0.0,7941.4,7973.7
269100,3.0313,-69.38,0.50,7.51,44.38,0.3180,0.0,100.0,0.0,0.0,0.0,7987.7,7971.4
269160,3.0319,-69.35,0.50,7.53,44.32,0.3180,0.0,100.0,0.0,0.0,0.0,7958.8,7972.4
269220,3.0326,-69.32,0.50,7.55,44.28,0.3180,0.0,100.0,0.0,0.0,0.0,7945.7,7949.9
269280,3.0333,-69.29,0.50,7.57,44.25,0.3180,0.0,100.0,0.0,0.0,0.0,7966.2,7963.9
269340,3.0340,-69.26,0.50,7.58,44.22,0.3180,0.0,100.0,0.0,0.0,0.0,7963.5,7957.5
269400,3.0346,-69.23,0.50,7.61,44.20,0.3180,0.0,100.0,0.0,0.0,0.0,7973.7,7947.5
269460,3.0353,-69.20,0.50,7.63,44.19,0.3180,0.0,100.0,0.0,0.0,0.0,7957.8,7959.7
269520,3.0360,-69.17,0.50,7.65,44.17,0.3180,0.0,100.0,0.0,0.0,0.0,7951.9,7940.5
269580,3.0367,-69.14,0.50,7.67,44.16,0.3180,0.0,100.0,0.0,0.0,0.0,7940.0,7945.7
269640,3.0373,-69.11,0.50,7.69,44.16,0.3180,0.0,100.0,0.0,0.0,0.0,7997.6,7978.3
269700,3.0380,-69.08,0.50,7.72,44.15,0.3180,0.0,100.0,0.0,0.0,0.0,8005.2,7950.9
269760,3.0387,-69.04,0.50,7.74,44.15,0.3180,0.0,100.0,0.0,0.0,0.0,7947.4,7998.3
269820,3.0394,-69.01,0.50,7.76,44.14,0.3180,0.0,100.0,0.0,0.0,0.0,7941.5,8000.7
269880,3.0400,-68.98,0.50,7.79,44.14,0.3180,0.0,100.0,0.0,0.0,0.0,7950.4,7982.8
269940,3.0407,-68.94,0.50,7.81,44.14,0.3179,0.0,100.0,0.0,0.0,0.0,7975.7,7947.7
270000,3.0414,-68.91,0.50,7.84,44.14,0.3179,0.0,100.0,0.0,0.0,0.0,7991.3,7982.6
270060,3.0421,-68.87,0.50,7.87,44.14,0.3179,0.0,100.0,0.0,0.0,0.0,7950.5,7955.5
270120,3.0427,-68.83,0.50,7.89,44.14,0.3179,0.0,100.0,0.0,0.0,0.0,7942.9,8005.1
270180,3.0434,-68.80,0.50,7.92,44.15,0.3179,0.0,100.0,0.0,0.0,0.0,7945.0,7979.4
270240,3.0441,-68.76,0.50,7.95,44.15,0.3179,0.0,100.0,0.0,0.0,0.0,7974.2,7973.8
270300,3.0448,-68.72,0.50,7.98,44.15,0.3179,0.0,100.0,0.0,0.0,0.0,7935.7,7958.2
270360,3.0455,-68.68,0.50,8.01,44.15,0.3179,0.0,100.0,0.0,0.0,0.0,7945.2,7946.4
270420,3.0461,-68.64,0.50,8.04,44.16,0.3179,0.0,100.0,0.0,0.0,0.0,7969.8,7937.9
270480,3.0468,-68.60,0.50,8.07,44.16,0.3179,0.0,100.0,0.0,0.0,0.0,7975.0,7935.7
270540,3.0475,-68.56,0.50,8.10,44.17,0.3179,0.0,100.0,0.0,0.0,0.0,7974.5,7951.4
270600,3.0482,-68.52,0.50,8.13,44.17,0.3179,0.0,100.0,0.0,0.0,0.0,7960.8,7937.1
270660,3.0488,-68.48,0.50,8.17,44.17,0.3179,0.0,100.0,0.0,0.0,0.0,7944.3,7948.4
270720,3.0495,-68.44,0.50,8.20,44.18,0.3179,0.0,100.0,0.0,0.0,0.0,7972.9,7939.4
270780,3.0502,-68.40,0.50,8.23,44.18,0.3179,0.0,100.0,0.0,0.0,0.0,7990.0,7958.4
270840,3.0509,-68.35,0.50,8.27,44.19,0.3179,0.0,100.0,0.0,0.0,0.0,7979.8,7930.4
270900,3.0515,-68.31,0.50,8.30,44.19,0.3179,0.0,100.0,0.0,0.0,0.0,7974.2,7939.8
270960,3.0522,-68.27,0.50,8.34,44.20,0.3179,0.0,100.0,0.0,0.0,0.0,7978.6,7935.6
271020,3.0529,-68.22,0.50,8.37,44.21,0.3179,0.0,100.0,0.0,0.0,0.0,7986.0,7943.9
271080,3.0536,-68.18,0.50,8.41,44.21,0.3179,0.0,100.0,0.0,0.0,0.0,7933.1,7963.0
271140,3.0542,-68.13,0.50,8.45,44.22,0.3179,0.0,100.0,0.0,0.0,0.0,7980.5,7970.2
271200,3.0549,-68.08,0.50,8.48,44.22,0.3179,0.0,100.0,0.0,0.0,0.0,7956.1,7975.3
271260,3.0556,-68.04,0.50,8.52,44.23,0.3179,0.0,100.0,0.0,0.0,0.0,7951.1,7973.8
271320,3.0563,-67.99,0.50,8.56,44.24,0.3179,0.0,100.0,0.0,0.0,0.0,7953.2,7964.2
271380,3.0569,-67.94,0.50,8.60,44.24,0.3179,0.0,100.0,0.0,0.0,0.0,7940.4,7984.9
271440,3.0576,-67.89,0.50,8.64,44.25,0.3179,0.0,100.0,0.0,0.0,0.0,7920.1,7945.8
271500,3.0583,-67.84,0.50,8.68,44.26,0.3179,0.0,100.0,0.0,0.0,0.0,7999.8,7931.8
271560,3.0590,-67.79,0.50,8.72,44.26,0.3179,0.0,100.0,0.0,0.0,0.0,7951.2,7971.5
271620,3.0596,-67.74,0.50,8.76,44.27,0.3179,0.0,100.0,0.0,0.0,0.0,7952.4,7958.8
271680,3.0603,-67.69,0.50,8.80,44.28,0.3179,0.0,100.0,0.0,0.0,0.0,7994.5,8000.2
271740,3.0610,-67.64,0.50,8.85,44.28,0.3179,0.0,100.0,0.0,0.0,0.0,7932.0,7990.1
271800,3.0617,-67.59,0.50,8.89,44.28,0.3179,0.0,100.0,0.0,0.0,0.0,7989.6,7952.3
271860,3.0623,-67.54,0.50,8.93,44.28,0.3179,0.0,100.0,0.0,0.0,0.0,7974.6,7939.0
271920,3.0630,-67.48,0.50,8.98,44.28,0.3179,0.0,100.0,0.0,0.0,0.0,7986.1,7959.4
271980,3.0637,-67.43,0.50,9.02,44.27,0.3179,0.0,100.0,0.0,0.0,0.0,7944.5,7958.6
272040,3.0644,-67.38,0.50,9.07,44.27,0.3179,0.0,100.0,0.0,0.0,0.0,7957.5,7963.7
272100,3.0651,-67.32,0.50,9.11,44.26,0.3179,0.0,100.0,0.0,0.0,0.0,7983.6,7937.1
272160,3.0657,-67.27,0.50,9.16,44.25,0.3179,0.0,100.0,0.0,0.0,0.0,7944.7,7952.5
272220,3.0664,-67.21,0.50,9.21,44.23,0.3179,0.0,100.0,0.0,0.0,0.0,7994.8,7970.6
272280,3.0671,-67.16,0.50,9.25,44.22,0.3179,0.0,100.0,0.0,0.0,0.0,7977.9,8002.5
272340,3.0678,-67.10,0.50,9.30,44.20,0.3179,0.0,100.0,0.0,0.0,0.0,7950.1,7958.9
272400,3.0684,-67.04,0.50,9.35,44.19,0.3179,0.0,100.0,0.0,0.0,0.0,7962.4,7944.0
272460,3.0691,-66.98,0.50,9.40,44.17,0.3179,0.0,100.0,0.0,0.0,0.0,7954.5,7964.7
272520,3.0698,-66.93,0.50,9.45,44.15,0.3179,0.0,100.0,0.0,0.0,0.0,7984.9,7931.9
272580,3.0705,-66.87,0.50,9.50,44.12,0.3179,0.0,100.0,0.0,0.0,0.0,7932.1,7987.4
272640,3.0711,-66.81,0.50,9.55,44.10,0.3179,0.0,100.0,0.0,0.0,0.0,7948.8,7961.2
272700,3.0718,-66.75,0.50,9.60,44.07,0.3179,0.0,100.0,0.0,0.0,0.0,7975.3,7927.5
272760,3.0725,-66.69,0.50,9.65,44.04,0.3179,0.0,100.0,0.0,0.0,0.0,7974.8,7956.1
272820,3.0732,-66.63,0.50,9.71,44.01,0.3179,0.0,100.0,0.0,0.0,0.0,7968.4,7996.4
272880,3.0738,-66.56,0.50,9.76,43.98,0.3179,0.0,100.0,0.0,0.0,0.0,7955.8,7964.7
272940,3.0745,-66.50,0.50,9.81,43.95,0.3179,0.0,100.0,0.0,0.0,0.0,7983.8,7955.3
273000,3.0752,-66.44,0.50,9.87,43.91,0.3179,0.0,100.0,0.0,0.0,0.0,7961.5,7954.2
273060,3.0759,-66.38,0.50,9.92,43.88,0.3179,0.0,100.0,0.0,0.0,0.0,7939.1,7945.0
273120,3.0765,-66.31,0.50,9.98,43.84,0.3179,0.0,100.0,0.0,0.0,0.0,7965.0,7947.0
273180,3.0772,-66.25,0.50,10.03,43.80,0.3179,0.0,100.0,0.0,0.0,0.0,7985.5,7969.6
273240,3.0779,-66.18,0.50,10.09,43.76,0.3179,0.0,100.0,0.0,0.0,0.0,7964.8,7948.3
273300,3.0786,-66.12,0.50,10.14,43.71,0.3179,0.0,100.0,0.0,0.0,0.0,7970.8,7950.8
273360,3.0792,-66.05,0.50,10.20,43.67,0.3179,0.0,100.0,0.0,0.0,0.0,7912.6,7954.8
273420,3.0799,-65.99,0.50,10.26,43.62,0.3179,0.0,100.0,0.0,0.0,100.0,7962.2,8024.7
273480,3.0806,-65.92,0.50,10.32,43.86,0.3182,0.0,100.0,0.0,0.0,0.0,7951.3,7958.4
273540,3.0813,-65.85,0.50,10.38,43.80,0.3182,0.0,100.0,0.0,0.0,0.0,7992.2,7977.2
273600,3.0819,-65.79,0.50,10.44,43.75,0.3182,0.0,100.0,0.0,0.0,0.0,7928.0,8011.7
273660,3.0826,-65.72,0.50,10.50,43.70,0.3182,0.0,100.0,0.0,0.0,100.0,7941.9,7972.9
273720,3.0833,-65.65,0.50,10.56,43.92,0.3185,0.0,100.0,0.0,0.0,0.0,7987.5,7953.1
273780,3.0840,-65.58,0.50,10.62,43.86,0.3185,0.0,100.0,0.0,0.0,0.0,7977.4,7967.3
273840,3.0847,-65.51,0.50,10.68,43.80,0.3185,0.0,100.0,0.0,0.0,0.0,7975.0,7953.0
273900,3.0853,-65.44,0.50,10.74,43.74,0.3185,0.0,100.0,0.0,0.0,0.0,7973.7,7954.1
273960,3.0860,-65.37,0.50,10.80,43.67,0.3185,0.0,100.0,0.0,0.0,0.0,7973.7,7959.6
274020,3.0867,-65.30,0.50,10.87,43.61,0.3185,0.0,100.0,0.0,0.0,0.0,7964.9,7971.0
274080,3.0874,-65.23,0.50,10.93,43.54,0.3185,0.0,100.0,0.0,0.0,0.0,7971.1,7946.5
274140,3.0880,-65.15,0.50,10.99,43.47,0.3185,0.0,100.0,0.0,0.0,100.0,7954.7,7995.7
274200,3.0887,-65.08,0.50,11.06,43.67,0.3188,0.0,100.0,0.0,0.0,0.0,7927.0,7994.0
274260,3.0894,-65.01,0.50,11.12,43.60,0.3188,0.0,100.0,0.0,0.0,0.0,7938.3,7955.8
274320,3.0901,-64.93,0.50,11.19,43.53,0.3188,0.0,100.0,0.0,0.0,0.0,7975.5,7934.2
274380,3.0907,-64.86,0.50,11.26,43.45,0.3188,0.0,100.0,0.0,0.0,0.0,7989.5,7901.0
274440,3.0914,-64.79,0.50,11.32,43.38,0.3188,0.0,100.0,0.0,0.0,0.0,7961.8,7952.9
274500,3.0921,-64.71,0.50,11.39,43.30,0.3188,0.0,100.0,0.0,0.0,0.0,7940.0,7983.6
274560,3.0928,-64.63,0.50,11.46,43.22,0.3188,0.0,100.0,0.0,0.0,0.0,7992.3,7960.2
274620,3.0934,-64.56,0.50,11.52,43.14,0.3188,0.0,100.0,0.0,0.0,0.0,7974.3,7959.4
274680,3.0941,-64.48,0.50,11.59,43.06,0.3188,0.0,100.0,0.0,0.0,0.0,7959.5,7971.7
274740,3.0948,-64.40,0.50,11.66,42.98,0.3188,0.0,100.0,0.0,0.0,0.0,7958.2,7985.4
274800,3.0955,-64.33,0.50,11.73,42.90,0.3188,0.0,100.0,0.0,0.0,0.0,7970.9,7954.3
274860,3.0961,-64.25,0.50,11.80,42.81,0.3188,0.0,100.0,0.0,0.0,0.0,7925.5,7962.4
274920,3.0968,-64.17,0.50,11.87,42.73,0.3188,0.0,100.0,0.0,0.0,0.0,8003.0,7954.2
274980,3.0975,-64.09,0.50,11.94,42.64,0.3188,0.0,100.0,0.0,0.0,0.0,7937.7,7954.7
275040,3.0982,-64.01,0.50,12.02,42.55,0.3188,0.0,100.0,0.0,0.0,0.0,8013.9,7970.8
275100,3.0988,-63.93,0.50,12.09,42.46,0.3188,0.0,100.0,0.0,0.0,0.0,7977.5,7977.4
275160,3.0995,-63.85,0.50,12.16,42.37,0.3188,0.0,100.0,0.0,0.0,0.0,7955.1,7961.8
275220,3.1002,-63.77,0.50,12.23,42.28,0.3188,0.0,100.0,0.0,0.0,0.0,7979.6,7992.0
275280,3.1009,-63.69,0.50,12.31,42.19,0.3188,0.0,100.0,0.0,0.0,0.0,7970.0,7965.4
275340,3.1015,-63.61,0.50,12.38,42.09,0.3188,0.0,100.0,0.0,0.0,0.0,7981.5,7980.2
275400,3.1022,-63.52,0.50,12.46,42.00,0.3188,0.0,100.0,0.0,0.0,0.0,7961.6,7955.0
275460,3.1029,-63.44,0.50,12.53,41.90,0.3188,0.0,100.0,0.0,0.0,0.0,7966.7,7947.2
275520,3.1036,-63.36,0.50,12.61,41.81,0.3188,0.0,100.0,0.0,0.0,0.0,7982.9,7984.0
275580,3.1043,-63.27,0.50,12.68,41.71,0.3188,0.0,100.0,0.0,0.0,0.0,7993.4,7964.5
275640,3.1049,-63.19,0.50,12.76,41.61,0.3188,0.0,100.0,0.0,0.0,0.0,7958.5,7967.1
275700,3.1056,-63.10,0.50,12.84,41.51,0.3188,0.0,100.0,0.0,0.0,0.0,7974.8,7983.3
275760,3.1063,-63.02,0.50,12.92,41.41,0.3188,0.0,100.0,0.0,0.0,0.0,8002.8,7976.8
275820,3.1070,-62.93,0.50,12.99,41.31,0.3188,0.0,100.0,0.0,0.0,0.0,7939.8,7975.3
275880,3.1076,-62.85,0.50,13.07,41.21,0.3188,0.0,100.0,0.0,0.0,0.0,7966.5,7999.5
275940,3.1083,-62.76,0.50,13.15,41.10,0.3188,0.0,100.0,0.0,0.0,0.0,7973.7,7970.7
276000,3.1090,-62.67,0.50,13.23,41.00,0.3188,0.0,100.0,0.0,0.0,0.0,7992.1,7942.7
276060,3.1097,-62.59,0.50,13.31,40.90,0.3188,0.0,100.0,0.0,0.0,0.0,7974.4,7966.3
276120,3.1103,-62.50,0.50,13.39,40.79,0.3188,0.0,100.0,0.0,0.0,0.0,7946.3,7995.0
276180,3.1110,-62.41,0.50,13.47,40.68,0.3188,0.0,100.0,0.0,0.0,0.0,7983.3,7976.7
276240,3.1117,-62.32,0.50,13.55,40.58,0.3188,0.0,100.0,0.0,0.0,0.0,7983.4,7985.9
276300,3.1124,-62.23,0.50,13.63,40.47,0.3188,0.0,100.0,0.0,0.0,0.0,7975.8,7969.0
276360,3.1130,-62.14,0.50,13.72,40.36,0.3188,0.0,100.0,0.0,0.0,100.0,7980.2,7972.9
276420,3.1137,-62.05,0.50,13.80,40.49,0.3191,0.0,100.0,0.0,0.0,0.0,7948.3,7950.7
276480,3.1144,-61.96,0.50,13.88,40.37,0.3191,0.0,100.0,0.0,0.0,0.0,7973.9,7963.4
276540,3.1151,-61.87,0.50,13.97,40.26,0.3191,0.0,100.0,0.0,0.0,0.0,8004.9,7953.7
276600,3.1157,-61.78,0.50,14.05,40.15,0.3191,0.0,100.0,0.0,0.0,0.0,7962.8,7978.0
276660,3.1164,-61.69,0.50,14.14,40.03,0.3191,0.0,100.0,0.0,0.0,0.0,7935.0,7950.3
276720,3.1171,-61.59,0.50,14.22,39.92,0.3191,0.0,100.0,0.0,0.0,0.0,7982.7,7985.5
276780,3.1178,-61.50,0.50,14.31,39.80,0.3191,0.0,100.0,0.0,0.0,0.0,7940.0,7987.7
276840,3.1184,-61.41,0.50,14.39,39.68,0.3191,0.0,100.0,0.0,0.0,0.0,7951.2,7953.2
276900,3.1191,-61.31,0.50,14.48,39.57,0.3191,0.0,100.0,0.0,0.0,0.0,7938.6,8002.8
276960,3.1198,-61.22,0.50,14.57,39.45,0.3191,0.0,100.0,0.0,0.0,0.0,7937.3,7989.3
277020,3.1205,-61.13,0.50,14.65,39.33,0.3191,0.0,100.0,0.0,0.0,0.0,7945.6,7949.8
277080,3.1211,-61.03,0.50,14.74,39.21,0.3191,0.0,100.0,0.0,0.0,0.0,7949.7,7956.5
277140,3.1218,-60.93,0.50,14.83,39.09,0.3191,0.0,100.0,0.0,0.0,0.0,7970.2,7960.4
277200,3.1225,-60.84,0.50,14.92,38.97,0.3191,0.0,100.0,0.0,0.0,0.0,7965.0,7970.9
277260,3.1232,-60.74,0.50,15.01,38.85,0.3191,0.0,100.0,0.0,0.0,0.0,7994.7,7996.9
277320,3.1239,-60.65,0.50,15.10,38.73,0.3191,0.0,100.0,0.0,0.0,0.0,7970.2,8001.8
277380,3.1245,-60.55,0.50,15.19,38.61,0.3191,0.0,100.0,0.0,0.0,0.0,8023.6,7990.7
277440,3.1252,-60.45,0.50,15.28,38.48,0.3191,0.0,100.0,0.0,0.0,0.0,7967.9,7982.6
277500,3.1259,-60.35,0.50,15.37,38.36,0.3191,0.0,100.0,0.0,0.0,0.0,7942.3,7963.6
277560,3.1266,-60.26,0.50,15.46,38.24,0.3190,0.0,100.0,0.0,0.0,0.0,7946.4,8005.8
277620,3.1272,-60.16,0.50,15.55,38.11,0.3190,0.0,100.0,0.0,0.0,0.0,7975.6,8007.1
277680,3.1279,-60.06,0.50,15.64,37.99,0.3190,0.0,100.0,0.0,0.0,0.0,7995.2,7982.6
277740,3.1286,-59.96,0.50,15.74,37.86,0.3190,0.0,100.0,0.0,0.0,0.0,7972.2,7991.2
277800,3.1293,-59.86,0.50,15.83,37.74,0.3190,0.0,100.0,0.0,0.0,0.0,7963.0,7958.6
277860,3.1299,-59.76,0.50,15.92,37.61,0.3190,0.0,100.0,0.0,0.0,0.0,7932.4,7981.7
277920,3.1306,-59.66,0.50,16.02,37.49,0.3190,0.0,100.0,0.0,0.0,0.0,7947.2,7941.2
277980,3.1313,-59.56,0.50,16.11,37.36,0.3190,0.0,100.0,0.0,0.0,0.0,7961.0,7997.6
278040,3.1320,-59.45,0.50,16.21,37.23,0.3190,0.0,100.0,0.0,0.0,0.0,8001.8,7951.1
278100,3.1326,-59.35,0.50,16.30,37.10,0.3190,0.0,100.0,0.0,0.0,0.0,7952.2,7980.8
278160,3.1333,-59.25,0.50,16.40,36.98,0.3190,0.0,100.0,0.0,0.0,0.0,7982.0,7991.5
278220,3.1340,-59.15,0.50,16.49,36.85,0.3190,0.0,100.0,0.0,0.0,0.0,7955.6,7911.6
278280,3.1347,-59.04,0.50,16.59,36.72,0.3190,0.0,100.0,0.0,0.0,0.0,7965.3,7987.4
278340,3.1353,-58.94,0.50,16.69,36.59,0.3190,0.0,100.0,0.0,0.0,0.0,7971.1,7973.7
278400,3.1360,-58.84,0.50,16.79,36.46,0.3190,0.0,100.0,0.0,0.0,0.0,7964.6,8010.1
278460,3.1367,-58.73,0.50,16.88,36.33,0.3190,0.0,100.0,0.0,0.0,0.0,7982.6,7950.0
278520,3.1374,-58.63,0.50,16.98,36.20,0.3190,0.0,100.0,0.0,0.0,0.0,7996.2,7988.7
278580,3.1380,-58.52,0.50,17.08,36.07,0.3190,0.0,100.0,0.0,0.0,0.0,7983.6,7981.6
278640,3.1387,-58.42,0.50,17.18,35.94,0.3190,0.0,100.0,0.0,0.0,0.0,7984.1,7989.2
278700,3.1394,-58.31,0.50,17.28,35.81,0.3190,0.0,100.0,0.0,0.0,0.0,7996.1,7953.1
278760,3.1401,-58.20,0.50,17.38,35.68,0.3190,0.0,100.0,0.0,0.0,0.0,7967.2,7968.6
278820,3.1407,-58.10,0.50,17.48,35.55,0.3190,0.0,100.0,0.0,0.0,0.0,7958.4,7974.8
278880,3.1414,-57.99,0.50,17.58,35.42,0.3190,0.0,100.0,0.0,0.0,0.0,7996.9,8000.8
278940,3.1421,-57.88,0.50,17.68,35.29,0.3190,0.0,100.0,0.0,0.0,0.0,7984.7,7987.1
279000,3.1428,-57.78,0.50,17.78,35.16,0.3190,0.0,100.0,0.0,0.0,0.0,7986.8,7962.1
279060,3.1435,-57.67,0.50,17.88,35.02,0.3190,0.0,100.0,0.0,0.0,0.0,7979.6,7987.9
279120,3.1441,-57.56,0.50,17.99,34.89,0.3190,0.0,0.0,0.0,0.0,0.0,7994.3,7993.9
279180,3.1448,-57.45,0.50,13.50,45.89,0.3190,0.0,100.0,0.0,0.0,0.0,7970.4,7922.8
279240,3.1455,-57.34,0.50,13.87,44.93,0.3190,0.0,100.0,0.0,0.0,0.0,7952.8,7964.6
279300,3.1462,-57.23,0.50,14.23,44.03,0.3190,0.0,100.0,0.0,0.0,0.0,8001.0,7963.4
279360,3.1468,-57.12,0.50,14.58,43.19,0.3190,0.0,100.0,0.0,0.0,0.0,7976.0,7966.2
279420,3.1475,-57.01,0.50,14.91,42.41,0.3190,0.0,100.0,0.0,0.0,0.0,7975.5,7957.8
279480,3.1482,-56.90,0.50,15.23,41.68,0.3190,0.0,100.0,0.0,0.0,0.0,7989.1,7982.7
279540,3.1489,-56.79,0.50,15.53,40.99,0.3190,0.0,100.0,0.0,0.0,0.0,7953.8,7968.6
279600,3.1495,-56.68,0.50,15.83,40.35,0.3190,0.0,100.0,0.0,0.0,0.0,7992.0,8027.2
279660,3.1502,-56.57,0.50,16.11,39.74,0.3190,0.0,100.0,0.0,0.0,0.0,7988.4,7931.6
279720,3.1509,-56.46,0.50,16.39,39.18,0.3190,0.0,100.0,0.0,0.0,0.0,7971.4,7970.0
279780,3.1516,-56.34,0.50,16.65,38.64,0.3190,0.0,100.0,0.0,0.0,0.0,7972.7,7985.1
279840,3.1522,-56.23,0.50,16.90,38.13,0.3190,0.0,100.0,0.0,0.0,0.0,7967.2,7981.0
279900,3.1529,-56.12,0.50,17.15,37.65,0.3190,0.0,100.0,0.0,0.0,0.0,7969.2,8000.0
279960,3.1536,-56.01,0.50,17.39,37.20,0.3190,0.0,100.0,0.0,0.0,0.0,7952.8,7956.9
280020,3.1543,-55.89,0.50,17.62,36.77,0.3190,0.0,100.0,0.0,0.0,0.0,7989.7,7981.8
280080,3.1549,-55.78,0.50,17.84,36.36,0.3190,0.0,100.0,0.0,0.0,0.0,7999.7,7987.8
280140,3.1556,-55.66,0.50,18.06,35.97,0.3190,0.0,100.0,0.0,0.0,0.0,7976.1,7967.2
280200,3.1563,-55.55,0.50,18.27,35.60,0.3190,0.0,0.0,0.0,0.0,0.0,7989.5,7948.1
280260,3.1570,-55.43,0.50,13.89,46.49,0.3190,0.0,100.0,0.0,0.0,0.0,7981.3,7948.9
280320,3.1576,-55.32,0.50,14.36,45.24,0.3190,0.0,100.0,0.0,0.0,0.0,8012.0,7937.6
280380,3.1583,-55.20,0.50,14.81,44.09,0.3190,0.0,100.0,0.0,0.0,0.0,8030.9,7999.7
280440,3.1590,-55.09,0.50,15.24,43.02,0.3190,0.0,100.0,0.0,0.0,0.0,7993.0,7983.6
280500,3.1597,-54.97,0.50,15.66,42.04,0.3190,0.0,100.0,0.0,0.0,0.0,7962.6,7996.9
280560,3.1603,-54.85,0.50,16.05,41.12,0.3190,0.0,100.0,0.0,0.0,0.0,7976.5,7982.2
280620,3.1610,-54.74,0.50,16.43,40.27,0.3190,0.0,100.0,0.0,0.0,0.0,7965.1,7996.6
280680,3.1617,-54.62,0.50,16.80,39.48,0.3190,0.0,100.0,0.0,0.0,0.0,7961.1,7991.8
280740,3.1624,-54.50,0.50,17.14,38.74,0.3190,0.0,100.0,0.0,0.0,0.0,7961.4,7991.0
280800,3.1631,-54.38,0.50,17.48,38.05,0.3189,0.0,100.0,0.0,0.0,0.0,7956.7,7976.0
280860,3.1637,-54.27,0.50,17.80,37.40,0.3189,0.0,100.0,0.0,0.0,0.0,7966.4,7969.1
280920,3.1644,-54.15,0.50,18.11,36.79,0.3189,0.0,100.0,0.0,0.0,0.0,8034.5,7974.6
280980,3.1651,-54.03,0.50,18.41,36.22,0.3189,0.0,0.0,0.0,0.0,0.0,7961.7,7960.0
281040,3.1658,-53.91,0.50,14.11,47.05,0.3189,0.0,100.0,0.0,0.0,0.0,7989.3,7970.5
281100,3.1664,-53.79,0.50,14.66,45.56,0.3189,0.0,100.0,0.0,0.0,0.0,8001.8,8002.2
281160,3.1671,-53.67,0.50,15.18,44.20,0.3189,0.0,100.0,0.0,0.0,0.0,7986.2,7970.0
281220,3.1678,-53.55,0.50,15.68,42.96,0.3189,0.0,100.0,0.0,0.0,0.0,7984.1,7978.1
281280,3.1685,-53.43,0.50,16.16,41.81,0.3189,0.0,100.0,0.0,0.0,0.0,7963.7,8002.2
281340,3.1691,-53.31,0.50,16.62,40.75,0.3189,0.0,100.0,0.0,0.0,0.0,7982.7,7984.6
281400,3.1698,-53.19,0.50,17.06,39.77,0.3189,0.0,100.0,0.0,0.0,0.0,7968.0,7979.5
281460,3.1705,-53.07,0.50,17.48,38.86,0.3189,0.0,100.0,0.0,0.0,0.0,8011.6,7999.9
281520,3.1712,-52.95,0.50,17.88,38.02,0.3189,0.0,100.0,0.0,0.0,0.0,7995.0,8001.5
281580,3.1718,-52.83,0.50,18.26,37.23,0.3189,0.0,0.0,0.0,0.0,0.0,8004.6,7980.3
281640,3.1725,-52.71,0.50,14.04,48.14,0.3189,0.0,100.0,0.0,0.0,0.0,7989.7,7953.2
281700,3.1732,-52.58,0.50,14.67,46.40,0.3189,0.0,100.0,0.0,0.0,0.0,7965.6,7980.3
281760,3.1739,-52.46,0.50,15.26,44.81,0.3189,0.0,100.0,0.0,0.0,0.0,7978.2,7957.1
281820,3.1745,-52.34,0.50,15.83,43.37,0.3189,0.0,100.0,0.0,0.0,0.0,7972.9,8004.2
281880,3.1752,-52.21,0.50,16.37,42.05,0.3189,0.0,100.0,0.0,0.0,0.0,7973.3,7989.5
281940,3.1759,-52.09,0.50,16.89,40.83,0.3189,0.0,100.0,0.0,0.0,0.0,7977.2,7949.5
282000,3.1766,-51.97,0.50,17.39,39.72,0.3189,0.0,100.0,0.0,0.0,0.0,7941.3,7999.9
282060,3.1772,-51.84,0.50,17.86,38.69,0.3189,0.0,0.0,0.0,0.0,0.0,7965.1,7944.9
282120,3.1779,-51.72,0.50,13.72,49.80,0.3189,0.0,100.0,0.0,0.0,0.0,7954.1,7958.3
282180,3.1786,-51.60,0.50,14.42,47.77,0.3189,0.0,100.0,0.0,0.0,0.0,7994.4,8011.4
282240,3.1793,-51.47,0.50,15.09,45.92,0.3189,0.0,100.0,0.0,0.0,0.0,7986.0,7975.8
282300,3.1799,-51.35,0.50,15.73,44.25,0.3189,0.0,100.0,0.0,0.0,0.0,7980.7,7936.0
282360,3.1806,-51.22,0.50,16.34,42.73,0.3189,0.0,100.0,0.0,0.0,0.0,7983.6,7965.9
282420,3.1813,-51.10,0.50,16.92,41.34,0.3189,0.0,100.0,0.0,0.0,0.0,8001.9,8012.1
282480,3.1820,-50.97,0.50,17.47,40.07,0.3189,0.0,100.0,0.0,0.0,0.0,7978.6,7967.7
282540,3.1827,-50.85,0.50,17.99,38.91,0.3189,0.0,0.0,0.0,0.0,0.0,7967.4,7960.9
282600,3.1833,-50.72,0.50,13.91,49.91,0.3189,0.0,100.0,0.0,0.0,0.0,7959.8,7963.8
282660,3.1840,-50.59,0.50,14.66,47.73,0.3189,0.0,100.0,0.0,0.0,0.0,8002.1,7998.6
282720,3.1847,-50.47,0.50,15.38,45.77,0.3189,0.0,100.0,0.0,0.0,0.0,7989.9,7945.0
282780,3.1854,-50.34,0.50,16.06,43.99,0.3189,0.0,100.0,0.0,0.0,0.0,8020.8,7968.4
282840,3.1860,-50.21,0.50,16.70,42.38,0.3189,0.0,100.0,0.0,0.0,0.0,7993.0,7978.4
282900,3.1867,-50.09,0.50,17.32,40.91,0.3189,0.0,100.0,0.0,0.0,0.0,7978.0,7939.1
282960,3.1874,-49.96,0.50,17.91,39.57,0.3189,0.0,100.0,0.0,0.0,0.0,7978.6,7974.4
283020,3.1881,-49.83,0.50,18.47,38.35,0.3189,0.0,0.0,0.0,0.0,0.0,7983.9,8008.0
283080,3.1887,-49.70,0.50,14.41,49.05,0.3189,0.0,100.0,0.0,0.0,0.0,7979.6,8001.7
283140,3.1894,-49.58,0.50,15.20,46.83,0.3189,0.0,100.0,0.0,0.0,0.0,7949.8,7999.5
283200,3.1901,-49.45,0.50,15.94,44.83,0.3189,0.0,100.0,0.0,0.0,0.0,8021.9,7994.2
283260,3.1908,-49.32,0.50,16.65,43.03,0.3189,0.0,100.0,0.0,0.0,0.0,7993.4,8008.8
283320,3.1914,-49.19,0.50,17.32,41.40,0.3189,0.0,100.0,0.0,0.0,0.0,7947.6,7955.4
283380,3.1921,-49.06,0.50,17.96,39.91,0.3189,0.0,0.0,0.0,0.0,0.0,7971.5,7940.0
283440,3.1928,-48.93,0.50,13.98,50.86,0.3189,0.0,100.0,0.0,0.0,0.0,7988.6,7936.8
283500,3.1935,-48.80,0.50,14.84,48.33,0.3189,0.0,100.0,0.0,0.0,0.0,7988.6,7960.7
283560,3.1941,-48.67,0.50,15.65,46.08,0.3189,0.0,100.0,0.0,0.0,0.0,7994.8,7984.4
283620,3.1948,-48.54,0.50,16.42,44.05,0.3189,0.0,100.0,0.0,0.0,0.0,7990.8,7981.7
283680,3.1955,-48.41,0.50,17.16,42.22,0.3189,0.0,100.0,0.0,0.0,0.0,7966.9,7995.1
283740,3.1962,-48.28,0.50,17.85,40.57,0.3189,0.0,100.0,0.0,0.0,0.0,7991.2,7990.6
283800,3.1968,-48.15,0.50,18.52,39.07,0.3189,0.0,0.0,0.0,0.0,0.0,7967.8,7993.3
283860,3.1975,-48.02,0.50,14.56,49.67,0.3189,0.0,100.0,0.0,0.0,0.0,7973.0,7967.4
283920,3.1982,-47.89,0.50,15.43,47.15,0.3189,0.0,100.0,0.0,0.0,0.0,7993.4,7968.1
283980,3.1989,-47.76,0.50,16.26,44.91,0.3189,0.0,100.0,0.0,0.0,0.0,7996.5,7962.8
284040,3.1995,-47.63,0.50,17.05,42.90,0.3189,0.0,100.0,0.0,0.0,0.0,7997.7,7984.3
284100,3.2002,-47.50,0.50,17.80,41.09,0.3189,0.0,100.0,0.0,0.0,0.0,7997.6,7988.5
284160,3.2009,-47.37,0.50,18.52,39.45,0.3189,0.0,0.0,0.0,0.0,0.0,7981.6,7993.6
284220,3.2016,-47.24,0.50,14.60,50.01,0.3189,0.0,100.0,0.0,0.0,0.0,8000.5,8020.3
284280,3.2023,-47.10,0.50,15.52,47.35,0.3189,0.0,100.0,0.0,0.0,100.0,7947.0,7976.8
284340,3.2029,-46.97,0.50,16.40,45.17,0.3192,0.0,100.0,0.0,0.0,0.0,8007.6,7970.1
284400,3.2036,-46.84,0.50,17.22,43.04,0.3192,0.0,100.0,0.0,0.0,0.0,7994.8,8003.7
284460,3.2043,-46.71,0.50,18.01,41.14,0.3192,0.0,0.0,0.0,0.0,0.0,7993.9,7967.1
284520,3.2050,-46.58,0.50,14.17,51.97,0.3192,0.0,100.0,0.0,0.0,0.0,7955.1,8008.8
284580,3.2056,-46.44,0.50,15.15,49.00,0.3192,0.0,100.0,0.0,0.0,0.0,8005.0,7944.4
284640,3.2063,-46.31,0.50,16.09,46.37,0.3192,0.0,100.0,0.0,0.0,0.0,7977.4,8004.3
284700,3.2070,-46.18,0.50,16.97,44.03,0.3192,0.0,100.0,0.0,0.0,0.0,8013.1,7992.6
284760,3.2077,-46.04,0.50,17.82,41.94,0.3192,0.0,0.0,0.0,0.0,0.0,7959.4,7978.1
284820,3.2083,-45.91,0.50,14.02,52.83,0.3192,0.0,100.0,0.0,0.0,0.0,7982.2,8012.9
284880,3.2090,-45.78,0.50,15.06,49.66,0.3192,0.0,100.0,0.0,0.0,0.0,7946.0,8000.8
284940,3.2097,-45.64,0.50,16.04,46.86,0.3192,0.0,100.0,0.0,0.0,0.0,7975.5,7984.7
285000,3.2104,-45.51,0.50,16.96,44.38,0.3192,0.0,100.0,0.0,0.0,0.0,7974.1,7954.1
285060,3.2110,-45.38,0.50,17.85,42.17,0.3192,0.0,0.0,0.0,0.0,0.0,7990.6,8001.6
285120,3.2117,-45.24,0.50,14.09,52.99,0.3192,0.0,100.0,0.0,0.0,0.0,8008.0,8008.3
285180,3.2124,-45.11,0.50,15.16,49.70,0.3192,0.0,100.0,0.0,0.0,0.0,7971.6,7943.6
285240,3.2131,-44.97,0.50,16.17,46.81,0.3192,0.0,100.0,0.0,0.0,0.0,7974.7,7932.2
285300,3.2137,-44.84,0.50,17.14,44.25,0.3192,0.0,100.0,0.0,0.0,0.0,7962.8,7996.4
285360,3.2144,-44.71,0.50,18.05,41.97,0.3192,0.0,0.0,0.0,0.0,0.0,7980.5,8000.1
285420,3.2151,-44.57,0.50,14.32,52.64,0.3192,0.0,100.0,0.0,0.0,0.0,7965.3,7987.0
285480,3.2158,-44.44,0.50,15.42,49.30,0.3191,0.0,100.0,0.0,0.0,0.0,7992.3,7964.7
285540,3.2164,-44.30,0.50,16.45,46.36,0.3191,0.0,100.0,0.0,0.0,0.0,8007.1,7955.6
285600,3.2171,-44.17,0.50,17.44,43.77,0.3191,0.0,100.0,0.0,0.0,0.0,7989.5,7994.4
285660,3.2178,-44.03,0.50,18.37,41.47,0.3191,0.0,0.0,0.0,0.0,0.0,7946.5,8004.2
285720,3.2185,-43.90,0.50,14.67,51.91,0.3191,0.0,100.0,0.0,0.0,0.0,7980.5,7971.2
285780,3.2191,-43.76,0.50,15.78,48.57,0.3191,0.0,100.0,0.0,0.0,0.0,7976.4,7957.9
285840,3.2198,-43.62,0.50,16.84,45.64,0.3191,0.0,100.0,0.0,0.0,0.0,8000.1,8007.8
285900,3.2205,-43.49,0.50,17.84,43.05,0.3191,0.0,0.0,0.0,0.0,0.0,7998.8,7992.9
285960,3.2212,-43.35,0.50,14.20,53.73,0.3191,0.0,100.0,0.0,0.0,0.0,7976.7,7977.4
286020,3.2219,-43.22,0.50,15.37,50.07,0.3191,0.0,100.0,0.0,0.0,0.0,7994.7,8004.8
286080,3.2225,-43.08,0.50,16.49,46.88,0.3191,0.0,100.0,0.0,0.0,0.0,8021.5,7947.1
286140,3.2232,-42.95,0.50,17.54,44.07,0.3191,0.0,100.0,0.0,0.0,0.0,7964.3,7968.1
286200,3.2239,-42.81,0.50,18.54,41.59,0.3191,0.0,0.0,0.0,0.0,0.0,8008.4,7962.0
286260,3.2246,-42.67,0.50,14.90,51.84,0.3191,0.0,100.0,0.0,0.0,0.0,8002.3,7985.1
286320,3.2252,-42.54,0.50,16.07,48.34,0.3191,0.0,100.0,0.0,0.0,0.0,7991.8,7995.5
286380,3.2259,-42.40,0.50,17.18,45.28,0.3191,0.0,100.0,0.0,0.0,0.0,7992.0,8005.4
286440,3.2266,-42.26,0.50,18.24,42.58,0.3191,0.0,0.0,0.0,0.0,0.0,7955.9,7966.7
286500,3.2273,-42.13,0.50,14.65,52.94,0.3191,0.0,100.0,0.0,0.0,0.0,7962.6,8002.0
286560,3.2279,-41.99,0.50,15.87,49.22,0.3191,0.0,100.0,0.0,0.0,0.0,7979.3,8006.5
286620,3.2286,-41.85,0.50,17.02,45.97,0.3191,0.0,100.0,0.0,0.0,0.0,7991.3,8011.1
286680,3.2293,-41.72,0.50,18.12,43.12,0.3191,0.0,0.0,0.0,0.0,0.0,8003.4,7999.5
286740,3.2300,-41.58,0.50,14.57,53.49,0.3191,0.0,100.0,0.0,0.0,0.0,7979.1,8010.2
286800,3.2306,-41.44,0.50,15.83,49.61,0.3191,0.0,100.0,0.0,0.0,0.0,7992.5,7981.7
286860,3.2313,-41.31,0.50,17.02,46.24,0.3191,0.0,100.0,0.0,0.0,0.0,7977.6,7969.6
286920,3.2320,-41.17,0.50,18.15,43.29,0.3191,0.0,0.0,0.0,0.0,0.0,7975.8,7988.7
286980,3.2327,-41.03,0.50,14.63,53.59,0.3191,0.0,100.0,0.0,0.0,0.0,7950.5,7971.9
287040,3.2333,-40.90,0.50,15.91,49.62,0.3191,0.0,100.0,0.0,0.0,0.0,7999.3,7974.8
287100,3.2340,-40.76,0.50,17.13,46.17,0.3191,0.0,100.0,0.0,0.0,0.0,8015.2,7994.2
287160,3.2347,-40.62,0.50,18.29,43.16,0.3191,0.0,0.0,0.0,0.0,0.0,8012.7,8005.3
287220,3.2354,-40.48,0.50,14.79,53.35,0.3191,0.0,100.0,0.0,0.0,0.0,7985.7,7973.7
287280,3.2360,-40.35,0.50,16.10,49.33,0.3191,0.0,100.0,0.0,0.0,0.0,7988.0,7994.7
287340,3.2367,-40.21,0.50,17.34,45.84,0.3191,0.0,100.0,0.0,0.0,0.0,8010.1,7995.7
287400,3.2374,-40.07,0.50,18.52,42.81,0.3191,0.0,0.0,0.0,0.0,0.0,8000.9,7982.9
287460,3.2381,-39.93,0.50,15.04,52.83,0.3191,0.0,100.0,0.0,0.0,0.0,7985.7,7994.7
287520,3.2387,-39.80,0.50,16.37,48.80,0.3191,0.0,100.0,0.0,0.0,0.0,8014.8,7988.6
287580,3.2394,-39.66,0.50,17.62,45.32,0.3191,0.0,100.0,0.0,0.0,0.0,8026.0,8010.2
287640,3.2401,-39.52,0.50,18.82,42.29,0.3191,0.0,0.0,0.0,0.0,0.0,8003.2,8001.9
287700,3.2408,-39.38,0.50,15.35,52.11,0.3191,0.0,100.0,0.0,0.0,0.0,7994.3,7946.9
287760,3.2415,-39.24,0.50,16.70,48.11,0.3191,0.0,100.0,0.0,0.0,0.0,7986.1,7999.2
287820,3.2421,-39.11,0.50,17.97,44.65,0.3191,0.0,0.0,0.0,0.0,0.0,7978.2,7975.4
287880,3.2428,-38.97,0.50,14.58,54.85,0.3191,0.0,100.0,0.0,0.0,0.0,7961.5,8002.6
287940,3.2435,-38.83,0.50,15.99,50.39,0.3191,0.0,100.0,0.0,0.0,0.0,8003.0,8000.3
288000,3.2442,-38.69,0.50,17.33,46.55,0.3191,0.0,100.0,0.0,0.0,0.0,7969.4,7983.7
288060,3.2448,-38.56,0.50,18.60,43.24,0.3191,0.0,0.0,0.0,0.0,0.0,8023.7,8017.7
288120,3.2455,-38.42,0.50,15.20,53.07,0.3191,0.0,100.0,0.0,0.0,0.0,8026.3,7969.6
288180,3.2462,-38.28,0.50,16.61,48.79,0.3191,0.0,100.0,0.0,0.0,0.0,7981.1,7984.1
288240,3.2469,-38.14,0.50,17.94,45.11,0.3191,0.0,100.0,0.0,0.0,0.0,7986.0,7989.5
288300,3.2475,-38.00,0.50,19.21,41.93,0.3191,0.0,0.0,0.0,0.0,0.0,7963.9,7988.8
288360,3.2482,-37.87,0.50,15.81,51.42,0.3191,0.0,100.0,0.0,0.0,0.0,7991.2,7994.7
288420,3.2489,-37.73,0.50,17.22,47.31,0.3191,0.0,100.0,0.0,0.0,0.0,7977.3,7980.7
288480,3.2496,-37.59,0.50,18.55,43.77,0.3191,0.0,0.0,0.0,0.0,100.0,7981.9,8013.9
288540,3.2502,-37.45,0.50,15.22,53.82,0.3194,1.2,100.0,100.0,0.0,0.0,8031.9,8006.4
288600,3.2509,-37.31,0.50,17.17,56.32,0.3192,304.6,100.0,100.0,0.0,100.0,7950.6,7978.8
288660,3.2516,-37.18,0.50,19.01,57.83,0.3194,308.0,100.0,100.0,0.0,0.0,7982.9,7953.1
288720,3.2523,-37.04,0.50,20.76,58.37,0.3192,311.4,100.0,100.0,0.0,0.0,7995.2,7980.7
288780,3.2529,-36.90,0.50,22.42,58.47,0.3191,314.8,100.0,100.0,0.0,0.0,8005.6,7987.2
288840,3.2536,-36.76,0.50,23.98,58.36,0.3189,318.2,0.0,100.0,0.0,0.0,7950.8,7985.5
288900,3.2543,-36.62,0.50,20.88,72.75,0.3187,321.6,100.0,100.0,0.0,0.0,7989.5,7956.2
288960,3.2550,-36.49,0.50,22.56,67.53,0.3186,325.0,100.0,100.0,0.0,0.0,7968.1,7997.1
289020,3.2556,-36.35,0.50,24.15,64.19,0.3185,328.4,0.0,100.0,0.0,0.0,7990.2,7946.9
289080,3.2563,-36.21,0.50,21.07,77.69,0.3184,331.8,100.0,100.0,0.0,0.0,7967.1,7962.5
289140,3.2570,-36.07,0.50,22.77,70.62,0.3183,335.2,100.0,100.0,0.0,0.0,7948.9,8012.7
289200,3.2577,-35.93,0.50,24.39,66.16,0.3182,338.6,0.0,100.0,0.0,0.0,7959.0,7967.2
289260,3.2583,-35.80,0.50,21.32,79.31,0.3180,342.0,100.0,100.0,0.0,0.0,7973.3,7923.7
289320,3.2590,-35.66,0.50,23.05,71.61,0.3179,345.3,100.0,100.0,0.0,0.0,7967.2,7966.5
289380,3.2597,-35.52,0.50,24.68,66.79,0.3178,348.7,0.0,100.0,0.0,0.0,7934.6,7996.5
289440,3.2604,-35.38,0.50,21.63,79.77,0.3177,352.1,100.0,100.0,0.0,0.0,7946.9,7994.4
289500,3.2611,-35.24,0.50,23.37,71.88,0.3176,355.5,0.0,100.0,0.0,0.0,7958.7,7928.4
289560,3.2617,-35.11,0.50,20.42,84.20,0.3175,358.9,100.0,100.0,0.0,0.0,7949.3,7972.0
289620,3.2624,-34.97,0.50,22.25,74.50,0.3174,362.3,100.0,100.0,0.0,0.0,7983.4,7957.6
289680,3.2631,-34.83,0.50,23.98,68.57,0.3173,365.7,0.0,100.0,0.0,0.0,7942.3,7935.1
289740,3.2638,-34.69,0.50,21.03,81.32,0.3172,369.1,100.0,100.0,0.0,0.0,7942.2,7945.6
289800,3.2644,-34.56,0.50,22.86,72.73,0.3171,372.4,100.0,100.0,0.0,0.0,7946.9,7931.7
289860,3.2651,-34.42,0.50,24.59,67.44,0.3170,375.8,0.0,100.0,0.0,0.0,7925.9,7956.8
289920,3.2658,-34.28,0.50,21.64,80.25,0.3169,379.2,100.0,100.0,0.0,0.0,7935.9,7937.9
289980,3.2665,-34.14,0.50,23.46,72.07,0.3168,382.6,0.0,100.0,0.0,0.0,7944.4,7904.4
290040,3.2671,-34.01,0.50,20.60,84.23,0.3167,386.0,100.0,100.0,0.0,0.0,7905.6,7931.0
290100,3.2678,-33.87,0.50,22.51,74.39,0.3166,389.3,100.0,100.0,0.0,0.0,7929.9,7902.1
290160,3.2685,-33.73,0.50,24.31,68.43,0.3165,392.7,0.0,100.0,0.0,0.0,7917.0,7938.6
290220,3.2692,-33.60,0.50,21.43,81.06,0.3163,396.1,100.0,100.0,0.0,0.0,7911.7,7917.8
290280,3.2698,-33.46,0.50,23.32,72.48,0.3163,399.5,0.0,100.0,0.0,0.0,7971.9,7909.2
290340,3.2705,-33.32,0.50,20.52,84.51,0.3161,402.8,100.0,100.0,0.0,0.0,7948.1,7935.4
290400,3.2712,-33.19,0.50,22.49,74.46,0.3161,406.2,100.0,100.0,0.0,0.0,7920.8,7924.0
290460,3.2719,-33.05,0.50,24.35,68.42,0.3160,409.6,0.0,100.0,0.0,100.0,7887.1,7914.6
290520,3.2725,-32.91,0.50,21.52,81.05,0.3161,412.9,100.0,100.0,0.0,0.0,7906.5,7916.7
290580,3.2732,-32.78,0.50,23.47,72.41,0.3161,416.3,0.0,100.0,0.0,0.0,7870.8,7903.8
290640,3.2739,-32.64,0.50,20.71,84.34,0.3159,419.7,100.0,100.0,0.0,0.0,7929.8,7927.9
290700,3.2746,-32.50,0.50,22.72,74.29,0.3159,423.0,100.0,100.0,0.0,0.0,7905.1,7909.3
290760,3.2752,-32.37,0.50,24.63,68.27,0.3158,426.4,0.0,100.0,0.0,0.0,7900.6,7900.0
290820,3.2759,-32.23,0.50,21.84,80.76,0.3156,429.7,100.0,100.0,0.0,0.0,7895.1,7892.4
290880,3.2766,-32.09,0.50,23.82,72.17,0.3155,433.1,0.0,100.0,0.0,0.0,7876.9,7890.1
290940,3.2773,-31.96,0.50,21.10,84.02,0.3154,436.4,100.0,100.0,0.0,0.0,7902.9,7872.2
291000,3.2779,-31.82,0.50,23.14,74.05,0.3153,439.8,0.0,100.0,0.0,0.0,7868.6,7911.6
291060,3.2786,-31.69,0.50,20.48,85.59,0.3152,443.1,100.0,100.0,0.0,0.0,7880.1,7898.5
291120,3.2793,-31.55,0.50,22.58,74.88,0.3151,446.5,100.0,100.0,0.0,0.0,7892.1,7850.7
291180,3.2800,-31.41,0.50,24.57,68.56,0.3150,449.8,0.0,100.0,0.0,0.0,7880.7,7867.8
291240,3.2807,-31.28,0.50,21.86,80.90,0.3149,453.1,100.0,100.0,0.0,100.0,7880.4,7886.8
291300,3.2813,-31.14,0.50,23.91,72.19,0.3151,456.5,0.0,100.0,0.0,0.0,7841.4,7880.7
291360,3.2820,-31.01,0.50,21.27,83.90,0.3150,459.8,100.0,100.0,0.0,0.0,7864.7,7887.8
291420,3.2827,-30.87,0.50,23.38,73.87,0.3149,463.1,0.0,100.0,0.0,0.0,7860.9,7896.6
291480,3.2834,-30.74,0.50,20.78,85.28,0.3148,466.4,100.0,100.0,0.0,0.0,7843.1,7871.5
291540,3.2840,-30.60,0.50,22.94,74.59,0.3147,469.8,100.0,100.0,0.0,0.0,7841.6,7887.3
291600,3.2847,-30.47,0.50,24.98,68.31,0.3146,473.1,0.0,100.0,0.0,0.0,7859.9,7859.2
291660,3.2854,-30.33,0.50,22.33,80.54,0.3144,476.4,100.0,100.0,0.0,0.0,7888.7,7857.9
291720,3.2861,-30.20,0.50,24.43,71.85,0.3144,479.7,0.0,100.0,0.0,0.0,7873.9,7852.6
291780,3.2867,-30.06,0.50,21.82,83.45,0.3142,483.0,100.0,100.0,0.0,0.0,7834.3,7871.4
291840,3.2874,-29.93,0.50,23.98,73.52,0.3141,486.3,0.0,100.0,0.0,0.0,7814.8,7859.9
291900,3.2881,-29.80,0.50,21.42,84.80,0.3140,489.6,100.0,100.0,0.0,0.0,7842.1,7835.4
291960,3.2888,-29.66,0.50,23.62,74.25,0.3139,492.9,0.0,100.0,0.0,0.0,7834.9,7866.8
292020,3.2894,-29.53,0.50,21.11,85.38,0.3138,496.2,100.0,100.0,0.0,0.0,7845.8,7823.6
292080,3.2901,-29.39,0.50,23.35,74.52,0.3137,499.5,100.0,100.0,0.0,0.0,7849.0,7847.0
292140,3.2908,-29.26,0.50,25.46,68.17,0.3136,502.8,0.0,100.0,0.0,0.0,7846.3,7850.2
292200,3.2915,-29.13,0.50,22.87,80.22,0.3135,506.1,100.0,100.0,0.0,0.0,7838.6,7847.9
292260,3.2921,-28.99,0.50,25.04,71.56,0.3134,509.4,0.0,100.0,0.0,0.0,7880.5,7830.7
292320,3.2928,-28.86,0.50,22.50,82.97,0.3132,512.6,100.0,100.0,0.0,0.0,7790.2,7822.9
292380,3.2935,-28.73,0.50,24.71,73.14,0.3131,515.9,0.0,100.0,0.0,0.0,7836.6,7811.6
292440,3.2942,-28.60,0.50,22.20,84.24,0.3130,519.2,100.0,100.0,0.0,0.0,7782.3,7844.1
292500,3.2948,-28.46,0.50,24.45,73.82,0.3129,522.5,0.0,100.0,0.0,0.0,7795.8,7815.7
292560,3.2955,-28.33,0.50,21.99,84.77,0.3128,525.7,100.0,100.0,0.0,0.0,7847.2,7843.3
292620,3.2962,-28.20,0.50,24.27,74.08,0.3127,529.0,0.0,100.0,0.0,100.0,7769.1,7806.1
292680,3.2969,-28.07,0.50,21.84,85.01,0.3129,532.2,100.0,100.0,0.0,0.0,7810.1,7805.3
292740,3.2975,-27.93,0.50,24.15,74.17,0.3128,535.5,0.0,100.0,0.0,0.0,7846.7,7781.5
292800,3.2982,-27.80,0.50,21.74,85.00,0.3127,538.7,100.0,100.0,0.0,0.0,7810.8,7784.6
292860,3.2989,-27.67,0.50,24.08,74.12,0.3126,542.0,0.0,100.0,0.0,0.0,7811.3,7817.4
292920,3.2996,-27.54,0.50,21.70,84.93,0.3125,545.2,100.0,100.0,0.0,0.0,7811.0,7830.2
292980,3.3003,-27.41,0.50,24.07,74.03,0.3124,548.4,0.0,100.0,0.0,0.0,7806.8,7817.7
293040,3.3009,-27.28,0.50,21.71,84.83,0.3123,551.7,100.0,100.0,0.0,0.0,7788.9,7791.1
293100,3.3016,-27.15,0.50,24.09,73.94,0.3122,554.9,0.0,100.0,0.0,100.0,7838.6,7755.6
293160,3.3023,-27.01,0.50,21.75,84.76,0.3124,558.1,100.0,100.0,0.0,0.0,7831.5,7792.2
293220,3.3030,-26.88,0.50,24.16,73.87,0.3123,561.3,0.0,100.0,0.0,0.0,7805.9,7775.9
293280,3.3036,-26.75,0.50,21.84,84.61,0.3122,564.5,100.0,100.0,0.0,0.0,7804.2,7804.2
293340,3.3043,-26.62,0.50,24.25,73.75,0.3121,567.7,0.0,100.0,0.0,0.0,7804.6,7768.0
293400,3.3050,-26.49,0.50,21.95,84.47,0.3120,570.9,100.0,100.0,0.0,0.0,7797.3,7778.2
293460,3.3057,-26.36,0.50,24.38,73.64,0.3119,574.1,0.0,100.0,0.0,0.0,7769.6,7784.9
293520,3.3063,-26.23,0.50,22.09,84.33,0.3118,577.3,100.0,100.0,0.0,0.0,7774.9,7744.1
293580,3.3070,-26.11,0.50,24.53,73.54,0.3117,580.5,0.0,100.0,0.0,0.0,7743.2,7773.4
293640,3.3077,-25.98,0.50,22.25,84.19,0.3115,583.7,100.0,100.0,0.0,0.0,7763.1,7793.0
293700,3.3084,-25.85,0.50,24.71,73.44,0.3115,586.8,0.0,100.0,0.0,0.0,7790.8,7760.8
293760,3.3090,-25.72,0.50,22.44,84.05,0.3113,590.0,100.0,100.0,0.0,0.0,7771.8,7748.2
293820,3.3097,-25.59,0.50,24.91,73.34,0.3112,593.2,0.0,100.0,0.0,0.0,7758.1,7795.9
293880,3.3104,-25.46,0.50,22.64,83.91,0.3111,596.3,100.0,100.0,0.0,100.0,7743.7,7794.6
293940,3.3111,-25.33,0.50,25.12,73.28,0.3113,599.5,0.0,100.0,0.0,0.0,7718.1,7754.0
294000,3.3117,-25.21,0.50,22.86,83.80,0.3112,602.6,100.0,100.0,0.0,0.0,7712.7,7745.9
294060,3.3124,-25.08,0.50,25.35,73.16,0.3111,605.8,0.0,100.0,0.0,0.0,7773.5,7784.2
294120,3.3131,-24.95,0.50,23.10,83.64,0.3110,608.9,0.0,100.0,0.0,0.0,7746.4,7759.3
294180,3.3138,-24.82,0.50,21.00,91.82,0.3109,612.0,100.0,100.0,0.0,0.0,7755.2,7729.3
294240,3.3144,-24.70,0.50,23.62,77.42,0.3108,615.2,0.0,100.0,0.0,0.0,7746.1,7720.3
294300,3.3151,-24.57,0.50,21.51,87.04,0.3107,618.3,100.0,100.0,0.0,0.0,7715.0,7737.8
294360,3.3158,-24.44,0.50,24.12,74.78,0.3106,621.4,0.0,100.0,0.0,0.0,7753.8,7730.4
294420,3.3165,-24.32,0.50,22.00,84.94,0.3105,624.5,100.0,100.0,0.0,0.0,7728.9,7705.1
294480,3.3172,-24.19,0.50,24.60,73.62,0.3104,627.6,0.0,100.0,0.0,0.0,7752.3,7750.9
294540,3.3178,-24.07,0.50,22.47,83.95,0.3103,630.7,100.0,100.0,0.0,0.0,7736.0,7744.2
294600,3.3185,-23.94,0.50,25.07,73.07,0.3102,633.8,0.0,100.0,0.0,0.0,7695.7,7708.2
294660,3.3192,-23.81,0.50,22.93,83.43,0.3101,636.9,0.0,100.0,0.0,0.0,7710.1,7742.0
294720,3.3199,-23.69,0.50,20.93,91.42,0.3100,640.0,100.0,100.0,0.0,100.0,7709.9,7709.7
294780,3.3205,-23.56,0.50,23.65,77.01,0.3102,643.0,0.0,100.0,0.0,0.0,7697.0,7725.5
294840,3.3212,-23.44,0.50,21.62,86.53,0.3101,646.1,100.0,100.0,0.0,0.0,7713.6,7677.0
294900,3.3219,-23.32,0.50,24.32,74.35,0.3100,649.2,0.0,100.0,0.0,0.0,7699.8,7696.7
294960,3.3226,-23.19,0.50,22.28,84.41,0.3099,652.2,100.0,100.0,0.0,0.0,7720.2,7680.5
295020,3.3232,-23.07,0.50,24.96,73.19,0.3098,655.3,0.0,100.0,0.0,0.0,7729.9,7717.1
295080,3.3239,-22.94,0.50,22.90,83.41,0.3097,658.3,100.0,100.0,0.0,0.0,7717.9,7745.3
295140,3.3246,-22.82,0.50,25.56,72.64,0.3096,661.3,0.0,100.0,0.0,0.0,7709.8,7686.9
295200,3.3253,-22.70,0.50,23.48,82.88,0.3094,664.4,0.0,100.0,0.0,0.0,7718.6,7688.4
295260,3.3259,-22.58,0.50,21.53,90.76,0.3093,667.4,100.0,100.0,0.0,100.0,7658.5,7659.4
295320,3.3266,-22.45,0.50,24.31,76.55,0.3096,670.4,0.0,100.0,0.0,0.0,7661.6,7692.7
295380,3.3273,-22.33,0.50,22.33,85.93,0.3095,673.4,100.0,100.0,0.0,0.0,7676.5,7676.3
295440,3.3280,-22.21,0.50,25.08,73.93,0.3094,676.4,0.0,100.0,0.0,0.0,7670.8,7699.3
295500,3.3286,-22.09,0.50,23.08,83.82,0.3093,679.4,0.0,100.0,0.0,0.0,7662.6,7695.9
295560,3.3293,-21.97,0.50,21.21,91.34,0.3092,682.4,100.0,100.0,0.0,0.0,7688.1,7678.4
295620,3.3300,-21.84,0.50,24.05,76.71,0.3091,685.4,0.0,100.0,0.0,0.0,7667.3,7696.9
295680,3.3307,-21.72,0.50,22.14,85.97,0.3090,688.3,100.0,100.0,0.0,0.0,7675.6,7678.8
295740,3.3313,-21.60,0.50,24.94,73.84,0.3089,691.3,0.0,100.0,0.0,100.0,7665.2,7689.0
295800,3.3320,-21.48,0.50,23.00,83.73,0.3091,694.3,100.0,100.0,0.0,0.0,7654.3,7663.7
295860,3.3327,-21.36,0.50,25.77,72.64,0.3090,697.2,0.0,100.0,0.0,0.0,7633.1,7668.3
295920,3.3334,-21.24,0.50,23.80,82.63,0.3088,700.2,0.0,100.0,0.0,100.0,7645.1,7651.5
295980,3.3340,-21.12,0.50,21.95,90.30,0.3091,703.1,100.0,100.0,0.0,0.0,7631.4,7666.3
296040,3.3347,-21.00,0.50,24.82,76.11,0.3090,706.0,0.0,100.0,0.0,0.0,7645.3,7650.0
296100,3.3354,-20.89,0.50,22.93,85.30,0.3089,709.0,100.0,100.0,0.0,0.0,7604.2,7626.0
296160,3.3361,-20.77,0.50,25.75,73.43,0.3088,711.9,0.0,100.0,0.0,100.0,7633.7,7654.9
296220,3.3368,-20.65,0.50,23.83,83.19,0.3090,714.8,0.0,100.0,0.0,100.0,7638.2,7641.7
296280,3.3374,-20.53,0.50,22.03,90.59,0.3092,717.7,100.0,100.0,0.0,0.0,7608.4,7606.7
296340,3.3381,-20.41,0.50,24.94,76.18,0.3091,720.6,0.0,100.0,0.0,0.0,7587.2,7650.5
296400,3.3388,-20.30,0.50,23.09,85.25,0.3090,723.5,0.0,100.0,0.0,0.0,7607.4,7611.5
296460,3.3395,-20.18,0.50,21.36,91.99,0.3089,726.3,100.0,100.0,0.0,0.0,7624.8,7600.6
296520,3.3401,-20.06,0.50,24.34,76.78,0.3089,729.2,0.0,100.0,0.0,0.0,7623.0,7594.4
296580,3.3408,-19.95,0.50,22.55,85.70,0.3087,732.1,100.0,100.0,0.0,0.0,7615.5,7619.2
296640,3.3415,-19.83,0.50,25.48,73.48,0.3087,734.9,0.0,100.0,0.0,0.0,7623.6,7622.5
296700,3.3422,-19.72,0.50,23.64,83.08,0.3085,737.8,0.0,100.0,0.0,0.0,7635.1,7611.7
296760,3.3428,-19.60,0.50,21.93,90.28,0.3084,740.6,100.0,100.0,0.0,0.0,7605.6,7629.8
296820,3.3435,-19.48,0.50,24.92,75.85,0.3083,743.4,0.0,100.0,0.0,100.0,7609.3,7587.4
296880,3.3442,-19.37,0.50,23.15,84.90,0.3085,746.3,0.0,100.0,0.0,0.0,7592.6,7609.4
296940,3.3449,-19.26,0.50,21.49,91.54,0.3084,749.1,100.0,100.0,0.0,100.0,7573.1,7580.2
297000,3.3455,-19.14,0.50,24.53,76.42,0.3087,751.9,0.0,100.0,0.0,100.0,7593.5,7594.7
297060,3.3462,-19.03,0.50,22.81,85.30,0.3089,754.7,100.0,100.0,0.0,100.0,7588.6,7537.2
297120,3.3469,-18.91,0.50,25.79,73.19,0.3092,757.5,0.0,100.0,0.0,100.0,7593.5,7604.2
297180,3.3476,-18.80,0.50,24.01,82.72,0.3093,760.3,0.0,100.0,0.0,0.0,7576.4,7619.5
297240,3.3482,-18.69,0.50,22.35,89.83,0.3092,763.0,100.0,100.0,0.0,100.0,7606.6,7556.1
297300,3.3489,-18.58,0.50,25.39,75.54,0.3095,765.8,0.0,100.0,0.0,100.0,7596.7,7603.2
297360,3.3496,-18.46,0.50,23.66,84.46,0.3097,768.6,0.0,100.0,0.0,100.0,7554.3,7554.3
297420,3.3503,-18.35,0.50,22.04,91.05,0.3099,771.3,100.0,100.0,0.0,0.0,7551.2,7577.0
297480,3.3509,-18.24,0.50,25.13,76.09,0.3099,774.1,0.0,100.0,0.0,0.0,7543.7,7569.8
297540,3.3516,-18.13,0.50,23.44,84.80,0.3097,776.8,0.0,100.0,0.0,0.0,7529.9,7576.1
297600,3.3523,-18.02,0.50,21.87,91.20,0.3097,779.5,100.0,100.0,0.0,0.0,7565.5,7565.9
297660,3.3530,-17.91,0.50,24.99,76.08,0.3096,782.2,0.0,100.0,0.0,0.0,7570.9,7495.9
297720,3.3536,-17.80,0.50,23.34,84.75,0.3095,784.9,0.0,100.0,0.0,100.0,7545.5,7573.7
297780,3.3543,-17.69,0.50,21.79,91.13,0.3097,787.6,100.0,100.0,0.0,0.0,7564.4,7544.9
297840,3.3550,-17.58,0.50,24.94,75.98,0.3096,790.3,0.0,100.0,0.0,100.0,7522.5,7542.8
297900,3.3557,-17.47,0.50,23.32,84.68,0.3098,793.0,0.0,100.0,0.0,0.0,7530.8,7535.8
297960,3.3564,-17.36,0.50,21.81,90.97,0.3097,795.7,100.0,100.0,0.0,0.0,7579.0,7570.9
298020,3.3570,-17.26,0.50,24.98,75.85,0.3097,798.3,0.0,100.0,0.0,0.0,7512.9,7531.6
298080,3.3577,-17.15,0.50,23.39,84.48,0.3095,801.0,0.0,100.0,0.0,0.0,7530.1,7511.7
298140,3.3584,-17.04,0.50,21.89,90.76,0.3094,803.6,100.0,100.0,0.0,0.0,7544.3,7520.2
298200,3.3591,-16.93,0.50,25.09,75.70,0.3094,806.3,0.0,100.0,0.0,100.0,7517.5,7509.9
298260,3.3597,-16.83,0.50,23.51,84.35,0.3096,808.9,0.0,100.0,0.0,0.0,7545.0,7497.5
298320,3.3604,-16.72,0.50,22.04,90.60,0.3095,811.5,100.0,100.0,0.0,0.0,7549.9,7489.6
298380,3.3611,-16.61,0.50,25.25,75.59,0.3094,814.1,0.0,100.0,0.0,0.0,7558.4,7491.3
298440,3.3618,-16.51,0.50,23.69,84.15,0.3093,816.7,0.0,100.0,0.0,0.0,7482.5,7538.7
298500,3.3624,-16.40,0.50,22.23,90.39,0.3092,819.3,100.0,100.0,0.0,0.0,7510.7,7505.9
298560,3.3631,-16.30,0.50,25.46,75.45,0.3091,821.9,0.0,100.0,0.0,0.0,7534.5,7487.9
298620,3.3638,-16.19,0.50,23.91,83.98,0.3090,824.5,0.0,100.0,0.0,100.0,7467.1,7470.0
298680,3.3645,-16.09,0.50,22.46,90.23,0.3092,827.0,100.0,100.0,0.0,0.0,7499.4,7502.8
298740,3.3651,-15.99,0.50,25.70,75.35,0.3091,829.6,0.0,100.0,0.0,0.0,7523.6,7478.0
298800,3.3658,-15.88,0.50,24.16,83.83,0.3090,832.1,0.0,100.0,0.0,0.0,7453.1,7494.8
298860,3.3665,-15.78,0.50,22.72,90.02,0.3089,834.6,100.0,100.0,0.0,100.0,7458.7,7475.0
298920,3.3672,-15.68,0.50,25.97,75.25,0.3092,837.2,0.0,100.0,0.0,0.0,7502.3,7502.0
298980,3.3678,-15.58,0.50,24.44,83.68,0.3090,839.7,0.0,100.0,0.0,100.0,7485.3,7491.1
299040,3.3685,-15.47,0.50,23.01,89.87,0.3092,842.2,0.0,100.0,0.0,0.0,7504.4,7481.4
299100,3.3692,-15.37,0.50,21.68,94.17,0.3092,844.7,100.0,100.0,0.0,0.0,7484.4,7446.6
299160,3.3699,-15.27,0.50,25.02,77.18,0.3091,847.2,0.0,100.0,0.0,0.0,7456.5,7491.1
299220,3.3705,-15.17,0.50,23.58,85.11,0.3090,849.6,0.0,100.0,0.0,100.0,7480.0,7491.0
299280,3.3712,-15.07,0.50,22.23,90.82,0.3092,852.1,100.0,100.0,0.0,0.0,7485.9,7466.8
299340,3.3719,-14.97,0.50,25.57,75.47,0.3092,854.5,0.0,100.0,0.0,0.0,7454.5,7489.9
299400,3.3726,-14.87,0.50,24.12,83.78,0.3090,857.0,0.0,100.0,0.0,0.0,7442.9,7478.5
299460,3.3732,-14.77,0.50,22.77,89.78,0.3089,859.4,0.0,100.0,0.0,0.0,7433.9,7432.7
299520,3.3739,-14.68,0.50,21.50,93.93,0.3089,861.8,100.0,100.0,0.0,100.0,7449.6,7451.4
299580,3.3746,-14.58,0.50,24.91,76.91,0.3091,864.3,0.0,100.0,0.0,0.0,7495.2,7466.1
299640,3.3753,-14.48,0.50,23.53,84.82,0.3090,866.7,0.0,100.0,0.0,0.0,7455.9,7449.8
299700,3.3760,-14.38,0.50,22.24,90.45,0.3089,869.1,100.0,100.0,0.0,0.0,7473.1,7446.2
299760,3.3766,-14.29,0.50,25.63,75.17,0.3088,871.4,0.0,100.0,0.0,0.0,7435.1,7438.1
299820,3.3773,-14.19,0.50,24.24,83.45,0.3087,873.8,0.0,100.0,0.0,100.0,7429.8,7418.5
299880,3.3780,-14.09,0.50,22.93,89.44,0.3089,876.2,100.0,100.0,0.0,0.0,7408.7,7458.1
299940,3.3787,-14.00,0.50,26.30,74.70,0.3088,878.5,0.0,100.0,0.0,0.0,7384.1,7423.0
300000,3.3793,-13.90,0.50,24.89,82.98,0.3087,880.9,0.0,100.0,0.0,0.0,7415.6,7456.0
300060,3.3800,-13.81,0.50,23.56,89.00,0.3086,883.2,0.0,100.0,0.0,0.0,7475.4,7392.2
300120,3.3807,-13.71,0.50,22.33,93.20,0.3085,885.5,100.0,100.0,0.0,0.0,7420.8,7403.4
300180,3.3814,-13.62,0.50,25.77,76.51,0.3085,887.8,0.0,100.0,0.0,0.0,7401.7,7393.3
300240,3.3820,-13.53,0.50,24.41,84.29,0.3083,890.1,0.0,100.0,0.0,0.0,7378.2,7414.8
300300,3.3827,-13.43,0.50,23.15,89.86,0.3082,892.4,100.0,100.0,0.0,0.0,7396.1,7424.5
300360,3.3834,-13.34,0.50,26.56,74.85,0.3082,894.7,0.0,100.0,0.0,0.0,7400.1,7383.3
300420,3.3841,-13.25,0.50,25.18,82.96,0.3080,897.0,0.0,100.0,0.0,0.0,7425.9,7397.6
300480,3.3847,-13.16,0.50,23.90,88.85,0.3079,899.2,0.0,100.0,0.0,0.0,7389.3,7434.3
300540,3.3854,-13.07,0.50,22.69,92.95,0.3078,901.5,100.0,100.0,0.0,0.0,7390.3,7377.9
300600,3.3861,-12.97,0.50,26.16,76.35,0.3078,903.7,0.0,100.0,0.0,0.0,7381.0,7366.7
300660,3.3868,-12.88,0.50,24.84,84.02,0.3076,905.9,0.0,100.0,0.0,0.0,7354.3,7360.8
300720,3.3874,-12.79,0.50,23.60,89.54,0.3075,908.1,0.0,100.0,0.0,0.0,7396.0,7340.1
300780,3.3881,-12.71,0.50,22.44,93.34,0.3074,910.3,100.0,100.0,0.0,0.0,7375.4,7361.6
300840,3.3888,-12.62,0.50,25.95,76.44,0.3074,912.5,0.0,100.0,0.0,0.0,7395.5,7333.2
300900,3.3895,-12.53,0.50,24.67,84.06,0.3072,914.7,0.0,100.0,0.0,0.0,7360.8,7356.8
300960,3.3901,-12.44,0.50,23.47,89.49,0.3071,916.9,0.0,100.0,0.0,0.0,7336.3,7336.8
301020,3.3908,-12.35,0.50,22.35,93.22,0.3071,919.0,100.0,100.0,0.0,100.0,7353.2,7343.9
301080,3.3915,-12.26,0.50,25.90,76.32,0.3074,921.2,0.0,100.0,0.0,0.0,7371.4,7369.0
301140,3.3922,-12.18,0.50,24.65,83.92,0.3072,923.3,0.0,100.0,0.0,0.0,7355.0,7358.3
301200,3.3928,-12.09,0.50,23.48,89.33,0.3071,925.4,0.0,100.0,0.0,100.0,7364.9,7354.3
301260,3.3935,-12.01,0.50,22.38,93.05,0.3074,927.5,100.0,100.0,0.0,0.0,7302.3,7341.8
301320,3.3942,-11.92,0.50,25.95,76.18,0.3073,929.6,0.0,100.0,0.0,0.0,7332.0,7332.6
301380,3.3949,-11.84,0.50,24.73,83.76,0.3072,931.7,0.0,100.0,0.0,0.0,7291.5,7320.9
301440,3.3956,-11.75,0.50,23.58,89.15,0.3071,933.8,0.0,100.0,0.0,100.0,7315.3,7309.8
301500,3.3962,-11.67,0.50,22.51,92.86,0.3073,935.9,100.0,100.0,0.0,100.0,7353.0,7316.7
301560,3.3969,-11.58,0.50,26.10,76.06,0.3076,937.9,0.0,100.0,0.0,100.0,7322.3,7350.4
301620,3.3976,-11.50,0.50,24.89,83.65,0.3078,940.0,0.0,100.0,0.0,0.0,7327.8,7327.4
301680,3.3983,-11.42,0.50,23.76,89.00,0.3077,942.0,0.0,100.0,0.0,0.0,7331.9,7330.5
301740,3.3989,-11.34,0.50,22.71,92.67,0.3076,944.0,100.0,100.0,0.0,0.0,7293.2,7326.8
301800,3.3996,-11.25,0.50,26.31,75.93,0.3076,946.0,0.0,100.0,0.0,0.0,7311.3,7302.5
301860,3.4003,-11.17,0.50,25.12,83.44,0.3074,948.0,0.0,100.0,0.0,0.0,7313.2,7280.7
301920,3.4010,-11.09,0.50,24.00,88.79,0.3073,950.0,0.0,100.0,0.0,0.0,7296.3,7269.1
301980,3.4016,-11.01,0.50,22.96,92.46,0.3072,952.0,100.0,100.0,0.0,0.0,7319.0,7283.9
302040,3.4023,-10.93,0.50,26.57,75.81,0.3072,954.0,0.0,100.0,0.0,0.0,7279.9,7282.1
302100,3.4030,-10.85,0.50,25.39,83.28,0.3070,955.9,0.0,100.0,0.0,100.0,7296.5,7297.5
302160,3.4037,-10.77,0.50,24.28,88.64,0.3072,957.9,0.0,100.0,0.0,0.0,7281.0,7253.5
302220,3.4043,-10.70,0.50,23.24,92.29,0.3072,959.8,0.0,100.0,0.0,0.0,7266.0,7298.6
302280,3.4050,-10.62,0.50,22.28,94.70,0.3071,961.7,100.0,100.0,0.0,0.0,7232.5,7299.7
302340,3.4057,-10.54,0.50,25.97,76.77,0.3071,963.6,0.0,100.0,0.0,0.0,7266.6,7272.9
302400,3.4064,-10.46,0.50,24.85,83.96,0.3069,965.5,0.0,100.0,0.0,100.0,7245.6,7285.8
302460,3.4070,-10.39,0.50,23.80,89.05,0.3071,967.4,0.0,100.0,0.0,0.0,7293.7,7272.6
302520,3.4077,-10.31,0.50,22.83,92.48,0.3071,969.2,100.0,100.0,0.0,0.0,7309.0,7252.4
302580,3.4084,-10.24,0.50,26.51,75.69,0.3070,971.1,0.0,100.0,0.0,0.0,7280.9,7249.2
302640,3.4091,-10.16,0.50,25.38,83.10,0.3069,972.9,0.0,100.0,0.0,0.0,7243.8,7226.0
302700,3.4097,-10.09,0.50,24.33,88.35,0.3068,974.8,0.0,100.0,0.0,0.0,7249.8,7226.5
302760,3.4104,-10.01,0.50,23.35,91.95,0.3067,976.6,0.0,100.0,0.0,0.0,7265.8,7255.7
302820,3.4111,-9.94,0.50,22.43,94.32,0.3066,978.4,100.0,100.0,0.0,0.0,7259.5,7212.9
302880,3.4118,-9.87,0.50,26.16,76.50,0.3066,980.2,0.0,100.0,0.0,0.0,7228.0,7248.2
302940,3.4124,-9.79,0.50,25.09,83.65,0.3064,982.0,0.0,100.0,0.0,0.0,7230.8,7213.3
303000,3.4131,-9.72,0.50,24.08,88.67,0.3063,983.7,0.0,100.0,0.0,0.0,7216.7,7224.6
303060,3.4138,-9.65,0.50,23.14,92.08,0.3062,985.5,0.0,100.0,0.0,0.0,7212.2,7243.6
303120,3.4145,-9.58,0.50,22.27,94.31,0.3062,987.2,100.0,100.0,0.0,0.0,7226.4,7216.6
303180,3.4152,-9.51,0.50,26.04,76.41,0.3061,989.0,0.0,100.0,0.0,0.0,7211.4,7226.7
303240,3.4158,-9.44,0.50,25.00,83.55,0.3060,990.7,0.0,100.0,0.0,100.0,7187.0,7221.9
303300,3.4165,-9.37,0.50,24.03,88.57,0.3062,992.4,0.0,100.0,0.0,0.0,7216.7,7215.0
303360,3.4172,-9.30,0.50,23.12,91.94,0.3061,994.1,100.0,100.0,0.0,0.0,7197.3,7210.1
303420,3.4179,-9.23,0.50,26.86,75.31,0.3061,995.8,0.0,100.0,0.0,0.0,7227.7,7228.6
303480,3.4185,-9.17,0.50,25.80,82.65,0.3059,997.5,0.0,100.0,0.0,0.0,7177.4,7209.1
303540,3.4192,-9.10,0.50,24.80,87.84,0.3058,999.1,0.0,100.0,0.0,100.0,7200.3,7196.9
303600,3.4199,-9.03,0.50,23.87,91.43,0.3060,1000.8,0.0,100.0,0.0,0.0,7230.2,7165.7
303660,3.4206,-8.97,0.50,23.00,93.77,0.3060,1002.4,0.0,100.0,0.0,0.0,7170.2,7203.5
303720,3.4212,-8.90,0.50,22.18,95.25,0.3059,1004.0,100.0,100.0,0.0,0.0,7172.9,7163.1
303780,3.4219,-8.83,0.50,26.01,76.76,0.3059,1005.6,0.0,100.0,0.0,0.0,7196.2,7175.9
303840,3.4226,-8.77,0.50,25.03,83.69,0.3058,1007.2,0.0,100.0,0.0,100.0,7145.8,7226.4
303900,3.4233,-8.71,0.50,24.11,88.54,0.3060,1008.8,0.0,100.0,0.0,100.0,7174.2,7178.3
303960,3.4239,-8.64,0.50,23.25,91.80,0.3062,1010.4,0.0,100.0,0.0,0.0,7195.3,7179.0
304020,3.4246,-8.58,0.50,22.45,93.90,0.3062,1011.9,100.0,100.0,0.0,0.0,7131.2,7165.4
304080,3.4253,-8.52,0.50,26.29,76.08,0.3061,1013.5,0.0,100.0,0.0,0.0,7134.5,7178.9
304140,3.4260,-8.45,0.50,25.32,83.15,0.3060,1015.0,0.0,100.0,0.0,0.0,7164.6,7154.0
304200,3.4266,-8.39,0.50,24.40,88.07,0.3059,1016.5,0.0,100.0,0.0,0.0,7190.8,7181.7
304260,3.4273,-8.33,0.50,23.55,91.41,0.3058,1018.0,0.0,100.0,0.0,0.0,7136.1,7155.7
304320,3.4280,-8.27,0.50,22.76,93.58,0.3057,1019.5,100.0,100.0,0.0,100.0,7161.9,7131.3
304380,3.4287,-8.21,0.50,26.60,75.94,0.3060,1021.0,0.0,100.0,0.0,0.0,7146.7,7152.9
304440,3.4293,-8.15,0.50,25.63,82.97,0.3058,1022.5,0.0,100.0,0.0,0.0,7156.8,7155.9
304500,3.4300,-8.09,0.50,24.73,87.89,0.3057,1023.9,0.0,100.0,0.0,100.0,7166.7,7145.0
304560,3.4307,-8.03,0.50,23.88,91.25,0.3060,1025.3,0.0,100.0,0.0,0.0,7151.5,7088.4
304620,3.4314,-7.97,0.50,23.09,93.43,0.3059,1026.8,0.0,100.0,0.0,0.0,7096.4,7124.8
304680,3.4320,-7.92,0.50,22.35,94.80,0.3059,1028.2,100.0,100.0,0.0,0.0,7119.1,7112.9
304740,3.4327,-7.86,0.50,26.25,76.41,0.3058,1029.6,0.0,100.0,0.0,0.0,7121.9,7132.6
304800,3.4334,-7.80,0.50,25.33,83.29,0.3057,1031.0,0.0,100.0,0.0,0.0,7143.2,7108.0
304860,3.4341,-7.75,0.50,24.47,88.05,0.3056,1032.3,0.0,100.0,0.0,0.0,7133.7,7093.7
304920,3.4348,-7.69,0.50,23.66,91.26,0.3055,1033.7,0.0,100.0,0.0,100.0,7158.8,7088.3
304980,3.4354,-7.64,0.50,22.91,93.37,0.3058,1035.1,100.0,100.0,0.0,0.0,7093.5,7087.8
305040,3.4361,-7.58,0.50,26.80,75.76,0.3057,1036.4,0.0,100.0,0.0,0.0,7109.7,7110.8
305100,3.4368,-7.53,0.50,25.87,82.74,0.3055,1037.7,0.0,100.0,0.0,100.0,7088.7,7136.3
305160,3.4375,-7.48,0.50,25.00,87.64,0.3058,1039.0,0.0,100.0,0.0,0.0,7080.2,7111.6
305220,3.4381,-7.42,0.50,24.18,90.94,0.3057,1040.3,0.0,100.0,0.0,0.0,7113.0,7088.8
305280,3.4388,-7.37,0.50,23.42,93.11,0.3056,1041.6,0.0,100.0,0.0,0.0,7118.2,7095.3
305340,3.4395,-7.32,0.50,22.71,94.48,0.3056,1042.9,100.0,100.0,0.0,0.0,7094.5,7104.1
305400,3.4402,-7.27,0.50,26.64,76.23,0.3055,1044.1,0.0,100.0,0.0,0.0,7089.4,7103.9
305460,3.4408,-7.22,0.50,25.74,83.03,0.3054,1045.4,0.0,100.0,0.0,0.0,7084.0,7084.8
305520,3.4415,-7.17,0.50,24.90,87.77,0.3052,1046.6,0.0,100.0,0.0,100.0,7074.7,7058.0
305580,3.4422,-7.12,0.50,24.12,90.98,0.3055,1047.8,0.0,100.0,0.0,0.0,7067.7,7100.9
305640,3.4429,-7.07,0.50,23.38,93.07,0.3054,1049.0,0.0,100.0,0.0,0.0,7037.2,7077.9
305700,3.4435,-7.02,0.50,22.70,94.38,0.3054,1050.2,100.0,100.0,0.0,0.0,7088.7,7037.6
305760,3.4442,-6.98,0.50,26.65,76.13,0.3053,1051.4,0.0,100.0,0.0,0.0,7069.9,7029.2
305820,3.4449,-6.93,0.50,25.78,82.93,0.3052,1052.5,0.0,100.0,0.0,0.0,7054.7,7080.3
305880,3.4456,-6.88,0.50,24.96,87.64,0.3051,1053.7,0.0,100.0,0.0,0.0,7045.0,7077.2
305940,3.4462,-6.84,0.50,24.19,90.82,0.3050,1054.8,0.0,100.0,0.0,0.0,7067.2,7038.1
306000,3.4469,-6.79,0.50,23.48,92.91,0.3049,1055.9,0.0,100.0,0.0,0.0,6984.9,7049.2
306060,3.4476,-6.75,0.50,22.81,94.22,0.3049,1057.0,100.0,100.0,0.0,0.0,7049.4,7028.8
306120,3.4483,-6.70,0.50,26.77,76.03,0.3048,1058.1,0.0,100.0,0.0,100.0,7036.8,7015.1
306180,3.4489,-6.66,0.50,25.92,82.85,0.3050,1059.2,0.0,100.0,0.0,100.0,7025.7,7032.3
306240,3.4496,-6.61,0.50,25.11,87.56,0.3052,1060.3,0.0,100.0,0.0,100.0,7016.2,6988.1
306300,3.4503,-6.57,0.50,24.36,90.74,0.3054,1061.3,0.0,100.0,0.0,0.0,7007.7,6985.3
306360,3.4510,-6.53,0.50,23.66,92.81,0.3054,1062.3,0.0,100.0,0.0,0.0,7022.4,7017.5
306420,3.4516,-6.49,0.50,23.00,94.11,0.3053,1063.4,100.0,100.0,0.0,0.0,7013.7,7035.5
306480,3.4523,-6.45,0.50,26.97,75.97,0.3053,1064.4,0.0,100.0,0.0,0.0,6985.9,7010.9
306540,3.4530,-6.41,0.50,26.12,82.71,0.3051,1065.4,0.0,100.0,0.0,0.0,7007.3,7008.6
306600,3.4537,-6.37,0.50,25.33,87.40,0.3050,1066.4,0.0,100.0,0.0,0.0,7014.2,7002.7
306660,3.4544,-6.33,0.50,24.58,90.57,0.3049,1067.3,0.0,100.0,0.0,0.0,6995.9,6948.1
306720,3.4550,-6.29,0.50,23.88,92.65,0.3048,1068.3,0.0,100.0,0.0,0.0,6995.3,7030.5
306780,3.4557,-6.25,0.50,23.23,93.97,0.3048,1069.2,0.0,100.0,0.0,100.0,6966.0,6981.9
306840,3.4564,-6.21,0.50,22.62,94.77,0.3051,1070.1,100.0,100.0,0.0,0.0,7009.8,7024.2
306900,3.4571,-6.18,0.50,26.64,76.19,0.3050,1071.1,0.0,100.0,0.0,0.0,6985.1,6979.8
306960,3.4577,-6.14,0.50,25.83,82.87,0.3049,1072.0,0.0,100.0,0.0,100.0,6975.1,7002.2
307020,3.4584,-6.10,0.50,25.07,87.50,0.3051,1072.8,0.0,100.0,0.0,0.0,6976.7,6962.3
307080,3.4591,-6.07,0.50,24.36,90.58,0.3050,1073.7,0.0,100.0,0.0,0.0,6963.5,6956.3
307140,3.4598,-6.03,0.50,23.70,92.59,0.3049,1074.6,0.0,100.0,0.0,0.0,6947.3,6919.1
307200,3.4604,-6.00,0.50,23.07,93.86,0.3049,1075.4,100.0,100.0,0.0,0.0,6969.9,6986.1
307260,3.4611,-5.97,0.50,27.08,75.79,0.3048,1076.2,0.0,100.0,0.0,0.0,6952.2,6969.9
307320,3.4618,-5.93,0.50,26.27,82.52,0.3047,1077.0,0.0,100.0,0.0,0.0,6937.4,6941.3
307380,3.4625,-5.90,0.50,25.50,87.18,0.3045,1077.9,0.0,100.0,0.0,100.0,6930.8,6957.0
307440,3.4631,-5.87,0.50,24.78,90.36,0.3048,1078.6,0.0,100.0,0.0,100.0,6909.8,6946.4
307500,3.4638,-5.84,0.50,24.11,92.45,0.3050,1079.4,0.0,100.0,0.0,0.0,6945.2,6995.3
307560,3.4645,-5.81,0.50,23.48,93.75,0.3050,1080.2,0.0,100.0,0.0,0.0,6943.4,6918.5
307620,3.4652,-5.78,0.50,22.88,94.54,0.3049,1080.9,100.0,100.0,0.0,0.0,6947.9,6921.3
307680,3.4658,-5.75,0.50,26.92,76.06,0.3049,1081.6,0.0,100.0,0.0,0.0,6894.9,6907.6
307740,3.4665,-5.72,0.50,26.13,82.70,0.3047,1082.4,0.0,100.0,0.0,0.0,6962.3,6936.4
307800,3.4672,-5.69,0.50,25.39,87.28,0.3046,1083.1,0.0,100.0,0.0,0.0,6907.0,6917.9
307860,3.4679,-5.66,0.50,24.69,90.36,0.3045,1083.8,0.0,100.0,0.0,0.0,6911.5,6923.1
307920,3.4685,-5.63,0.50,24.04,92.38,0.3045,1084.4,0.0,100.0,0.0,100.0,6932.7,6940.9
307980,3.4692,-5.61,0.50,23.43,93.68,0.3047,1085.1,0.0,100.0,0.0,0.0,6896.8,6928.8
308040,3.4699,-5.58,0.50,22.86,94.45,0.3047,1085.7,100.0,100.0,0.0,0.0,6921.8,6889.5
308100,3.4706,-5.55,0.50,26.91,75.98,0.3047,1086.4,0.0,100.0,0.0,0.0,6871.5,6896.6
308160,3.4712,-5.53,0.50,26.14,82.63,0.3045,1087.0,0.0,100.0,0.0,0.0,6865.3,6922.9
308220,3.4719,-5.50,0.50,25.41,87.20,0.3044,1087.6,0.0,100.0,0.0,100.0,6890.8,6875.4
308280,3.4726,-5.48,0.50,24.73,90.30,0.3046,1088.2,0.0,100.0,0.0,100.0,6905.0,6864.8
308340,3.4733,-5.46,0.50,24.09,92.33,0.3049,1088.7,0.0,100.0,0.0,0.0,6871.6,6886.5
308400,3.4740,-5.43,0.50,23.49,93.60,0.3048,1089.3,0.0,100.0,0.0,0.0,6909.4,6864.4
308460,3.4746,-5.41,0.50,22.93,94.37,0.3048,1089.9,0.0,100.0,0.0,0.0,6895.9,6872.0
308520,3.4753,-5.39,0.50,22.40,94.80,0.3047,1090.4,100.0,100.0,0.0,100.0,6888.7,6885.2
308580,3.4760,-5.37,0.50,26.50,76.05,0.3050,1090.9,0.0,100.0,0.0,0.0,6858.5,6865.9
308640,3.4767,-5.35,0.50,25.76,82.71,0.3048,1091.4,0.0,100.0,0.0,100.0,6892.1,6895.4
308700,3.4773,-5.33,0.50,25.07,87.28,0.3051,1091.9,0.0,100.0,0.0,0.0,6851.4,6844.2
308760,3.4780,-5.31,0.50,24.42,90.30,0.3050,1092.4,0.0,100.0,0.0,0.0,6866.7,6913.8
308820,3.4787,-5.29,0.50,23.81,92.26,0.3049,1092.8,0.0,100.0,0.0,0.0,6861.2,6881.8
308880,3.4794,-5.27,0.50,23.24,93.50,0.3048,1093.3,0.0,100.0,0.0,0.0,6820.9,6870.8
308940,3.4800,-5.26,0.50,22.71,94.25,0.3048,1093.7,100.0,100.0,0.0,100.0,6827.5,6849.4
309000,3.4807,-5.24,0.50,26.80,75.83,0.3051,1094.1,0.0,100.0,0.0,0.0,6868.7,6844.1
309060,3.4814,-5.22,0.50,26.05,82.51,0.3049,1094.5,0.0,100.0,0.0,0.0,6856.9,6812.2
309120,3.4821,-5.21,0.50,25.35,87.09,0.3048,1094.9,0.0,100.0,0.0,0.0,6832.6,6826.7
309180,3.4827,-5.19,0.50,24.70,90.16,0.3047,1095.3,0.0,100.0,0.0,0.0,6832.9,6867.1
309240,3.4834,-5.18,0.50,24.08,92.16,0.3046,1095.7,0.0,100.0,0.0,100.0,6801.0,6853.0
309300,3.4841,-5.16,0.50,23.50,93.45,0.3049,1096.0,100.0,100.0,0.0,100.0,6784.9,6837.8
309360,3.4848,-5.15,0.50,27.55,75.56,0.3052,1096.3,0.0,100.0,0.0,100.0,6819.2,6837.2
309420,3.4854,-5.14,0.50,26.77,82.27,0.3053,1096.7,0.0,100.0,0.0,0.0,6808.5,6785.8
309480,3.4861,-5.12,0.50,26.04,86.89,0.3052,1097.0,0.0,100.0,0.0,0.0,6792.2,6812.7
309540,3.4868,-5.11,0.50,25.35,90.02,0.3051,1097.2,0.0,100.0,0.0,0.0,6791.8,6816.8
309600,3.4875,-5.10,0.50,24.70,92.09,0.3050,1097.5,0.0,100.0,0.0,0.0,6808.4,6784.7
309660,3.4881,-5.09,0.50,24.09,93.41,0.3050,1097.8,0.0,100.0,0.0,0.0,6801.6,6775.3
309720,3.4888,-5.08,0.50,23.52,94.23,0.3049,1098.0,0.0,100.0,0.0,0.0,6863.9,6803.2
309780,3.4895,-5.07,0.50,22.98,94.70,0.3049,1098.3,100.0,100.0,0.0,100.0,6812.0,6777.5
309840,3.4902,-5.06,0.50,27.07,76.07,0.3052,1098.5,0.0,100.0,0.0,100.0,6803.2,6753.3
309900,3.4908,-5.05,0.50,26.32,82.68,0.3053,1098.7,0.0,100.0,0.0,0.0,6780.1,6794.8
309960,3.4915,-5.05,0.50,25.62,87.17,0.3052,1098.9,0.0,100.0,0.0,0.0,6799.3,6758.1
310020,3.4922,-5.04,0.50,24.96,90.20,0.3051,1099.0,0.0,100.0,0.0,100.0,6782.4,6760.7
310080,3.4929,-5.03,0.50,24.34,92.20,0.3054,1099.2,0.0,100.0,0.0,0.0,6748.6,6760.1
310140,3.4936,-5.03,0.50,23.76,93.45,0.3053,1099.3,0.0,100.0,0.0,100.0,6751.9,6743.9
310200,3.4942,-5.02,0.50,23.21,94.23,0.3056,1099.5,0.0,100.0,0.0,0.0,6771.7,6758.2
310260,3.4949,-5.02,0.50,22.70,94.66,0.3056,1099.6,100.0,100.0,0.0,100.0,6737.1,6720.6
310320,3.4956,-5.01,0.50,26.81,76.00,0.3059,1099.7,0.0,100.0,0.0,100.0,6761.6,6758.7
310380,3.4963,-5.01,0.50,26.08,82.66,0.3060,1099.8,0.0,100.0,0.0,0.0,6756.1,6733.4
310440,3.4969,-5.01,0.50,25.40,87.18,0.3059,1099.9,0.0,100.0,0.0,100.0,6772.0,6785.0
310500,3.4976,-5.00,0.50,24.75,90.22,0.3061,1099.9,0.0,100.0,0.0,0.0,6745.1,6727.6
310560,3.4983,-5.00,0.50,24.15,92.19,0.3061,1100.0,0.0,100.0,0.0,0.0,6711.7,6746.9
310620,3.4990,-5.00,0.50,23.58,93.43,0.3060,1100.0,0.0,100.0,0.0,0.0,6753.8,6719.4
310680,3.4996,-5.00,0.50,23.04,94.19,0.3060,1100.0,100.0,100.0,0.0,100.0,6731.4,6732.0
310740,3.5003,-5.00,0.50,27.13,75.83,0.3063,1100.0,0.0,100.0,0.0,100.0,6714.2,6695.9
310800,3.5010,-5.00,0.50,26.39,82.52,0.3064,1100.0,0.0,100.0,0.0,0.0,6746.4,6710.6
310860,3.5017,-5.00,0.50,25.68,87.08,0.3063,1100.0,0.0,100.0,0.0,100.0,6687.7,6694.5
310920,3.5023,-5.00,0.50,25.02,90.16,0.3065,1099.9,0.0,100.0,0.0,0.0,6681.5,6673.3
310980,3.5030,-5.01,0.50,24.40,92.16,0.3065,1099.9,0.0,100.0,0.0,100.0,6663.0,6708.8
311040,3.5037,-5.01,0.50,23.82,93.45,0.3067,1099.8,0.0,100.0,0.0,0.0,6708.3,6677.0
311100,3.5044,-5.01,0.50,23.27,94.23,0.3067,1099.7,0.0,100.0,0.0,0.0,6680.5,6671.7
311160,3.5050,-5.02,0.50,22.75,94.68,0.3066,1099.6,0.0,100.0,0.0,0.0,6719.7,6698.1
311220,3.5057,-5.02,0.50,22.26,94.91,0.3066,1099.5,100.0,100.0,0.0,0.0,6695.2,6659.5
311280,3.5064,-5.03,0.50,26.40,76.04,0.3066,1099.4,0.0,100.0,0.0,100.0,6713.7,6666.0
311340,3.5071,-5.03,0.50,25.69,82.77,0.3067,1099.2,0.0,100.0,0.0,100.0,6693.2,6622.2
311400,3.5077,-5.04,0.50,25.03,87.32,0.3069,1099.1,0.0,100.0,0.0,0.0,6664.9,6691.2
311460,3.5084,-5.05,0.50,24.40,90.32,0.3068,1098.9,0.0,100.0,0.0,0.0,6646.1,6664.0
311520,3.5091,-5.05,0.50,23.82,92.26,0.3068,1098.7,0.0,100.0,0.0,0.0,6626.8,6673.2
311580,3.5098,-5.06,0.50,23.26,93.48,0.3067,1098.5,0.0,100.0,0.0,0.0,6666.9,6672.5
311640,3.5104,-5.07,0.50,22.74,94.22,0.3067,1098.3,100.0,100.0,0.0,0.0,6695.9,6649.5
311700,3.5111,-5.08,0.50,26.84,75.80,0.3066,1098.0,0.0,100.0,0.0,0.0,6618.6,6655.5
311760,3.5118,-5.09,0.50,26.11,82.54,0.3064,1097.8,0.0,100.0,0.0,0.0,6683.8,6651.7
311820,3.5125,-5.10,0.50,25.41,87.14,0.3063,1097.5,0.0,100.0,0.0,100.0,6692.6,6647.7
311880,3.5132,-5.11,0.50,24.76,90.24,0.3066,1097.3,0.0,100.0,0.0,0.0,6611.2,6674.3
311940,3.5138,-5.12,0.50,24.14,92.24,0.3065,1097.0,0.0,100.0,0.0,0.0,6624.6,6653.4
312000,3.5145,-5.13,0.50,23.57,93.51,0.3064,1096.7,0.0,100.0,0.0,0.0,6610.2,6636.1
312060,3.5152,-5.15,0.50,23.02,94.29,0.3064,1096.4,100.0,100.0,0.0,100.0,6634.5,6601.6
312120,3.5159,-5.16,0.50,27.10,75.91,0.3067,1096.0,0.0,100.0,0.0,0.0,6628.8,6648.5
312180,3.5165,-5.18,0.50,26.34,82.61,0.3065,1095.7,0.0,100.0,0.0,0.0,6605.1,6636.9
312240,3.5172,-5.19,0.50,25.62,87.20,0.3064,1095.3,0.0,100.0,0.0,0.0,6594.8,6580.2
312300,3.5179,-5.20,0.50,24.95,90.29,0.3063,1095.0,0.0,100.0,0.0,100.0,6633.7,6656.4
312360,3.5186,-5.22,0.50,24.32,92.33,0.3065,1094.6,0.0,100.0,0.0,0.0,6629.9,6642.1
312420,3.5192,-5.24,0.50,23.72,93.61,0.3065,1094.2,0.0,100.0,0.0,0.0,6617.7,6595.9
312480,3.5199,-5.25,0.50,23.16,94.39,0.3064,1093.7,0.0,100.0,0.0,100.0,6589.7,6608.9
312540,3.5206,-5.27,0.50,22.63,94.85,0.3067,1093.3,100.0,100.0,0.0,0.0,6554.5,6601.0
312600,3.5213,-5.29,0.50,26.72,76.12,0.3067,1092.9,0.0,100.0,0.0,100.0,6573.2,6625.0
312660,3.5219,-5.31,0.50,25.97,82.87,0.3068,1092.4,0.0,100.0,0.0,0.0,6545.3,6581.4
312720,3.5226,-5.33,0.50,25.27,87.43,0.3067,1091.9,0.0,100.0,0.0,0.0,6608.3,6584.8
312780,3.5233,-5.35,0.50,24.60,90.48,0.3066,1091.5,0.0,100.0,0.0,0.0,6584.1,6559.1
312840,3.5240,-5.37,0.50,23.98,92.46,0.3066,1090.9,0.0,100.0,0.0,0.0,6603.4,6566.0
312900,3.5246,-5.39,0.50,23.39,93.71,0.3065,1090.4,0.0,100.0,0.0,0.0,6592.7,6574.1
312960,3.5253,-5.41,0.50,22.83,94.47,0.3064,1089.9,0.0,100.0,0.0,0.0,6578.2,6577.4
313020,3.5260,-5.43,0.50,22.31,94.90,0.3064,1089.4,100.0,100.0,0.0,0.0,6577.4,6532.8
313080,3.5267,-5.46,0.50,26.40,76.12,0.3064,1088.8,0.0,100.0,0.0,0.0,6526.1,6537.0
313140,3.5273,-5.48,0.50,25.66,82.91,0.3062,1088.2,0.0,100.0,0.0,0.0,6595.1,6562.0
313200,3.5280,-5.50,0.50,24.96,87.52,0.3061,1087.6,0.0,100.0,0.0,100.0,6543.6,6556.0
313260,3.5287,-5.53,0.50,24.30,90.60,0.3063,1087.0,0.0,100.0,0.0,0.0,6551.4,6521.4
313320,3.5294,-5.55,0.50,23.68,92.57,0.3062,1086.4,0.0,100.0,0.0,100.0,6545.4,6556.6
313380,3.5300,-5.58,0.50,23.09,93.83,0.3065,1085.8,100.0,100.0,0.0,0.0,6567.9,6549.3
313440,3.5307,-5.60,0.50,27.13,75.76,0.3065,1085.1,0.0,100.0,0.0,0.0,6530.5,6500.7
313500,3.5314,-5.63,0.50,26.33,82.62,0.3063,1084.5,0.0,100.0,0.0,0.0,6495.9,6538.5
313560,3.5321,-5.66,0.50,25.58,87.33,0.3062,1083.8,0.0,100.0,0.0,0.0,6488.6,6537.3
313620,3.5328,-5.69,0.50,24.87,90.50,0.3061,1083.1,0.0,100.0,0.0,0.0,6495.5,6513.1
313680,3.5334,-5.71,0.50,24.20,92.57,0.3060,1082.4,0.0,100.0,0.0,0.0,6532.6,6470.0
313740,3.5341,-5.74,0.50,23.57,93.89,0.3059,1081.7,0.0,100.0,0.0,100.0,6537.6,6504.0
313800,3.5348,-5.77,0.50,22.98,94.70,0.3062,1081.0,100.0,100.0,0.0,0.0,6498.2,6515.5
313860,3.5355,-5.80,0.50,27.00,76.20,0.3062,1080.2,0.0,100.0,0.0,0.0,6483.9,6534.7
313920,3.5361,-5.83,0.50,26.20,82.98,0.3060,1079.5,0.0,100.0,0.0,0.0,6539.5,6456.5
313980,3.5368,-5.87,0.50,25.44,87.63,0.3059,1078.7,0.0,100.0,0.0,100.0,6497.7,6497.5
314040,3.5375,-5.90,0.50,24.72,90.77,0.3061,1077.9,0.0,100.0,0.0,100.0,6496.9,6494.0
314100,3.5382,-5.93,0.50,24.04,92.81,0.3064,1077.1,0.0,100.0,0.0,0.0,6530.5,6478.1
314160,3.5388,-5.96,0.50,23.40,94.09,0.3063,1076.3,0.0,100.0,0.0,100.0,6473.2,6506.1
314220,3.5395,-6.00,0.50,22.80,94.87,0.3066,1075.5,100.0,100.0,0.0,100.0,6476.4,6477.9
314280,3.5402,-6.03,0.50,26.82,76.30,0.3069,1074.6,0.0,100.0,0.0,0.0,6495.1,6480.0
314340,3.5409,-6.07,0.50,26.01,83.12,0.3068,1073.8,0.0,100.0,0.0,0.0,6443.0,6489.3
314400,3.5415,-6.10,0.50,25.24,87.78,0.3066,1072.9,0.0,100.0,0.0,0.0,6446.0,6443.4
314460,3.5422,-6.14,0.50,24.51,90.91,0.3065,1072.0,0.0,100.0,0.0,100.0,6468.7,6435.6
314520,3.5429,-6.17,0.50,23.83,92.95,0.3068,1071.1,0.0,100.0,0.0,0.0,6475.8,6481.8
314580,3.5436,-6.21,0.50,23.18,94.23,0.3068,1070.2,0.0,100.0,0.0,100.0,6446.8,6426.0
314640,3.5442,-6.25,0.50,22.57,95.01,0.3070,1069.3,100.0,100.0,0.0,100.0,6447.1,6484.7
314700,3.5449,-6.29,0.50,26.58,76.37,0.3073,1068.4,0.0,100.0,0.0,0.0,6468.6,6446.9
314760,3.5456,-6.32,0.50,25.76,83.25,0.3072,1067.4,0.0,100.0,0.0,100.0,6450.1,6475.1
314820,3.5463,-6.36,0.50,24.99,87.97,0.3074,1066.4,0.0,100.0,0.0,0.0,6424.5,6455.8
314880,3.5469,-6.40,0.50,24.26,91.09,0.3073,1065.5,0.0,100.0,0.0,0.0,6428.0,6399.7
314940,3.5476,-6.44,0.50,23.57,93.11,0.3072,1064.5,0.0,100.0,0.0,0.0,6373.4,6409.5
315000,3.5483,-6.48,0.50,22.91,94.38,0.3072,1063.4,0.0,100.0,0.0,0.0,6430.4,6432.1
315060,3.5490,-6.53,0.50,22.29,95.14,0.3071,1062.4,100.0,100.0,0.0,0.0,6409.3,6429.7
315120,3.5496,-6.57,0.50,26.30,76.42,0.3071,1061.4,0.0,100.0,0.0,0.0,6415.9,6432.9
315180,3.5503,-6.61,0.50,25.47,83.38,0.3069,1060.3,0.0,100.0,0.0,0.0,6357.5,6438.7
315240,3.5510,-6.65,0.50,24.69,88.11,0.3068,1059.3,0.0,100.0,0.0,100.0,6391.4,6441.9
315300,3.5517,-6.70,0.50,23.96,91.27,0.3070,1058.2,0.0,100.0,0.0,0.0,6392.6,6411.1
315360,3.5524,-6.74,0.50,23.26,93.29,0.3070,1057.1,0.0,100.0,0.0,0.0,6400.0,6426.2
315420,3.5530,-6.79,0.50,22.60,94.55,0.3069,1056.0,100.0,100.0,0.0,0.0,6408.8,6400.7
315480,3.5537,-6.83,0.50,26.57,76.23,0.3069,1054.9,0.0,100.0,0.0,0.0,6406.0,6399.3
315540,3.5544,-6.88,0.50,25.70,83.28,0.3067,1053.8,0.0,100.0,0.0,100.0,6399.9,6399.5
315600,3.5551,-6.93,0.50,24.89,88.12,0.3069,1052.6,0.0,100.0,0.0,0.0,6394.8,6376.3
315660,3.5557,-6.97,0.50,24.12,91.32,0.3068,1051.5,0.0,100.0,0.0,100.0,6389.7,6376.0
315720,3.5564,-7.02,0.50,23.39,93.42,0.3071,1050.3,0.0,100.0,0.0,0.0,6378.1,6358.4
315780,3.5571,-7.07,0.50,22.70,94.71,0.3070,1049.1,100.0,100.0,0.0,0.0,6366.2,6364.1
315840,3.5578,-7.12,0.50,26.64,76.38,0.3070,1047.9,0.0,100.0,0.0,0.0,6350.6,6351.9
315900,3.5584,-7.17,0.50,25.74,83.42,0.3068,1046.7,0.0,100.0,0.0,0.0,6354.6,6385.3
315960,3.5591,-7.22,0.50,24.90,88.26,0.3067,1045.5,0.0,100.0,0.0,0.0,6384.4,6386.1
316020,3.5598,-7.27,0.50,24.11,91.48,0.3066,1044.2,0.0,100.0,0.0,0.0,6325.9,6342.7
316080,3.5605,-7.32,0.50,23.35,93.58,0.3066,1043.0,0.0,100.0,0.0,0.0,6342.2,6358.8
316140,3.5611,-7.37,0.50,22.64,94.89,0.3065,1041.7,0.0,100.0,0.0,0.0,6348.0,6342.9
316200,3.5618,-7.42,0.50,21.97,95.66,0.3065,1040.4,100.0,100.0,0.0,0.0,6360.1,6328.0
316260,3.5625,-7.47,0.50,25.92,76.76,0.3064,1039.1,0.0,100.0,0.0,0.0,6338.7,6334.9
316320,3.5632,-7.53,0.50,25.04,83.84,0.3063,1037.8,0.0,100.0,0.0,0.0,6312.5,6301.9
316380,3.5638,-7.58,0.50,24.21,88.65,0.3061,1036.5,0.0,100.0,0.0,100.0,6331.0,6324.6
316440,3.5645,-7.63,0.50,23.43,91.84,0.3064,1035.2,0.0,100.0,0.0,100.0,6306.7,6291.1
316500,3.5652,-7.69,0.50,22.69,93.88,0.3067,1033.8,100.0,100.0,0.0,0.0,6302.2,6313.4
316560,3.5659,-7.74,0.50,26.58,76.08,0.3066,1032.5,0.0,100.0,0.0,0.0,6350.3,6302.8
316620,3.5665,-7.80,0.50,25.64,83.36,0.3064,1031.1,0.0,100.0,0.0,0.0,6297.5,6311.0
316680,3.5672,-7.86,0.50,24.75,88.36,0.3063,1029.7,0.0,100.0,0.0,0.0,6315.3,6306.5
316740,3.5679,-7.91,0.50,23.91,91.71,0.3062,1028.3,0.0,100.0,0.0,0.0,6320.4,6319.0
316800,3.5686,-7.97,0.50,23.12,93.87,0.3062,1026.9,0.0,100.0,0.0,0.0,6276.4,6321.9
316860,3.5692,-8.03,0.50,22.37,95.22,0.3061,1025.5,100.0,100.0,0.0,0.0,6284.2,6311.8
316920,3.5699,-8.09,0.50,26.25,76.73,0.3061,1024.0,0.0,100.0,0.0,0.0,6282.4,6288.8
316980,3.5706,-8.15,0.50,25.30,83.91,0.3059,1022.6,0.0,100.0,0.0,0.0,6289.5,6259.1
317040,3.5713,-8.20,0.50,24.40,88.82,0.3058,1021.1,0.0,100.0,0.0,0.0,6277.5,6270.7
317100,3.5720,-8.27,0.50,23.56,92.09,0.3057,1019.6,0.0,100.0,0.0,0.0,6269.5,6313.7
317160,3.5726,-8.33,0.50,22.76,94.19,0.3057,1018.1,100.0,100.0,0.0,0.0,6272.1,6297.9
317220,3.5733,-8.39,0.50,26.59,76.35,0.3056,1016.6,0.0,100.0,0.0,0.0,6293.0,6285.5
317280,3.5740,-8.45,0.50,25.60,83.67,0.3054,1015.1,0.0,100.0,0.0,0.0,6277.1,6284.8
317340,3.5747,-8.51,0.50,24.66,88.72,0.3053,1013.6,0.0,100.0,0.0,0.0,6236.5,6296.2
317400,3.5753,-8.57,0.50,23.77,92.10,0.3052,1012.0,0.0,100.0,0.0,100.0,6262.0,6268.4
317460,3.5760,-8.64,0.50,22.93,94.30,0.3055,1010.5,0.0,100.0,0.0,0.0,6217.5,6227.4
317520,3.5767,-8.70,0.50,22.14,95.65,0.3055,1008.9,100.0,100.0,0.0,100.0,6213.6,6260.1
317580,3.5774,-8.76,0.50,25.98,77.01,0.3058,1007.3,0.0,100.0,0.0,0.0,6246.9,6245.8
317640,3.5780,-8.83,0.50,24.99,84.27,0.3056,1005.8,0.0,100.0,0.0,100.0,6279.0,6256.8
317700,3.5787,-8.89,0.50,24.06,89.26,0.3058,1004.1,0.0,100.0,0.0,0.0,6230.3,6244.1
317760,3.5794,-8.96,0.50,23.18,92.54,0.3057,1002.5,0.0,100.0,0.0,0.0,6281.4,6225.7
317820,3.5801,-9.03,0.50,22.34,94.63,0.3057,1000.9,100.0,100.0,0.0,0.0,6195.9,6219.7
317880,3.5807,-9.09,0.50,26.14,76.61,0.3056,999.3,0.0,100.0,0.0,100.0,6254.1,6246.2
317940,3.5814,-9.16,0.50,25.12,84.09,0.3058,997.6,0.0,100.0,0.0,0.0,6204.8,6194.5
318000,3.5821,-9.23,0.50,24.15,89.18,0.3057,995.9,0.0,100.0,0.0,0.0,6203.4,6207.7
318060,3.5828,-9.30,0.50,23.24,92.57,0.3056,994.2,0.0,100.0,0.0,0.0,6186.5,6216.7
318120,3.5834,-9.37,0.50,22.37,94.74,0.3055,992.5,100.0,100.0,0.0,0.0,6237.6,6202.1
318180,3.5841,-9.43,0.50,26.14,76.72,0.3055,990.8,0.0,100.0,0.0,0.0,6206.7,6185.6
318240,3.5848,-9.50,0.50,25.09,84.19,0.3053,989.1,0.0,100.0,0.0,0.0,6173.0,6228.1
318300,3.5855,-9.57,0.50,24.10,89.33,0.3052,987.4,0.0,100.0,0.0,100.0,6178.7,6195.2
318360,3.5861,-9.65,0.50,23.16,92.77,0.3055,985.6,0.0,100.0,0.0,0.0,6203.8,6214.7
318420,3.5868,-9.72,0.50,22.27,94.95,0.3054,983.9,100.0,100.0,0.0,0.0,6167.2,6204.2
318480,3.5875,-9.79,0.50,26.02,76.87,0.3054,982.1,0.0,100.0,0.0,100.0,6185.1,6185.8
318540,3.5882,-9.86,0.50,24.95,84.42,0.3055,980.3,0.0,100.0,0.0,0.0,6176.2,6161.6
318600,3.5888,-9.93,0.50,23.94,89.57,0.3054,978.5,0.0,100.0,0.0,0.0,6186.2,6175.4
318660,3.5895,-10.01,0.50,22.98,92.99,0.3053,976.7,0.0,100.0,0.0,0.0,6163.2,6204.7
318720,3.5902,-10.08,0.50,22.07,95.18,0.3053,974.9,100.0,100.0,0.0,100.0,6150.9,6188.3
318780,3.5909,-10.16,0.50,25.80,77.01,0.3056,973.1,0.0,100.0,0.0,0.0,6159.2,6124.0
318840,3.5916,-10.23,0.50,24.71,84.58,0.3054,971.3,0.0,100.0,0.0,0.0,6151.1,6164.7
318900,3.5922,-10.31,0.50,23.68,89.77,0.3053,969.4,0.0,100.0,0.0,0.0,6155.8,6164.9
318960,3.5929,-10.38,0.50,22.71,93.20,0.3052,967.5,100.0,100.0,0.0,100.0,6121.5,6096.2
319020,3.5936,-10.46,0.50,26.38,76.22,0.3055,965.7,0.0,100.0,0.0,0.0,6166.8,6129.9
319080,3.5943,-10.53,0.50,25.23,84.02,0.3053,963.8,0.0,100.0,0.0,100.0,6131.9,6156.6
319140,3.5949,-10.61,0.50,24.14,89.47,0.3055,961.9,0.0,100.0,0.0,0.0,6126.9,6124.6
319200,3.5956,-10.69,0.50,23.12,93.10,0.3055,959.9,0.0,100.0,0.0,100.0,6112.8,6125.1
319260,3.5963,-10.77,0.50,22.15,95.45,0.3057,958.0,100.0,100.0,0.0,0.0,6094.4,6090.5
319320,3.5970,-10.85,0.50,25.82,77.27,0.3057,956.1,0.0,100.0,0.0,100.0,6139.4,6143.5
319380,3.5976,-10.93,0.50,24.67,84.93,0.3059,954.1,0.0,100.0,0.0,0.0,6164.0,6101.0
319440,3.5983,-11.01,0.50,23.59,90.16,0.3058,952.2,0.0,100.0,0.0,0.0,6089.1,6153.3
319500,3.5990,-11.09,0.50,22.56,93.63,0.3057,950.2,100.0,100.0,0.0,100.0,6106.4,6095.6
319560,3.5997,-11.17,0.50,26.18,76.52,0.3060,948.2,0.0,100.0,0.0,0.0,6086.2,6109.2
319620,3.6003,-11.25,0.50,24.99,84.40,0.3058,946.2,0.0,100.0,0.0,0.0,6101.6,6104.2
319680,3.6010,-11.33,0.50,23.86,89.87,0.3057,944.2,0.0,100.0,0.0,100.0,6069.8,6110.8
319740,3.6017,-11.41,0.50,22.79,93.55,0.3059,942.2,100.0,100.0,0.0,0.0,6107.3,6134.6
319800,3.6024,-11.49,0.50,26.37,76.57,0.3059,940.2,0.0,100.0,0.0,100.0,6119.9,6072.8
319860,3.6030,-11.58,0.50,25.14,84.51,0.3060,938.1,0.0,100.0,0.0,0.0,6093.3,6077.2
319920,3.6037,-11.66,0.50,23.98,90.01,0.3059,936.1,0.0,100.0,0.0,100.0,6076.9,6063.6
319980,3.6044,-11.74,0.50,22.88,93.73,0.3062,934.0,0.0,100.0,0.0,100.0,6057.5,6114.8
320040,3.6051,-11.83,0.50,21.84,96.11,0.3065,931.9,100.0,100.0,0.0,0.0,6072.5,6083.5
320100,3.6057,-11.91,0.50,25.44,77.72,0.3064,929.8,0.0,100.0,0.0,0.0,6104.9,6064.3
320160,3.6064,-12.00,0.50,24.23,85.46,0.3063,927.7,0.0,100.0,0.0,0.0,6051.0,6026.3
320220,3.6071,-12.08,0.50,23.09,90.78,0.3062,925.6,0.0,100.0,0.0,100.0,6056.6,6043.3
320280,3.6078,-12.17,0.50,22.00,94.31,0.3064,923.5,100.0,100.0,0.0,0.0,6097.2,6059.5
320340,3.6084,-12.26,0.50,25.57,76.93,0.3064,921.4,0.0,100.0,0.0,0.0,6044.6,6071.2
320400,3.6091,-12.34,0.50,24.32,84.98,0.3062,919.2,0.0,100.0,0.0,0.0,6053.6,6023.4
320460,3.6098,-12.43,0.50,23.15,90.53,0.3061,917.1,0.0,100.0,0.0,0.0,6051.3,6022.4
320520,3.6105,-12.52,0.50,22.03,94.22,0.3060,914.9,100.0,100.0,0.0,0.0,6034.7,6047.8
320580,3.6112,-12.61,0.50,25.57,76.96,0.3060,912.7,0.0,100.0,0.0,100.0,6029.5,6018.9
320640,3.6118,-12.70,0.50,24.29,85.11,0.3062,910.5,0.0,100.0,0.0,0.0,6002.6,6010.9
320700,3.6125,-12.79,0.50,23.09,90.70,0.3061,908.3,0.0,100.0,0.0,0.0,6036.6,6054.1
320760,3.6132,-12.88,0.50,21.95,94.42,0.3060,906.1,100.0,100.0,0.0,0.0,6027.5,6026.0
320820,3.6139,-12.97,0.50,25.46,77.10,0.3059,903.9,0.0,100.0,0.0,0.0,6016.6,5993.1
320880,3.6145,-13.06,0.50,24.17,85.25,0.3058,901.6,0.0,100.0,0.0,0.0,5990.9,6006.5
320940,3.6152,-13.15,0.50,22.94,90.89,0.3057,899.4,0.0,100.0,0.0,0.0,6007.0,6015.5
321000,3.6159,-13.24,0.50,21.78,94.63,0.3056,897.1,100.0,100.0,0.0,100.0,5967.9,6046.2
321060,3.6166,-13.33,0.50,25.27,77.25,0.3059,894.9,0.0,100.0,0.0,0.0,6001.3,6005.3
321120,3.6172,-13.43,0.50,23.96,85.45,0.3057,892.6,0.0,100.0,0.0,100.0,6009.7,5979.8
321180,3.6179,-13.52,0.50,22.72,91.14,0.3060,890.3,100.0,100.0,0.0,100.0,5970.9,5977.0
321240,3.6186,-13.61,0.50,26.13,75.73,0.3062,888.0,0.0,100.0,0.0,100.0,5988.8,5996.7
321300,3.6193,-13.71,0.50,24.74,84.38,0.3064,885.7,0.0,100.0,0.0,100.0,5971.3,6011.9
321360,3.6199,-13.80,0.50,23.43,90.46,0.3066,883.4,0.0,100.0,0.0,100.0,5955.6,5961.8
321420,3.6206,-13.89,0.50,22.19,94.55,0.3069,881.1,100.0,100.0,0.0,0.0,5996.2,5963.5
321480,3.6213,-13.99,0.50,25.60,77.39,0.3068,878.7,0.0,100.0,0.0,0.0,5956.2,5973.0
321540,3.6220,-14.09,0.50,24.22,85.63,0.3066,876.4,0.0,100.0,0.0,100.0,5967.0,5991.5
321600,3.6226,-14.18,0.50,22.90,91.41,0.3069,874.0,100.0,100.0,0.0,0.0,5971.9,5960.1
321660,3.6233,-14.28,0.50,26.25,75.99,0.3068,871.6,0.0,100.0,0.0,100.0,5990.0,5969.3
321720,3.6240,-14.37,0.50,24.80,84.68,0.3070,869.3,0.0,100.0,0.0,0.0,5943.3,5968.3
321780,3.6247,-14.47,0.50,23.43,90.78,0.3069,866.9,0.0,100.0,0.0,0.0,5931.7,5944.9
321840,3.6253,-14.57,0.50,22.14,94.91,0.3068,864.5,100.0,100.0,0.0,0.0,5911.0,5957.8
321900,3.6260,-14.67,0.50,25.50,77.68,0.3068,862.0,0.0,100.0,0.0,0.0,5934.5,5950.2
321960,3.6267,-14.77,0.50,24.07,85.99,0.3066,859.6,0.0,100.0,0.0,100.0,5961.5,5950.2
322020,3.6274,-14.86,0.50,22.71,91.81,0.3068,857.2,100.0,100.0,0.0,100.0,5917.9,5930.8
322080,3.6280,-14.96,0.50,26.01,76.29,0.3071,854.7,0.0,100.0,0.0,0.0,5922.8,5943.0
322140,3.6287,-15.06,0.50,24.52,85.01,0.3069,852.3,0.0,100.0,0.0,100.0,5951.5,5925.8
322200,3.6294,-15.16,0.50,23.11,91.21,0.3071,849.8,0.0,100.0,0.0,0.0,5928.1,5884.9
322260,3.6301,-15.26,0.50,21.78,95.36,0.3071,847.4,100.0,100.0,0.0,0.0,5920.4,5922.4
322320,3.6308,-15.36,0.50,25.11,77.96,0.3070,844.9,0.0,100.0,0.0,0.0,5887.4,5931.6
322380,3.6314,-15.47,0.50,23.64,86.37,0.3069,842.4,0.0,100.0,0.0,100.0,5918.9,5915.7
322440,3.6321,-15.57,0.50,22.25,92.25,0.3071,839.9,100.0,100.0,0.0,0.0,5897.7,5877.3
322500,3.6328,-15.67,0.50,25.53,76.55,0.3071,837.4,0.0,100.0,0.0,0.0,5925.2,5872.4
322560,3.6335,-15.77,0.50,24.01,85.40,0.3069,834.8,0.0,100.0,0.0,100.0,5895.8,5886.7
322620,3.6341,-15.87,0.50,22.57,91.66,0.3071,832.3,100.0,100.0,0.0,100.0,5869.3,5851.7
322680,3.6348,-15.98,0.50,25.81,76.37,0.3074,829.8,0.0,100.0,0.0,0.0,5893.8,5873.6
322740,3.6355,-16.08,0.50,24.25,85.30,0.3072,827.2,0.0,100.0,0.0,0.0,5900.8,5880.7
322800,3.6362,-16.19,0.50,22.77,91.63,0.3071,824.7,100.0,100.0,0.0,100.0,5891.6,5898.7
322860,3.6368,-16.29,0.50,25.97,76.43,0.3074,822.1,0.0,100.0,0.0,0.0,5849.7,5891.5
322920,3.6375,-16.39,0.50,24.37,85.38,0.3072,819.5,0.0,100.0,0.0,0.0,5880.4,5908.8
322980,3.6382,-16.50,0.50,22.86,91.75,0.3071,816.9,0.0,100.0,0.0,0.0,5877.9,5826.4
323040,3.6389,-16.61,0.50,21.44,96.06,0.3070,814.3,100.0,100.0,0.0,0.0,5853.1,5863.3
323100,3.6395,-16.71,0.50,24.68,78.48,0.3070,811.7,0.0,100.0,0.0,0.0,5879.5,5853.1
323160,3.6402,-16.82,0.50,23.13,87.06,0.3069,809.1,0.0,100.0,0.0,0.0,5900.4,5852.5
323220,3.6409,-16.92,0.50,21.66,93.03,0.3068,806.5,100.0,100.0,0.0,0.0,5871.2,5854.7
323280,3.6416,-17.03,0.50,24.86,77.08,0.3067,803.9,0.0,100.0,0.0,0.0,5867.5,5871.1
323340,3.6422,-17.14,0.50,23.27,86.14,0.3065,801.2,0.0,100.0,0.0,0.0,5868.4,5818.4
323400,3.6429,-17.25,0.50,21.77,92.48,0.3064,798.6,100.0,100.0,0.0,100.0,5842.1,5821.5
323460,3.6436,-17.35,0.50,24.94,76.90,0.3067,795.9,0.0,100.0,0.0,0.0,5823.8,5821.8
323520,3.6443,-17.46,0.50,23.32,86.06,0.3066,793.2,0.0,100.0,0.0,100.0,5847.3,5824.6
323580,3.6449,-17.57,0.50,21.79,92.53,0.3068,790.5,100.0,100.0,0.0,0.0,5797.7,5824.5
323640,3.6456,-17.68,0.50,24.93,76.97,0.3067,787.9,0.0,100.0,0.0,0.0,5825.0,5821.4
323700,3.6463,-17.79,0.50,23.28,86.18,0.3066,785.2,0.0,100.0,0.0,0.0,5835.9,5854.0
323760,3.6470,-17.90,0.50,21.73,92.66,0.3065,782.5,100.0,100.0,0.0,100.0,5822.8,5809.8
323820,3.6476,-18.01,0.50,24.85,77.10,0.3068,779.7,0.0,100.0,0.0,0.0,5805.3,5840.8
323880,3.6483,-18.12,0.50,23.18,86.34,0.3066,777.0,0.0,100.0,0.0,0.0,5823.5,5825.3
323940,3.6490,-18.23,0.50,21.60,92.86,0.3065,774.3,100.0,100.0,0.0,0.0,5797.7,5811.3
324000,3.6497,-18.34,0.50,24.70,77.22,0.3064,771.5,0.0,100.0,0.0,0.0,5791.4,5803.6
324060,3.6504,-18.46,0.50,23.02,86.52,0.3063,768.8,0.0,100.0,0.0,0.0,5780.3,5793.3
324120,3.6510,-18.57,0.50,21.42,93.06,0.3062,766.0,100.0,100.0,0.0,0.0,5759.7,5776.2
324180,3.6517,-18.68,0.50,24.51,77.35,0.3061,763.3,0.0,100.0,0.0,0.0,5781.0,5795.1
324240,3.6524,-18.79,0.50,22.81,86.71,0.3060,760.5,100.0,100.0,0.0,0.0,5758.2,5792.6
324300,3.6531,-18.91,0.50,25.79,74.33,0.3059,757.7,0.0,100.0,0.0,100.0,5770.4,5791.7
324360,3.6537,-19.02,0.50,23.99,84.47,0.3060,754.9,0.0,100.0,0.0,100.0,5757.9,5785.8
324420,3.6544,-19.13,0.50,22.30,91.79,0.3062,752.1,100.0,100.0,0.0,0.0,5742.9,5796.1
324480,3.6551,-19.25,0.50,25.28,76.95,0.3062,749.3,0.0,100.0,0.0,0.0,5761.7,5796.7
324540,3.6558,-19.36,0.50,23.49,86.43,0.3060,746.5,0.0,100.0,0.0,0.0,5738.5,5758.1
324600,3.6564,-19.48,0.50,21.79,93.21,0.3059,743.7,100.0,100.0,0.0,100.0,5722.5,5747.5
324660,3.6571,-19.59,0.50,24.78,77.66,0.3062,740.9,0.0,100.0,0.0,100.0,5777.8,5766.9
324720,3.6578,-19.71,0.50,22.99,87.11,0.3064,738.0,0.0,100.0,0.0,100.0,5735.0,5764.5
324780,3.6585,-19.82,0.50,21.30,93.80,0.3066,735.2,100.0,100.0,0.0,100.0,5729.9,5727.8
324840,3.6591,-19.94,0.50,24.29,77.94,0.3069,732.3,0.0,100.0,0.0,0.0,5753.5,5800.5
324900,3.6598,-20.05,0.50,22.50,87.40,0.3067,729.4,100.0,100.0,0.0,0.0,5725.5,5744.8
324960,3.6605,-20.17,0.50,25.40,74.86,0.3067,726.6,0.0,100.0,0.0,100.0,5691.8,5756.8
325020,3.6612,-20.29,0.50,23.52,85.15,0.3068,723.7,0.0,100.0,0.0,0.0,5757.7,5731.2
325080,3.6618,-20.40,0.50,21.75,92.55,0.3067,720.8,100.0,100.0,0.0,0.0,5728.2,5716.1
325140,3.6625,-20.52,0.50,24.67,77.48,0.3067,717.9,0.0,100.0,0.0,0.0,5719.4,5715.1
325200,3.6632,-20.64,0.50,22.81,87.14,0.3065,715.0,100.0,100.0,0.0,0.0,5697.5,5711.4
325260,3.6639,-20.76,0.50,25.64,74.85,0.3064,712.1,0.0,100.0,0.0,0.0,5690.6,5743.1
325320,3.6645,-20.88,0.50,23.70,85.17,0.3062,709.2,0.0,100.0,0.0,0.0,5715.6,5681.4
325380,3.6652,-21.00,0.50,21.87,92.70,0.3061,706.3,100.0,100.0,0.0,0.0,5679.9,5707.1
325440,3.6659,-21.11,0.50,24.73,77.68,0.3061,703.3,0.0,100.0,0.0,0.0,5742.1,5721.2
325500,3.6666,-21.23,0.50,22.82,87.40,0.3059,700.4,100.0,100.0,0.0,0.0,5698.8,5729.7
325560,3.6672,-21.35,0.50,25.61,75.08,0.3058,697.5,0.0,100.0,0.0,0.0,5710.3,5673.2
325620,3.6679,-21.47,0.50,23.63,85.45,0.3057,694.5,0.0,100.0,0.0,0.0,5708.0,5692.7
325680,3.6686,-21.59,0.50,21.75,93.04,0.3055,691.6,100.0,100.0,0.0,0.0,5672.5,5717.8
325740,3.6693,-21.71,0.50,24.57,77.95,0.3055,688.6,0.0,100.0,0.0,0.0,5671.5,5687.1
325800,3.6700,-21.83,0.50,22.62,87.73,0.3053,685.6,100.0,100.0,0.0,0.0,5675.3,5686.4
325860,3.6706,-21.96,0.50,25.37,75.34,0.3053,682.6,0.0,100.0,0.0,0.0,5647.2,5662.1
325920,3.6713,-22.08,0.50,23.35,85.79,0.3051,679.6,0.0,100.0,0.0,0.0,5668.5,5664.4
325980,3.6720,-22.20,0.50,21.45,93.43,0.3050,676.7,100.0,100.0,0.0,100.0,5673.3,5670.9
326040,3.6727,-22.32,0.50,24.23,78.22,0.3053,673.7,0.0,100.0,0.0,0.0,5673.7,5646.5
326100,3.6733,-22.44,0.50,22.26,88.09,0.3051,670.6,100.0,100.0,0.0,0.0,5661.6,5643.9
326160,3.6740,-22.56,0.50,24.98,75.59,0.3050,667.6,0.0,100.0,0.0,0.0,5675.9,5670.8
326220,3.6747,-22.69,0.50,22.93,86.15,0.3049,664.6,0.0,100.0,0.0,0.0,5661.1,5604.6
326280,3.6754,-22.81,0.50,21.00,93.85,0.3048,661.6,100.0,100.0,0.0,0.0,5633.6,5630.1
326340,3.6760,-22.93,0.50,23.77,78.46,0.3047,658.5,0.0,100.0,0.0,0.0,5651.8,5650.8
326400,3.6767,-23.06,0.50,21.77,88.45,0.3046,655.5,100.0,100.0,0.0,0.0,5605.6,5647.4
326460,3.6774,-23.18,0.50,24.47,75.83,0.3045,652.5,0.0,100.0,0.0,0.0,5642.5,5656.8
326520,3.6781,-23.31,0.50,22.41,86.52,0.3043,649.4,100.0,100.0,0.0,0.0,5642.5,5646.4
326580,3.6787,-23.43,0.50,25.05,74.91,0.3042,646.4,0.0,100.0,0.0,100.0,5645.4,5643.7
326640,3.6794,-23.55,0.50,22.93,85.86,0.3044,643.3,100.0,100.0,0.0,0.0,5631.7,5631.6
326700,3.6801,-23.68,0.50,25.52,74.65,0.3043,640.2,0.0,100.0,0.0,100.0,5633.7,5621.5
326760,3.6808,-23.80,0.50,23.36,85.63,0.3045,637.1,0.0,100.0,0.0,100.0,5600.7,5571.4
326820,3.6814,-23.93,0.50,21.31,93.77,0.3047,634.1,100.0,100.0,0.0,0.0,5614.6,5630.0
326880,3.6821,-24.05,0.50,23.97,78.68,0.3047,631.0,0.0,100.0,0.0,100.0,5588.3,5635.0
326940,3.6828,-24.18,0.50,21.87,88.85,0.3048,627.9,100.0,100.0,0.0,0.0,5620.5,5601.2
327000,3.6835,-24.31,0.50,24.47,76.24,0.3048,624.8,0.0,100.0,0.0,100.0,5645.0,5607.3
327060,3.6841,-24.43,0.50,22.32,87.07,0.3049,621.7,100.0,100.0,0.0,0.0,5619.1,5620.7
327120,3.6848,-24.56,0.50,24.87,75.38,0.3048,618.5,0.0,100.0,0.0,0.0,5632.7,5607.2
327180,3.6855,-24.69,0.50,22.68,86.39,0.3047,615.4,100.0,100.0,0.0,100.0,5595.7,5549.9
327240,3.6862,-24.81,0.50,25.19,75.11,0.3049,612.3,0.0,100.0,0.0,100.0,5624.1,5588.0
327300,3.6868,-24.94,0.50,22.95,86.23,0.3051,609.2,100.0,100.0,0.0,100.0,5595.3,5600.3
327360,3.6875,-25.07,0.50,25.43,75.09,0.3053,606.0,0.0,100.0,0.0,0.0,5590.4,5540.3
327420,3.6882,-25.20,0.50,23.16,86.18,0.3052,602.9,0.0,100.0,0.0,0.0,5597.1,5609.9
327480,3.6889,-25.32,0.50,21.01,94.48,0.3051,599.7,100.0,100.0,0.0,0.0,5606.2,5597.2
327540,3.6896,-25.45,0.50,23.58,79.26,0.3050,596.6,0.0,100.0,0.0,0.0,5557.8,5591.7
327600,3.6902,-25.58,0.50,21.38,89.56,0.3049,593.4,100.0,100.0,0.0,100.0,5581.5,5558.3
327660,3.6909,-25.71,0.50,23.90,76.81,0.3051,590.3,0.0,100.0,0.0,0.0,5577.4,5546.2
327720,3.6916,-25.84,0.50,21.67,87.80,0.3050,587.1,100.0,100.0,0.0,100.0,5563.0,5554.1
327780,3.6923,-25.97,0.50,24.15,75.96,0.3052,583.9,0.0,100.0,0.0,100.0,5542.6,5557.4
327840,3.6929,-26.09,0.50,21.88,87.23,0.3054,580.7,100.0,100.0,0.0,0.0,5560.8,5546.5
327900,3.6936,-26.22,0.50,24.33,75.70,0.3053,577.6,0.0,100.0,0.0,0.0,5582.0,5556.1
327960,3.6943,-26.35,0.50,22.03,87.01,0.3052,574.4,100.0,100.0,0.0,0.0,5513.5,5538.5
328020,3.6950,-26.48,0.50,24.45,75.63,0.3051,571.2,0.0,100.0,0.0,0.0,5553.9,5555.6
328080,3.6956,-26.61,0.50,22.12,86.99,0.3049,568.0,100.0,100.0,0.0,100.0,5559.2,5525.6
328140,3.6963,-26.74,0.50,24.52,75.70,0.3052,564.8,0.0,100.0,0.0,0.0,5527.2,5507.8
328200,3.6970,-26.87,0.50,22.16,87.08,0.3050,561.6,100.0,100.0,0.0,0.0,5511.2,5536.1
328260,3.6977,-27.00,0.50,24.53,75.77,0.3049,558.4,0.0,100.0,0.0,0.0,5503.1,5490.3
328320,3.6983,-27.13,0.50,22.16,87.17,0.3048,555.1,100.0,100.0,0.0,0.0,5492.5,5495.5
328380,3.6990,-27.27,0.50,24.51,75.86,0.3047,551.9,0.0,100.0,0.0,0.0,5507.8,5541.6
328440,3.6997,-27.40,0.50,22.11,87.29,0.3045,548.7,100.0,100.0,0.0,100.0,5527.0,5487.0
328500,3.7004,-27.53,0.50,24.44,75.99,0.3048,545.5,0.0,100.0,0.0,0.0,5508.3,5512.6
328560,3.7010,-27.66,0.50,22.03,87.45,0.3046,542.2,100.0,100.0,0.0,0.0,5497.9,5510.1
328620,3.7017,-27.79,0.50,24.34,76.08,0.3045,539.0,0.0,100.0,0.0,100.0,5508.3,5489.7
328680,3.7024,-27.92,0.50,21.92,87.63,0.3047,535.7,100.0,100.0,0.0,100.0,5492.1,5493.3
328740,3.7031,-28.05,0.50,24.22,76.23,0.3049,532.5,0.0,100.0,0.0,0.0,5500.4,5509.0
328800,3.7037,-28.19,0.50,21.78,87.76,0.3048,529.2,100.0,100.0,0.0,0.0,5496.1,5478.7
328860,3.7044,-28.32,0.50,24.06,76.31,0.3047,526.0,0.0,100.0,0.0,100.0,5494.0,5510.7
328920,3.7051,-28.45,0.50,21.61,87.94,0.3049,522.7,100.0,100.0,0.0,0.0,5493.7,5441.3
328980,3.7058,-28.58,0.50,23.88,76.43,0.3048,519.5,0.0,100.0,0.0,0.0,5449.2,5452.0
329040,3.7064,-28.72,0.50,21.42,88.05,0.3047,516.2,100.0,100.0,0.0,0.0,5479.4,5470.6
329100,3.7071,-28.85,0.50,23.68,76.52,0.3046,512.9,0.0,100.0,0.0,0.0,5444.3,5489.5
329160,3.7078,-28.98,0.50,21.21,88.20,0.3044,509.6,100.0,100.0,0.0,0.0,5485.7,5441.0
329220,3.7085,-29.12,0.50,23.47,76.62,0.3044,506.4,0.0,100.0,0.0,0.0,5464.6,5472.7
329280,3.7092,-29.25,0.50,20.99,88.35,0.3042,503.1,100.0,100.0,0.0,0.0,5464.5,5469.1
329340,3.7098,-29.38,0.50,23.23,76.72,0.3041,499.8,0.0,100.0,0.0,0.0,5433.3,5465.5
329400,3.7105,-29.52,0.50,20.74,88.51,0.3040,496.5,100.0,100.0,0.0,0.0,5459.9,5488.6
329460,3.7112,-29.65,0.50,22.98,76.83,0.3039,493.2,0.0,100.0,0.0,0.0,5463.4,5453.4
329520,3.7119,-29.79,0.50,20.49,88.68,0.3038,489.9,100.0,100.0,0.0,0.0,5432.3,5447.1
329580,3.7125,-29.92,0.50,22.72,76.93,0.3037,486.6,100.0,100.0,0.0,0.0,5466.7,5419.8
329640,3.7132,-30.05,0.50,24.81,70.58,0.3035,483.3,0.0,100.0,0.0,100.0,5434.1,5425.9
329700,3.7139,-30.19,0.50,22.17,83.77,0.3037,480.0,100.0,100.0,0.0,100.0,5462.3,5457.1
329760,3.7146,-30.32,0.50,24.28,74.48,0.3039,476.7,0.0,100.0,0.0,100.0,5431.7,5442.8
329820,3.7152,-30.46,0.50,21.65,86.87,0.3041,473.4,100.0,100.0,0.0,0.0,5458.5,5433.3
329880,3.7159,-30.59,0.50,23.76,76.18,0.3040,470.0,0.0,100.0,0.0,0.0,5437.2,5388.7
329940,3.7166,-30.73,0.50,21.14,88.23,0.3039,466.7,100.0,100.0,0.0,100.0,5433.6,5454.8
330000,3.7173,-30.86,0.50,23.26,76.94,0.3041,463.4,100.0,100.0,0.0,0.0,5462.1,5419.6
330060,3.7179,-31.00,0.50,25.24,70.68,0.3040,460.1,0.0,100.0,0.0,0.0,5396.0,5407.6
330120,3.7186,-31.13,0.50,22.50,83.83,0.3038,456.7,100.0,100.0,0.0,0.0,5373.2,5436.1
330180,3.7193,-31.27,0.50,24.51,74.63,0.3037,453.4,0.0,100.0,0.0,100.0,5420.2,5401.8
330240,3.7200,-31.40,0.50,21.79,87.10,0.3039,450.1,100.0,100.0,0.0,0.0,5396.3,5397.7
330300,3.7206,-31.54,0.50,23.82,76.47,0.3038,446.7,0.0,100.0,0.0,0.0,5356.9,5383.5
330360,3.7213,-31.67,0.50,21.12,88.60,0.3037,443.4,100.0,100.0,0.0,0.0,5378.4,5414.3
330420,3.7220,-31.81,0.50,23.16,77.28,0.3036,440.0,100.0,100.0,0.0,100.0,5398.8,5397.3
330480,3.7227,-31.95,0.50,25.07,71.01,0.3038,436.7,0.0,100.0,0.0,0.0,5394.5,5419.8
330540,3.7233,-32.08,0.50,22.27,84.24,0.3036,433.4,100.0,100.0,0.0,0.0,5404.8,5405.0
330600,3.7240,-32.22,0.50,24.21,74.99,0.3035,430.0,0.0,100.0,0.0,100.0,5394.4,5356.1
330660,3.7247,-32.35,0.50,21.44,87.57,0.3037,426.7,100.0,100.0,0.0,0.0,5371.1,5359.3
330720,3.7254,-32.49,0.50,23.41,76.84,0.3036,423.3,0.0,100.0,0.0,100.0,5390.9,5377.8
330780,3.7260,-32.63,0.50,20.66,89.15,0.3038,419.9,100.0,100.0,0.0,0.0,5394.9,5358.7
330840,3.7267,-32.76,0.50,22.65,77.69,0.3037,416.6,100.0,100.0,0.0,0.0,5378.4,5327.0
330900,3.7274,-32.90,0.50,24.52,71.30,0.3036,413.2,0.0,100.0,0.0,0.0,5360.3,5377.5
330960,3.7281,-33.04,0.50,21.67,84.69,0.3034,409.9,100.0,100.0,0.0,0.0,5394.5,5335.4
331020,3.7288,-33.17,0.50,23.57,75.33,0.3033,406.5,0.0,100.0,0.0,100.0,5361.9,5366.7
331080,3.7294,-33.31,0.50,20.75,88.08,0.3035,403.1,100.0,100.0,0.0,100.0,5342.9,5320.6
331140,3.7301,-33.45,0.50,22.69,77.23,0.3038,399.7,100.0,100.0,0.0,0.0,5329.4,5377.3
331200,3.7308,-33.58,0.50,24.49,71.10,0.3037,396.4,0.0,100.0,0.0,0.0,5320.0,5337.6
331260,3.7315,-33.72,0.50,21.59,84.62,0.3035,393.0,100.0,100.0,0.0,100.0,5356.4,5364.4
331320,3.7321,-33.86,0.50,23.44,75.41,0.3037,389.6,0.0,100.0,0.0,0.0,5348.3,5334.4
331380,3.7328,-34.00,0.50,20.58,88.20,0.3036,386.3,100.0,100.0,0.0,100.0,5333.9,5336.1
331440,3.7335,-34.13,0.50,22.47,77.39,0.3039,382.9,100.0,100.0,0.0,0.0,5338.4,5295.4
331500,3.7342,-34.27,0.50,24.23,71.26,0.3037,379.5,0.0,100.0,0.0,0.0,5313.8,5317.6
331560,3.7348,-34.41,0.50,21.29,84.87,0.3036,376.1,100.0,100.0,0.0,0.0,5335.5,5303.0
331620,3.7355,-34.55,0.50,23.11,75.59,0.3035,372.7,0.0,100.0,0.0,0.0,5360.5,5334.2
331680,3.7362,-34.68,0.50,20.21,88.49,0.3033,369.3,100.0,100.0,0.0,0.0,5283.3,5321.8
331740,3.7369,-34.82,0.50,22.06,77.59,0.3033,366.0,100.0,100.0,0.0,0.0,5310.0,5317.5
331800,3.7375,-34.96,0.50,23.80,71.43,0.3031,362.6,0.0,100.0,0.0,0.0,5292.9,5322.9
331860,3.7382,-35.10,0.50,20.83,85.16,0.3030,359.2,100.0,100.0,0.0,100.0,5313.2,5309.0
331920,3.7389,-35.23,0.50,22.61,75.84,0.3032,355.8,100.0,100.0,0.0,0.0,5293.7,5288.3
331980,3.7396,-35.37,0.50,24.28,70.43,0.3031,352.4,0.0,100.0,0.0,0.0,5302.3,5332.3
332040,3.7402,-35.51,0.50,21.25,84.31,0.3029,349.0,100.0,100.0,0.0,100.0,5312.7,5329.6
332100,3.7409,-35.65,0.50,22.97,75.43,0.3032,345.6,100.0,100.0,0.0,100.0,5319.3,5316.2
332160,3.7416,-35.78,0.50,24.59,70.25,0.3034,342.2,0.0,100.0,0.0,100.0,5300.9,5291.3
332220,3.7423,-35.92,0.50,21.50,84.20,0.3035,338.8,100.0,100.0,0.0,0.0,5266.2,5275.9
332280,3.7429,-36.06,0.50,23.18,75.41,0.3035,335.4,0.0,100.0,0.0,0.0,5286.7,5311.4
332340,3.7436,-36.20,0.50,20.16,88.53,0.3033,332.1,100.0,100.0,0.0,100.0,5344.0,5296.7
332400,3.7443,-36.34,0.50,21.89,77.86,0.3036,328.7,100.0,100.0,0.0,100.0,5285.7,5290.0
332460,3.7450,-36.47,0.50,23.51,71.75,0.3038,325.3,0.0,100.0,0.0,0.0,5263.9,5331.0
332520,3.7456,-36.61,0.50,20.44,85.60,0.3037,321.9,100.0,100.0,0.0,100.0,5288.1,5293.4
332580,3.7463,-36.75,0.50,22.12,76.26,0.3039,318.5,100.0,100.0,0.0,0.0,5292.2,5258.3
332640,3.7470,-36.89,0.50,23.70,70.78,0.3038,315.1,0.0,100.0,0.0,0.0,5305.1,5284.9
332700,3.7477,-37.03,0.50,20.58,84.81,0.3036,311.7,100.0,100.0,0.0,0.0,5248.9,5264.8
332760,3.7484,-37.16,0.50,22.22,75.83,0.3036,308.3,100.0,100.0,0.0,0.0,5256.9,5263.3
332820,3.7490,-37.30,0.50,23.76,70.54,0.3034,304.9,0.0,100.0,0.0,0.0,5255.1,5242.8
332880,3.7497,-37.44,0.50,20.60,84.63,0.3033,301.5,100.0,100.0,0.0,100.0,5258.1,5268.8
332940,3.7504,-37.58,0.50,22.21,75.81,0.3035,300.0,0.0,0.0,0.0,0.0,5233.0,5288.5
333000,3.7511,-37.72,0.50,18.65,86.90,0.3035,0.0,0.0,0.0,0.0,100.0,5223.8,5294.7
333060,3.7517,-37.85,0.50,15.28,97.75,0.3039,0.0,100.0,0.0,0.0,100.0,5243.0,5267.2
333120,3.7524,-37.99,0.50,16.70,84.01,0.3042,0.0,100.0,0.0,0.0,100.0,5274.0,5260.4
333180,3.7531,-38.13,0.50,18.03,74.05,0.3045,0.0,0.0,0.0,0.0,100.0,5268.7,5272.7
333240,3.7538,-38.27,0.50,14.68,84.96,0.3049,0.0,100.0,0.0,0.0,0.0,5283.7,5263.0
333300,3.7544,-38.41,0.50,16.12,74.34,0.3049,0.0,100.0,0.0,0.0,100.0,5244.7,5227.5
333360,3.7551,-38.54,0.50,17.45,66.72,0.3052,0.0,100.0,0.0,0.0,0.0,5271.0,5277.1
333420,3.7558,-38.68,0.50,18.71,61.12,0.3052,0.0,0.0,0.0,0.0,0.0,5255.0,5293.1
333480,3.7565,-38.82,0.50,15.28,72.04,0.3052,0.0,100.0,0.0,0.0,0.0,5275.8,5246.0
333540,3.7571,-38.96,0.50,16.65,64.82,0.3052,0.0,100.0,0.0,0.0,0.0,5228.0,5245.7
333600,3.7578,-39.10,0.50,17.92,59.59,0.3052,0.0,0.0,0.0,0.0,0.0,5255.6,5280.7
333660,3.7585,-39.23,0.50,14.52,70.51,0.3052,0.0,100.0,0.0,0.0,100.0,5272.3,5259.4
333720,3.7592,-39.37,0.50,15.90,63.66,0.3055,0.0,100.0,0.0,0.0,0.0,5249.9,5247.5
333780,3.7598,-39.51,0.50,17.20,58.63,0.3055,0.0,100.0,0.0,0.0,0.0,5238.7,5261.0
333840,3.7605,-39.65,0.50,18.41,54.60,0.3055,0.0,0.0,0.0,0.0,100.0,5295.7,5268.3
333900,3.7612,-39.78,0.50,14.95,65.72,0.3058,0.0,100.0,0.0,0.0,0.0,5304.4,5291.8
333960,3.7619,-39.92,0.50,16.27,60.08,0.3058,0.0,100.0,0.0,0.0,0.0,5256.7,5265.5
334020,3.7625,-40.06,0.50,17.51,55.81,0.3058,0.0,100.0,0.0,0.0,0.0,5259.7,5238.1
334080,3.7632,-40.20,0.50,18.67,52.15,0.3058,0.0,0.0,0.0,0.0,0.0,5290.7,5254.6
334140,3.7639,-40.33,0.50,15.16,63.17,0.3058,0.0,100.0,0.0,0.0,0.0,5253.1,5234.3
334200,3.7646,-40.47,0.50,16.44,58.23,0.3058,0.0,100.0,0.0,0.0,0.0,5270.6,5254.0
334260,3.7652,-40.61,0.50,17.64,54.24,0.3058,0.0,100.0,0.0,0.0,0.0,5303.6,5271.7
334320,3.7659,-40.75,0.50,18.75,50.81,0.3058,0.0,0.0,0.0,0.0,0.0,5259.2,5240.4
334380,3.7666,-40.88,0.50,15.20,61.87,0.3058,0.0,100.0,0.0,0.0,0.0,5264.5,5272.8
334440,3.7673,-41.02,0.50,16.45,57.28,0.3058,0.0,100.0,0.0,0.0,0.0,5236.4,5297.4
334500,3.7680,-41.16,0.50,17.61,53.47,0.3058,0.0,100.0,0.0,0.0,100.0,5268.4,5235.9
334560,3.7686,-41.30,0.50,18.70,50.32,0.3062,0.0,0.0,0.0,0.0,0.0,5275.5,5281.6
334620,3.7693,-41.43,0.50,15.12,61.41,0.3062,0.0,100.0,0.0,0.0,100.0,5229.5,5302.7
334680,3.7700,-41.57,0.50,16.34,57.07,0.3065,0.0,100.0,0.0,0.0,0.0,5258.2,5237.1
334740,3.7707,-41.71,0.50,17.48,53.35,0.3065,0.0,100.0,0.0,0.0,0.0,5215.7,5220.7
334800,3.7713,-41.84,0.50,18.54,50.14,0.3065,0.0,0.0,0.0,0.0,100.0,5240.1,5284.6
334860,3.7720,-41.98,0.50,14.94,61.43,0.3068,0.0,100.0,0.0,0.0,100.0,5248.0,5250.3
334920,3.7727,-42.12,0.50,16.13,57.09,0.3071,0.0,100.0,0.0,0.0,100.0,5254.1,5269.3
334980,3.7734,-42.25,0.50,17.25,53.57,0.3075,0.0,100.0,0.0,0.0,0.0,5270.9,5260.8
335040,3.7740,-42.39,0.50,18.29,50.40,0.3075,0.0,0.0,0.0,0.0,100.0,5264.4,5264.1
335100,3.7747,-42.53,0.50,14.67,61.72,0.3078,0.0,100.0,0.0,0.0,0.0,5273.9,5249.7
335160,3.7754,-42.66,0.50,15.85,57.21,0.3078,0.0,100.0,0.0,0.0,100.0,5283.2,5243.1
335220,3.7761,-42.80,0.50,16.96,53.73,0.3081,0.0,100.0,0.0,0.0,0.0,5302.4,5274.8
335280,3.7767,-42.93,0.50,17.98,50.58,0.3081,0.0,100.0,0.0,0.0,0.0,5291.0,5264.2
335340,3.7774,-43.07,0.50,18.94,47.84,0.3081,0.0,0.0,0.0,0.0,0.0,5288.4,5285.1
335400,3.7781,-43.21,0.50,15.24,59.05,0.3081,0.0,100.0,0.0,0.0,0.0,5262.8,5257.0
335460,3.7788,-43.34,0.50,16.35,55.27,0.3081,0.0,100.0,0.0,0.0,0.0,5295.4,5241.7
335520,3.7794,-43.48,0.50,17.38,52.00,0.3081,0.0,100.0,0.0,0.0,100.0,5249.3,5273.9
335580,3.7801,-43.61,0.50,18.34,49.31,0.3084,0.0,0.0,0.0,0.0,0.0,5315.7,5296.5
335640,3.7808,-43.75,0.50,14.65,60.57,0.3084,0.0,100.0,0.0,0.0,0.0,5286.7,5258.0
335700,3.7815,-43.88,0.50,15.76,56.41,0.3084,0.0,100.0,0.0,0.0,0.0,5263.0,5246.7
335760,3.7821,-44.02,0.50,16.79,53.05,0.3084,0.0,100.0,0.0,0.0,0.0,5289.2,5274.3
335820,3.7828,-44.15,0.50,17.76,50.12,0.3084,0.0,100.0,0.0,0.0,0.0,5274.1,5256.4
335880,3.7835,-44.29,0.50,18.65,47.57,0.3084,0.0,0.0,0.0,0.0,0.0,5269.2,5254.3
335940,3.7842,-44.42,0.50,14.90,58.85,0.3084,0.0,100.0,0.0,0.0,0.0,5273.3,5287.3
336000,3.7848,-44.56,0.50,15.95,55.17,0.3084,0.0,100.0,0.0,0.0,0.0,5257.7,5246.6
336060,3.7855,-44.69,0.50,16.94,52.06,0.3084,0.0,100.0,0.0,0.0,0.0,5264.5,5287.3
336120,3.7862,-44.83,0.50,17.85,49.34,0.3084,0.0,100.0,0.0,0.0,100.0,5285.5,5232.2
336180,3.7869,-44.96,0.50,18.71,47.11,0.3088,0.0,0.0,0.0,0.0,0.0,5263.7,5254.4
336240,3.7876,-45.10,0.50,14.91,58.43,0.3088,0.0,100.0,0.0,0.0,0.0,5256.7,5254.8
336300,3.7882,-45.23,0.50,15.92,54.89,0.3088,0.0,100.0,0.0,0.0,0.0,5248.3,5249.6
336360,3.7889,-45.37,0.50,16.87,51.91,0.3088,0.0,100.0,0.0,0.0,0.0,5277.4,5230.0
336420,3.7896,-45.50,0.50,17.75,49.30,0.3088,0.0,100.0,0.0,0.0,0.0,5270.4,5284.5
336480,3.7903,-45.63,0.50,18.57,47.01,0.3088,0.0,0.0,0.0,0.0,0.0,5301.5,5263.5
336540,3.7909,-45.77,0.50,14.74,58.38,0.3087,0.0,100.0,0.0,0.0,0.0,5258.5,5275.7
336600,3.7916,-45.90,0.50,15.72,54.88,0.3087,0.0,100.0,0.0,0.0,100.0,5314.2,5286.4
336660,3.7923,-46.03,0.50,16.64,52.13,0.3091,0.0,100.0,0.0,0.0,0.0,5241.4,5242.2
336720,3.7930,-46.17,0.50,17.49,49.58,0.3091,0.0,100.0,0.0,0.0,0.0,5272.0,5245.8
336780,3.7936,-46.30,0.50,18.29,47.35,0.3091,0.0,0.0,0.0,0.0,100.0,5259.5,5260.5
336840,3.7943,-46.43,0.50,14.44,58.93,0.3094,0.0,100.0,0.0,0.0,0.0,5252.4,5225.2
336900,3.7950,-46.56,0.50,15.40,55.30,0.3094,0.0,100.0,0.0,0.0,100.0,5273.8,5301.3
336960,3.7957,-46.70,0.50,16.30,52.59,0.3097,0.0,100.0,0.0,0.0,0.0,5274.6,5254.9
337020,3.7963,-46.83,0.50,17.13,50.07,0.3097,0.0,100.0,0.0,0.0,0.0,5276.3,5263.7
337080,3.7970,-46.96,0.50,17.91,47.86,0.3097,0.0,0.0,0.0,0.0,0.0,5287.4,5273.8
337140,3.7977,-47.09,0.50,14.04,59.34,0.3097,0.0,100.0,0.0,0.0,0.0,5249.9,5257.3
337200,3.7984,-47.23,0.50,14.99,55.61,0.3097,0.0,100.0,0.0,0.0,0.0,5259.1,5262.0
337260,3.7990,-47.36,0.50,15.87,52.76,0.3097,0.0,100.0,0.0,0.0,0.0,5282.5,5259.7
337320,3.7997,-47.49,0.50,16.69,50.27,0.3097,0.0,100.0,0.0,0.0,0.0,5260.3,5245.9
337380,3.8004,-47.62,0.50,17.45,48.08,0.3097,0.0,100.0,0.0,0.0,100.0,5300.6,5282.7
337440,3.8011,-47.75,0.50,18.17,46.30,0.3100,0.0,0.0,0.0,0.0,0.0,5233.5,5265.6
337500,3.8017,-47.88,0.50,14.24,57.80,0.3100,0.0,100.0,0.0,0.0,0.0,5252.9,5249.4
337560,3.8024,-48.01,0.50,15.12,54.49,0.3100,0.0,100.0,0.0,0.0,0.0,5284.7,5243.6
337620,3.8031,-48.14,0.50,15.95,51.89,0.3100,0.0,100.0,0.0,0.0,0.0,5301.5,5276.9
337680,3.8038,-48.27,0.50,16.72,49.59,0.3100,0.0,100.0,0.0,0.0,100.0,5262.3,5252.2
337740,3.8044,-48.40,0.50,17.44,47.73,0.3104,0.0,100.0,0.0,0.0,100.0,5280.9,5244.2
337800,3.8051,-48.53,0.50,18.10,46.09,0.3107,0.0,100.0,0.0,0.0,0.0,5269.4,5251.3
337860,3.8058,-48.66,0.50,18.72,44.49,0.3107,0.0,0.0,0.0,0.0,0.0,5246.4,5231.5
337920,3.8065,-48.79,0.50,14.70,56.00,0.3107,0.0,100.0,0.0,0.0,0.0,5268.8,5284.8
337980,3.8072,-48.92,0.50,15.51,53.22,0.3107,0.0,100.0,0.0,0.0,0.0,5257.9,5247.3
338040,3.8078,-49.05,0.50,16.26,50.92,0.3107,0.0,100.0,0.0,0.0,100.0,5262.6,5253.9
338100,3.8085,-49.18,0.50,16.96,49.05,0.3110,0.0,100.0,0.0,0.0,0.0,5275.7,5256.2
338160,3.8092,-49.31,0.50,17.60,47.24,0.3110,0.0,100.0,0.0,0.0,100.0,5278.9,5299.0
338220,3.8099,-49.44,0.50,18.21,45.80,0.3113,0.0,100.0,0.0,0.0,0.0,5273.2,5276.4
338280,3.8105,-49.57,0.50,18.76,44.37,0.3113,0.0,0.0,0.0,0.0,100.0,5249.3,5274.6
338340,3.8112,-49.69,0.50,14.69,56.11,0.3117,0.0,100.0,0.0,0.0,0.0,5228.5,5270.8
338400,3.8119,-49.82,0.50,15.44,53.36,0.3117,0.0,100.0,0.0,0.0,0.0,5288.1,5248.2
338460,3.8126,-49.95,0.50,16.14,51.20,0.3117,0.0,100.0,0.0,0.0,100.0,5280.0,5264.6
338520,3.8132,-50.08,0.50,16.80,49.46,0.3120,0.0,100.0,0.0,0.0,0.0,5257.9,5259.4
338580,3.8139,-50.20,0.50,17.40,47.76,0.3120,0.0,100.0,0.0,0.0,0.0,5264.4,5247.8
338640,3.8146,-50.33,0.50,17.96,46.24,0.3120,0.0,100.0,0.0,0.0,0.0,5232.6,5287.0
338700,3.8153,-50.46,0.50,18.48,44.90,0.3120,0.0,0.0,0.0,0.0,0.0,5243.1,5311.2
338760,3.8159,-50.58,0.50,14.37,56.55,0.3120,0.0,100.0,0.0,0.0,0.0,5310.6,5288.2
338820,3.8166,-50.71,0.50,15.09,53.72,0.3120,0.0,100.0,0.0,0.0,100.0,5265.9,5270.4
338880,3.8173,-50.84,0.50,15.76,51.73,0.3123,0.0,100.0,0.0,0.0,100.0,5309.2,5282.2
338940,3.8180,-50.96,0.50,16.38,50.05,0.3127,0.0,100.0,0.0,0.0,100.0,5234.3,5257.7
339000,3.8186,-51.09,0.50,16.96,48.57,0.3130,0.0,100.0,0.0,0.0,0.0,5241.9,5252.0
339060,3.8193,-51.21,0.50,17.49,47.10,0.3130,0.0,100.0,0.0,0.0,0.0,5301.0,5297.1
339120,3.8200,-51.34,0.50,17.99,45.79,0.3130,0.0,100.0,0.0,0.0,0.0,5313.0,5225.6
339180,3.8207,-51.46,0.50,18.45,44.62,0.3130,0.0,0.0,0.0,0.0,0.0,5278.1,5282.4
339240,3.8213,-51.59,0.50,14.28,56.34,0.3130,0.0,100.0,0.0,0.0,0.0,5272.3,5273.1
339300,3.8220,-51.71,0.50,14.94,53.61,0.3130,0.0,100.0,0.0,0.0,0.0,5265.3,5248.2
339360,3.8227,-51.83,0.50,15.56,51.55,0.3130,0.0,100.0,0.0,0.0,0.0,5272.7,5259.6
339420,3.8234,-51.96,0.50,16.14,49.85,0.3130,0.0,100.0,0.0,0.0,0.0,5252.7,5304.5
339480,3.8240,-52.08,0.50,16.67,48.34,0.3130,0.0,100.0,0.0,0.0,0.0,5280.4,5244.2
339540,3.8247,-52.20,0.50,17.16,46.99,0.3130,0.0,100.0,0.0,0.0,0.0,5261.4,5275.1
339600,3.8254,-52.33,0.50,17.62,45.79,0.3130,0.0,100.0,0.0,0.0,0.0,5276.0,5299.7
339660,3.8261,-52.45,0.50,18.04,44.72,0.3130,0.0,0.0,0.0,0.0,0.0,5280.5,5256.9
339720,3.8268,-52.57,0.50,13.84,56.50,0.3130,0.0,100.0,0.0,0.0,0.0,5287.1,5256.8
339780,3.8274,-52.69,0.50,14.47,53.75,0.3130,0.0,100.0,0.0,0.0,0.0,5270.9,5268.5
339840,3.8281,-52.82,0.50,15.06,51.66,0.3130,0.0,100.0,0.0,0.0,0.0,5267.8,5291.5
339900,3.8288,-52.94,0.50,15.60,50.04,0.3130,0.0,100.0,0.0,0.0,0.0,5280.3,5226.6
339960,3.8295,-53.06,0.50,16.11,48.60,0.3130,0.0,100.0,0.0,0.0,0.0,5262.8,5266.7
340020,3.8301,-53.18,0.50,16.58,47.31,0.3130,0.0,100.0,0.0,0.0,0.0,5285.8,5309.1
340080,3.8308,-53.30,0.50,17.01,46.16,0.3130,0.0,100.0,0.0,0.0,100.0,5272.3,5275.5
340140,3.8315,-53.42,0.50,17.41,45.31,0.3133,0.0,100.0,0.0,0.0,0.0,5254.2,5314.5
340200,3.8322,-53.54,0.50,17.78,44.38,0.3133,0.0,100.0,0.0,0.0,0.0,5303.5,5241.3
340260,3.8328,-53.66,0.50,18.12,43.56,0.3133,0.0,0.0,0.0,0.0,100.0,5298.3,5275.8
340320,3.8335,-53.78,0.50,13.84,55.56,0.3136,0.0,100.0,0.0,0.0,0.0,5273.2,5257.4
340380,3.8342,-53.90,0.50,14.40,53.08,0.3136,0.0,100.0,0.0,0.0,0.0,5274.9,5265.5
340440,3.8349,-54.02,0.50,14.92,51.20,0.3136,0.0,100.0,0.0,0.0,0.0,5267.7,5254.5
340500,3.8355,-54.14,0.50,15.40,49.78,0.3136,0.0,100.0,0.0,0.0,0.0,5284.4,5257.0
340560,3.8362,-54.26,0.50,15.85,48.52,0.3136,0.0,100.0,0.0,0.0,0.0,5294.9,5300.0
340620,3.8369,-54.38,0.50,16.26,47.39,0.3136,0.0,100.0,0.0,0.0,100.0,5275.9,5274.6
340680,3.8376,-54.49,0.50,16.64,46.56,0.3139,0.0,100.0,0.0,0.0,0.0,5281.2,5238.7
340740,3.8382,-54.61,0.50,17.00,45.65,0.3139,0.0,100.0,0.0,0.0,0.0,5271.6,5245.9
340800,3.8389,-54.73,0.50,17.32,44.84,0.3139,0.0,100.0,0.0,0.0,0.0,5248.4,5247.1
340860,3.8396,-54.84,0.50,17.62,44.12,0.3139,0.0,100.0,0.0,0.0,100.0,5258.9,5292.6
340920,3.8403,-54.96,0.50,17.89,43.65,0.3142,0.0,100.0,0.0,0.0,0.0,5273.7,5287.9
340980,3.8409,-55.08,0.50,18.14,43.07,0.3142,0.0,100.0,0.0,0.0,0.0,5251.9,5265.5
341040,3.8416,-55.19,0.50,18.37,42.56,0.3142,0.0,0.0,0.0,0.0,100.0,5251.8,5260.8
341100,3.8423,-55.31,0.50,13.98,54.62,0.3146,0.0,100.0,0.0,0.0,0.0,5254.7,5245.2
341160,3.8430,-55.42,0.50,14.44,52.46,0.3146,0.0,100.0,0.0,0.0,0.0,5286.5,5270.8
341220,3.8436,-55.54,0.50,14.87,50.80,0.3146,0.0,100.0,0.0,0.0,0.0,5282.8,5287.3
341280,3.8443,-55.65,0.50,15.27,49.54,0.3146,0.0,100.0,0.0,0.0,0.0,5308.2,5298.5
341340,3.8450,-55.77,0.50,15.63,48.52,0.3146,0.0,100.0,0.0,0.0,0.0,5276.1,5276.6
341400,3.8457,-55.88,0.50,15.97,47.61,0.3146,0.0,100.0,0.0,0.0,0.0,5307.5,5265.4
341460,3.8464,-56.00,0.50,16.28,46.80,0.3146,0.0,100.0,0.0,0.0,0.0,5253.2,5286.7
341520,3.8470,-56.11,0.50,16.56,46.07,0.3146,0.0,100.0,0.0,0.0,0.0,5283.1,5259.7
341580,3.8477,-56.22,0.50,16.82,45.43,0.3146,0.0,100.0,0.0,0.0,0.0,5292.9,5254.2
341640,3.8484,-56.33,0.50,17.06,44.85,0.3146,0.0,100.0,0.0,0.0,0.0,5267.7,5284.2
341700,3.8491,-56.45,0.50,17.28,44.33,0.3146,0.0,100.0,0.0,0.0,0.0,5268.7,5268.0
341760,3.8497,-56.56,0.50,17.47,43.88,0.3146,0.0,100.0,0.0,0.0,0.0,5277.9,5301.6
341820,3.8504,-56.67,0.50,17.65,43.48,0.3146,0.0,100.0,0.0,0.0,0.0,5296.4,5273.5
341880,3.8511,-56.78,0.50,17.82,43.13,0.3146,0.0,100.0,0.0,0.0,0.0,5281.9,5294.1
341940,3.8518,-56.89,0.50,17.96,42.82,0.3146,0.0,0.0,0.0,0.0,0.0,5287.3,5294.0
342000,3.8524,-57.00,0.50,13.50,54.83,0.3145,0.0,100.0,0.0,0.0,0.0,5253.9,5287.8
342060,3.8531,-57.11,0.50,13.89,52.69,0.3145,0.0,100.0,0.0,0.0,100.0,5288.7,5292.9
342120,3.8538,-57.22,0.50,14.25,51.18,0.3149,0.0,100.0,0.0,0.0,0.0,5281.7,5306.9
342180,3.8545,-57.33,0.50,14.58,49.87,0.3149,0.0,100.0,0.0,0.0,0.0,5281.7,5279.5
342240,3.8551,-57.44,0.50,14.89,48.86,0.3149,0.0,100.0,0.0,0.0,0.0,5233.3,5279.4
342300,3.8558,-57.55,0.50,15.17,48.09,0.3149,0.0,100.0,0.0,0.0,0.0,5275.6,5291.5
342360,3.8565,-57.66,0.50,15.43,47.41,0.3149,0.0,100.0,0.0,0.0,0.0,5252.2,5279.8
342420,3.8572,-57.77,0.50,15.66,46.81,0.3149,0.0,100.0,0.0,0.0,0.0,5296.5,5276.5
342480,3.8578,-57.87,0.50,15.88,46.27,0.3149,0.0,100.0,0.0,0.0,0.0,5269.2,5270.9
342540,3.8585,-57.98,0.50,16.07,45.80,0.3149,0.0,100.0,0.0,0.0,0.0,5312.9,5290.1
342600,3.8592,-58.09,0.50,16.25,45.38,0.3149,0.0,100.0,0.0,0.0,0.0,5315.0,5282.1
342660,3.8599,-58.20,0.50,16.41,45.01,0.3149,0.0,100.0,0.0,0.0,0.0,5293.2,5310.6
342720,3.8605,-58.30,0.50,16.56,44.69,0.3149,0.0,100.0,0.0,0.0,0.0,5309.7,5296.1
342780,3.8612,-58.41,0.50,16.69,44.41,0.3149,0.0,100.0,0.0,0.0,0.0,5264.2,5274.8
342840,3.8619,-58.51,0.50,16.81,44.17,0.3149,0.0,100.0,0.0,0.0,0.0,5281.8,5269.5
342900,3.8626,-58.62,0.50,16.91,43.97,0.3149,0.0,100.0,0.0,0.0,0.0,5284.4,5261.5
342960,3.8632,-58.72,0.50,17.00,43.80,0.3149,0.0,100.0,0.0,0.0,0.0,5273.8,5283.9
343020,3.8639,-58.83,0.50,17.08,43.66,0.3149,0.0,100.0,0.0,0.0,0.0,5299.2,5325.9
343080,3.8646,-58.93,0.50,17.15,43.55,0.3149,0.0,100.0,0.0,0.0,0.0,5259.4,5269.1
343140,3.8653,-59.04,0.50,17.21,43.47,0.3148,0.0,100.0,0.0,0.0,0.0,5306.0,5236.2
343200,3.8660,-59.14,0.50,17.26,43.41,0.3148,0.0,100.0,0.0,0.0,0.0,5264.7,5276.4
343260,3.8666,-59.24,0.50,17.29,43.38,0.3148,0.0,100.0,0.0,0.0,0.0,5244.1,5268.2
343320,3.8673,-59.34,0.50,17.33,43.37,0.3148,0.0,100.0,0.0,0.0,0.0,5264.7,5262.6
343380,3.8680,-59.45,0.50,17.35,43.38,0.3148,0.0,100.0,0.0,0.0,0.0,5284.1,5288.6
343440,3.8687,-59.55,0.50,17.36,43.41,0.3148,0.0,100.0,0.0,0.0,0.0,5307.4,5280.8
343500,3.8693,-59.65,0.50,17.37,43.45,0.3148,0.0,100.0,0.0,0.0,0.0,5302.7,5263.8
343560,3.8700,-59.75,0.50,17.38,43.52,0.3148,0.0,100.0,0.0,0.0,0.0,5250.5,5288.4
343620,3.8707,-59.85,0.50,17.37,43.59,0.3148,0.0,100.0,0.0,0.0,0.0,5268.1,5277.4
343680,3.8714,-59.95,0.50,17.36,43.69,0.3148,0.0,100.0,0.0,0.0,0.0,5227.8,5257.4
343740,3.8720,-60.05,0.50,17.35,43.80,0.3148,0.0,100.0,0.0,0.0,0.0,5262.4,5291.1
343800,3.8727,-60.15,0.50,17.33,43.92,0.3148,0.0,100.0,0.0,0.0,0.0,5281.2,5273.1
343860,3.8734,-60.25,0.50,17.30,44.05,0.3148,0.0,100.0,0.0,0.0,0.0,5268.8,5262.4
343920,3.8741,-60.35,0.50,17.27,44.19,0.3148,0.0,100.0,0.0,0.0,0.0,5301.3,5283.5
343980,3.8747,-60.44,0.50,17.24,44.35,0.3148,0.0,100.0,0.0,0.0,0.0,5248.4,5271.4
344040,3.8754,-60.54,0.50,17.20,44.52,0.3148,0.0,100.0,0.0,0.0,0.0,5250.9,5265.9
344100,3.8761,-60.64,0.50,17.16,44.69,0.3148,0.0,100.0,0.0,0.0,0.0,5293.6,5269.8
344160,3.8768,-60.73,0.50,17.12,44.88,0.3148,0.0,100.0,0.0,0.0,0.0,5293.7,5295.7
344220,3.8774,-60.83,0.50,17.07,45.07,0.3148,0.0,100.0,0.0,0.0,0.0,5255.0,5253.4
344280,3.8781,-60.93,0.50,17.02,45.27,0.3148,0.0,100.0,0.0,0.0,0.0,5319.6,5270.3
344340,3.8788,-61.02,0.50,16.97,45.48,0.3148,0.0,100.0,0.0,0.0,0.0,5271.9,5272.8
344400,3.8795,-61.12,0.50,16.91,45.70,0.3148,0.0,100.0,0.0,0.0,0.0,5293.8,5301.0
344460,3.8801,-61.21,0.50,16.86,45.92,0.3148,0.0,100.0,0.0,0.0,0.0,5245.1,5253.8
344520,3.8808,-61.31,0.50,16.80,46.10,0.3148,0.0,100.0,0.0,0.0,0.0,5283.7,5277.3
344580,3.8815,-61.40,0.50,16.74,46.25,0.3148,0.0,100.0,0.0,0.0,0.0,5238.8,5268.4
344640,3.8822,-61.49,0.50,16.67,46.36,0.3148,0.0,100.0,0.0,0.0,0.0,5294.5,5286.6
344700,3.8828,-61.59,0.50,16.61,46.46,0.3148,0.0,100.0,0.0,0.0,0.0,5288.6,5259.7
344760,3.8835,-61.68,0.50,16.54,46.54,0.3148,0.0,100.0,0.0,0.0,0.0,5240.7,5268.8
344820,3.8842,-61.77,0.50,16.47,46.60,0.3148,0.0,100.0,0.0,0.0,0.0,5323.4,5282.7
344880,3.8849,-61.86,0.50,16.40,46.65,0.3148,0.0,100.0,0.0,0.0,0.0,5269.3,5258.5
344940,3.8856,-61.95,0.50,16.33,46.68,0.3148,0.0,100.0,0.0,0.0,0.0,5273.1,5281.8
345000,3.8862,-62.04,0.50,16.26,46.71,0.3148,0.0,100.0,0.0,0.0,0.0,5288.0,5305.5
345060,3.8869,-62.13,0.50,16.19,46.73,0.3148,0.0,100.0,0.0,0.0,0.0,5249.2,5259.7
345120,3.8876,-62.22,0.50,16.11,46.75,0.3148,0.0,100.0,0.0,0.0,100.0,5285.2,5288.8
345180,3.8883,-62.31,0.50,16.04,46.91,0.3151,0.0,100.0,0.0,0.0,0.0,5276.5,5311.9
345240,3.8889,-62.40,0.50,15.96,46.89,0.3151,0.0,100.0,0.0,0.0,0.0,5306.2,5276.0
345300,3.8896,-62.49,0.50,15.88,46.86,0.3151,0.0,100.0,0.0,0.0,0.0,5283.4,5282.5
345360,3.8903,-62.58,0.50,15.81,46.84,0.3151,0.0,100.0,0.0,0.0,100.0,5279.1,5296.6
345420,3.8910,-62.67,0.50,15.73,46.98,0.3154,0.0,100.0,0.0,0.0,0.0,5284.2,5261.7
345480,3.8916,-62.75,0.50,15.65,46.93,0.3154,0.0,100.0,0.0,0.0,0.0,5269.5,5284.6
345540,3.8923,-62.84,0.50,15.57,46.89,0.3154,0.0,100.0,0.0,0.0,0.0,5270.2,5310.0
345600,3.8930,-62.93,0.50,15.49,46.85,0.3154,0.0,100.0,0.0,0.0,0.0,5267.0,5310.1
345660,3.8937,-63.01,0.50,15.41,46.82,0.3154,0.0,100.0,0.0,0.0,0.0,5292.4,5297.5
345720,3.8943,-63.10,0.50,15.33,46.78,0.3154,0.0,100.0,0.0,0.0,0.0,5275.2,5273.7
345780,3.8950,-63.18,0.50,15.25,46.76,0.3154,0.0,100.0,0.0,0.0,0.0,5259.4,5311.7
345840,3.8957,-63.27,0.50,15.17,46.73,0.3154,0.0,100.0,0.0,0.0,0.0,5295.9,5298.8
345900,3.8964,-63.35,0.50,15.09,46.70,0.3154,0.0,100.0,0.0,0.0,0.0,5254.4,5265.9
345960,3.8970,-63.43,0.50,15.01,46.68,0.3154,0.0,100.0,0.0,0.0,0.0,5284.3,5257.9
346020,3.8977,-63.52,0.50,14.93,46.65,0.3154,0.0,100.0,0.0,0.0,0.0,5273.6,5249.5
346080,3.8984,-63.60,0.50,14.85,46.63,0.3154,0.0,100.0,0.0,0.0,0.0,5264.3,5250.7
346140,3.8991,-63.68,0.50,14.76,46.60,0.3154,0.0,100.0,0.0,0.0,0.0,5265.7,5222.3
346200,3.8997,-63.76,0.50,14.68,46.58,0.3154,0.0,100.0,0.0,0.0,0.0,5278.4,5268.4
346260,3.9004,-63.84,0.50,14.60,46.56,0.3154,0.0,100.0,0.0,0.0,0.0,5311.3,5326.5
346320,3.9011,-63.92,0.50,14.52,46.54,0.3154,0.0,100.0,0.0,0.0,0.0,5257.7,5258.9
346380,3.9018,-64.00,0.50,14.44,46.51,0.3154,0.0,100.0,0.0,0.0,0.0,5259.4,5306.6
346440,3.9025,-64.08,0.50,14.36,46.49,0.3154,0.0,100.0,0.0,0.0,100.0,5297.6,5276.1
346500,3.9031,-64.16,0.50,14.28,46.64,0.3157,0.0,100.0,0.0,0.0,0.0,5250.7,5236.6
346560,3.9038,-64.24,0.50,14.20,46.59,0.3157,0.0,100.0,0.0,0.0,0.0,5253.2,5318.7
346620,3.9045,-64.32,0.50,14.12,46.54,0.3157,0.0,100.0,0.0,0.0,0.0,5281.0,5281.6
346680,3.9052,-64.40,0.50,14.03,46.50,0.3157,0.0,100.0,0.0,0.0,0.0,5281.7,5284.9
346740,3.9058,-64.47,0.50,13.95,46.46,0.3157,0.0,100.0,0.0,0.0,0.0,5242.8,5291.9
346800,3.9065,-64.55,0.50,13.87,46.42,0.3157,0.0,100.0,0.0,0.0,0.0,5280.8,5266.7
346860,3.9072,-64.63,0.50,13.79,46.39,0.3157,0.0,100.0,0.0,0.0,0.0,5280.5,5287.6
346920,3.9079,-64.70,0.50,13.72,46.36,0.3157,0.0,100.0,0.0,0.0,0.0,5272.8,5261.3
346980,3.9085,-64.78,0.50,13.64,46.33,0.3157,0.0,100.0,0.0,0.0,0.0,5239.8,5270.3
347040,3.9092,-64.85,0.50,13.56,46.30,0.3157,0.0,100.0,0.0,0.0,100.0,5258.1,5295.7
347100,3.9099,-64.93,0.50,13.48,46.45,0.3161,0.0,100.0,0.0,0.0,0.0,5283.5,5289.2
347160,3.9106,-65.00,0.50,13.40,46.39,0.3161,0.0,100.0,0.0,0.0,0.0,5254.8,5256.1
347220,3.9112,-65.08,0.50,13.32,46.34,0.3161,0.0,100.0,0.0,0.0,0.0,5303.0,5250.4
347280,3.9119,-65.15,0.50,13.24,46.29,0.3161,0.0,100.0,0.0,0.0,0.0,5282.2,5271.9
347340,3.9126,-65.22,0.50,13.17,46.25,0.3161,0.0,100.0,0.0,0.0,0.0,5243.2,5290.9
347400,3.9133,-65.29,0.50,13.09,46.21,0.3161,0.0,100.0,0.0,0.0,0.0,5263.0,5288.3
347460,3.9139,-65.36,0.50,13.01,46.18,0.3161,0.0,100.0,0.0,0.0,0.0,5273.8,5323.2
347520,3.9146,-65.43,0.50,12.94,46.14,0.3160,0.0,100.0,0.0,0.0,0.0,5303.7,5242.2
347580,3.9153,-65.50,0.50,12.86,46.11,0.3160,0.0,100.0,0.0,0.0,0.0,5285.2,5280.9
347640,3.9160,-65.57,0.50,12.78,46.08,0.3160,0.0,100.0,0.0,0.0,0.0,5280.7,5288.4
347700,3.9166,-65.64,0.50,12.71,46.06,0.3160,0.0,100.0,0.0,0.0,0.0,5298.7,5280.3
347760,3.9173,-65.71,0.50,12.63,46.03,0.3160,0.0,100.0,0.0,0.0,0.0,5304.9,5300.0
347820,3.9180,-65.78,0.50,12.56,46.00,0.3160,0.0,100.0,0.0,0.0,0.0,5283.7,5275.1
347880,3.9187,-65.85,0.50,12.48,45.98,0.3160,0.0,100.0,0.0,0.0,0.0,5291.1,5301.1
347940,3.9193,-65.92,0.50,12.41,45.95,0.3160,0.0,100.0,0.0,0.0,0.0,5318.6,5268.4
348000,3.9200,-65.98,0.50,12.34,45.93,0.3160,0.0,100.0,0.0,0.0,0.0,5281.9,5290.3
348060,3.9207,-66.05,0.50,12.26,45.91,0.3160,0.0,100.0,0.0,0.0,0.0,5307.4,5267.4
348120,3.9214,-66.11,0.50,12.19,45.88,0.3160,0.0,100.0,0.0,0.0,0.0,5303.7,5277.5
348180,3.9221,-66.18,0.50,12.12,45.86,0.3160,0.0,100.0,0.0,0.0,0.0,5304.4,5281.3
348240,3.9227,-66.24,0.50,12.05,45.84,0.3160,0.0,100.0,0.0,0.0,0.0,5291.0,5312.6
348300,3.9234,-66.31,0.50,11.98,45.82,0.3160,0.0,100.0,0.0,0.0,0.0,5278.7,5273.1
348360,3.9241,-66.37,0.50,11.91,45.79,0.3160,0.0,100.0,0.0,0.0,0.0,5236.2,5290.5
348420,3.9248,-66.43,0.50,11.84,45.77,0.3160,0.0,100.0,0.0,0.0,0.0,5278.4,5294.8
348480,3.9254,-66.50,0.50,11.77,45.75,0.3160,0.0,100.0,0.0,0.0,0.0,5300.4,5263.6
348540,3.9261,-66.56,0.50,11.70,45.73,0.3160,0.0,100.0,0.0,0.0,0.0,5306.1,5299.5
348600,3.9268,-66.62,0.50,11.63,45.71,0.3160,0.0,100.0,0.0,0.0,100.0,5273.2,5290.5
348660,3.9275,-66.68,0.50,11.56,45.89,0.3163,0.0,100.0,0.0,0.0,0.0,5247.6,5265.3
348720,3.9281,-66.74,0.50,11.49,45.83,0.3163,0.0,100.0,0.0,0.0,0.0,5285.3,5268.6
348780,3.9288,-66.80,0.50,11.42,45.78,0.3163,0.0,100.0,0.0,0.0,0.0,5279.8,5310.5
348840,3.9295,-66.86,0.50,11.36,45.74,0.3163,0.0,100.0,0.0,0.0,0.0,5282.5,5264.4
348900,3.9302,-66.92,0.50,11.29,45.70,0.3163,0.0,100.0,0.0,0.0,0.0,5332.6,5269.1
348960,3.9308,-66.98,0.50,11.22,45.66,0.3163,0.0,100.0,0.0,0.0,0.0,5257.9,5289.6
349020,3.9315,-67.04,0.50,11.16,45.63,0.3163,0.0,100.0,0.0,0.0,0.0,5261.1,5304.0
349080,3.9322,-67.09,0.50,11.09,45.59,0.3163,0.0,100.0,0.0,0.0,0.0,5268.1,5280.4
349140,3.9329,-67.15,0.50,11.03,45.57,0.3163,0.0,100.0,0.0,0.0,0.0,5297.5,5304.6
349200,3.9335,-67.21,0.50,10.97,45.54,0.3163,0.0,100.0,0.0,0.0,0.0,5304.3,5294.9
349260,3.9342,-67.26,0.50,10.90,45.51,0.3163,0.0,100.0,0.0,0.0,0.0,5287.2,5298.4
349320,3.9349,-67.32,0.50,10.84,45.49,0.3163,0.0,100.0,0.0,0.0,0.0,5314.3,5294.7
349380,3.9356,-67.37,0.50,10.78,45.46,0.3163,0.0,100.0,0.0,0.0,0.0,5314.6,5276.8
349440,3.9362,-67.43,0.50,10.71,45.44,0.3163,0.0,100.0,0.0,0.0,0.0,5303.7,5307.2
349500,3.9369,-67.48,0.50,10.65,45.42,0.3163,0.0,100.0,0.0,0.0,0.0,5275.0,5289.4
349560,3.9376,-67.53,0.50,10.59,45.40,0.3163,0.0,100.0,0.0,0.0,0.0,5285.4,5283.6
349620,3.9383,-67.59,0.50,10.53,45.38,0.3163,0.0,100.0,0.0,0.0,0.0,5326.8,5293.8
349680,3.9389,-67.64,0.50,10.47,45.36,0.3163,0.0,100.0,0.0,0.0,0.0,5297.3,5264.5
349740,3.9396,-67.69,0.50,10.41,45.34,0.3163,0.0,100.0,0.0,0.0,0.0,5289.9,5295.0
349800,3.9403,-67.74,0.50,10.35,45.32,0.3163,0.0,100.0,0.0,0.0,0.0,5287.7,5250.6
349860,3.9410,-67.79,0.50,10.29,45.30,0.3163,0.0,100.0,0.0,0.0,0.0,5278.6,5249.7
349920,3.9417,-67.84,0.50,10.24,45.28,0.3163,0.0,100.0,0.0,0.0,0.0,5311.6,5270.3
349980,3.9423,-67.89,0.50,10.18,45.26,0.3163,0.0,100.0,0.0,0.0,0.0,5271.4,5299.7
350040,3.9430,-67.94,0.50,10.12,45.24,0.3163,0.0,100.0,0.0,0.0,100.0,5278.4,5264.8
350100,3.9437,-67.99,0.50,10.07,45.45,0.3166,0.0,100.0,0.0,0.0,0.0,5309.8,5268.2
350160,3.9444,-68.03,0.50,10.01,45.39,0.3166,0.0,100.0,0.0,0.0,0.0,5315.0,5295.5
350220,3.9450,-68.08,0.50,9.95,45.34,0.3166,0.0,100.0,0.0,0.0,0.0,5298.4,5303.7
350280,3.9457,-68.13,0.50,9.90,45.29,0.3166,0.0,100.0,0.0,0.0,0.0,5292.6,5282.2
350340,3.9464,-68.17,0.50,9.85,45.25,0.3166,0.0,100.0,0.0,0.0,0.0,5317.6,5291.2
350400,3.9471,-68.22,0.50,9.79,45.22,0.3166,0.0,100.0,0.0,0.0,0.0,5283.8,5257.0
350460,3.9477,-68.26,0.50,9.74,45.18,0.3166,0.0,100.0,0.0,0.0,0.0,5284.1,5285.2
350520,3.9484,-68.31,0.50,9.69,45.16,0.3166,0.0,100.0,0.0,0.0,0.0,5292.8,5270.1
350580,3.9491,-68.35,0.50,9.63,45.13,0.3166,0.0,100.0,0.0,0.0,0.0,5282.2,5267.0
350640,3.9498,-68.39,0.50,9.58,45.10,0.3166,0.0,100.0,0.0,0.0,0.0,5294.3,5280.2
350700,3.9504,-68.44,0.50,9.53,45.08,0.3166,0.0,100.0,0.0,0.0,0.0,5292.0,5270.7
350760,3.9511,-68.48,0.50,9.48,45.06,0.3166,0.0,100.0,0.0,0.0,100.0,5311.1,5286.6
350820,3.9518,-68.52,0.50,9.43,45.27,0.3169,0.0,100.0,0.0,0.0,0.0,5271.4,5259.0
350880,3.9525,-68.56,0.50,9.38,45.21,0.3169,0.0,100.0,0.0,0.0,0.0,5297.1,5304.0
350940,3.9531,-68.60,0.50,9.33,45.16,0.3169,0.0,100.0,0.0,0.0,0.0,5295.9,5308.7
351000,3.9538,-68.64,0.50,9.28,45.11,0.3169,0.0,100.0,0.0,0.0,0.0,5258.1,5287.9
351060,3.9545,-68.68,0.50,9.24,45.07,0.3169,0.0,100.0,0.0,0.0,0.0,5279.8,5260.7
351120,3.9552,-68.72,0.50,9.19,45.03,0.3169,0.0,100.0,0.0,0.0,0.0,5302.5,5309.4
351180,3.9558,-68.76,0.50,9.14,45.00,0.3169,0.0,100.0,0.0,0.0,0.0,5280.3,5266.9
351240,3.9565,-68.79,0.50,9.10,44.97,0.3169,0.0,100.0,0.0,0.0,0.0,5301.3,5278.5
351300,3.9572,-68.83,0.50,9.05,44.94,0.3169,0.0,100.0,0.0,0.0,0.0,5292.0,5272.2
351360,3.9579,-68.87,0.50,9.00,44.92,0.3169,0.0,100.0,0.0,0.0,0.0,5282.0,5281.4
351420,3.9585,-68.90,0.50,8.96,44.89,0.3169,0.0,100.0,0.0,0.0,0.0,5269.1,5272.5
351480,3.9592,-68.94,0.50,8.92,44.87,0.3169,0.0,100.0,0.0,0.0,0.0,5277.8,5304.6
351540,3.9599,-68.97,0.50,8.87,44.85,0.3169,0.0,100.0,0.0,0.0,0.0,5275.3,5302.4
351600,3.9606,-69.01,0.50,8.83,44.83,0.3169,0.0,100.0,0.0,0.0,0.0,5300.6,5307.6
351660,3.9613,-69.04,0.50,8.79,44.82,0.3169,0.0,100.0,0.0,0.0,0.0,5285.3,5262.7
351720,3.9619,-69.07,0.50,8.75,44.80,0.3169,0.0,100.0,0.0,0.0,0.0,5302.5,5311.7
351780,3.9626,-69.11,0.50,8.70,44.78,0.3169,0.0,100.0,0.0,0.0,0.0,5327.5,5316.9
351840,3.9633,-69.14,0.50,8.66,44.77,0.3169,0.0,100.0,0.0,0.0,0.0,5314.9,5285.8
351900,3.9640,-69.17,0.50,8.62,44.75,0.3169,0.0,100.0,0.0,0.0,100.0,5319.5,5273.1
351960,3.9646,-69.20,0.50,8.58,44.99,0.3172,0.0,100.0,0.0,0.0,0.0,5290.2,5291.9
352020,3.9653,-69.23,0.50,8.55,44.93,0.3172,0.0,100.0,0.0,0.0,0.0,5296.5,5310.4
352080,3.9660,-69.26,0.50,8.51,44.87,0.3172,0.0,100.0,0.0,0.0,0.0,5287.2,5269.6
352140,3.9667,-69.29,0.50,8.47,44.83,0.3172,0.0,100.0,0.0,0.0,0.0,5286.8,5288.7
352200,3.9673,-69.32,0.50,8.43,44.79,0.3172,0.0,100.0,0.0,0.0,0.0,5307.6,5277.2
352260,3.9680,-69.35,0.50,8.40,44.76,0.3172,0.0,100.0,0.0,0.0,0.0,5316.6,5309.9
352320,3.9687,-69.37,0.50,8.36,44.73,0.3172,0.0,100.0,0.0,0.0,0.0,5268.7,5261.2
352380,3.9694,-69.40,0.50,8.32,44.70,0.3172,0.0,100.0,0.0,0.0,0.0,5283.3,5347.8
352440,3.9700,-69.43,0.50,8.29,44.68,0.3172,0.0,100.0,0.0,0.0,0.0,5278.5,5271.6
352500,3.9707,-69.45,0.50,8.25,44.66,0.3172,0.0,100.0,0.0,0.0,0.0,5314.7,5267.1
352560,3.9714,-69.48,0.50,8.22,44.64,0.3172,0.0,100.0,0.0,0.0,0.0,5312.0,5279.7
352620,3.9721,-69.50,0.50,8.19,44.62,0.3172,0.0,100.0,0.0,0.0,0.0,5318.2,5285.8
352680,3.9727,-69.52,0.50,8.15,44.60,0.3172,0.0,100.0,0.0,0.0,0.0,5303.4,5263.7
352740,3.9734,-69.55,0.50,8.12,44.58,0.3172,0.0,100.0,0.0,0.0,0.0,5280.7,5285.2
352800,3.9741,-69.57,0.50,8.09,44.57,0.3172,0.0,100.0,0.0,0.0,0.0,5286.8,5257.1
352860,3.9748,-69.59,0.50,8.06,44.55,0.3172,0.0,100.0,0.0,0.0,0.0,5307.4,5279.7
352920,3.9754,-69.61,0.50,8.03,44.54,0.3172,0.0,100.0,0.0,0.0,0.0,5319.6,5276.7
352980,3.9761,-69.63,0.50,8.00,44.53,0.3172,0.0,100.0,0.0,0.0,0.0,5286.0,5302.8
353040,3.9768,-69.66,0.50,7.97,44.51,0.3172,0.0,100.0,0.0,0.0,0.0,5284.1,5297.5
353100,3.9775,-69.67,0.50,7.94,44.50,0.3172,0.0,100.0,0.0,0.0,0.0,5275.5,5301.9
353160,3.9781,-69.69,0.50,7.91,44.49,0.3172,0.0,100.0,0.0,0.0,0.0,5298.2,5239.7
353220,3.9788,-69.71,0.50,7.88,44.48,0.3172,0.0,100.0,0.0,0.0,0.0,5250.0,5287.5
353280,3.9795,-69.73,0.50,7.86,44.47,0.3172,0.0,100.0,0.0,0.0,0.0,5306.9,5296.2
353340,3.9802,-69.75,0.50,7.83,44.46,0.3172,0.0,100.0,0.0,0.0,0.0,5308.1,5256.2
353400,3.9809,-69.77,0.50,7.81,44.45,0.3172,0.0,100.0,0.0,0.0,0.0,5316.8,5306.4
353460,3.9815,-69.78,0.50,7.78,44.43,0.3172,0.0,100.0,0.0,0.0,0.0,5252.5,5259.5
353520,3.9822,-69.80,0.50,7.76,44.42,0.3172,0.0,100.0,0.0,0.0,0.0,5290.6,5323.2
353580,3.9829,-69.81,0.50,7.73,44.41,0.3172,0.0,100.0,0.0,0.0,0.0,5305.0,5227.8
353640,3.9836,-69.83,0.50,7.71,44.40,0.3172,0.0,100.0,0.0,0.0,0.0,5297.3,5250.2
353700,3.9842,-69.84,0.50,7.68,44.39,0.3172,0.0,100.0,0.0,0.0,0.0,5273.3,5299.2
353760,3.9849,-69.85,0.50,7.66,44.39,0.3172,0.0,100.0,0.0,0.0,0.0,5302.0,5298.8
353820,3.9856,-69.87,0.50,7.64,44.38,0.3172,0.0,100.0,0.0,0.0,0.0,5311.4,5290.9
353880,3.9863,-69.88,0.50,7.62,44.37,0.3172,0.0,100.0,0.0,0.0,0.0,5307.1,5286.3
353940,3.9869,-69.89,0.50,7.60,44.36,0.3172,0.0,100.0,0.0,0.0,0.0,5320.3,5328.5
354000,3.9876,-69.90,0.50,7.58,44.35,0.3172,0.0,100.0,0.0,0.0,0.0,5273.6,5300.9
354060,3.9883,-69.91,0.50,7.56,44.34,0.3172,0.0,100.0,0.0,0.0,0.0,5307.5,5310.9
354120,3.9890,-69.92,0.50,7.54,44.33,0.3172,0.0,100.0,0.0,0.0,0.0,5338.5,5276.1
354180,3.9896,-69.93,0.50,7.52,44.32,0.3172,0.0,100.0,0.0,0.0,0.0,5327.8,5315.8
354240,3.9903,-69.94,0.50,7.50,44.31,0.3172,0.0,100.0,0.0,0.0,0.0,5295.4,5324.3
354300,3.9910,-69.95,0.50,7.49,44.31,0.3172,0.0,100.0,0.0,0.0,0.0,5301.0,5312.0
354360,3.9917,-69.96,0.50,7.47,44.30,0.3172,0.0,100.0,0.0,0.0,0.0,5280.3,5298.0
354420,3.9923,-69.96,0.50,7.45,44.29,0.3172,0.0,100.0,0.0,0.0,0.0,5303.8,5294.6
354480,3.9930,-69.97,0.50,7.44,44.28,0.3172,0.0,100.0,0.0,0.0,0.0,5303.9,5305.3
354540,3.9937,-69.97,0.50,7.42,44.28,0.3172,0.0,100.0,0.0,0.0,0.0,5302.1,5282.5
354600,3.9944,-69.98,0.50,7.41,44.27,0.3172,0.0,100.0,0.0,0.0,0.0,5306.3,5333.0
354660,3.9950,-69.98,0.50,7.39,44.26,0.3172,0.0,100.0,0.0,0.0,100.0,5292.0,5314.3
354720,3.9957,-69.99,0.50,7.38,44.53,0.3175,0.0,100.0,0.0,0.0,0.0,5269.4,5314.8
354780,3.9964,-69.99,0.50,7.37,44.47,0.3175,0.0,100.0,0.0,0.0,0.0,5315.8,5296.0
354840,3.9971,-69.99,0.50,7.36,44.42,0.3175,0.0,100.0,0.0,0.0,0.0,5295.4,5305.4
354900,3.9977,-70.00,0.50,7.34,44.38,0.3175,0.0,100.0,0.0,0.0,0.0,5315.6,5269.6
354960,3.9984,-70.00,0.50,7.33,44.35,0.3175,0.0,100.0,0.0,0.0,0.0,5330.9,5302.3
355020,3.9991,-70.00,0.50,7.32,44.32,0.3175,0.0,100.0,0.0,0.0,0.0,5326.7,5325.5
355080,3.9998,-70.00,0.50,7.31,44.30,0.3175,0.0,100.0,0.0,0.0,0.0,5264.5,5275.3
355140,4.0005,-70.00,0.50,7.30,44.28,0.3175,0.0,100.0,0.0,0.0,100.0,5282.1,5302.1
355200,4.0011,-70.00,0.50,7.30,44.53,0.3178,0.0,100.0,0.0,0.0,0.0,5324.0,5286.4
355260,4.0018,-70.00,0.50,7.29,44.47,0.3178,0.0,100.0,0.0,0.0,0.0,5257.4,5261.6
355320,4.0025,-70.00,0.50,7.28,44.41,0.3178,0.0,100.0,0.0,0.0,0.0,5287.8,5329.9
355380,4.0032,-69.99,0.50,7.27,44.37,0.3178,0.0,100.0,0.0,0.0,0.0,5292.1,5305.0
355440,4.0038,-69.99,0.50,7.27,44.33,0.3178,0.0,100.0,0.0,0.0,0.0,5299.9,5319.1
355500,4.0045,-69.99,0.50,7.26,44.30,0.3178,0.0,100.0,0.0,0.0,0.0,5285.3,5273.4
355560,4.0052,-69.98,0.50,7.26,44.27,0.3178,0.0,100.0,0.0,0.0,0.0,5275.7,5297.4
355620,4.0059,-69.98,0.50,7.25,44.25,0.3178,0.0,100.0,0.0,0.0,0.0,5298.9,5290.0
355680,4.0065,-69.97,0.50,7.25,44.23,0.3178,0.0,100.0,0.0,0.0,0.0,5319.9,5311.8
355740,4.0072,-69.97,0.50,7.25,44.21,0.3178,0.0,100.0,0.0,0.0,0.0,5290.5,5270.9
355800,4.0079,-69.96,0.50,7.24,44.20,0.3178,0.0,100.0,0.0,0.0,0.0,5276.1,5277.8
355860,4.0086,-69.95,0.50,7.24,44.18,0.3178,0.0,100.0,0.0,0.0,0.0,5299.8,5326.0
355920,4.0092,-69.95,0.50,7.24,44.17,0.3178,0.0,100.0,0.0,0.0,0.0,5290.1,5321.6
355980,4.0099,-69.94,0.50,7.24,44.16,0.3178,0.0,100.0,0.0,0.0,0.0,5294.2,5305.7
356040,4.0106,-69.93,0.50,7.24,44.16,0.3178,0.0,100.0,0.0,0.0,0.0,5322.3,5273.8
356100,4.0113,-69.92,0.50,7.24,44.15,0.3178,0.0,100.0,0.0,0.0,0.0,5325.1,5289.3
356160,4.0119,-69.91,0.50,7.24,44.14,0.3178,0.0,100.0,0.0,0.0,0.0,5285.9,5257.7
356220,4.0126,-69.90,0.50,7.24,44.14,0.3178,0.0,100.0,0.0,0.0,0.0,5269.6,5307.7
356280,4.0133,-69.89,0.50,7.24,44.13,0.3178,0.0,100.0,0.0,0.0,0.0,5302.6,5289.8
356340,4.0140,-69.87,0.50,7.25,44.13,0.3178,0.0,100.0,0.0,0.0,0.0,5275.3,5277.5
356400,4.0146,-69.86,0.50,7.25,44.12,0.3178,0.0,100.0,0.0,0.0,0.0,5274.5,5258.5
356460,4.0153,-69.85,0.50,7.25,44.12,0.3178,0.0,100.0,0.0,0.0,0.0,5311.3,5314.9
356520,4.0160,-69.84,0.50,7.26,44.12,0.3178,0.0,100.0,0.0,0.0,0.0,5304.3,5277.7
356580,4.0167,-69.82,0.50,7.26,44.11,0.3178,0.0,100.0,0.0,0.0,100.0,5326.6,5307.2
356640,4.0173,-69.81,0.50,7.27,44.39,0.3181,0.0,100.0,0.0,0.0,0.0,5242.8,5320.7
356700,4.0180,-69.79,0.50,7.27,44.33,0.3181,0.0,100.0,0.0,0.0,0.0,5292.8,5247.6
356760,4.0187,-69.78,0.50,7.28,44.29,0.3181,0.0,100.0,0.0,0.0,100.0,5310.0,5301.8
356820,4.0194,-69.76,0.50,7.29,44.53,0.3184,0.0,100.0,0.0,0.0,0.0,5303.6,5255.7
356880,4.0201,-69.74,0.50,7.29,44.45,0.3184,0.0,100.0,0.0,0.0,0.0,5272.0,5266.8
356940,4.0207,-69.72,0.50,7.30,44.38,0.3184,0.0,100.0,0.0,0.0,0.0,5255.8,5308.7
357000,4.0214,-69.71,0.50,7.31,44.33,0.3184,0.0,100.0,0.0,0.0,0.0,5271.9,5303.6
357060,4.0221,-69.69,0.50,7.32,44.29,0.3184,0.0,100.0,0.0,0.0,0.0,5309.2,5271.9
357120,4.0228,-69.67,0.50,7.33,44.25,0.3184,0.0,100.0,0.0,0.0,0.0,5295.7,5323.1
357180,4.0234,-69.65,0.50,7.34,44.22,0.3184,0.0,100.0,0.0,0.0,0.0,5281.7,5274.7
357240,4.0241,-69.63,0.50,7.35,44.20,0.3184,0.0,100.0,0.0,0.0,0.0,5314.8,5301.5
357300,4.0248,-69.61,0.50,7.37,44.18,0.3184,0.0,100.0,0.0,0.0,0.0,5292.1,5267.6
357360,4.0255,-69.59,0.50,7.38,44.16,0.3184,0.0,100.0,0.0,0.0,0.0,5294.0,5297.7
357420,4.0261,-69.56,0.50,7.39,44.15,0.3184,0.0,100.0,0.0,0.0,0.0,5283.4,5314.1
357480,4.0268,-69.54,0.50,7.40,44.14,0.3184,0.0,100.0,0.0,0.0,0.0,5283.8,5293.6
357540,4.0275,-69.52,0.50,7.42,44.13,0.3184,0.0,100.0,0.0,0.0,0.0,5333.5,5283.9
357600,4.0282,-69.49,0.50,7.43,44.12,0.3184,0.0,100.0,0.0,0.0,0.0,5264.1,5261.9
357660,4.0288,-69.47,0.50,7.45,44.12,0.3184,0.0,100.0,0.0,0.0,0.0,5310.3,5314.7
357720,4.0295,-69.44,0.50,7.47,44.11,0.3184,0.0,100.0,0.0,0.0,0.0,5304.6,5330.6
357780,4.0302,-69.42,0.50,7.48,44.11,0.3184,0.0,100.0,0.0,0.0,0.0,5293.4,5322.7
357840,4.0309,-69.39,0.50,7.50,44.11,0.3184,0.0,100.0,0.0,0.0,0.0,5307.3,5315.3
357900,4.0315,-69.36,0.50,7.52,44.11,0.3184,0.0,100.0,0.0,0.0,0.0,5288.8,5287.3
357960,4.0322,-69.34,0.50,7.53,44.11,0.3184,0.0,100.0,0.0,0.0,0.0,5308.7,5315.8
358020,4.0329,-69.31,0.50,7.55,44.11,0.3184,0.0,100.0,0.0,0.0,0.0,5338.4,5297.8
358080,4.0336,-69.28,0.50,7.57,44.11,0.3184,0.0,100.0,0.0,0.0,0.0,5263.4,5280.1
358140,4.0342,-69.25,0.50,7.59,44.11,0.3184,0.0,100.0,0.0,0.0,0.0,5323.7,5316.3
358200,4.0349,-69.22,0.50,7.61,44.11,0.3184,0.0,100.0,0.0,0.0,0.0,5296.9,5274.2
358260,4.0356,-69.19,0.50,7.64,44.11,0.3184,0.0,100.0,0.0,0.0,0.0,5297.2,5301.2
358320,4.0363,-69.16,0.50,7.66,44.11,0.3184,0.0,100.0,0.0,0.0,0.0,5315.2,5271.4
358380,4.0369,-69.13,0.50,7.68,44.11,0.3184,0.0,100.0,0.0,0.0,0.0,5276.6,5275.9
358440,4.0376,-69.10,0.50,7.70,44.11,0.3184,0.0,100.0,0.0,0.0,0.0,5284.7,5257.7
358500,4.0383,-69.06,0.50,7.73,44.12,0.3184,0.0,100.0,0.0,0.0,0.0,5316.1,5304.4
358560,4.0390,-69.03,0.50,7.75,44.12,0.3184,0.0,100.0,0.0,0.0,0.0,5321.5,5284.6
358620,4.0397,-69.00,0.50,7.77,44.12,0.3184,0.0,100.0,0.0,0.0,0.0,5327.5,5270.7
358680,4.0403,-68.96,0.50,7.80,44.12,0.3184,0.0,100.0,0.0,0.0,0.0,5299.2,5301.5
358740,4.0410,-68.93,0.50,7.83,44.13,0.3184,0.0,100.0,0.0,0.0,0.0,5306.6,5317.7
358800,4.0417,-68.89,0.50,7.85,44.13,0.3184,0.0,100.0,0.0,0.0,0.0,5312.3,5313.1
358860,4.0424,-68.86,0.50,7.88,44.13,0.3184,0.0,100.0,0.0,0.0,0.0,5292.4,5337.6
358920,4.0430,-68.82,0.50,7.91,44.14,0.3184,0.0,100.0,0.0,0.0,0.0,5323.2,5294.1
358980,4.0437,-68.78,0.50,7.93,44.14,0.3184,0.0,100.0,0.0,0.0,0.0,5280.6,5304.3
359040,4.0444,-68.74,0.50,7.96,44.14,0.3184,0.0,100.0,0.0,0.0,0.0,5290.2,5317.0
359100,4.0451,-68.71,0.50,7.99,44.15,0.3184,0.0,100.0,0.0,0.0,0.0,5314.9,5294.9
359160,4.0457,-68.67,0.50,8.02,44.15,0.3184,0.0,100.0,0.0,0.0,0.0,5273.9,5307.5
359220,4.0464,-68.63,0.50,8.05,44.16,0.3184,0.0,100.0,0.0,0.0,0.0,5279.4,5301.9
359280,4.0471,-68.59,0.50,8.08,44.16,0.3184,0.0,100.0,0.0,0.0,0.0,5314.9,5324.3
359340,4.0478,-68.55,0.50,8.11,44.17,0.3184,0.0,100.0,0.0,0.0,0.0,5338.5,5314.8
359400,4.0484,-68.51,0.50,8.15,44.17,0.3184,0.0,100.0,0.0,0.0,0.0,5286.2,5292.0
359460,4.0491,-68.46,0.50,8.18,44.18,0.3184,0.0,100.0,0.0,0.0,0.0,5303.4,5319.2
359520,4.0498,-68.42,0.50,8.21,44.18,0.3184,0.0,100.0,0.0,0.0,0.0,5299.5,5315.7
359580,4.0505,-68.38,0.50,8.25,44.19,0.3184,0.0,100.0,0.0,0.0,0.0,5296.6,5306.1
359640,4.0511,-68.34,0.50,8.28,44.19,0.3184,0.0,100.0,0.0,0.0,0.0,5289.5,5321.6
359700,4.0518,-68.29,0.50,8.32,44.20,0.3183,0.0,100.0,0.0,0.0,0.0,5325.5,5297.5
359760,4.0525,-68.25,0.50,8.35,44.20,0.3183,0.0,100.0,0.0,0.0,0.0,5275.9,5307.5
359820,4.0532,-68.20,0.50,8.39,44.21,0.3183,0.0,100.0,0.0,0.0,0.0,5341.5,5312.5
359880,4.0538,-68.16,0.50,8.42,44.21,0.3183,0.0,100.0,0.0,0.0,0.0,5319.1,5291.1
359940,4.0545,-68.11,0.50,8.46,44.22,0.3183,0.0,100.0,0.0,0.0,0.0,5283.3,5318.8
360000,4.0552,-68.07,0.50,8.50,44.23,0.3183,0.0,100.0,0.0,0.0,0.0,5282.2,5314.1
360060,4.0559,-68.02,0.50,8.54,44.23,0.3183,0.0,100.0,0.0,0.0,0.0,5283.0,5324.4
360120,4.0565,-67.97,0.50,8.58,44.24,0.3183,0.0,100.0,0.0,0.0,0.0,5302.2,5318.4
360180,4.0572,-67.92,0.50,8.62,44.25,0.3183,0.0,100.0,0.0,0.0,0.0,5302.3,5290.6
360240,4.0579,-67.87,0.50,8.66,44.25,0.3183,0.0,100.0,0.0,0.0,0.0,5313.4,5312.9
360300,4.0586,-67.82,0.50,8.70,44.26,0.3183,0.0,100.0,0.0,0.0,0.0,5277.7,5312.6
360360,4.0593,-67.77,0.50,8.74,44.27,0.3183,0.0,100.0,0.0,0.0,0.0,5274.4,5299.4
360420,4.0599,-67.72,0.50,8.78,44.27,0.3183,0.0,100.0,0.0,0.0,0.0,5286.6,5294.5
360480,4.0606,-67.67,0.50,8.82,44.28,0.3183,0.0,100.0,0.0,0.0,0.0,5311.0,5310.5
360540,4.0613,-67.62,0.50,8.86,44.28,0.3183,0.0,100.0,0.0,0.0,0.0,5267.7,5289.4
360600,4.0620,-67.57,0.50,8.91,44.28,0.3183,0.0,100.0,0.0,0.0,0.0,5289.7,5316.1
360660,4.0626,-67.52,0.50,8.95,44.28,0.3183,0.0,100.0,0.0,0.0,0.0,5261.8,5318.3
360720,4.0633,-67.46,0.50,9.00,44.27,0.3183,0.0,100.0,0.0,0.0,0.0,5330.4,5289.0
360780,4.0640,-67.41,0.50,9.04,44.27,0.3183,0.0,100.0,0.0,0.0,0.0,5314.0,5314.2
360840,4.0647,-67.35,0.50,9.09,44.26,0.3183,0.0,100.0,0.0,0.0,0.0,5294.8,5360.3
360900,4.0653,-67.30,0.50,9.13,44.25,0.3183,0.0,100.0,0.0,0.0,0.0,5305.3,5275.3
360960,4.0660,-67.24,0.50,9.18,44.24,0.3183,0.0,100.0,0.0,0.0,0.0,5268.5,5288.7
361020,4.0667,-67.19,0.50,9.23,44.23,0.3183,0.0,100.0,0.0,0.0,0.0,5301.7,5284.1
361080,4.0674,-67.13,0.50,9.27,44.21,0.3183,0.0,100.0,0.0,0.0,0.0,5274.4,5298.9
361140,4.0680,-67.08,0.50,9.32,44.20,0.3183,0.0,100.0,0.0,0.0,0.0,5294.4,5305.0
361200,4.0687,-67.02,0.50,9.37,44.18,0.3183,0.0,100.0,0.0,0.0,0.0,5288.6,5318.9
361260,4.0694,-66.96,0.50,9.42,44.16,0.3183,0.0,100.0,0.0,0.0,0.0,5333.4,5306.5
361320,4.0701,-66.90,0.50,9.47,44.14,0.3183,0.0,100.0,0.0,0.0,0.0,5312.1,5319.5
361380,4.0707,-66.84,0.50,9.52,44.11,0.3183,0.0,100.0,0.0,0.0,100.0,5291.8,5304.1
361440,4.0714,-66.78,0.50,9.57,44.38,0.3186,0.0,100.0,0.0,0.0,0.0,5282.8,5329.9
361500,4.0721,-66.72,0.50,9.62,44.35,0.3186,0.0,100.0,0.0,0.0,0.0,5276.8,5300.5
361560,4.0728,-66.66,0.50,9.68,44.32,0.3186,0.0,100.0,0.0,0.0,0.0,5307.3,5321.1
361620,4.0734,-66.60,0.50,9.73,44.29,0.3186,0.0,100.0,0.0,0.0,0.0,5285.6,5296.0
361680,4.0741,-66.54,0.50,9.78,44.25,0.3186,0.0,100.0,0.0,0.0,0.0,5291.0,5309.0
361740,4.0748,-66.48,0.50,9.83,44.22,0.3186,0.0,100.0,0.0,0.0,0.0,5320.9,5266.5
361800,4.0755,-66.41,0.50,9.89,44.18,0.3186,0.0,100.0,0.0,0.0,0.0,5284.4,5325.0
361860,4.0761,-66.35,0.50,9.94,44.14,0.3186,0.0,100.0,0.0,0.0,0.0,5280.8,5318.2
361920,4.0768,-66.29,0.50,10.00,44.10,0.3186,0.0,100.0,0.0,0.0,0.0,5292.9,5298.4
361980,4.0775,-66.22,0.50,10.06,44.06,0.3186,0.0,100.0,0.0,0.0,0.0,5241.7,5284.0
362040,4.0782,-66.16,0.50,10.11,44.01,0.3186,0.0,100.0,0.0,0.0,0.0,5269.3,5329.1
362100,4.0789,-66.09,0.50,10.17,43.97,0.3186,0.0,100.0,0.0,0.0,0.0,5303.6,5310.7
362160,4.0795,-66.03,0.50,10.23,43.92,0.3186,0.0,100.0,0.0,0.0,0.0,5355.5,5296.9
362220,4.0802,-65.96,0.50,10.28,43.87,0.3186,0.0,100.0,0.0,0.0,0.0,5293.2,5301.3
362280,4.0809,-65.89,0.50,10.34,43.82,0.3186,0.0,100.0,0.0,0.0,0.0,5263.3,5294.7
362340,4.0816,-65.83,0.50,10.40,43.77,0.3186,0.0,100.0,0.0,0.0,0.0,5312.9,5296.5
362400,4.0822,-65.76,0.50,10.46,43.72,0.3186,0.0,100.0,0.0,0.0,0.0,5340.0,5320.5
362460,4.0829,-65.69,0.50,10.52,43.66,0.3186,0.0,100.0,0.0,0.0,0.0,5308.2,5282.7
362520,4.0836,-65.62,0.50,10.58,43.61,0.3186,0.0,100.0,0.0,0.0,0.0,5270.7,5321.8
362580,4.0843,-65.55,0.50,10.64,43.55,0.3186,0.0,100.0,0.0,0.0,0.0,5289.3,5288.1
362640,4.0849,-65.48,0.50,10.70,43.49,0.3186,0.0,100.0,0.0,0.0,0.0,5291.5,5304.2
362700,4.0856,-65.41,0.50,10.77,43.43,0.3186,0.0,100.0,0.0,0.0,0.0,5290.9,5310.5
362760,4.0863,-65.34,0.50,10.83,43.37,0.3186,0.0,100.0,0.0,0.0,0.0,5283.0,5277.2
362820,4.0870,-65.27,0.50,10.89,43.30,0.3186,0.0,100.0,0.0,0.0,0.0,5295.1,5276.1
362880,4.0876,-65.20,0.50,10.96,43.24,0.3186,0.0,100.0,0.0,0.0,0.0,5295.0,5308.2
362940,4.0883,-65.12,0.50,11.02,43.17,0.3186,0.0,100.0,0.0,0.0,0.0,5261.0,5324.0
363000,4.0890,-65.05,0.50,11.09,43.10,0.3186,0.0,100.0,0.0,0.0,0.0,5310.5,5311.8
363060,4.0897,-64.98,0.50,11.15,43.04,0.3186,0.0,100.0,0.0,0.0,0.0,5321.9,5297.2
363120,4.0903,-64.90,0.50,11.22,42.97,0.3186,0.0,100.0,0.0,0.0,0.0,5320.8,5273.5
363180,4.0910,-64.83,0.50,11.28,42.89,0.3186,0.0,100.0,0.0,0.0,0.0,5298.1,5307.8
363240,4.0917,-64.75,0.50,11.35,42.82,0.3186,0.0,100.0,0.0,0.0,0.0,5292.2,5267.5
363300,4.0924,-64.68,0.50,11.42,42.75,0.3186,0.0,100.0,0.0,0.0,0.0,5297.8,5292.1
363360,4.0930,-64.60,0.50,11.49,42.67,0.3186,0.0,100.0,0.0,0.0,0.0,5306.1,5316.7
363420,4.0937,-64.53,0.50,11.55,42.59,0.3186,0.0,100.0,0.0,0.0,0.0,5325.4,5313.6
363480,4.0944,-64.45,0.50,11.62,42.52,0.3186,0.0,100.0,0.0,0.0,0.0,5310.8,5330.2
363540,4.0951,-64.37,0.50,11.69,42.44,0.3186,0.0,100.0,0.0,0.0,0.0,5331.9,5332.8
363600,4.0957,-64.29,0.50,11.76,42.36,0.3186,0.0,100.0,0.0,0.0,0.0,5313.2,5317.2
363660,4.0964,-64.22,0.50,11.83,42.28,0.3186,0.0,100.0,0.0,0.0,0.0,5297.7,5313.5
363720,4.0971,-64.14,0.50,11.90,42.19,0.3186,0.0,100.0,0.0,0.0,0.0,5281.8,5299.8
363780,4.0978,-64.06,0.50,11.97,42.11,0.3186,0.0,100.0,0.0,0.0,0.0,5295.5,5317.6
363840,4.0985,-63.98,0.50,12.05,42.02,0.3186,0.0,100.0,0.0,0.0,0.0,5318.4,5334.9
363900,4.0991,-63.90,0.50,12.12,41.94,0.3186,0.0,100.0,0.0,0.0,0.0,5326.1,5293.3
363960,4.0998,-63.82,0.50,12.19,41.85,0.3186,0.0,100.0,0.0,0.0,0.0,5274.7,5317.0
364020,4.1005,-63.74,0.50,12.26,41.76,0.3186,0.0,100.0,0.0,0.0,0.0,5316.7,5307.2
364080,4.1012,-63.65,0.50,12.34,41.67,0.3186,0.0,100.0,0.0,0.0,0.0,5304.1,5293.8
364140,4.1018,-63.57,0.50,12.41,41.58,0.3186,0.0,100.0,0.0,0.0,0.0,5334.5,5300.0
364200,4.1025,-63.49,0.50,12.49,41.49,0.3186,0.0,100.0,0.0,0.0,0.0,5302.6,5319.5
364260,4.1032,-63.41,0.50,12.56,41.40,0.3186,0.0,100.0,0.0,0.0,0.0,5240.4,5287.8
364320,4.1039,-63.32,0.50,12.64,41.30,0.3185,0.0,100.0,0.0,0.0,0.0,5279.5,5340.5
364380,4.1045,-63.24,0.50,12.72,41.21,0.3185,0.0,100.0,0.0,0.0,0.0,5260.1,5330.5
364440,4.1052,-63.15,0.50,12.79,41.11,0.3185,0.0,100.0,0.0,0.0,0.0,5332.2,5308.4
364500,4.1059,-63.07,0.50,12.87,41.02,0.3185,0.0,100.0,0.0,0.0,0.0,5298.4,5291.7
364560,4.1066,-62.98,0.50,12.95,40.92,0.3185,0.0,100.0,0.0,0.0,0.0,5314.8,5278.4
364620,4.1072,-62.90,0.50,13.03,40.82,0.3185,0.0,100.0,0.0,0.0,0.0,5301.2,5291.3
364680,4.1079,-62.81,0.50,13.10,40.72,0.3185,0.0,100.0,0.0,0.0,0.0,5322.3,5287.2
364740,4.1086,-62.72,0.50,13.18,40.62,0.3185,0.0,100.0,0.0,0.0,0.0,5347.5,5337.8
364800,4.1093,-62.64,0.50,13.26,40.52,0.3185,0.0,100.0,0.0,0.0,0.0,5316.4,5328.4
364860,4.1099,-62.55,0.50,13.34,40.42,0.3185,0.0,100.0,0.0,0.0,0.0,5307.3,5271.2
364920,4.1106,-62.46,0.50,13.42,40.31,0.3185,0.0,100.0,0.0,0.0,0.0,5296.1,5325.2
364980,4.1113,-62.37,0.50,13.51,40.21,0.3185,0.0,100.0,0.0,0.0,0.0,5285.6,5295.3
365040,4.1120,-62.28,0.50,13.59,40.10,0.3185,0.0,100.0,0.0,0.0,0.0,5307.5,5301.5
365100,4.1126,-62.19,0.50,13.67,40.00,0.3185,0.0,100.0,0.0,0.0,0.0,5283.0,5288.0
365160,4.1133,-62.10,0.50,13.75,39.89,0.3185,0.0,100.0,0.0,0.0,0.0,5306.4,5320.3
365220,4.1140,-62.01,0.50,13.83,39.78,0.3185,0.0,100.0,0.0,0.0,0.0,5336.6,5294.8
365280,4.1147,-61.92,0.50,13.92,39.68,0.3185,0.0,100.0,0.0,0.0,0.0,5304.3,5300.9
365340,4.1153,-61.83,0.50,14.00,39.57,0.3185,0.0,100.0,0.0,0.0,0.0,5335.0,5291.9
365400,4.1160,-61.74,0.50,14.09,39.46,0.3185,0.0,100.0,0.0,0.0,0.0,5321.7,5285.9
365460,4.1167,-61.65,0.50,14.17,39.35,0.3185,0.0,100.0,0.0,0.0,0.0,5312.9,5331.1
365520,4.1174,-61.56,0.50,14.26,39.24,0.3185,0.0,100.0,0.0,0.0,0.0,5304.5,5278.3
365580,4.1181,-61.46,0.50,14.34,39.12,0.3185,0.0,100.0,0.0,0.0,0.0,5340.1,5269.0
365640,4.1187,-61.37,0.50,14.43,39.01,0.3185,0.0,100.0,0.0,0.0,0.0,5296.3,5324.7
365700,4.1194,-61.27,0.50,14.52,38.90,0.3185,0.0,100.0,0.0,0.0,0.0,5310.5,5281.4
365760,4.1201,-61.18,0.50,14.60,38.79,0.3185,0.0,100.0,0.0,0.0,0.0,5293.2,5300.2
365820,4.1208,-61.09,0.50,14.69,38.67,0.3185,0.0,100.0,0.0,0.0,0.0,5291.1,5275.6
365880,4.1214,-60.99,0.50,14.78,38.56,0.3185,0.0,100.0,0.0,0.0,0.0,5320.9,5321.8
365940,4.1221,-60.89,0.50,14.87,38.44,0.3185,0.0,100.0,0.0,0.0,0.0,5277.7,5319.3
366000,4.1228,-60.80,0.50,14.96,38.32,0.3185,0.0,100.0,0.0,0.0,0.0,5309.6,5288.2
366060,4.1235,-60.70,0.50,15.05,38.21,0.3185,0.0,100.0,0.0,0.0,100.0,5300.7,5327.0
366120,4.1241,-60.61,0.50,15.13,38.32,0.3188,0.0,100.0,0.0,0.0,0.0,5295.2,5317.0
366180,4.1248,-60.51,0.50,15.23,38.20,0.3188,0.0,100.0,0.0,0.0,0.0,5297.6,5335.8
366240,4.1255,-60.41,0.50,15.32,38.08,0.3188,0.0,100.0,0.0,0.0,0.0,5301.9,5309.1
366300,4.1262,-60.31,0.50,15.41,37.96,0.3188,0.0,100.0,0.0,0.0,0.0,5331.7,5292.4
366360,4.1268,-60.21,0.50,15.50,37.84,0.3188,0.0,100.0,0.0,0.0,0.0,5314.1,5317.3
366420,4.1275,-60.12,0.50,15.59,37.71,0.3188,0.0,100.0,0.0,0.0,0.0,5333.2,5342.9
366480,4.1282,-60.02,0.50,15.68,37.59,0.3188,0.0,100.0,0.0,0.0,0.0,5291.9,5312.6
366540,4.1289,-59.92,0.50,15.78,37.47,0.3188,0.0,100.0,0.0,0.0,0.0,5331.4,5289.0
366600,4.1295,-59.82,0.50,15.87,37.35,0.3188,0.0,100.0,0.0,0.0,0.0,5323.4,5313.3
366660,4.1302,-59.72,0.50,15.96,37.22,0.3188,0.0,100.0,0.0,0.0,0.0,5328.8,5327.3
366720,4.1309,-59.61,0.50,16.06,37.10,0.3188,0.0,100.0,0.0,0.0,0.0,5319.1,5310.8
366780,4.1316,-59.51,0.50,16.15,36.97,0.3188,0.0,100.0,0.0,0.0,0.0,5333.5,5315.1
366840,4.1322,-59.41,0.50,16.25,36.85,0.3188,0.0,100.0,0.0,0.0,0.0,5295.1,5291.4
366900,4.1329,-59.31,0.50,16.34,36.73,0.3188,0.0,100.0,0.0,0.0,0.0,5284.0,5290.1
366960,4.1336,-59.21,0.50,16.44,36.60,0.3188,0.0,100.0,0.0,0.0,0.0,5305.6,5337.7
367020,4.1343,-59.10,0.50,16.53,36.47,0.3188,0.0,100.0,0.0,0.0,0.0,5303.6,5305.7
367080,4.1349,-59.00,0.50,16.63,36.35,0.3188,0.0,100.0,0.0,0.0,0.0,5296.9,5313.3
367140,4.1356,-58.90,0.50,16.73,36.22,0.3188,0.0,100.0,0.0,0.0,0.0,5319.3,5320.1
367200,4.1363,-58.79,0.50,16.83,36.09,0.3188,0.0,100.0,0.0,0.0,0.0,5320.7,5328.2
367260,4.1370,-58.69,0.50,16.92,35.97,0.3188,0.0,100.0,0.0,0.0,0.0,5305.0,5294.7
367320,4.1377,-58.58,0.50,17.02,35.84,0.3188,0.0,100.0,0.0,0.0,0.0,5315.8,5333.4
367380,4.1383,-58.48,0.50,17.12,35.71,0.3188,0.0,100.0,0.0,0.0,100.0,5309.0,5305.5
367440,4.1390,-58.37,0.50,17.22,35.79,0.3191,0.0,100.0,0.0,0.0,0.0,5328.2,5323.1
367500,4.1397,-58.27,0.50,17.32,35.66,0.3191,0.0,100.0,0.0,0.0,0.0,5341.6,5336.0
367560,4.1404,-58.16,0.50,17.42,35.53,0.3191,0.0,100.0,0.0,0.0,0.0,5352.3,5298.0
367620,4.1410,-58.05,0.50,17.52,35.40,0.3191,0.0,100.0,0.0,0.0,0.0,5337.8,5328.1
367680,4.1417,-57.95,0.50,17.62,35.27,0.3191,0.0,100.0,0.0,0.0,0.0,5303.4,5309.7
367740,4.1424,-57.84,0.50,17.72,35.14,0.3191,0.0,100.0,0.0,0.0,0.0,5291.4,5316.8
367800,4.1431,-57.73,0.50,17.82,35.01,0.3191,0.0,0.0,0.0,0.0,0.0,5335.3,5345.4
367860,4.1437,-57.62,0.50,13.33,46.07,0.3191,0.0,100.0,0.0,0.0,0.0,5285.8,5313.3
367920,4.1444,-57.51,0.50,13.71,45.10,0.3191,0.0,100.0,0.0,0.0,0.0,5341.0,5320.6
367980,4.1451,-57.41,0.50,14.07,44.19,0.3191,0.0,100.0,0.0,0.0,0.0,5298.3,5323.9
368040,4.1458,-57.30,0.50,14.41,43.35,0.3191,0.0,100.0,0.0,0.0,0.0,5310.6,5313.6
368100,4.1464,-57.19,0.50,14.75,42.57,0.3191,0.0,100.0,0.0,0.0,0.0,5297.0,5307.5
368160,4.1471,-57.08,0.50,15.06,41.84,0.3191,0.0,100.0,0.0,0.0,0.0,5331.9,5319.3
368220,4.1478,-56.97,0.50,15.37,41.15,0.3191,0.0,100.0,0.0,0.0,0.0,5325.7,5320.1
368280,4.1485,-56.86,0.50,15.66,40.51,0.3191,0.0,100.0,0.0,0.0,0.0,5311.4,5333.6
368340,4.1491,-56.74,0.50,15.94,39.90,0.3191,0.0,100.0,0.0,0.0,0.0,5329.2,5325.0
368400,4.1498,-56.63,0.50,16.22,39.33,0.3191,0.0,100.0,0.0,0.0,0.0,5318.9,5322.2
368460,4.1505,-56.52,0.50,16.48,38.79,0.3191,0.0,100.0,0.0,0.0,0.0,5296.8,5318.2
368520,4.1512,-56.41,0.50,16.73,38.29,0.3191,0.0,100.0,0.0,0.0,0.0,5304.6,5313.1
368580,4.1518,-56.30,0.50,16.98,37.81,0.3191,0.0,100.0,0.0,0.0,0.0,5325.5,5313.4
368640,4.1525,-56.18,0.50,17.22,37.35,0.3191,0.0,100.0,0.0,0.0,0.0,5335.4,5321.0
368700,4.1532,-56.07,0.50,17.45,36.92,0.3191,0.0,100.0,0.0,0.0,0.0,5331.3,5287.3
368760,4.1539,-55.96,0.50,17.67,36.51,0.3191,0.0,100.0,0.0,0.0,0.0,5340.5,5339.9
368820,4.1545,-55.84,0.50,17.89,36.12,0.3191,0.0,100.0,0.0,0.0,0.0,5313.7,5327.4
368880,4.1552,-55.73,0.50,18.10,35.75,0.3191,0.0,0.0,0.0,0.0,0.0,5320.6,5301.1
368940,4.1559,-55.62,0.50,13.71,46.71,0.3191,0.0,100.0,0.0,0.0,0.0,5328.6,5329.8
369000,4.1566,-55.50,0.50,14.19,45.45,0.3191,0.0,100.0,0.0,0.0,0.0,5343.1,5331.0
369060,4.1573,-55.39,0.50,14.64,44.29,0.3191,0.0,100.0,0.0,0.0,0.0,5337.9,5281.5
369120,4.1579,-55.27,0.50,15.07,43.22,0.3191,0.0,100.0,0.0,0.0,0.0,5305.1,5265.4
369180,4.1586,-55.15,0.50,15.48,42.23,0.3191,0.0,100.0,0.0,0.0,0.0,5334.9,5301.8
369240,4.1593,-55.04,0.50,15.88,41.31,0.3191,0.0,100.0,0.0,0.0,0.0,5298.4,5316.1
369300,4.1600,-54.92,0.50,16.26,40.45,0.3191,0.0,100.0,0.0,0.0,0.0,5312.5,5297.7
369360,4.1606,-54.81,0.50,16.62,39.66,0.3191,0.0,100.0,0.0,0.0,0.0,5310.9,5304.9
369420,4.1613,-54.69,0.50,16.97,38.92,0.3191,0.0,100.0,0.0,0.0,100.0,5310.1,5307.6
369480,4.1620,-54.57,0.50,17.30,38.42,0.3194,0.0,100.0,0.0,0.0,100.0,5292.1,5310.7
369540,4.1627,-54.45,0.50,17.62,37.96,0.3197,0.0,100.0,0.0,0.0,0.0,5270.4,5327.8
369600,4.1633,-54.34,0.50,17.93,37.34,0.3197,0.0,100.0,0.0,0.0,0.0,5278.3,5291.4
369660,4.1640,-54.22,0.50,18.23,36.76,0.3197,0.0,0.0,0.0,0.0,0.0,5338.0,5288.3
369720,4.1647,-54.10,0.50,13.93,47.77,0.3197,0.0,100.0,0.0,0.0,100.0,5339.4,5293.7
369780,4.1654,-53.98,0.50,14.48,46.46,0.3200,0.0,100.0,0.0,0.0,0.0,5273.7,5346.8
369840,4.1660,-53.86,0.50,15.00,45.07,0.3200,0.0,100.0,0.0,0.0,0.0,5316.9,5323.3
369900,4.1667,-53.74,0.50,15.50,43.80,0.3200,0.0,100.0,0.0,0.0,0.0,5325.5,5294.9
369960,4.1674,-53.62,0.50,15.98,42.62,0.3200,0.0,100.0,0.0,0.0,0.0,5310.9,5311.2
370020,4.1681,-53.50,0.50,16.44,41.54,0.3200,0.0,100.0,0.0,0.0,0.0,5299.1,5324.6
370080,4.1687,-53.38,0.50,16.87,40.54,0.3200,0.0,100.0,0.0,0.0,0.0,5329.8,5315.1
370140,4.1694,-53.26,0.50,17.29,39.61,0.3200,0.0,100.0,0.0,0.0,0.0,5322.6,5353.1
370200,4.1701,-53.14,0.50,17.69,38.75,0.3200,0.0,100.0,0.0,0.0,0.0,5332.0,5307.9
370260,4.1708,-53.02,0.50,18.08,37.95,0.3200,0.0,0.0,0.0,0.0,0.0,5319.9,5329.1
370320,4.1714,-52.90,0.50,13.85,49.08,0.3200,0.0,100.0,0.0,0.0,0.0,5335.5,5283.7
370380,4.1721,-52.78,0.50,14.48,47.30,0.3200,0.0,100.0,0.0,0.0,0.0,5304.3,5334.0
370440,4.1728,-52.65,0.50,15.08,45.69,0.3200,0.0,100.0,0.0,0.0,0.0,5309.8,5303.8
370500,4.1735,-52.53,0.50,15.65,44.21,0.3200,0.0,100.0,0.0,0.0,0.0,5324.6,5286.2
370560,4.1741,-52.41,0.50,16.19,42.86,0.3200,0.0,100.0,0.0,0.0,0.0,5351.9,5325.6
370620,4.1748,-52.29,0.50,16.70,41.62,0.3200,0.0,100.0,0.0,0.0,0.0,5322.3,5276.0
370680,4.1755,-52.16,0.50,17.20,40.48,0.3200,0.0,100.0,0.0,0.0,0.0,5305.6,5335.3
370740,4.1762,-52.04,0.50,17.67,39.43,0.3200,0.0,100.0,0.0,0.0,0.0,5322.9,5290.2
370800,4.1769,-51.92,0.50,18.12,38.46,0.3200,0.0,0.0,0.0,0.0,0.0,5300.0,5298.3
370860,4.1775,-51.79,0.50,13.96,49.54,0.3200,0.0,100.0,0.0,0.0,0.0,5294.3,5309.7
370920,4.1782,-51.67,0.50,14.65,47.57,0.3200,0.0,100.0,0.0,0.0,0.0,5348.9,5281.7
370980,4.1789,-51.54,0.50,15.30,45.79,0.3200,0.0,100.0,0.0,0.0,0.0,5305.4,5333.3
371040,4.1796,-51.42,0.50,15.92,44.17,0.3200,0.0,100.0,0.0,0.0,0.0,5336.6,5313.0
371100,4.1802,-51.30,0.50,16.51,42.69,0.3200,0.0,100.0,0.0,0.0,0.0,5308.1,5302.7
371160,4.1809,-51.17,0.50,17.08,41.34,0.3200,0.0,100.0,0.0,0.0,0.0,5281.0,5340.5
371220,4.1816,-51.04,0.50,17.61,40.11,0.3200,0.0,100.0,0.0,0.0,0.0,5309.1,5292.0
371280,4.1823,-50.92,0.50,18.13,38.97,0.3200,0.0,0.0,0.0,0.0,0.0,5299.1,5319.0
371340,4.1829,-50.79,0.50,14.03,50.01,0.3200,0.0,100.0,0.0,0.0,0.0,5314.8,5307.6
371400,4.1836,-50.67,0.50,14.77,47.86,0.3200,0.0,100.0,0.0,0.0,0.0,5303.7,5307.5
371460,4.1843,-50.54,0.50,15.47,45.92,0.3200,0.0,100.0,0.0,0.0,0.0,5314.2,5311.9
371520,4.1850,-50.41,0.50,16.14,44.17,0.3200,0.0,100.0,0.0,0.0,0.0,5284.6,5277.7
371580,4.1856,-50.29,0.50,16.78,42.58,0.3200,0.0,100.0,0.0,0.0,0.0,5337.1,5336.4
371640,4.1863,-50.16,0.50,17.39,41.12,0.3200,0.0,100.0,0.0,0.0,0.0,5317.2,5359.5
371700,4.1870,-50.03,0.50,17.97,39.80,0.3200,0.0,0.0,0.0,0.0,0.0,5307.2,5304.0
371760,4.1877,-49.91,0.50,13.93,50.89,0.3200,0.0,100.0,0.0,0.0,0.0,5309.0,5355.5
371820,4.1883,-49.78,0.50,14.73,48.53,0.3200,0.0,100.0,0.0,0.0,0.0,5277.7,5314.5
371880,4.1890,-49.65,0.50,15.49,46.40,0.3200,0.0,100.0,0.0,0.0,0.0,5311.1,5336.8
371940,4.1897,-49.52,0.50,16.21,44.49,0.3200,0.0,100.0,0.0,0.0,0.0,5317.6,5275.0
372000,4.1904,-49.39,0.50,16.90,42.76,0.3200,0.0,100.0,0.0,0.0,0.0,5304.0,5329.7
372060,4.1910,-49.27,0.50,17.56,41.19,0.3200,0.0,100.0,0.0,0.0,0.0,5343.4,5342.5
372120,4.1917,-49.14,0.50,18.18,39.76,0.3200,0.0,0.0,0.0,0.0,0.0,5317.8,5299.0
372180,4.1924,-49.01,0.50,14.18,50.69,0.3200,0.0,100.0,0.0,0.0,0.0,5310.8,5318.3
372240,4.1931,-48.88,0.50,15.02,48.23,0.3200,0.0,100.0,0.0,0.0,0.0,5335.7,5329.7
372300,4.1937,-48.75,0.50,15.82,46.02,0.3200,0.0,100.0,0.0,0.0,0.0,5325.4,5315.0
372360,4.1944,-48.62,0.50,16.57,44.03,0.3200,0.0,100.0,0.0,0.0,0.0,5343.4,5295.9
372420,4.1951,-48.49,0.50,17.29,42.24,0.3200,0.0,100.0,0.0,0.0,100.0,5289.5,5309.2
372480,4.1958,-48.36,0.50,17.98,40.80,0.3203,0.0,100.0,0.0,0.0,0.0,5360.6,5312.8
372540,4.1965,-48.23,0.50,18.63,39.32,0.3203,0.0,0.0,0.0,0.0,0.0,5355.9,5318.8
372600,4.1971,-48.10,0.50,14.66,50.01,0.3203,0.0,100.0,0.0,0.0,0.0,5323.5,5348.5
372660,4.1978,-47.97,0.50,15.52,47.51,0.3203,0.0,100.0,0.0,0.0,0.0,5304.4,5310.5
372720,4.1985,-47.84,0.50,16.35,45.28,0.3203,0.0,100.0,0.0,0.0,0.0,5296.6,5306.3
372780,4.1992,-47.71,0.50,17.13,43.27,0.3203,0.0,100.0,0.0,0.0,0.0,5356.6,5329.4
372840,4.1998,-47.58,0.50,17.87,41.47,0.3203,0.0,100.0,0.0,0.0,0.0,5344.7,5313.5
372900,4.2005,-47.44,0.50,18.57,39.83,0.3203,0.0,0.0,0.0,0.0,0.0,5325.2,5311.1
372960,4.2012,-47.31,0.50,14.65,50.51,0.3203,0.0,100.0,0.0,0.0,0.0,5335.2,5324.0
373020,4.2019,-47.18,0.50,15.56,47.85,0.3203,0.0,100.0,0.0,0.0,0.0,5280.5,5283.9
373080,4.2025,-47.05,0.50,16.43,45.47,0.3203,0.0,100.0,0.0,0.0,0.0,5324.6,5306.1
373140,4.2032,-46.92,0.50,17.25,43.35,0.3203,0.0,100.0,0.0,0.0,0.0,5320.9,5320.3
373200,4.2039,-46.79,0.50,18.03,41.45,0.3203,0.0,0.0,0.0,0.0,0.0,5293.0,5292.8
373260,4.2046,-46.65,0.50,14.18,52.37,0.3203,0.0,100.0,0.0,0.0,0.0,5329.5,5265.6
373320,4.2052,-46.52,0.50,15.16,49.40,0.3203,0.0,100.0,0.0,0.0,0.0,5336.9,5344.6
373380,4.2059,-46.39,0.50,16.09,46.76,0.3203,0.0,100.0,0.0,0.0,0.0,5336.7,5307.9
373440,4.2066,-46.26,0.50,16.97,44.41,0.3203,0.0,100.0,0.0,0.0,0.0,5315.0,5322.6
373500,4.2073,-46.12,0.50,17.81,42.31,0.3203,0.0,100.0,0.0,0.0,0.0,5311.5,5316.8
373560,4.2079,-45.99,0.50,18.60,40.43,0.3203,0.0,0.0,0.0,0.0,0.0,5335.2,5298.3
373620,4.2086,-45.86,0.50,14.77,50.99,0.3203,0.0,100.0,0.0,0.0,0.0,5348.1,5318.8
373680,4.2093,-45.72,0.50,15.76,48.07,0.3203,0.0,100.0,0.0,0.0,0.0,5287.8,5312.0
373740,4.2100,-45.59,0.50,16.70,45.48,0.3202,0.0,100.0,0.0,0.0,0.0,5344.7,5319.8
373800,4.2106,-45.45,0.50,17.59,43.18,0.3202,0.0,100.0,0.0,0.0,0.0,5311.1,5315.4
373860,4.2113,-45.32,0.50,18.44,41.12,0.3202,0.0,0.0,0.0,0.0,0.0,5318.4,5348.6
373920,4.2120,-45.19,0.50,14.66,51.73,0.3202,0.0,100.0,0.0,0.0,0.0,5319.3,5378.6
373980,4.2127,-45.05,0.50,15.69,48.62,0.3202,0.0,100.0,0.0,0.0,0.0,5294.2,5313.7
374040,4.2133,-44.92,0.50,16.68,45.88,0.3202,0.0,100.0,0.0,0.0,0.0,5340.5,5344.0
374100,4.2140,-44.78,0.50,17.61,43.45,0.3202,0.0,100.0,0.0,0.0,0.0,5330.6,5319.9
374160,4.2147,-44.65,0.50,18.50,41.29,0.3202,0.0,0.0,0.0,0.0,0.0,5327.0,5346.3
374220,4.2154,-44.51,0.50,14.75,51.81,0.3202,0.0,100.0,0.0,0.0,0.0,5328.8,5296.8
374280,4.2161,-44.38,0.50,15.82,48.60,0.3202,0.0,100.0,0.0,0.0,0.0,5304.3,5303.2
374340,4.2167,-44.24,0.50,16.84,45.78,0.3202,0.0,100.0,0.0,0.0,0.0,5351.5,5316.7
374400,4.2174,-44.11,0.50,17.80,43.28,0.3202,0.0,0.0,0.0,0.0,0.0,5355.2,5313.8
374460,4.2181,-43.97,0.50,14.13,54.12,0.3202,0.0,100.0,0.0,0.0,0.0,5331.7,5314.7
374520,4.2188,-43.84,0.50,15.27,50.54,0.3202,0.0,100.0,0.0,0.0,0.0,5333.4,5315.7
374580,4.2194,-43.70,0.50,16.35,47.40,0.3202,0.0,100.0,0.0,0.0,0.0,5305.3,5308.5
374640,4.2201,-43.57,0.50,17.38,44.63,0.3202,0.0,100.0,0.0,0.0,0.0,5282.1,5318.7
374700,4.2208,-43.43,0.50,18.35,42.18,0.3202,0.0,0.0,0.0,0.0,0.0,5327.9,5348.9
374760,4.2215,-43.30,0.50,14.68,52.68,0.3202,0.0,100.0,0.0,0.0,0.0,5341.3,5300.0
374820,4.2221,-43.16,0.50,15.83,49.19,0.3202,0.0,100.0,0.0,0.0,0.0,5342.2,5316.1
374880,4.2228,-43.03,0.50,16.92,46.13,0.3202,0.0,100.0,0.0,0.0,0.0,5308.3,5329.5
374940,4.2235,-42.89,0.50,17.95,43.43,0.3202,0.0,0.0,0.0,0.0,0.0,5318.8,5319.0
375000,4.2242,-42.75,0.50,14.34,54.09,0.3202,0.0,100.0,0.0,0.0,0.0,5332.5,5347.5
375060,4.2248,-42.62,0.50,15.54,50.33,0.3202,0.0,100.0,0.0,0.0,0.0,5323.5,5351.8
375120,4.2255,-42.48,0.50,16.68,47.05,0.3202,0.0,100.0,0.0,0.0,0.0,5321.7,5324.9
375180,4.2262,-42.34,0.50,17.76,44.17,0.3202,0.0,100.0,0.0,0.0,0.0,5349.7,5343.1
375240,4.2269,-42.21,0.50,18.78,41.63,0.3202,0.0,0.0,0.0,0.0,0.0,5301.5,5330.3
375300,4.2275,-42.07,0.50,15.16,51.81,0.3202,0.0,100.0,0.0,0.0,0.0,5321.0,5310.5
375360,4.2282,-41.93,0.50,16.36,48.25,0.3202,0.0,100.0,0.0,0.0,0.0,5336.5,5328.9
375420,4.2289,-41.80,0.50,17.49,45.15,0.3202,0.0,100.0,0.0,0.0,0.0,5350.1,5333.6
375480,4.2296,-41.66,0.50,18.56,42.43,0.3202,0.0,0.0,0.0,0.0,0.0,5312.2,5325.0
375540,4.2302,-41.52,0.50,14.98,52.66,0.3202,0.0,100.0,0.0,0.0,0.0,5328.7,5334.9
375600,4.2309,-41.39,0.50,16.22,48.92,0.3202,0.0,100.0,0.0,0.0,0.0,5366.0,5318.7
375660,4.2316,-41.25,0.50,17.39,45.66,0.3202,0.0,100.0,0.0,0.0,0.0,5323.9,5308.4
375720,4.2323,-41.11,0.50,18.50,42.80,0.3202,0.0,0.0,0.0,0.0,0.0,5314.5,5300.4
375780,4.2329,-40.98,0.50,14.96,53.02,0.3202,0.0,100.0,0.0,0.0,0.0,5318.4,5319.6
375840,4.2336,-40.84,0.50,16.23,49.15,0.3202,0.0,100.0,0.0,0.0,0.0,5352.1,5313.2
375900,4.2343,-40.70,0.50,17.44,45.78,0.3202,0.0,100.0,0.0,0.0,0.0,5327.3,5346.2
375960,4.2350,-40.56,0.50,18.58,42.84,0.3202,0.0,0.0,0.0,0.0,0.0,5334.1,5341.5
376020,4.2357,-40.43,0.50,15.07,52.97,0.3202,0.0,100.0,0.0,0.0,0.0,5350.7,5348.4
376080,4.2363,-40.29,0.50,16.36,49.03,0.3202,0.0,100.0,0.0,0.0,0.0,5308.5,5346.4
376140,4.2370,-40.15,0.50,17.59,45.60,0.3202,0.0,100.0,0.0,0.0,0.0,5333.4,5314.5
376200,4.2377,-40.01,0.50,18.76,42.62,0.3202,0.0,0.0,0.0,0.0,0.0,5349.1,5317.2
376260,4.2384,-39.88,0.50,15.27,52.61,0.3202,0.0,100.0,0.0,0.0,0.0,5344.4,5339.1
376320,4.2390,-39.74,0.50,16.59,48.64,0.3202,0.0,100.0,0.0,0.0,0.0,5338.8,5353.6
376380,4.2397,-39.60,0.50,17.83,45.20,0.3202,0.0,100.0,0.0,0.0,0.0,5361.9,5329.1
376440,4.2404,-39.46,0.50,19.02,42.20,0.3202,0.0,0.0,0.0,0.0,0.0,5327.6,5330.8
376500,4.2411,-39.32,0.50,15.54,52.01,0.3202,0.0,100.0,0.0,0.0,0.0,5330.6,5347.1
376560,4.2417,-39.19,0.50,16.88,48.05,0.3202,0.0,100.0,0.0,0.0,0.0,5332.4,5295.4
376620,4.2424,-39.05,0.50,18.14,44.62,0.3202,0.0,0.0,0.0,0.0,0.0,5309.6,5314.4
376680,4.2431,-38.91,0.50,14.75,54.81,0.3202,0.0,100.0,0.0,0.0,0.0,5314.7,5294.4
376740,4.2438,-38.77,0.50,16.15,50.38,0.3202,0.0,100.0,0.0,0.0,0.0,5318.1,5343.1
376800,4.2444,-38.64,0.50,17.49,46.57,0.3202,0.0,100.0,0.0,0.0,0.0,5292.4,5325.1
376860,4.2451,-38.50,0.50,18.75,43.27,0.3202,0.0,0.0,0.0,0.0,0.0,5348.1,5319.8
376920,4.2458,-38.36,0.50,15.35,53.12,0.3202,0.0,100.0,0.0,0.0,0.0,5344.4,5317.4
376980,4.2465,-38.22,0.50,16.75,48.85,0.3202,0.0,100.0,0.0,0.0,0.0,5344.9,5332.4
377040,4.2471,-38.08,0.50,18.08,45.19,0.3202,0.0,0.0,0.0,0.0,0.0,5303.6,5302.2
377100,4.2478,-37.95,0.50,14.75,55.31,0.3202,0.0,100.0,0.0,0.0,100.0,5321.6,5329.4
377160,4.2485,-37.81,0.50,16.21,50.81,0.3205,0.0,100.0,0.0,0.0,0.0,5315.0,5348.3
377220,4.2492,-37.67,0.50,17.60,46.82,0.3205,0.0,100.0,0.0,0.0,0.0,5355.6,5323.7
377280,4.2498,-37.53,0.50,18.91,43.37,0.3205,0.0,0.0,0.0,0.0,0.0,5323.8,5335.3
377340,4.2505,-37.39,0.50,15.56,53.26,0.3205,2.6,100.0,100.0,0.0,0.0,5329.8,5348.7
377400,4.2512,-37.26,0.50,17.49,55.72,0.3203,306.0,100.0,100.0,0.0,0.0,5298.9,5351.9
377460,4.2519,-37.12,0.50,19.33,57.11,0.3201,309.4,100.0,100.0,0.0,0.0,5323.5,5312.9
377520,4.2525,-36.98,0.50,21.06,57.81,0.3200,312.8,100.0,100.0,0.0,0.0,5319.7,5317.3
377580,4.2532,-36.84,0.50,22.70,58.02,0.3198,316.2,100.0,100.0,0.0,0.0,5300.4,5294.9
377640,4.2539,-36.70,0.50,24.26,57.98,0.3197,319.6,0.0,100.0,0.0,0.0,5312.2,5305.8
377700,4.2546,-36.57,0.50,21.14,72.30,0.3195,323.0,100.0,100.0,0.0,0.0,5293.3,5355.0
377760,4.2553,-36.43,0.50,22.81,67.20,0.3194,326.4,100.0,100.0,0.0,0.0,5320.9,5300.3
377820,4.2559,-36.29,0.50,24.39,63.93,0.3193,329.8,0.0,100.0,0.0,0.0,5347.7,5332.4
377880,4.2566,-36.15,0.50,21.30,77.36,0.3191,333.2,100.0,100.0,0.0,0.0,5300.1,5321.3
377940,4.2573,-36.01,0.50,22.99,70.38,0.3190,336.6,100.0,100.0,0.0,0.0,5299.2,5283.9
378000,4.2580,-35.88,0.50,24.60,65.97,0.3189,340.0,0.0,100.0,0.0,0.0,5321.8,5297.3
378060,4.2586,-35.74,0.50,21.53,79.05,0.3188,343.4,100.0,100.0,0.0,0.0,5308.4,5309.9
378120,4.2593,-35.60,0.50,23.24,71.43,0.3187,346.8,0.0,100.0,0.0,0.0,5316.3,5318.8
378180,4.2600,-35.46,0.50,20.27,83.82,0.3186,350.1,100.0,100.0,0.0,0.0,5300.9,5313.4
378240,4.2607,-35.33,0.50,22.08,74.27,0.3185,353.5,100.0,100.0,0.0,0.0,5290.1,5290.9
378300,4.2613,-35.19,0.50,23.80,68.40,0.3184,356.9,0.0,100.0,0.0,0.0,5316.1,5277.7
378360,4.2620,-35.05,0.50,20.83,81.18,0.3183,360.3,100.0,100.0,0.0,0.0,5292.4,5268.1
378420,4.2627,-34.91,0.50,22.64,72.64,0.3182,363.7,100.0,100.0,0.0,0.0,5323.5,5282.4
378480,4.2634,-34.77,0.50,24.36,67.36,0.3181,367.1,0.0,100.0,0.0,0.0,5310.1,5281.9
378540,4.2640,-34.64,0.50,21.39,80.19,0.3180,370.5,100.0,100.0,0.0,0.0,5260.0,5276.5
378600,4.2647,-34.50,0.50,23.20,72.02,0.3179,373.9,100.0,100.0,0.0,0.0,5315.5,5273.3
378660,4.2654,-34.36,0.50,24.91,66.95,0.3178,377.2,0.0,100.0,0.0,0.0,5293.2,5288.1
378720,4.2661,-34.22,0.50,21.95,79.73,0.3176,380.6,100.0,100.0,0.0,0.0,5282.0,5279.6
378780,4.2667,-34.09,0.50,23.76,71.73,0.3175,384.0,0.0,100.0,0.0,0.0,5242.0,5300.4
378840,4.2674,-33.95,0.50,20.88,83.86,0.3174,387.4,100.0,100.0,0.0,0.0,5240.9,5279.5
378900,4.2681,-33.81,0.50,22.78,74.16,0.3173,390.8,100.0,100.0,0.0,0.0,5284.5,5242.4
378960,4.2688,-33.68,0.50,24.57,68.25,0.3172,394.1,0.0,100.0,0.0,0.0,5277.2,5266.1
379020,4.2694,-33.54,0.50,21.68,80.81,0.3171,397.5,100.0,100.0,0.0,0.0,5265.4,5223.7
379080,4.2701,-33.40,0.50,23.56,72.31,0.3170,400.9,0.0,100.0,0.0,0.0,5268.1,5264.0
379140,4.2708,-33.27,0.50,20.75,84.28,0.3169,404.2,100.0,100.0,0.0,0.0,5279.5,5261.9
379200,4.2715,-33.13,0.50,22.71,74.31,0.3168,407.6,100.0,100.0,0.0,0.0,5249.2,5234.8
379260,4.2721,-32.99,0.50,24.56,68.29,0.3167,411.0,0.0,100.0,0.0,0.0,5244.4,5229.2
379320,4.2728,-32.86,0.50,21.73,80.79,0.3166,414.3,100.0,100.0,0.0,0.0,5233.5,5253.8
379380,4.2735,-32.72,0.50,23.66,72.22,0.3165,417.7,0.0,100.0,0.0,0.0,5237.6,5253.0
379440,4.2742,-32.58,0.50,20.90,84.11,0.3164,421.1,100.0,100.0,0.0,0.0,5270.4,5245.2
379500,4.2749,-32.45,0.50,22.91,74.14,0.3163,424.4,100.0,100.0,0.0,0.0,5228.9,5251.1
379560,4.2755,-32.31,0.50,24.80,68.14,0.3162,427.8,0.0,100.0,0.0,0.0,5239.6,5260.2
379620,4.2762,-32.17,0.50,22.01,80.56,0.3160,431.1,100.0,100.0,0.0,0.0,5254.1,5270.7
379680,4.2769,-32.04,0.50,23.98,72.02,0.3160,434.5,0.0,100.0,0.0,0.0,5266.2,5263.7
379740,4.2776,-31.90,0.50,21.25,83.83,0.3158,437.8,100.0,100.0,0.0,0.0,5281.2,5257.1
379800,4.2782,-31.77,0.50,23.29,73.91,0.3158,441.2,0.0,100.0,0.0,0.0,5181.9,5256.0
379860,4.2789,-31.63,0.50,20.63,85.40,0.3156,444.5,100.0,100.0,0.0,0.0,5211.8,5227.0
379920,4.2796,-31.49,0.50,22.73,74.75,0.3156,447.8,100.0,100.0,0.0,0.0,5236.2,5195.8
379980,4.2803,-31.36,0.50,24.71,68.44,0.3155,451.2,0.0,100.0,0.0,0.0,5228.4,5194.7
380040,4.2809,-31.22,0.50,22.00,80.72,0.3153,454.5,100.0,100.0,0.0,0.0,5217.3,5246.8
380100,4.2816,-31.09,0.50,24.05,72.02,0.3152,457.9,0.0,100.0,0.0,0.0,5244.2,5245.8
380160,4.2823,-30.95,0.50,21.40,83.69,0.3151,461.2,100.0,100.0,0.0,0.0,5230.7,5216.5
380220,4.2830,-30.82,0.50,23.50,73.72,0.3150,464.5,0.0,100.0,0.0,0.0,5191.7,5256.3
380280,4.2836,-30.68,0.50,20.90,85.09,0.3149,467.8,100.0,100.0,0.0,0.0,5194.8,5185.1
380340,4.2843,-30.55,0.50,23.06,74.46,0.3148,471.1,0.0,100.0,0.0,0.0,5234.4,5205.4
380400,4.2850,-30.41,0.50,20.51,85.70,0.3147,474.5,100.0,100.0,0.0,0.0,5189.5,5233.0
380460,4.2857,-30.28,0.50,22.71,74.74,0.3146,477.8,100.0,100.0,0.0,0.0,5202.1,5204.2
380520,4.2863,-30.14,0.50,24.80,68.33,0.3145,481.1,0.0,100.0,0.0,0.0,5240.6,5190.7
380580,4.2870,-30.01,0.50,22.18,80.49,0.3144,484.4,100.0,100.0,0.0,0.0,5200.8,5234.8
380640,4.2877,-29.87,0.50,24.31,71.75,0.3143,487.7,0.0,100.0,0.0,0.0,5223.7,5190.8
380700,4.2884,-29.74,0.50,21.74,83.29,0.3141,491.0,100.0,100.0,0.0,100.0,5172.2,5186.0
380760,4.2890,-29.61,0.50,23.93,73.38,0.3144,494.3,0.0,100.0,0.0,0.0,5170.6,5206.7
380820,4.2897,-29.47,0.50,21.40,84.60,0.3143,497.6,100.0,100.0,0.0,0.0,5166.6,5188.6
380880,4.2904,-29.34,0.50,23.63,74.06,0.3142,500.9,0.0,100.0,0.0,0.0,5148.5,5219.1
380940,4.2911,-29.21,0.50,21.14,85.13,0.3141,504.2,100.0,100.0,0.0,0.0,5191.7,5192.9
381000,4.2917,-29.07,0.50,23.40,74.31,0.3140,507.5,0.0,100.0,0.0,0.0,5181.2,5194.4
381060,4.2924,-28.94,0.50,20.95,85.32,0.3139,510.7,100.0,100.0,0.0,0.0,5168.4,5187.8
381120,4.2931,-28.81,0.50,23.25,74.36,0.3138,514.0,0.0,100.0,0.0,0.0,5157.3,5186.2
381180,4.2938,-28.67,0.50,20.82,85.34,0.3137,517.3,100.0,100.0,0.0,0.0,5179.2,5183.9
381240,4.2945,-28.54,0.50,23.15,74.32,0.3136,520.5,0.0,100.0,0.0,0.0,5177.5,5157.4
381300,4.2951,-28.41,0.50,20.75,85.28,0.3135,523.8,100.0,100.0,0.0,0.0,5153.2,5197.0
381360,4.2958,-28.28,0.50,23.10,74.24,0.3134,527.1,100.0,100.0,0.0,0.0,5146.7,5217.7
381420,4.2965,-28.14,0.50,25.32,67.86,0.3133,530.3,0.0,100.0,0.0,0.0,5119.9,5166.5
381480,4.2972,-28.01,0.50,22.83,79.82,0.3131,533.6,100.0,100.0,0.0,0.0,5126.8,5181.4
381540,4.2978,-27.88,0.50,25.09,71.15,0.3130,536.8,0.0,100.0,0.0,100.0,5135.4,5148.5
381600,4.2985,-27.75,0.50,22.63,82.50,0.3132,540.1,100.0,100.0,0.0,0.0,5179.3,5129.4
381660,4.2992,-27.62,0.50,24.93,72.70,0.3131,543.3,0.0,100.0,0.0,100.0,5180.9,5123.1
381720,4.2999,-27.48,0.50,22.50,83.71,0.3133,546.5,100.0,100.0,0.0,0.0,5164.8,5125.9
381780,4.3005,-27.35,0.50,24.82,73.36,0.3132,549.8,0.0,100.0,0.0,0.0,5140.6,5134.9
381840,4.3012,-27.22,0.50,22.42,84.15,0.3131,553.0,100.0,100.0,0.0,0.0,5120.3,5141.7
381900,4.3019,-27.09,0.50,24.77,73.58,0.3130,556.2,0.0,100.0,0.0,100.0,5140.9,5137.7
381960,4.3026,-26.96,0.50,22.39,84.35,0.3132,559.4,100.0,100.0,0.0,0.0,5143.2,5124.0
382020,4.3032,-26.83,0.50,24.76,73.66,0.3131,562.6,0.0,100.0,0.0,0.0,5161.5,5129.1
382080,4.3039,-26.70,0.50,22.41,84.31,0.3130,565.8,100.0,100.0,0.0,0.0,5107.8,5144.4
382140,4.3046,-26.57,0.50,24.80,73.60,0.3129,569.1,0.0,100.0,0.0,100.0,5131.7,5117.3
382200,4.3053,-26.44,0.50,22.46,84.28,0.3131,572.2,100.0,100.0,0.0,0.0,5153.0,5113.9
382260,4.3059,-26.31,0.50,24.87,73.55,0.3130,575.4,0.0,100.0,0.0,0.0,5128.8,5122.4
382320,4.3066,-26.18,0.50,22.55,84.14,0.3129,578.6,100.0,100.0,100.0,0.0,432.2,5116.3
382380,4.3073,-26.05,0.50,24.98,73.45,0.3128,581.8,0.0,100.0,100.0,0.0,430.2,5138.6
382440,4.3080,-25.92,0.50,22.67,84.01,0.3127,585.0,0.0,100.0,100.0,0.0,431.9,5254.0
382500,4.3086,-25.79,0.50,20.52,92.28,0.3126,588.2,100.0,100.0,100.0,0.0,399.1,5286.6
382560,4.3093,-25.66,0.50,23.09,77.75,0.3125,591.3,0.0,100.0,100.0,100.0,402.0,5345.6
382620,4.3100,-25.54,0.50,20.93,87.52,0.3128,594.5,100.0,100.0,100.0,100.0,459.8,5381.9
382680,4.3107,-25.41,0.50,23.50,75.13,0.3130,597.6,0.0,100.0,100.0,100.0,446.1,5496.2
382740,4.3113,-25.28,0.50,21.34,85.44,0.3132,600.8,100.0,100.0,100.0,0.0,426.0,5495.8
382800,4.3120,-25.15,0.50,23.91,73.95,0.3131,603.9,0.0,100.0,100.0,0.0,432.8,5590.7
382860,4.3127,-25.02,0.50,21.74,84.39,0.3130,607.1,100.0,100.0,100.0,0.0,414.2,5646.9
382920,4.3134,-24.90,0.50,24.30,73.36,0.3129,610.2,0.0,100.0,100.0,0.0,455.7,5701.4
382980,4.3141,-24.77,0.50,22.13,83.85,0.3128,613.3,100.0,100.0,100.0,100.0,429.8,5746.3
383040,4.3147,-24.64,0.50,24.69,73.07,0.3130,616.5,0.0,100.0,100.0,0.0,408.5,5808.8
383100,4.3154,-24.52,0.50,22.52,83.54,0.3129,619.6,100.0,100.0,100.0,0.0,408.4,5891.4
383160,4.3161,-24.39,0.50,25.08,72.87,0.3128,622.7,0.0,100.0,100.0,100.0,414.4,5950.8
383220,4.3168,-24.26,0.50,22.90,83.35,0.3130,625.8,0.0,100.0,100.0,0.0,415.4,5982.8
383280,4.3174,-24.14,0.50,20.87,91.43,0.3129,628.9,100.0,100.0,100.0,100.0,441.7,6029.5
383340,4.3181,-24.01,0.50,23.55,77.07,0.3132,632.0,0.0,100.0,100.0,0.0,460.3,6089.7
383400,4.3188,-23.89,0.50,21.50,86.62,0.3131,635.1,100.0,100.0,100.0,0.0,414.9,6129.5
383460,4.3195,-23.76,0.50,24.17,74.42,0.3130,638.2,0.0,100.0,100.0,0.0,401.5,6198.4
383520,4.3201,-23.64,0.50,22.10,84.51,0.3128,641.2,100.0,100.0,100.0,0.0,406.2,6265.4
383580,4.3208,-23.51,0.50,24.75,73.26,0.3128,644.3,0.0,100.0,100.0,0.0,382.8,6349.3
383640,4.3215,-23.39,0.50,22.67,83.51,0.3126,647.4,100.0,100.0,100.0,0.0,443.4,6371.1
383700,4.3222,-23.26,0.50,25.31,72.72,0.3125,650.4,0.0,100.0,100.0,0.0,410.5,6423.1
383760,4.3228,-23.14,0.50,23.21,82.99,0.3124,653.5,0.0,100.0,100.0,0.0,422.2,6483.8
383820,4.3235,-23.02,0.50,21.24,90.91,0.3123,656.5,100.0,100.0,100.0,0.0,437.4,6553.1
383880,4.3242,-22.89,0.50,24.00,76.63,0.3122,659.6,0.0,100.0,100.0,0.0,426.0,6568.1
383940,4.3249,-22.77,0.50,22.01,86.06,0.3121,662.6,100.0,100.0,100.0,0.0,418.9,6685.8
384000,4.3255,-22.65,0.50,24.74,74.00,0.3120,665.6,0.0,100.0,100.0,0.0,429.3,6726.1
384060,4.3262,-22.52,0.50,22.72,83.95,0.3119,668.6,100.0,100.0,100.0,0.0,427.9,6814.5
384120,4.3269,-22.40,0.50,25.43,72.85,0.3118,671.6,0.0,100.0,100.0,0.0,432.8,6805.2
384180,4.3276,-22.28,0.50,23.39,82.95,0.3116,674.7,0.0,100.0,100.0,0.0,441.3,6878.6
384240,4.3282,-22.16,0.50,21.49,90.69,0.3116,677.7,100.0,100.0,100.0,0.0,480.2,6954.5
384300,4.3289,-22.04,0.50,24.29,76.41,0.3115,680.6,0.0,100.0,100.0,100.0,404.9,7003.2
384360,4.3296,-21.92,0.50,22.35,85.76,0.3117,683.6,100.0,100.0,100.0,100.0,429.0,7048.2
384420,4.3303,-21.79,0.50,25.13,73.78,0.3120,686.6,0.0,100.0,100.0,0.0,366.3,7127.6
384480,4.3309,-21.67,0.50,23.16,83.59,0.3118,689.6,0.0,100.0,100.0,0.0,413.0,7180.2
384540,4.3316,-21.55,0.50,21.32,91.05,0.3117,692.5,100.0,100.0,100.0,0.0,406.1,7225.1
384600,4.3323,-21.43,0.50,24.19,76.48,0.3117,695.5,0.0,100.0,100.0,0.0,412.7,7297.8
384660,4.3330,-21.31,0.50,22.30,85.68,0.3115,698.4,100.0,100.0,100.0,0.0,413.9,7324.1
384720,4.3337,-21.19,0.50,25.13,73.62,0.3115,701.4,0.0,100.0,100.0,0.0,416.7,7412.9
384780,4.3343,-21.07,0.50,23.21,83.38,0.3113,704.3,100.0,100.0,100.0,0.0,387.9,7463.4
384840,4.3350,-20.96,0.50,26.00,72.38,0.3112,707.3,0.0,100.0,100.0,0.0,422.5,7513.7
384900,4.3357,-20.84,0.50,24.05,82.30,0.3110,710.2,0.0,100.0,100.0,0.0,418.1,7562.2
384960,4.3364,-20.72,0.50,22.22,89.89,0.3109,713.1,100.0,100.0,100.0,100.0,391.3,7621.0
385020,4.3370,-20.60,0.50,25.10,75.86,0.3112,716.0,0.0,100.0,100.0,0.0,451.6,7659.1
385080,4.3377,-20.48,0.50,23.23,84.98,0.3111,718.9,0.0,100.0,100.0,100.0,418.2,7732.0
385140,4.3384,-20.37,0.50,21.48,91.84,0.3113,721.8,100.0,100.0,100.0,0.0,417.4,7807.5
385200,4.3391,-20.25,0.50,24.43,76.74,0.3113,724.7,0.0,100.0,100.0,100.0,446.9,7860.1
385260,4.3397,-20.13,0.50,22.63,85.69,0.3115,727.5,100.0,100.0,100.0,100.0,435.6,7901.9
385320,4.3404,-20.01,0.50,25.53,73.51,0.3117,730.4,0.0,100.0,100.0,100.0,397.0,7952.7
385380,4.3411,-19.90,0.50,23.68,83.12,0.3119,733.3,0.0,100.0,100.0,0.0,437.5,8038.3
385440,4.3418,-19.78,0.50,21.95,90.32,0.3118,736.1,100.0,100.0,100.0,0.0,429.4,8080.7
385500,4.3424,-19.67,0.50,24.92,75.89,0.3118,739.0,0.0,100.0,100.0,0.0,425.9,8169.4
385560,4.3431,-19.55,0.50,23.13,84.87,0.3116,741.8,0.0,100.0,100.0,0.0,424.4,8221.4
385620,4.3438,-19.44,0.50,21.46,91.53,0.3115,744.6,100.0,100.0,100.0,0.0,362.3,8253.9
385680,4.3445,-19.32,0.50,24.49,76.41,0.3115,747.4,0.0,100.0,100.0,0.0,405.7,8284.0
385740,4.3451,-19.21,0.50,22.76,85.24,0.3113,750.3,100.0,100.0,100.0,0.0,410.4,8371.4
385800,4.3458,-19.09,0.50,25.73,73.13,0.3113,753.1,0.0,100.0,100.0,0.0,396.9,8405.1
385860,4.3465,-18.98,0.50,23.94,82.62,0.3111,755.9,0.0,100.0,100.0,100.0,435.5,8479.1
385920,4.3472,-18.87,0.50,22.27,89.79,0.3113,758.6,100.0,100.0,100.0,0.0,408.6,8516.1
385980,4.3478,-18.75,0.50,25.29,75.51,0.3113,761.4,0.0,100.0,100.0,0.0,424.0,8577.6
386040,4.3485,-18.64,0.50,23.56,84.39,0.3111,764.2,0.0,100.0,100.0,100.0,411.4,8629.8
386100,4.3492,-18.53,0.50,21.94,91.01,0.3114,767.0,100.0,100.0,100.0,0.0,439.6,8700.8
386160,4.3499,-18.42,0.50,25.01,76.06,0.3113,769.7,0.0,100.0,100.0,0.0,445.0,8790.1
386220,4.3505,-18.31,0.50,23.32,84.78,0.3112,772.5,100.0,100.0,100.0,0.0,400.8,8806.9
386280,4.3512,-18.20,0.50,26.33,72.80,0.3111,775.2,0.0,100.0,100.0,0.0,416.8,8830.8
386340,4.3519,-18.08,0.50,24.57,82.17,0.3109,777.9,0.0,100.0,100.0,0.0,397.5,8898.9
386400,4.3526,-17.97,0.50,22.94,89.23,0.3108,780.6,100.0,100.0,100.0,0.0,403.2,8979.7
386460,4.3533,-17.86,0.50,25.99,75.15,0.3108,783.4,0.0,100.0,100.0,0.0,435.1,9074.9
386520,4.3539,-17.75,0.50,24.29,83.91,0.3106,786.1,0.0,100.0,100.0,0.0,439.0,9075.6
386580,4.3546,-17.64,0.50,22.69,90.43,0.3105,788.8,100.0,100.0,100.0,0.0,413.4,9174.3
386640,4.3553,-17.54,0.50,25.79,75.72,0.3105,791.4,0.0,100.0,100.0,0.0,422.9,9224.8
386700,4.3560,-17.43,0.50,24.13,84.30,0.3103,794.1,0.0,100.0,100.0,100.0,417.1,9268.6
386760,4.3566,-17.32,0.50,22.57,90.68,0.3105,796.8,100.0,100.0,100.0,0.0,399.6,9362.1
386820,4.3573,-17.21,0.50,25.70,75.79,0.3105,799.4,0.0,100.0,100.0,0.0,430.1,9346.5
386880,4.3580,-17.10,0.50,24.06,84.31,0.3103,802.1,0.0,100.0,100.0,100.0,422.4,9409.0
386940,4.3587,-17.00,0.50,22.53,90.62,0.3106,804.7,100.0,100.0,100.0,0.0,406.5,9507.3
387000,4.3593,-16.89,0.50,25.70,75.70,0.3105,807.4,0.0,100.0,100.0,0.0,417.2,9538.2
387060,4.3600,-16.78,0.50,24.09,84.19,0.3104,810.0,0.0,100.0,100.0,100.0,414.1,9588.2
387120,4.3607,-16.68,0.50,22.58,90.47,0.3106,812.6,100.0,100.0,100.0,0.0,391.8,9660.5
387180,4.3614,-16.57,0.50,25.77,75.57,0.3106,815.2,0.0,100.0,100.0,0.0,406.7,9706.5
387240,4.3620,-16.46,0.50,24.18,84.04,0.3104,817.8,0.0,100.0,100.0,0.0,435.5,9744.6
387300,4.3627,-16.36,0.50,22.69,90.26,0.3103,820.4,100.0,100.0,100.0,100.0,411.9,9856.1
387360,4.3634,-16.25,0.50,25.90,75.44,0.3106,823.0,0.0,100.0,100.0,100.0,397.6,9866.2
387420,4.3641,-16.15,0.50,24.32,83.93,0.3108,825.5,0.0,100.0,100.0,0.0,476.1,9926.4
387480,4.3647,-16.05,0.50,22.86,90.11,0.3107,828.1,0.0,100.0,100.0,0.0,421.1,10011.7
387540,4.3654,-15.94,0.50,21.48,94.44,0.3106,830.6,100.0,100.0,100.0,0.0,376.0,10053.4
387600,4.3661,-15.84,0.50,24.79,77.37,0.3106,833.2,0.0,100.0,100.0,0.0,373.6,10070.7
387660,4.3668,-15.74,0.50,23.32,85.33,0.3104,835.7,0.0,100.0,100.0,0.0,428.4,10203.0
387720,4.3674,-15.64,0.50,21.94,91.04,0.3103,838.2,100.0,100.0,100.0,0.0,452.2,10234.4
387780,4.3681,-15.53,0.50,25.25,75.62,0.3103,840.7,0.0,100.0,100.0,0.0,437.3,10267.5
387840,4.3688,-15.43,0.50,23.77,83.97,0.3101,843.2,0.0,100.0,100.0,0.0,413.3,10353.0
387900,4.3695,-15.33,0.50,22.40,90.01,0.3100,845.7,100.0,100.0,100.0,0.0,415.1,10424.4
387960,4.3701,-15.23,0.50,25.70,75.10,0.3100,848.2,0.0,100.0,100.0,0.0,425.9,10425.2
388020,4.3708,-15.13,0.50,24.22,83.49,0.3098,850.7,0.0,100.0,100.0,0.0,435.1,10495.3
388080,4.3715,-15.03,0.50,22.84,89.60,0.3097,853.1,100.0,100.0,100.0,0.0,410.1,10564.2
388140,4.3722,-14.93,0.50,26.14,74.89,0.3097,855.6,0.0,100.0,100.0,0.0,408.8,10649.9
388200,4.3729,-14.83,0.50,24.66,83.24,0.3095,858.0,0.0,100.0,100.0,0.0,398.6,10688.4
388260,4.3735,-14.73,0.50,23.28,89.35,0.3094,860.4,0.0,100.0,100.0,0.0,468.8,10767.0
388320,4.3742,-14.63,0.50,21.99,93.62,0.3093,862.9,100.0,100.0,100.0,0.0,409.4,10764.7
388380,4.3749,-14.54,0.50,25.37,76.82,0.3093,865.3,0.0,100.0,100.0,0.0,449.3,10843.2
388440,4.3756,-14.44,0.50,23.97,84.65,0.3092,867.7,0.0,100.0,100.0,0.0,446.3,10880.6
388500,4.3762,-14.34,0.50,22.66,90.29,0.3091,870.0,100.0,100.0,100.0,0.0,412.4,11008.7
388560,4.3769,-14.25,0.50,26.03,75.13,0.3090,872.4,0.0,100.0,100.0,0.0,409.2,11032.5
388620,4.3776,-14.15,0.50,24.61,83.32,0.3088,874.8,0.0,100.0,100.0,0.0,417.8,11085.0
388680,4.3783,-14.05,0.50,23.28,89.27,0.3087,877.2,100.0,100.0,100.0,0.0,420.4,11160.5
388740,4.3789,-13.96,0.50,26.64,74.64,0.3087,879.5,0.0,100.0,100.0,0.0,403.4,11191.7
388800,4.3796,-13.86,0.50,25.21,82.85,0.3085,881.8,0.0,100.0,100.0,0.0,429.6,11252.6
388860,4.3803,-13.77,0.50,23.87,88.86,0.3084,884.2,0.0,100.0,100.0,0.0,433.3,11344.0
388920,4.3810,-13.67,0.50,22.62,93.08,0.3083,886.5,100.0,100.0,100.0,0.0,389.7,11370.7
388980,4.3816,-13.58,0.50,26.04,76.49,0.3083,888.8,0.0,100.0,100.0,0.0,433.2,11403.7
389040,4.3823,-13.49,0.50,24.68,84.20,0.3081,891.1,0.0,100.0,100.0,0.0,434.1,11476.1
389100,4.3830,-13.39,0.50,23.40,89.76,0.3080,893.4,0.0,100.0,100.0,0.0,421.2,11541.3
389160,4.3837,-13.30,0.50,22.21,93.60,0.3080,895.6,100.0,100.0,100.0,100.0,403.5,11615.4
389220,4.3843,-13.21,0.50,25.68,76.64,0.3083,897.9,0.0,100.0,100.0,0.0,401.5,11633.3
389280,4.3850,-13.12,0.50,24.37,84.28,0.3081,900.1,0.0,100.0,100.0,100.0,445.3,11696.7
389340,4.3857,-13.03,0.50,23.14,89.78,0.3084,902.4,100.0,100.0,100.0,100.0,437.0,11792.4
389400,4.3864,-12.94,0.50,26.59,74.75,0.3086,904.6,0.0,100.0,100.0,0.0,425.1,11856.1
389460,4.3870,-12.85,0.50,25.24,82.79,0.3085,906.8,0.0,100.0,100.0,0.0,462.0,11887.3
389520,4.3877,-12.76,0.50,23.98,88.62,0.3083,909.0,0.0,100.0,100.0,100.0,461.7,11937.7
389580,4.3884,-12.67,0.50,22.81,92.71,0.3086,911.2,100.0,100.0,100.0,0.0,408.3,11971.6
389640,4.3891,-12.58,0.50,26.30,76.16,0.3086,913.4,0.0,100.0,100.0,0.0,412.1,12042.2
389700,4.3897,-12.49,0.50,25.00,83.78,0.3084,915.6,0.0,100.0,100.0,0.0,439.3,12062.4
389760,4.3904,-12.40,0.50,23.78,89.26,0.3083,917.8,0.0,100.0,100.0,0.0,436.3,12181.1
389820,4.3911,-12.32,0.50,22.65,93.04,0.3082,919.9,100.0,100.0,100.0,0.0,414.2,12190.0
389880,4.3918,-12.23,0.50,26.18,76.26,0.3082,922.1,0.0,100.0,100.0,100.0,413.0,12283.5
389940,4.3925,-12.14,0.50,24.91,83.84,0.3084,924.2,0.0,100.0,100.0,100.0,448.7,12348.2
390000,4.3931,-12.06,0.50,23.73,89.27,0.3086,926.3,0.0,100.0,100.0,0.0,431.3,12387.5
390060,4.3938,-11.97,0.50,22.62,92.97,0.3085,928.4,100.0,100.0,100.0,0.0,424.8,12420.8
390120,4.3945,-11.89,0.50,26.18,76.16,0.3085,930.5,0.0,100.0,100.0,100.0,434.6,12498.7
390180,4.3952,-11.80,0.50,24.95,83.72,0.3087,932.6,0.0,100.0,100.0,0.0,448.2,12530.8
390240,4.3958,-11.72,0.50,23.79,89.08,0.3086,934.7,0.0,100.0,100.0,0.0,434.2,12621.0
390300,4.3965,-11.63,0.50,22.71,92.77,0.3085,936.7,100.0,100.0,100.0,0.0,398.0,12656.9
390360,4.3972,-11.55,0.50,26.29,76.02,0.3084,938.8,0.0,100.0,100.0,0.0,433.4,12713.5
390420,4.3979,-11.47,0.50,25.07,83.52,0.3083,940.8,0.0,100.0,100.0,0.0,427.6,12776.7
390480,4.3985,-11.38,0.50,23.93,88.87,0.3082,942.9,0.0,100.0,100.0,0.0,433.2,12849.8
390540,4.3992,-11.30,0.50,22.87,92.56,0.3081,944.9,100.0,100.0,100.0,100.0,427.7,12879.1
390600,4.3999,-11.22,0.50,26.47,75.89,0.3084,946.9,0.0,100.0,100.0,100.0,411.1,12954.4
390660,4.4006,-11.14,0.50,25.27,83.40,0.3086,948.9,0.0,100.0,100.0,0.0,404.3,12957.1
390720,4.4012,-11.06,0.50,24.14,88.72,0.3085,950.9,0.0,100.0,100.0,0.0,412.3,13026.6
390780,4.4019,-10.98,0.50,23.09,92.39,0.3084,952.8,100.0,100.0,100.0,0.0,419.4,13090.1
390840,4.4026,-10.90,0.50,26.70,75.78,0.3083,954.8,0.0,100.0,100.0,0.0,430.7,13141.1
390900,4.4033,-10.82,0.50,25.52,83.21,0.3082,956.7,0.0,100.0,100.0,0.0,416.6,13245.5
390960,4.4039,-10.74,0.50,24.40,88.52,0.3081,958.7,0.0,100.0,100.0,100.0,412.0,13289.1
391020,4.4046,-10.66,0.50,23.36,92.21,0.3083,960.6,0.0,100.0,100.0,0.0,463.6,13344.7
391080,4.4053,-10.59,0.50,22.39,94.63,0.3083,962.5,100.0,100.0,100.0,0.0,410.3,13345.9
391140,4.4060,-10.51,0.50,26.08,76.75,0.3082,964.4,0.0,100.0,100.0,0.0,430.5,13436.2
391200,4.4066,-10.43,0.50,24.95,83.90,0.3081,966.3,0.0,100.0,100.0,0.0,430.4,13527.0
391260,4.4073,-10.36,0.50,23.91,88.94,0.3080,968.2,0.0,100.0,100.0,0.0,438.4,13550.4
391320,4.4080,-10.28,0.50,22.93,92.38,0.3079,970.0,100.0,100.0,100.0,0.0,433.8,13616.5
391380,4.4087,-10.21,0.50,26.60,75.64,0.3079,971.9,0.0,100.0,100.0,0.0,402.7,13675.9
391440,4.4093,-10.13,0.50,25.48,83.02,0.3077,973.7,0.0,100.0,100.0,0.0,423.1,13722.0
391500,4.4100,-10.06,0.50,24.42,88.26,0.3076,975.5,0.0,100.0,100.0,0.0,400.3,13789.1
391560,4.4107,-9.98,0.50,23.43,91.87,0.3075,977.3,0.0,100.0,100.0,0.0,413.4,13828.1
391620,4.4114,-9.91,0.50,22.51,94.24,0.3075,979.1,100.0,100.0,100.0,0.0,434.4,13863.2
391680,4.4121,-9.84,0.50,26.24,76.47,0.3074,980.9,0.0,100.0,100.0,0.0,406.9,13952.6
391740,4.4127,-9.76,0.50,25.17,83.58,0.3073,982.7,0.0,100.0,100.0,0.0,458.8,14006.8
391800,4.4134,-9.69,0.50,24.16,88.59,0.3072,984.5,0.0,100.0,100.0,0.0,423.7,14053.8
391860,4.4141,-9.62,0.50,23.22,92.01,0.3071,986.2,100.0,100.0,100.0,0.0,428.4,14078.6
391920,4.4148,-9.55,0.50,26.93,75.40,0.3070,988.0,0.0,100.0,100.0,0.0,427.4,14170.8
391980,4.4154,-9.48,0.50,25.83,82.72,0.3069,989.7,0.0,100.0,100.0,0.0,442.4,14234.4
392040,4.4161,-9.41,0.50,24.81,87.92,0.3067,991.4,0.0,100.0,100.0,0.0,439.1,14277.3
392100,4.4168,-9.34,0.50,23.85,91.50,0.3067,993.1,0.0,100.0,100.0,100.0,439.1,14343.8
392160,4.4175,-9.27,0.50,22.96,93.90,0.3069,994.8,0.0,100.0,100.0,0.0,426.3,14409.1
392220,4.4181,-9.21,0.50,22.12,95.39,0.3069,996.5,100.0,100.0,100.0,0.0,423.8,14472.7
392280,4.4188,-9.14,0.50,25.93,76.86,0.3069,998.1,0.0,100.0,100.0,0.0,414.4,14525.5
392340,4.4195,-9.07,0.50,24.93,83.78,0.3067,999.8,0.0,100.0,100.0,0.0,447.3,14524.2
392400,4.4202,-9.00,0.50,23.99,88.61,0.3066,1001.4,0.0,100.0,100.0,0.0,396.7,14596.8
392460,4.4208,-8.94,0.50,23.12,91.87,0.3065,1003.1,100.0,100.0,100.0,0.0,428.2,14654.5
392520,4.4215,-8.87,0.50,26.89,75.21,0.3065,1004.7,0.0,100.0,100.0,100.0,413.7,14731.4
392580,4.4222,-8.81,0.50,25.85,82.53,0.3066,1006.3,0.0,100.0,100.0,100.0,427.5,14793.2
392640,4.4229,-8.74,0.50,24.88,87.70,0.3069,1007.9,0.0,100.0,100.0,100.0,447.0,14848.7
392700,4.4235,-8.68,0.50,23.97,91.24,0.3071,1009.4,0.0,100.0,100.0,0.0,449.8,14914.5
392760,4.4242,-8.62,0.50,23.12,93.56,0.3070,1011.0,0.0,100.0,100.0,0.0,433.6,14915.3
392820,4.4249,-8.55,0.50,22.33,95.02,0.3070,1012.6,100.0,100.0,100.0,0.0,389.3,15031.2
392880,4.4256,-8.49,0.50,26.18,76.61,0.3070,1014.1,0.0,100.0,100.0,0.0,429.6,15077.0
392940,4.4262,-8.43,0.50,25.21,83.49,0.3068,1015.6,0.0,100.0,100.0,0.0,391.6,15122.4
393000,4.4269,-8.37,0.50,24.31,88.28,0.3067,1017.1,0.0,100.0,100.0,0.0,413.9,15199.3
393060,4.4276,-8.31,0.50,23.46,91.52,0.3066,1018.6,0.0,100.0,100.0,0.0,399.6,15230.0
393120,4.4283,-8.24,0.50,22.68,93.64,0.3066,1020.1,100.0,100.0,100.0,100.0,420.8,15279.1
393180,4.4289,-8.19,0.50,26.53,75.94,0.3069,1021.6,0.0,100.0,100.0,0.0,421.6,15352.5
393240,4.4296,-8.13,0.50,25.57,82.94,0.3067,1023.1,0.0,100.0,100.0,100.0,413.8,15413.7
393300,4.4303,-8.07,0.50,24.67,87.87,0.3069,1024.5,0.0,100.0,100.0,100.0,421.4,15490.3
393360,4.4310,-8.01,0.50,23.83,91.21,0.3072,1025.9,0.0,100.0,100.0,0.0,414.7,15522.9
393420,4.4317,-7.95,0.50,23.04,93.39,0.3071,1027.4,0.0,100.0,100.0,0.0,435.5,15585.1
393480,4.4323,-7.89,0.50,22.30,94.75,0.3071,1028.8,100.0,100.0,100.0,0.0,415.0,15670.1
393540,4.4330,-7.84,0.50,26.21,76.37,0.3070,1030.2,0.0,100.0,100.0,0.0,437.9,15663.2
393600,4.4337,-7.78,0.50,25.29,83.22,0.3069,1031.5,0.0,100.0,100.0,0.0,429.0,15718.5
393660,4.4344,-7.73,0.50,24.44,87.98,0.3067,1032.9,0.0,100.0,100.0,100.0,409.0,15789.6
393720,4.4350,-7.67,0.50,23.64,91.22,0.3070,1034.3,0.0,100.0,100.0,0.0,425.6,15869.3
393780,4.4357,-7.62,0.50,22.89,93.30,0.3069,1035.6,100.0,100.0,100.0,0.0,475.6,15904.2
393840,4.4364,-7.56,0.50,26.78,75.71,0.3069,1036.9,0.0,100.0,100.0,0.0,420.4,15989.1
393900,4.4371,-7.51,0.50,25.85,82.67,0.3067,1038.3,0.0,100.0,100.0,0.0,404.7,16002.9
393960,4.4377,-7.46,0.50,24.98,87.54,0.3066,1039.6,0.0,100.0,100.0,0.0,392.1,16076.9
394020,4.4384,-7.40,0.50,24.17,90.85,0.3065,1040.8,0.0,100.0,100.0,0.0,404.6,16141.1
394080,4.4391,-7.35,0.50,23.41,93.03,0.3065,1042.1,0.0,100.0,100.0,0.0,424.8,16226.1
394140,4.4398,-7.30,0.50,22.70,94.41,0.3064,1043.4,0.0,100.0,100.0,0.0,424.2,16258.9
394200,4.4404,-7.25,0.50,22.04,95.23,0.3064,1044.6,100.0,100.0,100.0,100.0,369.1,16274.6
394260,4.4411,-7.20,0.50,26.01,76.46,0.3067,1045.9,0.0,100.0,100.0,0.0,411.8,16377.1
394320,4.4418,-7.15,0.50,25.16,83.22,0.3065,1047.1,0.0,100.0,100.0,0.0,400.4,16430.7
394380,4.4425,-7.10,0.50,24.36,87.88,0.3064,1048.3,0.0,100.0,100.0,0.0,420.2,16493.9
394440,4.4431,-7.05,0.50,23.61,91.00,0.3063,1049.5,0.0,100.0,100.0,0.0,372.7,16496.7
394500,4.4438,-7.00,0.50,22.92,93.02,0.3062,1050.7,0.0,100.0,100.0,0.0,382.4,16556.0
394560,4.4445,-6.96,0.50,22.26,94.29,0.3062,1051.8,100.0,100.0,100.0,0.0,423.4,16645.2
394620,4.4452,-6.91,0.50,26.24,75.99,0.3062,1053.0,0.0,100.0,100.0,0.0,444.3,16717.4
394680,4.4458,-6.86,0.50,25.40,82.84,0.3060,1054.1,0.0,100.0,100.0,0.0,386.2,16722.2
394740,4.4465,-6.82,0.50,24.61,87.56,0.3059,1055.3,0.0,100.0,100.0,100.0,400.3,16803.4
394800,4.4472,-6.77,0.50,23.87,90.76,0.3061,1056.4,0.0,100.0,100.0,0.0,433.8,16880.8
394860,4.4479,-6.73,0.50,23.18,92.82,0.3061,1057.5,0.0,100.0,100.0,0.0,407.6,16928.1
394920,4.4485,-6.68,0.50,22.53,94.11,0.3060,1058.6,100.0,100.0,100.0,0.0,417.2,17011.4
394980,4.4492,-6.64,0.50,26.52,75.91,0.3060,1059.6,0.0,100.0,100.0,0.0,409.9,17051.4
395040,4.4499,-6.60,0.50,25.68,82.72,0.3058,1060.7,0.0,100.0,100.0,0.0,416.9,17042.2
395100,4.4506,-6.55,0.50,24.90,87.42,0.3057,1061.7,0.0,100.0,100.0,0.0,417.0,17158.3
395160,4.4513,-6.51,0.50,24.16,90.60,0.3056,1062.8,0.0,100.0,100.0,0.0,421.6,17224.4
395220,4.4519,-6.47,0.50,23.47,92.67,0.3055,1063.8,0.0,100.0,100.0,0.0,441.8,17270.6
395280,4.4526,-6.43,0.50,22.83,93.98,0.3055,1064.8,100.0,100.0,100.0,100.0,442.3,17313.2
395340,4.4533,-6.39,0.50,26.82,75.87,0.3058,1065.8,0.0,100.0,100.0,100.0,412.2,17374.1
395400,4.4540,-6.35,0.50,25.98,82.66,0.3059,1066.8,0.0,100.0,100.0,0.0,396.4,17431.4
395460,4.4546,-6.31,0.50,25.20,87.33,0.3058,1067.7,0.0,100.0,100.0,0.0,457.0,17451.1
395520,4.4553,-6.27,0.50,24.47,90.49,0.3057,1068.7,0.0,100.0,0.0,0.0,17531.0,17567.9
395580,4.4560,-6.23,0.50,23.78,92.57,0.3057,1069.6,0.0,100.0,0.0,100.0,17499.1,17528.5
395640,4.4567,-6.20,0.50,23.14,93.90,0.3059,1070.5,0.0,100.0,0.0,0.0,17528.8,17544.8
395700,4.4573,-6.16,0.50,22.54,94.69,0.3059,1071.4,100.0,100.0,0.0,100.0,17550.4,17527.8
395760,4.4580,-6.12,0.50,26.56,76.13,0.3062,1072.3,0.0,100.0,0.0,100.0,17521.8,17549.6
395820,4.4587,-6.09,0.50,25.76,82.83,0.3064,1073.2,0.0,100.0,0.0,0.0,17485.9,17562.5
395880,4.4594,-6.05,0.50,25.01,87.42,0.3062,1074.1,0.0,100.0,0.0,0.0,17522.2,17543.3
395940,4.4600,-6.02,0.50,24.31,90.50,0.3061,1074.9,0.0,100.0,0.0,100.0,17449.1,17519.2
396000,4.4607,-5.99,0.50,23.65,92.53,0.3064,1075.8,0.0,100.0,0.0,0.0,17535.2,17515.8
396060,4.4614,-5.95,0.50,23.04,93.80,0.3064,1076.6,100.0,100.0,0.0,100.0,17512.9,17553.1
396120,4.4621,-5.92,0.50,27.05,75.75,0.3066,1077.4,0.0,100.0,0.0,0.0,17483.7,17482.2
396180,4.4627,-5.89,0.50,26.24,82.46,0.3065,1078.2,0.0,100.0,0.0,0.0,17498.5,17502.2
396240,4.4634,-5.85,0.50,25.48,87.11,0.3064,1079.0,0.0,100.0,0.0,0.0,17474.6,17487.4
396300,4.4641,-5.82,0.50,24.76,90.27,0.3063,1079.7,0.0,100.0,0.0,0.0,17474.9,17474.3
396360,4.4648,-5.79,0.50,24.10,92.34,0.3062,1080.5,0.0,100.0,0.0,0.0,17449.4,17479.1
396420,4.4654,-5.76,0.50,23.47,93.66,0.3061,1081.2,0.0,100.0,0.0,100.0,17466.6,17491.4
396480,4.4661,-5.73,0.50,22.88,94.48,0.3064,1081.9,100.0,100.0,0.0,0.0,17474.4,17497.6
396540,4.4668,-5.70,0.50,26.92,76.02,0.3064,1082.7,0.0,100.0,0.0,0.0,17476.3,17449.4
396600,4.4675,-5.68,0.50,26.13,82.63,0.3062,1083.4,0.0,100.0,0.0,100.0,17471.1,17470.5
396660,4.4681,-5.65,0.50,25.40,87.23,0.3064,1084.0,0.0,100.0,0.0,0.0,17480.9,17445.3
396720,4.4688,-5.62,0.50,24.70,90.31,0.3063,1084.7,0.0,100.0,0.0,0.0,17463.0,17458.9
396780,4.4695,-5.59,0.50,24.05,92.33,0.3063,1085.4,0.0,100.0,0.0,0.0,17442.2,17466.5
396840,4.4702,-5.57,0.50,23.44,93.61,0.3062,1086.0,0.0,100.0,0.0,0.0,17455.0,17460.6
396900,4.4709,-5.54,0.50,22.87,94.39,0.3062,1086.6,0.0,100.0,0.0,0.0,17438.2,17461.9
396960,4.4715,-5.52,0.50,22.34,94.83,0.3061,1087.2,100.0,100.0,0.0,0.0,17452.8,17434.6
397020,4.4722,-5.49,0.50,26.43,76.06,0.3061,1087.8,0.0,100.0,0.0,0.0,17425.6,17427.2
397080,4.4729,-5.47,0.50,25.69,82.70,0.3059,1088.4,0.0,100.0,0.0,0.0,17424.4,17440.0
397140,4.4736,-5.45,0.50,24.99,87.24,0.3058,1089.0,0.0,100.0,0.0,0.0,17415.9,17389.9
397200,4.4742,-5.43,0.50,24.34,90.27,0.3057,1089.5,0.0,100.0,0.0,0.0,17436.8,17424.0
397260,4.4749,-5.40,0.50,23.73,92.25,0.3056,1090.1,0.0,100.0,0.0,0.0,17400.9,17403.8
397320,4.4756,-5.38,0.50,23.15,93.50,0.3056,1090.6,100.0,100.0,0.0,100.0,17394.2,17395.6
397380,4.4763,-5.36,0.50,27.21,75.55,0.3059,1091.1,0.0,100.0,0.0,0.0,17403.1,17404.4
397440,4.4769,-5.34,0.50,26.43,82.25,0.3057,1091.6,0.0,100.0,0.0,0.0,17379.6,17427.4
397500,4.4776,-5.32,0.50,25.70,86.89,0.3056,1092.1,0.0,100.0,0.0,100.0,17392.6,17436.3
397560,4.4783,-5.30,0.50,25.01,90.05,0.3058,1092.6,0.0,100.0,0.0,0.0,17405.8,17372.3
397620,4.4790,-5.28,0.50,24.37,92.11,0.3057,1093.0,0.0,100.0,0.0,0.0,17394.1,17419.2
397680,4.4796,-5.27,0.50,23.77,93.43,0.3057,1093.5,0.0,100.0,0.0,0.0,17367.8,17401.8
397740,4.4803,-5.25,0.50,23.20,94.24,0.3056,1093.9,0.0,100.0,0.0,0.0,17388.4,17384.2
397800,4.4810,-5.23,0.50,22.67,94.70,0.3056,1094.3,100.0,100.0,0.0,0.0,17398.8,17374.8
397860,4.4817,-5.22,0.50,26.76,76.02,0.3056,1094.7,0.0,100.0,0.0,100.0,17390.5,17375.3
397920,4.4823,-5.20,0.50,26.02,82.65,0.3057,1095.1,0.0,100.0,0.0,100.0,17387.9,17386.9
397980,4.4830,-5.18,0.50,25.33,87.19,0.3059,1095.5,0.0,100.0,0.0,100.0,17399.1,17409.7
398040,4.4837,-5.17,0.50,24.68,90.23,0.3062,1095.8,0.0,100.0,0.0,0.0,17397.9,17359.5
398100,4.4844,-5.16,0.50,24.06,92.19,0.3061,1096.1,0.0,100.0,0.0,0.0,17317.9,17379.6
398160,4.4850,-5.14,0.50,23.49,93.44,0.3061,1096.5,0.0,100.0,0.0,0.0,17376.7,17387.5
398220,4.4857,-5.13,0.50,22.95,94.20,0.3060,1096.8,0.0,100.0,0.0,0.0,17369.5,17316.0
398280,4.4864,-5.12,0.50,22.44,94.63,0.3060,1097.1,100.0,100.0,0.0,100.0,17354.1,17345.4
398340,4.4871,-5.11,0.50,26.56,75.94,0.3063,1097.4,0.0,100.0,0.0,100.0,17335.7,17317.4
398400,4.4877,-5.10,0.50,25.84,82.61,0.3064,1097.6,0.0,100.0,0.0,0.0,17348.8,17375.2
398460,4.4884,-5.09,0.50,25.16,87.13,0.3063,1097.9,0.0,100.0,0.0,0.0,17307.9,17356.6
398520,4.4891,-5.08,0.50,24.53,90.16,0.3062,1098.1,0.0,100.0,0.0,0.0,17321.9,17319.2
398580,4.4898,-5.07,0.50,23.93,92.12,0.3061,1098.4,0.0,100.0,0.0,0.0,17345.6,17350.0
398640,4.4905,-5.06,0.50,23.37,93.37,0.3061,1098.6,0.0,100.0,0.0,0.0,17360.7,17297.5
398700,4.4911,-5.05,0.50,22.84,94.13,0.3060,1098.8,100.0,100.0,0.0,100.0,17308.6,17281.2
398760,4.4918,-5.04,0.50,26.94,75.76,0.3063,1098.9,0.0,100.0,0.0,0.0,17342.5,17279.1
398820,4.4925,-5.04,0.50,26.20,82.41,0.3061,1099.1,0.0,100.0,0.0,0.0,17272.5,17311.1
398880,4.4932,-5.03,0.50,25.51,86.98,0.3060,1099.3,0.0,100.0,0.0,0.0,17298.3,17287.2
398940,4.4938,-5.02,0.50,24.86,90.05,0.3059,1099.4,0.0,100.0,0.0,100.0,17296.7,17305.4
399000,4.4945,-5.02,0.50,24.25,92.08,0.3062,1099.5,0.0,100.0,0.0,100.0,17310.7,17313.4
399060,4.4952,-5.01,0.50,23.67,93.37,0.3065,1099.6,0.0,100.0,0.0,0.0,17273.2,17307.7
399120,4.4959,-5.01,0.50,23.13,94.15,0.3064,1099.7,0.0,100.0,0.0,100.0,17304.2,17254.5
399180,4.4965,-5.01,0.50,22.62,94.61,0.3067,1099.8,100.0,100.0,0.0,0.0,17279.2,17292.5
399240,4.4972,-5.00,0.50,26.73,75.94,0.3067,1099.9,0.0,100.0,0.0,0.0,17305.3,17309.9
399300,4.4979,-5.00,0.50,26.01,82.57,0.3065,1099.9,0.0,100.0,0.0,0.0,17286.6,17281.1
399360,4.4986,-5.00,0.50,25.33,87.10,0.3064,1100.0,0.0,100.0,0.0,0.0,17260.4,17284.5
399420,4.4992,-5.00,0.50,24.69,90.13,0.3063,1100.0,0.0,100.0,0.0,0.0,17282.1,17263.5
399480,4.4999,-5.00,0.50,24.09,92.11,0.3062,1100.0,0.0,100.0,0.0,0.0,17273.5,17282.3
399540,4.5006,-5.00,0.50,23.53,93.37,0.3061,1100.0,0.0,100.0,0.0,0.0,17263.8,17253.0
399600,4.5013,-5.00,0.50,23.00,94.14,0.3061,1100.0,100.0,100.0,0.0,0.0,17247.7,17252.1
399660,4.5019,-5.00,0.50,27.09,75.78,0.3061,1099.9,0.0,100.0,0.0,0.0,17218.9,17255.8
399720,4.5026,-5.00,0.50,26.34,82.43,0.3059,1099.9,0.0,100.0,0.0,0.0,17259.1,17249.0
399780,4.5033,-5.01,0.50,25.64,87.00,0.3057,1099.8,0.0,100.0,0.0,0.0,17282.9,17232.4
399840,4.5040,-5.01,0.50,24.98,90.08,0.3057,1099.8,0.0,100.0,0.0,0.0,17231.4,17183.6
399900,4.5046,-5.01,0.50,24.37,92.10,0.3056,1099.7,0.0,100.0,0.0,0.0,17266.6,17236.1
399960,4.5053,-5.02,0.50,23.78,93.39,0.3055,1099.6,0.0,100.0,0.0,100.0,17245.7,17223.0
400020,4.5060,-5.02,0.50,23.23,94.19,0.3058,1099.4,0.0,100.0,0.0,0.0,17236.4,17211.4
400080,4.5067,-5.03,0.50,22.72,94.65,0.3058,1099.3,100.0,100.0,0.0,0.0,17204.2,17172.7
400140,4.5074,-5.03,0.50,26.82,75.99,0.3057,1099.1,0.0,100.0,0.0,0.0,17216.2,17231.0
400200,4.5080,-5.04,0.50,26.09,82.62,0.3056,1099.0,0.0,100.0,0.0,100.0,17212.4,17161.9
400260,4.5087,-5.05,0.50,25.40,87.19,0.3058,1098.8,0.0,100.0,0.0,0.0,17247.2,17216.3
400320,4.5094,-5.06,0.50,24.76,90.22,0.3057,1098.6,0.0,100.0,0.0,0.0,17237.7,17214.3
400380,4.5101,-5.06,0.50,24.15,92.20,0.3056,1098.4,0.0,100.0,0.0,0.0,17217.4,17183.9
400440,4.5107,-5.07,0.50,23.57,93.46,0.3055,1098.2,0.0,100.0,0.0,0.0,17210.0,17210.2
400500,4.5114,-5.08,0.50,23.03,94.22,0.3055,1097.9,100.0,100.0,0.0,100.0,17174.9,17199.1
400560,4.5121,-5.09,0.50,27.11,75.86,0.3058,1097.7,0.0,100.0,0.0,0.0,17200.7,17214.2
400620,4.5128,-5.10,0.50,26.36,82.52,0.3056,1097.4,0.0,100.0,0.0,0.0,17194.7,17191.9
400680,4.5134,-5.12,0.50,25.65,87.11,0.3055,1097.2,0.0,100.0,0.0,0.0,17197.8,17208.7
400740,4.5141,-5.13,0.50,24.98,90.19,0.3054,1096.9,0.0,100.0,0.0,100.0,17200.8,17197.5
400800,4.5148,-5.14,0.50,24.35,92.23,0.3057,1096.6,0.0,100.0,0.0,0.0,17171.8,17178.2
400860,4.5155,-5.15,0.50,23.76,93.51,0.3056,1096.2,0.0,100.0,0.0,0.0,17167.8,17165.6
400920,4.5161,-5.17,0.50,23.20,94.30,0.3055,1095.9,0.0,100.0,0.0,0.0,17182.3,17179.0
400980,4.5168,-5.18,0.50,22.67,94.76,0.3055,1095.5,100.0,100.0,0.0,0.0,17151.5,17160.5
401040,4.5175,-5.20,0.50,26.77,76.06,0.3055,1095.2,0.0,100.0,0.0,0.0,17138.6,17127.8
401100,4.5182,-5.21,0.50,26.03,82.73,0.3053,1094.8,0.0,100.0,0.0,0.0,17180.5,17131.4
401160,4.5188,-5.23,0.50,25.33,87.29,0.3052,1094.4,0.0,100.0,0.0,0.0,17170.7,17178.6
401220,4.5195,-5.24,0.50,24.67,90.34,0.3051,1094.0,0.0,100.0,0.0,0.0,17152.4,17165.6
401280,4.5202,-5.26,0.50,24.05,92.33,0.3050,1093.6,0.0,100.0,0.0,0.0,17113.6,17138.8
401340,4.5209,-5.28,0.50,23.46,93.59,0.3049,1093.1,0.0,100.0,0.0,0.0,17132.6,17100.3
401400,4.5215,-5.30,0.50,22.91,94.36,0.3049,1092.7,100.0,100.0,0.0,100.0,17146.2,17111.3
401460,4.5222,-5.32,0.50,26.98,75.95,0.3052,1092.2,0.0,100.0,0.0,0.0,17089.0,17156.8
401520,4.5229,-5.34,0.50,26.22,82.66,0.3050,1091.7,0.0,100.0,0.0,0.0,17144.6,17140.4
401580,4.5236,-5.36,0.50,25.50,87.27,0.3049,1091.2,0.0,100.0,0.0,0.0,17118.3,17128.3
401640,4.5242,-5.38,0.50,24.82,90.36,0.3048,1090.7,0.0,100.0,0.0,0.0,17102.8,17081.9
401700,4.5249,-5.40,0.50,24.18,92.39,0.3047,1090.2,0.0,100.0,0.0,100.0,17107.3,17105.2
401760,4.5256,-5.42,0.50,23.57,93.69,0.3050,1089.7,0.0,100.0,0.0,0.0,17112.7,17108.9
401820,4.5263,-5.44,0.50,23.00,94.47,0.3050,1089.1,100.0,100.0,0.0,100.0,17096.4,17117.5
401880,4.5270,-5.46,0.50,27.06,76.04,0.3052,1088.6,0.0,100.0,0.0,0.0,17113.4,17104.6
401940,4.5276,-5.49,0.50,26.28,82.76,0.3051,1088.0,0.0,100.0,0.0,100.0,17093.7,17104.0
402000,4.5283,-5.51,0.50,25.54,87.40,0.3053,1087.4,0.0,100.0,0.0,100.0,17071.5,17100.2
402060,4.5290,-5.54,0.50,24.85,90.51,0.3055,1086.8,0.0,100.0,0.0,0.0,17040.9,17100.6
402120,4.5297,-5.56,0.50,24.19,92.53,0.3055,1086.2,0.0,100.0,0.0,0.0,17082.4,17116.8
402180,4.5303,-5.59,0.50,23.57,93.81,0.3054,1085.5,0.0,100.0,0.0,100.0,17058.6,17063.2
402240,4.5310,-5.61,0.50,22.99,94.61,0.3057,1084.9,100.0,100.0,0.0,0.0,17066.2,17071.4
402300,4.5317,-5.64,0.50,27.03,76.12,0.3056,1084.2,0.0,100.0,0.0,0.0,17094.7,17085.0
402360,4.5324,-5.67,0.50,26.23,82.86,0.3055,1083.5,0.0,100.0,0.0,0.0,17071.1,17068.1
402420,4.5330,-5.70,0.50,25.49,87.49,0.3053,1082.8,0.0,100.0,0.0,0.0,17071.3,17035.3
402480,4.5337,-5.73,0.50,24.78,90.60,0.3053,1082.1,0.0,100.0,0.0,0.0,17049.2,17057.5
402540,4.5344,-5.76,0.50,24.11,92.63,0.3052,1081.4,0.0,100.0,0.0,0.0,17064.9,17055.2
402600,4.5351,-5.79,0.50,23.48,93.92,0.3051,1080.7,0.0,100.0,0.0,100.0,17053.4,17016.5
402660,4.5357,-5.82,0.50,22.89,94.72,0.3054,1079.9,100.0,100.0,0.0,0.0,16982.3,17029.9
402720,4.5364,-5.85,0.50,26.92,76.20,0.3054,1079.2,0.0,100.0,0.0,100.0,17049.8,17059.7
402780,4.5371,-5.88,0.50,26.11,83.01,0.3055,1078.4,0.0,100.0,0.0,100.0,17024.8,17038.7
402840,4.5378,-5.91,0.50,25.35,87.67,0.3057,1077.6,0.0,100.0,0.0,0.0,17028.6,17032.3
402900,4.5384,-5.94,0.50,24.64,90.77,0.3057,1076.8,0.0,100.0,0.0,100.0,17069.9,17009.9
402960,4.5391,-5.98,0.50,23.96,92.81,0.3059,1076.0,0.0,100.0,0.0,0.0,17055.9,17017.4
403020,4.5398,-6.01,0.50,23.32,94.09,0.3059,1075.1,0.0,100.0,0.0,0.0,17036.7,17008.5
403080,4.5405,-6.04,0.50,22.72,94.86,0.3058,1074.3,100.0,100.0,0.0,0.0,17011.1,17018.6
403140,4.5411,-6.08,0.50,26.74,76.27,0.3058,1073.4,0.0,100.0,0.0,100.0,16989.5,17006.5
403200,4.5418,-6.12,0.50,25.93,83.13,0.3059,1072.5,0.0,100.0,0.0,0.0,17004.4,17025.4
403260,4.5425,-6.15,0.50,25.16,87.79,0.3058,1071.7,0.0,100.0,0.0,0.0,16956.7,17001.4
403320,4.5432,-6.19,0.50,24.44,90.91,0.3057,1070.7,0.0,100.0,0.0,0.0,16989.9,16973.5
403380,4.5438,-6.23,0.50,23.75,92.94,0.3057,1069.8,0.0,100.0,0.0,0.0,16979.1,16989.1
403440,4.5445,-6.26,0.50,23.11,94.22,0.3056,1068.9,0.0,100.0,0.0,100.0,17012.6,17005.1
403500,4.5452,-6.30,0.50,22.49,95.00,0.3059,1068.0,100.0,100.0,0.0,0.0,17025.3,16983.1
403560,4.5459,-6.34,0.50,26.51,76.34,0.3059,1067.0,0.0,100.0,0.0,0.0,16967.1,16932.6
403620,4.5466,-6.38,0.50,25.69,83.23,0.3057,1066.0,0.0,100.0,0.0,100.0,16993.2,16991.5
403680,4.5472,-6.42,0.50,24.91,87.95,0.3059,1065.0,0.0,100.0,0.0,0.0,16967.0,16965.5
403740,4.5479,-6.46,0.50,24.18,91.08,0.3058,1064.0,0.0,100.0,0.0,0.0,16953.1,16976.0
403800,4.5486,-6.50,0.50,23.49,93.10,0.3057,1063.0,0.0,100.0,0.0,0.0,16969.7,16990.1
403860,4.5493,-6.54,0.50,22.84,94.38,0.3057,1062.0,100.0,100.0,0.0,100.0,16959.7,16952.1
403920,4.5499,-6.59,0.50,26.81,76.15,0.3060,1061.0,0.0,100.0,0.0,0.0,16901.3,16951.5
403980,4.5506,-6.63,0.50,25.95,83.11,0.3058,1059.9,0.0,100.0,0.0,0.0,16896.3,16973.7
404040,4.5513,-6.67,0.50,25.14,87.90,0.3057,1058.8,0.0,100.0,0.0,0.0,16948.3,16985.8
404100,4.5520,-6.72,0.50,24.37,91.11,0.3056,1057.7,0.0,100.0,0.0,0.0,16930.2,16962.2
404160,4.5526,-6.76,0.50,23.65,93.20,0.3055,1056.7,0.0,100.0,0.0,0.0,16949.3,16962.3
404220,4.5533,-6.81,0.50,22.97,94.51,0.3055,1055.5,0.0,100.0,0.0,0.0,16904.4,16933.1
404280,4.5540,-6.85,0.50,22.32,95.31,0.3054,1054.4,100.0,100.0,0.0,0.0,16931.3,16921.6
404340,4.5547,-6.90,0.50,26.30,76.55,0.3054,1053.3,0.0,100.0,0.0,0.0,16920.5,16921.1
404400,4.5553,-6.94,0.50,25.44,83.51,0.3052,1052.1,0.0,100.0,0.0,0.0,16887.4,16913.0
404460,4.5560,-6.99,0.50,24.64,88.26,0.3051,1051.0,0.0,100.0,0.0,0.0,16899.9,16921.4
404520,4.5567,-7.04,0.50,23.88,91.41,0.3050,1049.8,0.0,100.0,0.0,0.0,16898.8,16899.1
404580,4.5574,-7.09,0.50,23.16,93.45,0.3050,1048.6,0.0,100.0,0.0,100.0,16868.0,16941.9
404640,4.5580,-7.14,0.50,22.47,94.74,0.3052,1047.4,100.0,100.0,0.0,0.0,16917.9,16909.2
404700,4.5587,-7.19,0.50,26.42,76.36,0.3052,1046.2,0.0,100.0,0.0,0.0,16915.5,16892.9
404760,4.5594,-7.24,0.50,25.54,83.43,0.3050,1044.9,0.0,100.0,0.0,0.0,16859.3,16934.5
404820,4.5601,-7.29,0.50,24.70,88.26,0.3049,1043.7,0.0,100.0,0.0,0.0,16893.4,16882.6
404880,4.5607,-7.34,0.50,23.91,91.49,0.3048,1042.4,0.0,100.0,0.0,100.0,16871.6,16883.1
404940,4.5614,-7.39,0.50,23.16,93.60,0.3051,1041.2,0.0,100.0,0.0,0.0,16906.6,16884.3
405000,4.5621,-7.44,0.50,22.46,94.89,0.3050,1039.9,100.0,100.0,0.0,100.0,16902.4,16884.9
405060,4.5628,-7.50,0.50,26.38,76.49,0.3053,1038.6,0.0,100.0,0.0,0.0,16870.5,16847.3
405120,4.5634,-7.55,0.50,25.47,83.58,0.3052,1037.3,0.0,100.0,0.0,100.0,16887.2,16876.5
405180,4.5641,-7.60,0.50,24.62,88.47,0.3054,1035.9,0.0,100.0,0.0,100.0,16903.5,16845.1
405240,4.5648,-7.66,0.50,23.81,91.72,0.3056,1034.6,0.0,100.0,0.0,0.0,16865.3,16831.7
405300,4.5655,-7.71,0.50,23.04,93.80,0.3056,1033.3,0.0,100.0,0.0,100.0,16890.0,16852.4
405360,4.5662,-7.77,0.50,22.31,95.11,0.3058,1031.9,100.0,100.0,0.0,0.0,16859.6,16860.6
405420,4.5668,-7.82,0.50,26.22,76.61,0.3058,1030.5,0.0,100.0,0.0,100.0,16858.4,16842.6
405480,4.5675,-7.88,0.50,25.30,83.80,0.3060,1029.1,0.0,100.0,0.0,0.0,16882.8,16860.6
405540,4.5682,-7.94,0.50,24.42,88.67,0.3058,1027.7,0.0,100.0,0.0,0.0,16864.6,16844.0
405600,4.5689,-7.99,0.50,23.60,91.91,0.3058,1026.3,0.0,100.0,0.0,0.0,16821.7,16838.2
405660,4.5695,-8.05,0.50,22.81,94.00,0.3057,1024.9,0.0,100.0,0.0,0.0,16853.7,16836.8
405720,4.5702,-8.11,0.50,22.07,95.29,0.3057,1023.4,100.0,100.0,0.0,100.0,16801.4,16856.7
405780,4.5709,-8.17,0.50,25.97,76.72,0.3060,1022.0,0.0,100.0,0.0,100.0,16840.9,16851.2
405840,4.5716,-8.23,0.50,25.03,83.97,0.3061,1020.5,0.0,100.0,0.0,100.0,16816.7,16835.6
405900,4.5722,-8.29,0.50,24.14,88.90,0.3063,1019.0,0.0,100.0,0.0,100.0,16780.0,16809.4
405960,4.5729,-8.35,0.50,23.30,92.17,0.3066,1017.5,0.0,100.0,0.0,0.0,16761.7,16821.9
406020,4.5736,-8.41,0.50,22.51,94.24,0.3065,1016.0,100.0,100.0,0.0,0.0,16783.7,16792.6
406080,4.5743,-8.47,0.50,26.35,76.34,0.3065,1014.5,0.0,100.0,0.0,0.0,16807.5,16812.0
406140,4.5749,-8.54,0.50,25.37,83.69,0.3063,1012.9,0.0,100.0,0.0,0.0,16791.0,16780.0
406200,4.5756,-8.60,0.50,24.44,88.74,0.3062,1011.4,0.0,100.0,0.0,0.0,16823.3,16775.5
406260,4.5763,-8.66,0.50,23.56,92.12,0.3061,1009.8,0.0,100.0,0.0,0.0,16772.2,16773.6
406320,4.5770,-8.73,0.50,22.72,94.30,0.3060,1008.3,100.0,100.0,0.0,0.0,16777.1,16778.4
406380,4.5776,-8.79,0.50,26.52,76.46,0.3060,1006.7,0.0,100.0,0.0,0.0,16776.1,16747.5
406440,4.5783,-8.86,0.50,25.50,83.81,0.3058,1005.1,0.0,100.0,0.0,100.0,16791.4,16766.4
406500,4.5790,-8.92,0.50,24.54,88.92,0.3060,1003.5,0.0,100.0,0.0,0.0,16769.3,16764.1
406560,4.5797,-8.99,0.50,23.63,92.32,0.3060,1001.8,0.0,100.0,0.0,0.0,16779.9,16772.4
406620,4.5803,-9.05,0.50,22.76,94.51,0.3059,1000.2,100.0,100.0,0.0,0.0,16749.2,16774.8
406680,4.5810,-9.12,0.50,26.54,76.63,0.3059,998.6,0.0,100.0,0.0,100.0,16763.9,16777.0
406740,4.5817,-9.19,0.50,25.49,84.03,0.3060,996.9,0.0,100.0,0.0,100.0,16768.5,16758.5
406800,4.5824,-9.26,0.50,24.50,89.14,0.3062,995.2,0.0,100.0,0.0,0.0,16760.8,16772.8
406860,4.5830,-9.32,0.50,23.56,92.54,0.3062,993.5,0.0,100.0,0.0,0.0,16706.5,16728.1
406920,4.5837,-9.39,0.50,22.67,94.74,0.3061,991.8,100.0,100.0,0.0,0.0,16745.5,16712.7
406980,4.5844,-9.46,0.50,26.42,76.78,0.3061,990.1,0.0,100.0,0.0,0.0,16747.4,16763.1
407040,4.5851,-9.53,0.50,25.35,84.18,0.3059,988.4,0.0,100.0,0.0,100.0,16737.2,16729.5
407100,4.5858,-9.60,0.50,24.34,89.33,0.3061,986.7,0.0,100.0,0.0,0.0,16704.2,16732.7
407160,4.5864,-9.68,0.50,23.39,92.75,0.3060,984.9,0.0,100.0,0.0,0.0,16755.9,16757.6
407220,4.5871,-9.75,0.50,22.48,94.95,0.3060,983.2,100.0,100.0,0.0,100.0,16705.5,16738.4
407280,4.5878,-9.82,0.50,26.21,76.92,0.3063,981.4,0.0,100.0,0.0,100.0,16741.4,16670.3
407340,4.5885,-9.89,0.50,25.13,84.41,0.3064,979.6,0.0,100.0,0.0,0.0,16689.4,16697.1
407400,4.5891,-9.96,0.50,24.10,89.54,0.3063,977.8,0.0,100.0,0.0,0.0,16688.2,16696.6
407460,4.5898,-10.04,0.50,23.13,92.97,0.3062,976.0,100.0,100.0,0.0,0.0,16690.0,16671.9
407520,4.5905,-10.11,0.50,26.80,76.10,0.3062,974.2,0.0,100.0,0.0,0.0,16690.0,16699.7
407580,4.5912,-10.19,0.50,25.66,83.79,0.3060,972.3,0.0,100.0,0.0,100.0,16698.0,16653.0
407640,4.5918,-10.26,0.50,24.58,89.20,0.3062,970.5,0.0,100.0,0.0,0.0,16703.1,16649.4
407700,4.5925,-10.34,0.50,23.55,92.83,0.3061,968.6,0.0,100.0,0.0,0.0,16669.7,16684.3
407760,4.5932,-10.41,0.50,22.58,95.19,0.3061,966.7,100.0,100.0,0.0,100.0,16674.5,16660.7
407820,4.5939,-10.49,0.50,26.26,77.17,0.3064,964.9,0.0,100.0,0.0,100.0,16698.6,16656.3
407880,4.5945,-10.57,0.50,25.11,84.71,0.3065,963.0,0.0,100.0,0.0,0.0,16658.5,16688.2
407940,4.5952,-10.64,0.50,24.03,89.90,0.3064,961.1,0.0,100.0,0.0,0.0,16685.0,16639.0
408000,4.5959,-10.72,0.50,23.01,93.37,0.3064,959.1,100.0,100.0,0.0,100.0,16660.0,16669.4
408060,4.5966,-10.80,0.50,26.63,76.40,0.3066,957.2,0.0,100.0,0.0,0.0,16692.4,16646.0
408120,4.5972,-10.88,0.50,25.44,84.16,0.3065,955.3,0.0,100.0,0.0,0.0,16660.5,16657.7
408180,4.5979,-10.96,0.50,24.32,89.59,0.3064,953.3,0.0,100.0,0.0,100.0,16625.5,16648.9
408240,4.5986,-11.04,0.50,23.25,93.27,0.3066,951.3,0.0,100.0,0.0,100.0,16617.1,16659.4
408300,4.5993,-11.12,0.50,22.25,95.65,0.3069,949.4,100.0,100.0,0.0,0.0,16642.4,16624.2
408360,4.5999,-11.20,0.50,25.88,77.44,0.3069,947.4,0.0,100.0,0.0,0.0,16622.6,16645.8
408420,4.6006,-11.28,0.50,24.70,85.05,0.3067,945.4,0.0,100.0,0.0,100.0,16640.3,16629.9
408480,4.6013,-11.36,0.50,23.59,90.33,0.3069,943.4,0.0,100.0,0.0,100.0,16598.4,16634.5
408540,4.6020,-11.45,0.50,22.54,93.84,0.3072,941.3,100.0,100.0,0.0,0.0,16614.5,16610.9
408600,4.6026,-11.53,0.50,26.13,76.67,0.3071,939.3,0.0,100.0,0.0,100.0,16642.7,16633.2
408660,4.6033,-11.61,0.50,24.91,84.59,0.3073,937.3,0.0,100.0,0.0,0.0,16589.4,16610.1
408720,4.6040,-11.70,0.50,23.76,90.07,0.3072,935.2,0.0,100.0,0.0,0.0,16633.2,16610.1
408780,4.6047,-11.78,0.50,22.67,93.74,0.3071,933.1,100.0,100.0,0.0,100.0,16621.8,16610.2
408840,4.6054,-11.86,0.50,26.22,76.71,0.3074,931.0,0.0,100.0,0.0,0.0,16587.5,16614.5
408900,4.6060,-11.95,0.50,24.97,84.64,0.3072,928.9,0.0,100.0,0.0,0.0,16581.4,16608.7
408960,4.6067,-12.03,0.50,23.79,90.17,0.3071,926.8,0.0,100.0,0.0,0.0,16593.1,16571.7
409020,4.6074,-12.12,0.50,22.67,93.89,0.3070,924.7,100.0,100.0,0.0,0.0,16580.0,16592.5
409080,4.6081,-12.21,0.50,26.20,76.83,0.3070,922.6,0.0,100.0,0.0,0.0,16579.0,16595.1
409140,4.6087,-12.29,0.50,24.92,84.79,0.3068,920.5,0.0,100.0,0.0,0.0,16598.0,16574.2
409200,4.6094,-12.38,0.50,23.71,90.36,0.3067,918.3,0.0,100.0,0.0,0.0,16573.3,16567.4
409260,4.6101,-12.47,0.50,22.57,94.10,0.3066,916.1,100.0,100.0,0.0,0.0,16587.5,16553.8
409320,4.6108,-12.56,0.50,26.07,76.98,0.3066,914.0,0.0,100.0,0.0,100.0,16530.2,16572.5
409380,4.6114,-12.65,0.50,24.78,85.02,0.3068,911.8,0.0,100.0,0.0,0.0,16550.9,16552.2
409440,4.6121,-12.74,0.50,23.55,90.60,0.3066,909.6,0.0,100.0,0.0,0.0,16542.4,16578.0
409500,4.6128,-12.82,0.50,22.38,94.34,0.3066,907.4,100.0,100.0,0.0,100.0,16595.1,16533.0
409560,4.6135,-12.91,0.50,25.87,77.14,0.3069,905.2,0.0,100.0,0.0,0.0,16580.9,16536.8
409620,4.6141,-13.01,0.50,24.56,85.19,0.3067,902.9,0.0,100.0,0.0,0.0,16531.5,16538.3
409680,4.6148,-13.10,0.50,23.31,90.80,0.3066,900.7,100.0,100.0,0.0,0.0,16571.3,16530.5
409740,4.6155,-13.19,0.50,26.73,75.55,0.3065,898.5,0.0,100.0,0.0,100.0,16553.4,16552.5
409800,4.6162,-13.28,0.50,25.34,84.07,0.3067,896.2,0.0,100.0,0.0,0.0,16537.5,16507.9
409860,4.6168,-13.37,0.50,24.02,90.08,0.3066,893.9,0.0,100.0,0.0,0.0,16519.8,16528.1
409920,4.6175,-13.46,0.50,22.78,94.17,0.3065,891.7,100.0,100.0,0.0,100.0,16551.7,16535.1
409980,4.6182,-13.56,0.50,26.20,77.23,0.3068,889.4,0.0,100.0,0.0,0.0,16550.3,16523.5
410040,4.6189,-13.65,0.50,24.81,85.35,0.3066,887.1,0.0,100.0,0.0,0.0,16528.8,16526.4
410100,4.6195,-13.74,0.50,23.50,91.05,0.3065,884.7,0.0,100.0,0.0,0.0,16533.1,16521.2
410160,4.6202,-13.84,0.50,22.26,94.90,0.3064,882.4,100.0,100.0,0.0,0.0,16497.9,16530.9
410220,4.6209,-13.93,0.50,25.67,77.56,0.3064,880.1,0.0,100.0,0.0,100.0,16504.7,16520.5
410280,4.6216,-14.03,0.50,24.28,85.75,0.3066,877.7,0.0,100.0,0.0,100.0,16509.8,16496.0
410340,4.6222,-14.13,0.50,22.97,91.46,0.3068,875.4,0.0,100.0,0.0,100.0,16490.5,16507.5
410400,4.6229,-14.22,0.50,21.73,95.26,0.3071,873.0,100.0,100.0,0.0,0.0,16482.1,16505.4
410460,4.6236,-14.32,0.50,25.15,77.71,0.3070,870.6,0.0,100.0,0.0,100.0,16464.1,16493.0
410520,4.6243,-14.41,0.50,23.76,86.00,0.3072,868.3,0.0,100.0,0.0,0.0,16469.9,16473.0
410580,4.6250,-14.51,0.50,22.45,91.70,0.3071,865.9,100.0,100.0,0.0,0.0,16494.2,16488.2
410640,4.6256,-14.61,0.50,25.80,76.12,0.3070,863.5,0.0,100.0,0.0,0.0,16479.9,16477.4
410700,4.6263,-14.71,0.50,24.35,84.83,0.3069,861.0,0.0,100.0,0.0,0.0,16462.6,16497.0
410760,4.6270,-14.81,0.50,22.98,90.97,0.3068,858.6,100.0,100.0,0.0,0.0,16467.7,16480.2
410820,4.6277,-14.91,0.50,26.27,75.87,0.3067,856.2,0.0,100.0,0.0,0.0,16456.6,16458.4
410880,4.6283,-15.00,0.50,24.77,84.65,0.3065,853.7,0.0,100.0,0.0,100.0,16449.8,16471.6
410940,4.6290,-15.10,0.50,23.35,90.93,0.3067,851.3,0.0,100.0,0.0,0.0,16450.1,16454.5
411000,4.6297,-15.20,0.50,22.01,95.16,0.3067,848.8,100.0,100.0,0.0,0.0,16468.6,16442.9
411060,4.6304,-15.31,0.50,25.33,77.89,0.3066,846.3,0.0,100.0,0.0,100.0,16443.9,16468.4
411120,4.6310,-15.41,0.50,23.85,86.30,0.3068,843.8,0.0,100.0,0.0,0.0,16455.9,16453.6
411180,4.6317,-15.51,0.50,22.46,92.14,0.3067,841.3,100.0,100.0,0.0,0.0,16433.9,16408.5
411240,4.6324,-15.61,0.50,25.73,76.51,0.3067,838.8,0.0,100.0,0.0,0.0,16438.9,16436.5
411300,4.6331,-15.71,0.50,24.20,85.31,0.3065,836.3,0.0,100.0,0.0,0.0,16446.8,16431.8
411360,4.6337,-15.81,0.50,22.76,91.54,0.3064,833.8,100.0,100.0,0.0,0.0,16371.5,16395.8
411420,4.6344,-15.92,0.50,25.98,76.30,0.3063,831.3,0.0,100.0,0.0,100.0,16427.6,16431.9
411480,4.6351,-16.02,0.50,24.42,85.23,0.3065,828.7,0.0,100.0,0.0,0.0,16434.1,16424.1
411540,4.6358,-16.12,0.50,22.94,91.55,0.3064,826.2,100.0,100.0,0.0,100.0,16435.4,16389.4
411600,4.6364,-16.23,0.50,26.13,76.40,0.3066,823.6,0.0,100.0,0.0,100.0,16414.1,16392.7
411660,4.6371,-16.33,0.50,24.53,85.34,0.3068,821.0,0.0,100.0,0.0,0.0,16409.7,16433.0
411720,4.6378,-16.44,0.50,23.02,91.69,0.3067,818.4,100.0,100.0,0.0,0.0,16392.6,16405.8
411780,4.6385,-16.54,0.50,26.18,76.53,0.3066,815.8,0.0,100.0,0.0,100.0,16411.7,16414.3
411840,4.6391,-16.65,0.50,24.55,85.49,0.3068,813.2,0.0,100.0,0.0,0.0,16385.8,16408.1
411900,4.6398,-16.76,0.50,23.01,91.87,0.3067,810.6,0.0,100.0,0.0,100.0,16414.6,16384.8
411960,4.6405,-16.86,0.50,21.55,96.22,0.3070,808.0,100.0,100.0,0.0,0.0,16376.1,16379.7
412020,4.6412,-16.97,0.50,24.77,78.63,0.3069,805.4,0.0,100.0,0.0,100.0,16376.1,16418.7
412080,4.6418,-17.08,0.50,23.19,87.23,0.3071,802.8,0.0,100.0,0.0,0.0,16402.2,16385.6
412140,4.6425,-17.18,0.50,21.70,93.18,0.3070,800.1,100.0,100.0,0.0,100.0,16343.1,16346.6
412200,4.6432,-17.29,0.50,24.88,77.22,0.3073,797.4,0.0,100.0,0.0,100.0,16361.2,16348.4
412260,4.6439,-17.40,0.50,23.26,86.30,0.3075,794.8,0.0,100.0,0.0,0.0,16349.3,16355.2
412320,4.6446,-17.51,0.50,21.74,92.64,0.3074,792.1,100.0,100.0,0.0,0.0,16333.4,16354.1
412380,4.6452,-17.62,0.50,24.89,77.00,0.3073,789.4,0.0,100.0,0.0,0.0,16347.9,16391.6
412440,4.6459,-17.73,0.50,23.25,86.17,0.3072,786.7,0.0,100.0,0.0,0.0,16341.4,16329.2
412500,4.6466,-17.84,0.50,21.70,92.63,0.3071,784.0,100.0,100.0,0.0,0.0,16325.6,16332.5
412560,4.6473,-17.95,0.50,24.83,77.05,0.3070,781.3,0.0,100.0,0.0,0.0,16350.9,16364.1
412620,4.6479,-18.06,0.50,23.17,86.28,0.3068,778.6,0.0,100.0,0.0,0.0,16365.4,16367.6
412680,4.6486,-18.17,0.50,21.60,92.78,0.3067,775.9,100.0,100.0,0.0,0.0,16363.2,16325.2
412740,4.6493,-18.28,0.50,24.70,77.17,0.3067,773.1,0.0,100.0,0.0,0.0,16345.7,16332.8
412800,4.6500,-18.39,0.50,23.02,86.44,0.3065,770.4,0.0,100.0,0.0,0.0,16315.8,16323.7
412860,4.6506,-18.50,0.50,21.43,92.98,0.3064,767.6,100.0,100.0,0.0,100.0,16364.4,16289.4
412920,4.6513,-18.61,0.50,24.52,77.31,0.3067,764.9,0.0,100.0,0.0,0.0,16321.9,16326.1
412980,4.6520,-18.73,0.50,22.83,86.64,0.3066,762.1,0.0,100.0,0.0,100.0,16300.8,16321.0
413040,4.6527,-18.84,0.50,21.22,93.23,0.3068,759.3,100.0,100.0,0.0,0.0,16328.6,16289.1
413100,4.6533,-18.95,0.50,24.29,77.45,0.3067,756.6,0.0,100.0,0.0,0.0,16296.1,16328.0
413160,4.6540,-19.07,0.50,22.58,86.84,0.3066,753.8,100.0,100.0,0.0,0.0,16301.5,16325.2
413220,4.6547,-19.18,0.50,25.56,74.41,0.3065,751.0,0.0,100.0,0.0,0.0,16282.7,16305.8
413280,4.6554,-19.29,0.50,23.75,84.55,0.3063,748.1,0.0,100.0,0.0,100.0,16300.2,16277.0
413340,4.6560,-19.41,0.50,22.05,91.91,0.3065,745.3,100.0,100.0,0.0,0.0,16295.7,16307.9
413400,4.6567,-19.52,0.50,25.03,77.01,0.3065,742.5,0.0,100.0,0.0,0.0,16281.8,16284.5
413460,4.6574,-19.64,0.50,23.23,86.54,0.3063,739.7,0.0,100.0,0.0,0.0,16289.5,16251.5
413520,4.6581,-19.75,0.50,21.52,93.35,0.3062,736.8,100.0,100.0,0.0,0.0,16274.8,16261.2
413580,4.6587,-19.87,0.50,24.51,77.72,0.3062,734.0,0.0,100.0,0.0,0.0,16284.0,16278.2
413640,4.6594,-19.99,0.50,22.71,87.18,0.3060,731.1,0.0,100.0,0.0,0.0,16231.1,16262.5
413700,4.6601,-20.10,0.50,21.01,93.88,0.3059,728.3,100.0,100.0,0.0,0.0,16275.6,16275.9
413760,4.6608,-20.22,0.50,23.99,77.97,0.3059,725.4,0.0,100.0,0.0,0.0,16292.5,16268.4
413820,4.6614,-20.34,0.50,22.20,87.50,0.3057,722.5,100.0,100.0,0.0,0.0,16268.7,16242.4
413880,4.6621,-20.45,0.50,25.09,74.92,0.3056,719.6,0.0,100.0,0.0,0.0,16258.3,16242.5
413940,4.6628,-20.57,0.50,23.21,85.23,0.3055,716.7,0.0,100.0,0.0,100.0,16281.8,16255.4
414000,4.6635,-20.69,0.50,21.44,92.70,0.3057,713.8,100.0,100.0,0.0,0.0,16221.0,16259.4
414060,4.6642,-20.81,0.50,24.35,77.55,0.3056,710.9,0.0,100.0,0.0,0.0,16221.8,16212.0
414120,4.6648,-20.93,0.50,22.49,87.28,0.3055,708.0,100.0,100.0,0.0,100.0,16265.7,16220.3
414180,4.6655,-21.04,0.50,25.31,74.95,0.3057,705.1,0.0,100.0,0.0,100.0,16251.2,16254.4
414240,4.6662,-21.16,0.50,23.38,85.37,0.3059,702.1,0.0,100.0,0.0,0.0,16252.0,16232.4
414300,4.6669,-21.28,0.50,21.54,92.91,0.3058,699.2,100.0,100.0,0.0,0.0,16247.7,16219.7
414360,4.6675,-21.40,0.50,24.40,77.78,0.3057,696.2,0.0,100.0,0.0,0.0,16228.6,16217.2
414420,4.6682,-21.52,0.50,22.48,87.55,0.3056,693.3,100.0,100.0,0.0,0.0,16175.6,16241.1
414480,4.6689,-21.64,0.50,25.26,75.17,0.3055,690.3,0.0,100.0,0.0,0.0,16188.2,16218.7
414540,4.6696,-21.76,0.50,23.28,85.60,0.3053,687.3,0.0,100.0,0.0,0.0,16216.9,16236.9
414600,4.6702,-21.88,0.50,21.40,93.22,0.3052,684.4,100.0,100.0,0.0,100.0,16215.8,16203.5
414660,4.6709,-22.01,0.50,24.22,78.04,0.3055,681.4,0.0,100.0,0.0,0.0,16158.5,16163.4
414720,4.6716,-22.13,0.50,22.27,87.88,0.3053,678.4,100.0,100.0,0.0,0.0,16193.7,16191.9
414780,4.6723,-22.25,0.50,25.01,75.42,0.3053,675.4,0.0,100.0,0.0,100.0,16200.8,16190.9
414840,4.6729,-22.37,0.50,22.99,85.98,0.3054,672.4,0.0,100.0,0.0,100.0,16194.6,16223.0
414900,4.6736,-22.49,0.50,21.08,93.67,0.3057,669.4,100.0,100.0,0.0,0.0,16190.5,16184.8
414960,4.6743,-22.62,0.50,23.87,78.32,0.3056,666.4,0.0,100.0,0.0,100.0,16211.8,16184.7
415020,4.6750,-22.74,0.50,21.89,88.29,0.3058,663.4,100.0,100.0,0.0,0.0,16170.0,16156.3
415080,4.6756,-22.86,0.50,24.61,75.70,0.3057,660.3,0.0,100.0,0.0,0.0,16192.5,16166.3
415140,4.6763,-22.99,0.50,22.56,86.32,0.3055,657.3,100.0,100.0,0.0,0.0,16158.4,16162.1
415200,4.6770,-23.11,0.50,25.22,74.76,0.3054,654.2,0.0,100.0,0.0,100.0,16157.3,16175.2
415260,4.6777,-23.23,0.50,23.12,85.64,0.3056,651.2,0.0,100.0,0.0,100.0,16124.1,16172.4
415320,4.6783,-23.36,0.50,21.14,93.63,0.3058,648.1,100.0,100.0,0.0,0.0,16147.1,16163.3
415380,4.6790,-23.48,0.50,23.85,78.47,0.3058,645.1,0.0,100.0,0.0,0.0,16108.1,16161.1
415440,4.6797,-23.61,0.50,21.80,88.53,0.3056,642.0,100.0,100.0,0.0,100.0,16099.5,16157.8
415500,4.6804,-23.73,0.50,24.45,75.98,0.3059,638.9,0.0,100.0,0.0,0.0,16179.3,16150.8
415560,4.6810,-23.86,0.50,22.35,86.71,0.3057,635.9,100.0,100.0,0.0,0.0,16152.4,16135.9
415620,4.6817,-23.98,0.50,24.95,75.09,0.3056,632.8,0.0,100.0,0.0,0.0,16158.9,16134.4
415680,4.6824,-24.11,0.50,22.79,86.04,0.3055,629.7,100.0,100.0,0.0,0.0,16143.7,16124.9
415740,4.6831,-24.23,0.50,25.35,74.81,0.3054,626.6,0.0,100.0,0.0,0.0,16151.0,16115.1
415800,4.6838,-24.36,0.50,23.15,85.81,0.3052,623.5,0.0,100.0,0.0,100.0,16150.5,16134.4
415860,4.6844,-24.49,0.50,21.07,94.03,0.3054,620.4,100.0,100.0,0.0,0.0,16101.4,16172.0
415920,4.6851,-24.61,0.50,23.70,78.88,0.3054,617.2,0.0,100.0,0.0,0.0,16136.8,16151.7
415980,4.6858,-24.74,0.50,21.57,89.07,0.3053,614.1,100.0,100.0,0.0,100.0,16114.0,16118.4
416040,4.6865,-24.87,0.50,24.14,76.43,0.3055,611.0,0.0,100.0,0.0,0.0,16091.5,16101.6
416100,4.6871,-24.99,0.50,21.96,87.30,0.3054,607.9,100.0,100.0,0.0,0.0,16123.9,16088.8
416160,4.6878,-25.12,0.50,24.50,75.55,0.3053,604.7,0.0,100.0,0.0,0.0,16110.0,16085.3
416220,4.6885,-25.25,0.50,22.28,86.66,0.3051,601.6,100.0,100.0,0.0,100.0,16088.2,16127.0
416280,4.6892,-25.38,0.50,24.77,75.30,0.3054,598.4,0.0,100.0,0.0,100.0,16125.0,16087.5
416340,4.6898,-25.50,0.50,22.51,86.52,0.3055,595.3,100.0,100.0,0.0,0.0,16094.6,16064.8
416400,4.6905,-25.63,0.50,24.97,75.27,0.3054,592.1,0.0,100.0,0.0,0.0,16087.2,16082.2
416460,4.6912,-25.76,0.50,22.68,86.47,0.3053,589.0,100.0,100.0,0.0,0.0,16092.5,16043.2
416520,4.6919,-25.89,0.50,25.11,75.29,0.3052,585.8,0.0,100.0,0.0,0.0,16062.7,16075.0
416580,4.6925,-26.02,0.50,22.79,86.51,0.3050,582.6,0.0,100.0,0.0,100.0,16073.1,16060.9
416640,4.6932,-26.15,0.50,20.60,94.94,0.3053,579.4,100.0,100.0,0.0,0.0,16108.8,16084.1
416700,4.6939,-26.28,0.50,23.12,79.59,0.3052,576.2,0.0,100.0,0.0,0.0,16074.5,16093.5
416760,4.6946,-26.41,0.50,20.89,90.00,0.3051,573.0,100.0,100.0,0.0,0.0,16043.7,16047.8
416820,4.6952,-26.54,0.50,23.37,77.10,0.3050,569.9,0.0,100.0,0.0,0.0,16100.0,16075.5
416880,4.6959,-26.67,0.50,21.10,88.22,0.3049,566.7,100.0,100.0,0.0,0.0,16060.9,16070.2
416940,4.6966,-26.80,0.50,23.55,76.23,0.3048,563.4,0.0,100.0,0.0,100.0,16056.2,16042.8
417000,4.6973,-26.93,0.50,21.25,87.66,0.3050,560.2,100.0,100.0,0.0,0.0,16053.5,16050.5
417060,4.6979,-27.06,0.50,23.67,75.99,0.3049,557.0,0.0,100.0,0.0,0.0,16037.3,16029.2
417120,4.6986,-27.19,0.50,21.34,87.47,0.3047,553.8,100.0,100.0,0.0,0.0,16068.3,16052.6
417180,4.6993,-27.32,0.50,23.73,75.94,0.3046,550.6,0.0,100.0,0.0,0.0,16019.6,16030.1
417240,4.7000,-27.45,0.50,21.38,87.47,0.3045,547.3,100.0,100.0,0.0,0.0,16051.7,16019.5
417300,4.7006,-27.58,0.50,23.75,75.98,0.3044,544.1,0.0,100.0,0.0,0.0,16060.8,16003.2
417360,4.7013,-27.71,0.50,21.38,87.54,0.3042,540.9,100.0,100.0,0.0,100.0,16018.4,16017.7
417420,4.7020,-27.85,0.50,23.72,76.09,0.3045,537.6,0.0,100.0,0.0,0.0,16048.6,16055.1
417480,4.7027,-27.98,0.50,21.33,87.67,0.3043,534.4,100.0,100.0,0.0,100.0,15977.6,15991.0
417540,4.7034,-28.11,0.50,23.66,76.20,0.3046,531.1,0.0,100.0,0.0,0.0,16020.5,16006.3
417600,4.7040,-28.24,0.50,21.25,87.81,0.3044,527.9,100.0,100.0,0.0,100.0,15974.5,16043.9
417660,4.7047,-28.37,0.50,23.56,76.31,0.3047,524.6,0.0,100.0,0.0,100.0,16043.8,16000.9
417720,4.7054,-28.51,0.50,21.13,88.00,0.3049,521.4,100.0,100.0,0.0,100.0,15986.3,16024.5
417780,4.7061,-28.64,0.50,23.43,76.44,0.3051,518.1,0.0,100.0,0.0,0.0,16017.4,16005.4
417840,4.7067,-28.77,0.50,20.99,88.12,0.3050,514.8,100.0,100.0,0.0,0.0,16002.7,15974.5
417900,4.7074,-28.91,0.50,23.28,76.51,0.3049,511.6,0.0,100.0,0.0,0.0,16017.0,15993.5
417960,4.7081,-29.04,0.50,20.82,88.25,0.3048,508.3,100.0,100.0,0.0,0.0,15982.9,15961.1
418020,4.7088,-29.17,0.50,23.10,76.61,0.3047,505.0,0.0,100.0,0.0,0.0,16008.2,15957.2
418080,4.7094,-29.31,0.50,20.63,88.39,0.3045,501.7,100.0,100.0,0.0,0.0,15957.6,15990.0
418140,4.7101,-29.44,0.50,22.90,76.71,0.3045,498.4,100.0,100.0,0.0,100.0,15974.9,15968.6
418200,4.7108,-29.57,0.50,25.01,70.42,0.3046,495.1,0.0,100.0,0.0,100.0,16018.3,15964.1
418260,4.7115,-29.71,0.50,22.40,83.52,0.3048,491.8,100.0,100.0,0.0,0.0,15943.1,15972.3
418320,4.7121,-29.84,0.50,24.53,74.24,0.3047,488.5,0.0,100.0,0.0,100.0,15950.8,15932.2
418380,4.7128,-29.98,0.50,21.93,86.55,0.3048,485.2,100.0,100.0,0.0,0.0,15968.8,15939.4
418440,4.7135,-30.11,0.50,24.06,75.94,0.3048,481.9,0.0,100.0,0.0,100.0,15944.0,15963.7
418500,4.7142,-30.24,0.50,21.46,87.96,0.3049,478.6,100.0,100.0,0.0,100.0,15932.6,15959.0
418560,4.7148,-30.38,0.50,23.60,76.74,0.3052,475.3,0.0,100.0,0.0,0.0,15968.9,15962.8
418620,4.7155,-30.51,0.50,21.01,88.62,0.3051,472.0,100.0,100.0,0.0,0.0,15923.5,15937.3
418680,4.7162,-30.65,0.50,23.15,77.07,0.3050,468.7,0.0,100.0,0.0,100.0,15910.9,15937.9
418740,4.7169,-30.78,0.50,20.57,89.04,0.3052,465.3,100.0,100.0,0.0,0.0,15902.3,15984.0
418800,4.7175,-30.92,0.50,22.72,77.30,0.3051,462.0,0.0,100.0,0.0,0.0,15947.6,15935.7
418860,4.7182,-31.05,0.50,20.14,89.27,0.3050,458.7,100.0,100.0,0.0,100.0,15906.3,15896.9
418920,4.7189,-31.19,0.50,22.29,77.44,0.3052,455.4,100.0,100.0,0.0,0.0,15920.7,15949.0
418980,4.7196,-31.32,0.50,24.30,70.99,0.3051,452.0,0.0,100.0,0.0,100.0,15937.3,15912.7
419040,4.7202,-31.46,0.50,21.59,84.34,0.3052,448.7,100.0,100.0,0.0,100.0,15915.6,15925.2
419100,4.7209,-31.60,0.50,23.62,74.93,0.3055,445.3,0.0,100.0,0.0,0.0,15912.4,15925.2
419160,4.7216,-31.73,0.50,20.93,87.45,0.3053,442.0,100.0,100.0,0.0,100.0,15914.8,15907.4
419220,4.7223,-31.87,0.50,22.98,76.64,0.3056,438.7,0.0,100.0,0.0,0.0,15895.7,15893.2
419280,4.7230,-32.00,0.50,20.31,88.89,0.3054,435.3,100.0,100.0,0.0,0.0,15902.0,15915.7
419340,4.7236,-32.14,0.50,22.38,77.39,0.3054,432.0,100.0,100.0,0.0,0.0,15866.9,15887.5
419400,4.7243,-32.28,0.50,24.31,71.06,0.3052,428.6,0.0,100.0,0.0,0.0,15887.8,15948.1
419460,4.7250,-32.41,0.50,21.52,84.45,0.3051,425.3,100.0,100.0,0.0,100.0,15869.2,15893.3
419520,4.7257,-32.55,0.50,23.48,75.12,0.3053,421.9,0.0,100.0,0.0,100.0,15898.1,15900.4
419580,4.7263,-32.68,0.50,20.72,87.82,0.3055,418.5,100.0,100.0,0.0,100.0,15884.7,15902.5
419640,4.7270,-32.82,0.50,22.71,76.97,0.3058,415.2,100.0,100.0,0.0,100.0,15868.0,15895.3
419700,4.7277,-32.96,0.50,24.57,70.92,0.3059,411.8,0.0,100.0,0.0,0.0,15885.1,15858.8
419760,4.7284,-33.09,0.50,21.71,84.37,0.3058,408.4,100.0,100.0,0.0,0.0,15909.0,15865.9
419820,4.7290,-33.23,0.50,23.60,75.15,0.3057,405.1,0.0,100.0,0.0,0.0,15865.2,15847.5
419880,4.7297,-33.37,0.50,20.78,87.87,0.3055,401.7,100.0,100.0,0.0,0.0,15875.6,15891.1
419940,4.7304,-33.50,0.50,22.71,77.09,0.3055,398.3,100.0,100.0,0.0,0.0,15849.6,15885.8
420000,4.7311,-33.64,0.50,24.51,71.01,0.3053,395.0,0.0,100.0,0.0,0.0,15866.7,15889.3
420060,4.7317,-33.78,0.50,21.60,84.53,0.3052,391.6,100.0,100.0,0.0,0.0,15846.8,15863.7
420120,4.7324,-33.92,0.50,23.45,75.33,0.3051,388.2,0.0,100.0,0.0,0.0,15876.9,15840.1
420180,4.7331,-34.05,0.50,20.58,88.13,0.3049,384.8,100.0,100.0,0.0,0.0,15865.6,15838.5
420240,4.7338,-34.19,0.50,22.47,77.33,0.3049,381.5,100.0,100.0,0.0,100.0,15834.2,15872.7
420300,4.7344,-34.33,0.50,24.23,71.25,0.3051,378.1,0.0,100.0,0.0,0.0,15844.2,15849.0
420360,4.7351,-34.47,0.50,21.28,84.85,0.3049,374.7,100.0,100.0,0.0,100.0,15838.4,15860.4
420420,4.7358,-34.60,0.50,23.09,75.61,0.3052,371.3,0.0,100.0,0.0,100.0,15835.8,15865.1
420480,4.7365,-34.74,0.50,20.19,88.55,0.3053,367.9,100.0,100.0,0.0,100.0,15858.7,15839.1
420540,4.7371,-34.88,0.50,22.04,77.65,0.3056,364.5,100.0,100.0,0.0,0.0,15850.0,15828.2
420600,4.7378,-35.02,0.50,23.77,71.46,0.3055,361.2,0.0,100.0,0.0,0.0,15842.3,15806.6
420660,4.7385,-35.15,0.50,20.80,85.17,0.3053,357.8,100.0,100.0,0.0,0.0,15848.9,15796.0
420720,4.7392,-35.29,0.50,22.58,75.82,0.3052,354.4,100.0,100.0,0.0,0.0,15812.4,15836.4
420780,4.7398,-35.43,0.50,24.24,70.40,0.3051,351.0,0.0,100.0,0.0,0.0,15813.7,15786.5
420840,4.7405,-35.57,0.50,21.21,84.28,0.3049,347.6,100.0,100.0,0.0,0.0,15865.6,15846.4
420900,4.7412,-35.70,0.50,22.93,75.38,0.3049,344.2,100.0,100.0,0.0,0.0,15798.9,15831.8
420960,4.7419,-35.84,0.50,24.54,70.17,0.3047,340.8,0.0,100.0,0.0,0.0,15823.3,15815.1
421020,4.7426,-35.98,0.50,21.46,84.06,0.3046,337.4,100.0,100.0,0.0,0.0,15786.7,15762.3
421080,4.7432,-36.12,0.50,23.13,75.33,0.3045,334.0,0.0,100.0,0.0,100.0,15813.6,15819.2
421140,4.7439,-36.26,0.50,20.11,88.52,0.3047,330.6,100.0,100.0,0.0,100.0,15827.9,15786.6
421200,4.7446,-36.39,0.50,21.84,77.85,0.3049,327.2,100.0,100.0,0.0,100.0,15813.6,15808.9
421260,4.7453,-36.53,0.50,23.46,71.74,0.3052,323.8,0.0,100.0,0.0,0.0,15804.4,15805.7
421320,4.7459,-36.67,0.50,20.38,85.58,0.3050,320.5,100.0,100.0,0.0,0.0,15810.5,15808.4
421380,4.7466,-36.81,0.50,22.07,76.21,0.3049,317.1,100.0,100.0,0.0,0.0,15794.8,15814.0
421440,4.7473,-36.95,0.50,23.64,70.74,0.3048,313.7,0.0,100.0,0.0,0.0,15793.2,15776.6
421500,4.7480,-37.08,0.50,20.52,84.78,0.3047,310.3,100.0,100.0,0.0,0.0,15766.1,15787.3
421560,4.7486,-37.22,0.50,22.16,75.80,0.3046,306.9,100.0,100.0,0.0,0.0,15772.7,15750.3
421620,4.7493,-37.36,0.50,23.70,70.51,0.3044,303.5,0.0,100.0,0.0,0.0,15778.4,15769.4
421680,4.7500,-37.50,0.50,20.54,84.61,0.3043,300.1,100.0,100.0,0.0,100.0,15792.5,15768.2
421740,4.7507,-37.64,0.50,22.15,75.79,0.3045,300.0,0.0,0.0,0.0,0.0,15761.1,15773.6
421800,4.7513,-37.77,0.50,18.59,86.88,0.3045,0.0,0.0,0.0,0.0,0.0,15786.2,15795.7
421860,4.7520,-37.91,0.50,15.22,97.70,0.3045,0.0,100.0,0.0,0.0,0.0,15816.6,15794.8
421920,4.7527,-38.05,0.50,16.64,83.96,0.3045,0.0,100.0,0.0,0.0,0.0,15785.2,15785.0
421980,4.7534,-38.19,0.50,17.97,73.97,0.3045,0.0,0.0,0.0,0.0,0.0,15758.7,15858.7
422040,4.7540,-38.33,0.50,14.62,84.80,0.3045,0.0,100.0,0.0,0.0,0.0,15767.7,15767.4
422100,4.7547,-38.46,0.50,16.06,74.21,0.3045,0.0,100.0,0.0,0.0,0.0,15806.3,15763.8
422160,4.7554,-38.60,0.50,17.39,66.55,0.3045,0.0,100.0,0.0,0.0,0.0,15793.6,15771.9
422220,4.7561,-38.74,0.50,18.65,60.99,0.3045,0.0,0.0,0.0,0.0,0.0,15797.8,15788.3
422280,4.7567,-38.88,0.50,15.22,71.92,0.3045,0.0,100.0,0.0,0.0,0.0,15817.5,15758.7
422340,4.7574,-39.01,0.50,16.59,64.71,0.3045,0.0,100.0,0.0,0.0,0.0,15803.0,15752.0
422400,4.7581,-39.15,0.50,17.86,59.51,0.3045,0.0,0.0,0.0,0.0,0.0,15766.8,15758.0
422460,4.7588,-39.29,0.50,14.46,70.43,0.3045,0.0,100.0,0.0,0.0,0.0,15807.4,15760.4
422520,4.7594,-39.43,0.50,15.85,63.51,0.3045,0.0,100.0,0.0,0.0,0.0,15796.4,15790.2
422580,4.7601,-39.57,0.50,17.14,58.51,0.3045,0.0,100.0,0.0,0.0,0.0,15780.3,15755.6
422640,4.7608,-39.70,0.50,18.35,54.49,0.3045,0.0,0.0,0.0,0.0,0.0,15779.5,15748.4
422700,4.7615,-39.84,0.50,14.89,65.47,0.3045,0.0,100.0,0.0,0.0,0.0,15738.7,15764.9
422760,4.7622,-39.98,0.50,16.21,59.89,0.3045,0.0,100.0,0.0,0.0,0.0,15783.3,15786.3
422820,4.7628,-40.12,0.50,17.45,55.64,0.3045,0.0,100.0,0.0,0.0,0.0,15780.5,15809.1
422880,4.7635,-40.25,0.50,18.61,51.98,0.3045,0.0,0.0,0.0,0.0,0.0,15786.8,15831.7
422940,4.7642,-40.39,0.50,15.10,63.01,0.3045,0.0,100.0,0.0,0.0,0.0,15805.0,15819.6
423000,4.7649,-40.53,0.50,16.38,58.09,0.3045,0.0,100.0,0.0,0.0,100.0,15769.5,15780.1
423060,4.7655,-40.67,0.50,17.58,54.25,0.3049,0.0,100.0,0.0,0.0,0.0,15814.7,15799.6
423120,4.7662,-40.80,0.50,18.69,50.81,0.3049,0.0,0.0,0.0,0.0,100.0,15797.8,15804.4
423180,4.7669,-40.94,0.50,15.15,62.03,0.3052,0.0,100.0,0.0,0.0,100.0,15746.7,15790.1
423240,4.7676,-41.08,0.50,16.39,57.50,0.3055,0.0,100.0,0.0,0.0,100.0,15783.5,15803.2
423300,4.7682,-41.22,0.50,17.56,53.81,0.3058,0.0,100.0,0.0,0.0,100.0,15811.8,15790.1
423360,4.7689,-41.35,0.50,18.64,50.63,0.3062,0.0,0.0,0.0,0.0,0.0,15770.1,15801.7
423420,4.7696,-41.49,0.50,15.06,61.74,0.3062,0.0,100.0,0.0,0.0,0.0,15800.7,15803.8
423480,4.7703,-41.63,0.50,16.28,57.20,0.3062,0.0,100.0,0.0,0.0,0.0,15783.4,15757.7
423540,4.7709,-41.76,0.50,17.42,53.48,0.3062,0.0,100.0,0.0,0.0,0.0,15776.1,15786.0
423600,4.7716,-41.90,0.50,18.48,50.25,0.3062,0.0,0.0,0.0,0.0,0.0,15796.2,15757.5
423660,4.7723,-42.04,0.50,14.88,61.39,0.3062,0.0,100.0,0.0,0.0,100.0,15791.7,15771.4
423720,4.7730,-42.17,0.50,16.08,57.06,0.3065,0.0,100.0,0.0,0.0,0.0,15801.3,15771.5
423780,4.7736,-42.31,0.50,17.19,53.40,0.3065,0.0,100.0,0.0,0.0,0.0,15793.5,15786.4
423840,4.7743,-42.45,0.50,18.24,50.24,0.3065,0.0,0.0,0.0,0.0,0.0,15772.7,15754.6
423900,4.7750,-42.58,0.50,14.62,61.41,0.3065,0.0,100.0,0.0,0.0,0.0,15760.8,15767.4
423960,4.7757,-42.72,0.50,15.80,56.97,0.3065,0.0,100.0,0.0,0.0,0.0,15766.8,15784.7
424020,4.7763,-42.86,0.50,16.90,53.36,0.3065,0.0,100.0,0.0,0.0,0.0,15785.0,15772.9
424080,4.7770,-42.99,0.50,17.93,50.23,0.3065,0.0,100.0,0.0,0.0,100.0,15785.9,15775.7
424140,4.7777,-43.13,0.50,18.88,47.66,0.3068,0.0,0.0,0.0,0.0,0.0,15746.5,15770.5
424200,4.7784,-43.26,0.50,15.19,58.86,0.3068,0.0,100.0,0.0,0.0,0.0,15783.9,15801.0
424260,4.7790,-43.40,0.50,16.29,55.10,0.3068,0.0,100.0,0.0,0.0,100.0,15750.8,15791.2
424320,4.7797,-43.53,0.50,17.32,51.98,0.3071,0.0,100.0,0.0,0.0,100.0,15755.8,15792.3
424380,4.7804,-43.67,0.50,18.28,49.29,0.3075,0.0,0.0,0.0,0.0,100.0,15765.6,15755.7
424440,4.7811,-43.81,0.50,14.59,60.71,0.3078,0.0,100.0,0.0,0.0,0.0,15783.6,15776.7
424500,4.7818,-43.94,0.50,15.70,56.51,0.3078,0.0,100.0,0.0,0.0,0.0,15759.5,15805.8
424560,4.7824,-44.08,0.50,16.73,53.14,0.3078,0.0,100.0,0.0,0.0,0.0,15770.1,15771.6
424620,4.7831,-44.21,0.50,17.70,50.21,0.3078,0.0,100.0,0.0,0.0,100.0,15786.3,15758.8
424680,4.7838,-44.35,0.50,18.60,47.80,0.3081,0.0,0.0,0.0,0.0,0.0,15781.1,15755.3
424740,4.7845,-44.48,0.50,14.84,59.09,0.3081,0.0,100.0,0.0,0.0,0.0,15768.4,15825.8
424800,4.7851,-44.62,0.50,15.90,55.35,0.3081,0.0,100.0,0.0,0.0,0.0,15793.1,15773.5
424860,4.7858,-44.75,0.50,16.88,52.22,0.3081,0.0,100.0,0.0,0.0,0.0,15774.1,15786.3
424920,4.7865,-44.88,0.50,17.80,49.50,0.3081,0.0,100.0,0.0,0.0,0.0,15758.4,15792.4
424980,4.7872,-45.02,0.50,18.65,47.10,0.3081,0.0,0.0,0.0,0.0,0.0,15803.2,15808.8
425040,4.7878,-45.15,0.50,14.85,58.43,0.3081,0.0,100.0,0.0,0.0,0.0,15782.8,15782.7
425100,4.7885,-45.29,0.50,15.87,54.89,0.3081,0.0,100.0,0.0,0.0,0.0,15782.4,15775.7
425160,4.7892,-45.42,0.50,16.81,51.91,0.3081,0.0,100.0,0.0,0.0,100.0,15808.2,15792.8
425220,4.7899,-45.56,0.50,17.69,49.45,0.3084,0.0,100.0,0.0,0.0,0.0,15766.9,15811.4
425280,4.7905,-45.69,0.50,18.51,47.15,0.3084,0.0,0.0,0.0,0.0,0.0,15757.5,15796.4
425340,4.7912,-45.82,0.50,14.68,58.53,0.3084,0.0,100.0,0.0,0.0,0.0,15790.6,15777.9
425400,4.7919,-45.96,0.50,15.67,54.98,0.3084,0.0,100.0,0.0,0.0,0.0,15794.7,15774.8
425460,4.7926,-46.09,0.50,16.58,52.08,0.3084,0.0,100.0,0.0,0.0,100.0,15795.4,15754.5
425520,4.7932,-46.22,0.50,17.44,49.69,0.3088,0.0,100.0,0.0,0.0,0.0,15796.8,15780.0
425580,4.7939,-46.35,0.50,18.23,47.44,0.3088,0.0,0.0,0.0,0.0,0.0,15792.6,15748.7
425640,4.7946,-46.49,0.50,14.38,58.87,0.3088,0.0,100.0,0.0,0.0,0.0,15799.4,15773.8
425700,4.7953,-46.62,0.50,15.34,55.25,0.3088,0.0,100.0,0.0,0.0,0.0,15767.8,15779.2
425760,4.7959,-46.75,0.50,16.24,52.39,0.3088,0.0,100.0,0.0,0.0,0.0,15772.2,15810.7
425820,4.7966,-46.88,0.50,17.07,49.88,0.3088,0.0,100.0,0.0,0.0,100.0,15799.2,15812.3
425880,4.7973,-47.02,0.50,17.85,47.83,0.3091,0.0,0.0,0.0,0.0,0.0,15794.8,15797.0
425940,4.7980,-47.15,0.50,13.98,59.31,0.3091,0.0,100.0,0.0,0.0,100.0,15741.1,15756.3
426000,4.7986,-47.28,0.50,14.93,55.71,0.3094,0.0,100.0,0.0,0.0,0.0,15769.2,15807.2
426060,4.7993,-47.41,0.50,15.81,52.86,0.3094,0.0,100.0,0.0,0.0,0.0,15784.9,15777.0
426120,4.8000,-47.54,0.50,16.63,50.36,0.3094,0.0,100.0,0.0,0.0,0.0,15793.5,15794.8
426180,4.8007,-47.67,0.50,17.40,48.16,0.3094,0.0,100.0,0.0,0.0,0.0,15801.1,15795.9
426240,4.8014,-47.81,0.50,18.11,46.22,0.3094,0.0,0.0,0.0,0.0,0.0,15790.5,15823.3
426300,4.8020,-47.94,0.50,14.18,57.71,0.3094,0.0,100.0,0.0,0.0,0.0,15794.9,15761.7
426360,4.8027,-48.07,0.50,15.07,54.43,0.3094,0.0,100.0,0.0,0.0,100.0,15782.7,15754.8
426420,4.8034,-48.20,0.50,15.89,51.98,0.3097,0.0,100.0,0.0,0.0,0.0,15769.9,15790.6
426480,4.8041,-48.33,0.50,16.66,49.68,0.3097,0.0,100.0,0.0,0.0,0.0,15787.5,15782.6
426540,4.8047,-48.46,0.50,17.38,47.65,0.3097,0.0,100.0,0.0,0.0,0.0,15791.2,15797.7
426600,4.8054,-48.59,0.50,18.05,45.86,0.3097,0.0,0.0,0.0,0.0,100.0,15750.9,15824.7
426660,4.8061,-48.72,0.50,14.07,57.57,0.3101,0.0,100.0,0.0,0.0,0.0,15779.9,15757.5
426720,4.8068,-48.85,0.50,14.92,54.35,0.3101,0.0,100.0,0.0,0.0,0.0,15749.5,15811.6
426780,4.8074,-48.98,0.50,15.71,51.87,0.3101,0.0,100.0,0.0,0.0,0.0,15763.9,15777.2
426840,4.8081,-49.10,0.50,16.45,49.68,0.3101,0.0,100.0,0.0,0.0,0.0,15787.1,15784.5
426900,4.8088,-49.23,0.50,17.13,47.74,0.3101,0.0,100.0,0.0,0.0,0.0,15802.1,15789.7
426960,4.8095,-49.36,0.50,17.76,46.02,0.3101,0.0,100.0,0.0,0.0,0.0,15768.0,15799.1
427020,4.8101,-49.49,0.50,18.35,44.50,0.3100,0.0,0.0,0.0,0.0,0.0,15785.4,15802.5
427080,4.8108,-49.62,0.50,14.31,56.06,0.3100,0.0,100.0,0.0,0.0,100.0,15766.7,15803.3
427140,4.8115,-49.75,0.50,15.09,53.40,0.3104,0.0,100.0,0.0,0.0,0.0,15769.4,15787.0
427200,4.8122,-49.87,0.50,15.81,51.16,0.3104,0.0,100.0,0.0,0.0,0.0,15802.0,15758.1
427260,4.8128,-50.00,0.50,16.49,49.17,0.3104,0.0,100.0,0.0,0.0,0.0,15803.4,15765.1
427320,4.8135,-50.13,0.50,17.12,47.42,0.3104,0.0,100.0,0.0,0.0,0.0,15806.7,15769.3
427380,4.8142,-50.26,0.50,17.70,45.86,0.3104,0.0,100.0,0.0,0.0,0.0,15783.4,15779.6
427440,4.8149,-50.38,0.50,18.24,44.47,0.3104,0.0,100.0,0.0,0.0,0.0,15767.0,15758.1
427500,4.8155,-50.51,0.50,18.74,43.23,0.3104,0.0,0.0,0.0,0.0,0.0,15794.0,15791.4
427560,4.8162,-50.64,0.50,14.61,54.82,0.3104,0.0,100.0,0.0,0.0,0.0,15785.7,15773.6
427620,4.8169,-50.76,0.50,15.31,52.40,0.3104,0.0,100.0,0.0,0.0,0.0,15806.8,15762.2
427680,4.8176,-50.89,0.50,15.96,50.43,0.3104,0.0,100.0,0.0,0.0,0.0,15765.4,15812.1
427740,4.8182,-51.01,0.50,16.57,48.68,0.3104,0.0,100.0,0.0,0.0,0.0,15823.5,15775.7
427800,4.8189,-51.14,0.50,17.13,47.12,0.3104,0.0,100.0,0.0,0.0,100.0,15768.3,15757.9
427860,4.8196,-51.26,0.50,17.65,45.91,0.3107,0.0,100.0,0.0,0.0,0.0,15781.0,15778.1
427920,4.8203,-51.39,0.50,18.14,44.67,0.3107,0.0,100.0,0.0,0.0,0.0,15785.0,15807.3
427980,4.8210,-51.51,0.50,18.58,43.56,0.3107,0.0,0.0,0.0,0.0,0.0,15790.0,15775.2
428040,4.8216,-51.64,0.50,14.41,55.23,0.3107,0.0,100.0,0.0,0.0,0.0,15772.7,15814.0
428100,4.8223,-51.76,0.50,15.06,52.76,0.3107,0.0,100.0,0.0,0.0,0.0,15827.7,15795.0
428160,4.8230,-51.89,0.50,15.67,50.90,0.3107,0.0,100.0,0.0,0.0,0.0,15795.5,15775.5
428220,4.8237,-52.01,0.50,16.23,49.25,0.3107,0.0,100.0,0.0,0.0,0.0,15791.5,15794.9
428280,4.8243,-52.13,0.50,16.76,47.79,0.3107,0.0,100.0,0.0,0.0,100.0,15783.2,15771.6
428340,4.8250,-52.26,0.50,17.24,46.65,0.3110,0.0,100.0,0.0,0.0,0.0,15774.9,15794.2
428400,4.8257,-52.38,0.50,17.69,45.48,0.3110,0.0,0.0,0.0,0.0,0.0,15762.1,15805.5
428460,4.8264,-52.50,0.50,13.51,57.29,0.3110,0.0,100.0,0.0,0.0,0.0,15791.5,15793.4
428520,4.8270,-52.62,0.50,14.17,54.32,0.3110,0.0,100.0,0.0,0.0,0.0,15777.1,15764.6
428580,4.8277,-52.75,0.50,14.78,52.07,0.3110,0.0,100.0,0.0,0.0,0.0,15779.9,15768.9
428640,4.8284,-52.87,0.50,15.34,50.37,0.3110,0.0,100.0,0.0,0.0,0.0,15806.5,15795.3
428700,4.8291,-52.99,0.50,15.87,48.86,0.3110,0.0,100.0,0.0,0.0,0.0,15794.1,15776.8
428760,4.8297,-53.11,0.50,16.36,47.51,0.3110,0.0,100.0,0.0,0.0,0.0,15831.8,15737.9
428820,4.8304,-53.23,0.50,16.81,46.30,0.3110,0.0,100.0,0.0,0.0,0.0,15796.1,15742.0
428880,4.8311,-53.35,0.50,17.22,45.23,0.3110,0.0,100.0,0.0,0.0,0.0,15780.9,15795.4
428940,4.8318,-53.47,0.50,17.61,44.26,0.3110,0.0,100.0,0.0,0.0,0.0,15799.9,15779.0
429000,4.8324,-53.59,0.50,17.96,43.40,0.3110,0.0,100.0,0.0,0.0,0.0,15782.5,15770.2
429060,4.8331,-53.71,0.50,18.29,42.64,0.3110,0.0,0.0,0.0,0.0,0.0,15773.7,15811.7
429120,4.8338,-53.83,0.50,14.00,54.40,0.3110,0.0,100.0,0.0,0.0,0.0,15786.4,15794.3
429180,4.8345,-53.95,0.50,14.55,52.20,0.3110,0.0,100.0,0.0,0.0,0.0,15772.1,15804.3
429240,4.8351,-54.07,0.50,15.05,50.52,0.3110,0.0,100.0,0.0,0.0,0.0,15788.7,15777.9
429300,4.8358,-54.19,0.50,15.53,49.16,0.3110,0.0,100.0,0.0,0.0,0.0,15817.3,15792.8
429360,4.8365,-54.31,0.50,15.96,47.94,0.3110,0.0,100.0,0.0,0.0,100.0,15808.2,15787.3
429420,4.8372,-54.42,0.50,16.36,47.04,0.3113,0.0,100.0,0.0,0.0,0.0,15792.2,15787.5
429480,4.8378,-54.54,0.50,16.74,46.06,0.3113,0.0,100.0,0.0,0.0,100.0,15779.2,15797.6
429540,4.8385,-54.66,0.50,17.08,45.37,0.3116,0.0,100.0,0.0,0.0,0.0,15793.8,15779.3
429600,4.8392,-54.78,0.50,17.40,44.58,0.3116,0.0,100.0,0.0,0.0,0.0,15770.6,15791.1
429660,4.8399,-54.89,0.50,17.69,43.88,0.3116,0.0,100.0,0.0,0.0,0.0,15832.0,15781.4
429720,4.8406,-55.01,0.50,17.95,43.26,0.3116,0.0,0.0,0.0,0.0,0.0,15764.4,15775.1
429780,4.8412,-55.13,0.50,13.60,55.16,0.3116,0.0,100.0,0.0,0.0,0.0,15789.8,15776.8
429840,4.8419,-55.24,0.50,14.10,52.83,0.3116,0.0,100.0,0.0,0.0,0.0,15787.4,15755.6
429900,4.8426,-55.36,0.50,14.56,51.05,0.3116,0.0,100.0,0.0,0.0,100.0,15779.8,15799.7
429960,4.8433,-55.47,0.50,14.98,49.84,0.3120,0.0,100.0,0.0,0.0,0.0,15809.6,15777.5
430020,4.8439,-55.59,0.50,15.37,48.73,0.3120,0.0,100.0,0.0,0.0,0.0,15787.3,15793.8
430080,4.8446,-55.70,0.50,15.74,47.74,0.3119,0.0,100.0,0.0,0.0,0.0,15767.4,15783.9
430140,4.8453,-55.82,0.50,16.07,46.85,0.3119,0.0,100.0,0.0,0.0,0.0,15792.3,15829.0
430200,4.8460,-55.93,0.50,16.38,46.06,0.3119,0.0,100.0,0.0,0.0,0.0,15799.3,15833.0
430260,4.8466,-56.04,0.50,16.66,45.35,0.3119,0.0,100.0,0.0,0.0,100.0,15785.8,15783.8
430320,4.8473,-56.16,0.50,16.92,44.90,0.3123,0.0,100.0,0.0,0.0,100.0,15800.0,15765.9
430380,4.8480,-56.27,0.50,17.15,44.52,0.3126,0.0,100.0,0.0,0.0,0.0,15808.8,15803.0
430440,4.8487,-56.38,0.50,17.37,44.02,0.3126,0.0,100.0,0.0,0.0,0.0,15809.1,15791.6
430500,4.8493,-56.49,0.50,17.57,43.57,0.3126,0.0,100.0,0.0,0.0,0.0,15758.8,15775.5
430560,4.8500,-56.61,0.50,17.74,43.18,0.3126,0.0,100.0,0.0,0.0,0.0,15770.4,15827.4
430620,4.8507,-56.72,0.50,17.90,42.83,0.3126,0.0,100.0,0.0,0.0,0.0,15785.4,15792.2
430680,4.8514,-56.83,0.50,18.05,42.53,0.3126,0.0,0.0,0.0,0.0,0.0,15792.8,15824.1
430740,4.8520,-56.94,0.50,13.59,54.52,0.3126,0.0,100.0,0.0,0.0,0.0,15806.4,15828.3
430800,4.8527,-57.05,0.50,13.97,52.44,0.3126,0.0,100.0,0.0,0.0,0.0,15831.0,15790.1
430860,4.8534,-57.16,0.50,14.33,50.84,0.3126,0.0,100.0,0.0,0.0,0.0,15784.3,15805.4
430920,4.8541,-57.27,0.50,14.66,49.60,0.3126,0.0,100.0,0.0,0.0,0.0,15778.6,15769.9
430980,4.8547,-57.38,0.50,14.97,48.65,0.3126,0.0,100.0,0.0,0.0,0.0,15807.2,15762.9
431040,4.8554,-57.49,0.50,15.25,47.90,0.3126,0.0,100.0,0.0,0.0,0.0,15776.1,15782.2
431100,4.8561,-57.60,0.50,15.51,47.23,0.3126,0.0,100.0,0.0,0.0,0.0,15775.7,15807.7
431160,4.8568,-57.70,0.50,15.74,46.63,0.3126,0.0,100.0,0.0,0.0,0.0,15780.4,15765.3
431220,4.8574,-57.81,0.50,15.96,46.10,0.3126,0.0,100.0,0.0,0.0,0.0,15766.9,15764.3
431280,4.8581,-57.92,0.50,16.15,45.63,0.3126,0.0,100.0,0.0,0.0,0.0,15799.6,15823.8
431340,4.8588,-58.03,0.50,16.33,45.21,0.3126,0.0,100.0,0.0,0.0,0.0,15789.2,15784.5
431400,4.8595,-58.13,0.50,16.49,44.85,0.3126,0.0,100.0,0.0,0.0,100.0,15815.0,15784.4
431460,4.8602,-58.24,0.50,16.63,44.72,0.3129,0.0,100.0,0.0,0.0,0.0,15805.6,15796.0
431520,4.8608,-58.35,0.50,16.76,44.44,0.3129,0.0,100.0,0.0,0.0,100.0,15823.4,15791.2
431580,4.8615,-58.45,0.50,16.88,44.39,0.3132,0.0,100.0,0.0,0.0,0.0,15796.2,15800.1
431640,4.8622,-58.56,0.50,16.98,44.18,0.3132,0.0,100.0,0.0,0.0,0.0,15809.6,15805.0
431700,4.8629,-58.66,0.50,17.07,44.01,0.3132,0.0,100.0,0.0,0.0,0.0,15783.7,15803.8
431760,4.8635,-58.77,0.50,17.15,43.88,0.3132,0.0,100.0,0.0,0.0,0.0,15789.4,15774.5
431820,4.8642,-58.87,0.50,17.22,43.77,0.3132,0.0,100.0,0.0,0.0,0.0,15822.5,15810.4
431880,4.8649,-58.97,0.50,17.28,43.68,0.3132,0.0,100.0,0.0,0.0,0.0,15791.5,15809.1
431940,4.8656,-59.08,0.50,17.32,43.63,0.3132,0.0,100.0,0.0,0.0,0.0,15778.0,15793.4
432000,4.8662,-59.18,0.50,17.36,43.60,0.3132,0.0,100.0,0.0,0.0,0.0,15800.1,15788.6
432060,4.8669,-59.28,0.50,17.39,43.58,0.3132,0.0,100.0,0.0,0.0,0.0,15760.8,15797.7
432120,4.8676,-59.39,0.50,17.42,43.59,0.3132,0.0,100.0,0.0,0.0,0.0,15786.6,15784.6
432180,4.8683,-59.49,0.50,17.43,43.62,0.3132,0.0,100.0,0.0,0.0,0.0,15828.2,15795.1
432240,4.8689,-59.59,0.50,17.44,43.67,0.3132,0.0,100.0,0.0,0.0,0.0,15788.5,15801.1
432300,4.8696,-59.69,0.50,17.44,43.73,0.3132,0.0,100.0,0.0,0.0,0.0,15792.0,15800.6
432360,4.8703,-59.79,0.50,17.44,43.81,0.3132,0.0,100.0,0.0,0.0,0.0,15786.1,15780.7
432420,4.8710,-59.89,0.50,17.43,43.91,0.3132,0.0,100.0,0.0,0.0,0.0,15792.4,15783.0
432480,4.8716,-59.99,0.50,17.41,44.01,0.3132,0.0,100.0,0.0,0.0,0.0,15789.9,15780.6
432540,4.8723,-60.09,0.50,17.39,44.13,0.3132,0.0,100.0,0.0,0.0,0.0,15794.4,15797.1
432600,4.8730,-60.19,0.50,17.37,44.27,0.3132,0.0,100.0,0.0,0.0,0.0,15803.6,15796.2
432660,4.8737,-60.29,0.50,17.34,44.41,0.3132,0.0,100.0,0.0,0.0,0.0,15786.1,15786.8
432720,4.8743,-60.39,0.50,17.30,44.57,0.3132,0.0,100.0,0.0,0.0,0.0,15787.5,15779.0
432780,4.8750,-60.48,0.50,17.27,44.74,0.3132,0.0,100.0,0.0,0.0,0.0,15779.4,15828.8
432840,4.8757,-60.58,0.50,17.23,44.91,0.3132,0.0,100.0,0.0,0.0,0.0,15812.6,15810.9
432900,4.8764,-60.68,0.50,17.18,45.10,0.3132,0.0,100.0,0.0,0.0,0.0,15837.3,15789.9
432960,4.8770,-60.77,0.50,17.13,45.30,0.3132,0.0,100.0,0.0,0.0,0.0,15831.4,15757.9
433020,4.8777,-60.87,0.50,17.08,45.50,0.3132,0.0,100.0,0.0,0.0,0.0,15811.0,15777.3
433080,4.8784,-60.97,0.50,17.03,45.71,0.3132,0.0,100.0,0.0,0.0,0.0,15823.0,15809.7
433140,4.8791,-61.06,0.50,16.98,45.93,0.3132,0.0,100.0,0.0,0.0,0.0,15792.1,15789.5
433200,4.8798,-61.16,0.50,16.92,46.11,0.3132,0.0,100.0,0.0,0.0,0.0,15785.9,15828.5
433260,4.8804,-61.25,0.50,16.86,46.26,0.3132,0.0,100.0,0.0,0.0,0.0,15775.9,15776.3
433320,4.8811,-61.35,0.50,16.80,46.38,0.3132,0.0,100.0,0.0,0.0,0.0,15779.4,15764.0
433380,4.8818,-61.44,0.50,16.73,46.48,0.3132,0.0,100.0,0.0,0.0,0.0,15791.1,15797.3
433440,4.8825,-61.53,0.50,16.67,46.55,0.3132,0.0,100.0,0.0,0.0,0.0,15826.8,15833.0
433500,4.8831,-61.62,0.50,16.60,46.62,0.3132,0.0,100.0,0.0,0.0,0.0,15845.5,15823.7
433560,4.8838,-61.72,0.50,16.53,46.67,0.3132,0.0,100.0,0.0,0.0,0.0,15800.4,15803.3
433620,4.8845,-61.81,0.50,16.46,46.71,0.3132,0.0,100.0,0.0,0.0,0.0,15807.6,15822.7
433680,4.8852,-61.90,0.50,16.39,46.73,0.3132,0.0,100.0,0.0,0.0,100.0,15807.0,15815.3
433740,4.8858,-61.99,0.50,16.32,46.91,0.3135,0.0,100.0,0.0,0.0,0.0,15820.2,15833.6
433800,4.8865,-62.08,0.50,16.24,46.90,0.3135,0.0,100.0,0.0,0.0,0.0,15812.0,15814.0
433860,4.8872,-62.17,0.50,16.17,46.88,0.3135,0.0,100.0,0.0,0.0,100.0,15769.1,15770.7
433920,4.8879,-62.26,0.50,16.09,47.02,0.3138,0.0,100.0,0.0,0.0,0.0,15787.3,15769.5
433980,4.8885,-62.35,0.50,16.02,46.98,0.3138,0.0,100.0,0.0,0.0,0.0,15795.8,15780.9
434040,4.8892,-62.44,0.50,15.94,46.95,0.3138,0.0,100.0,0.0,0.0,0.0,15803.0,15793.7
434100,4.8899,-62.53,0.50,15.86,46.91,0.3138,0.0,100.0,0.0,0.0,0.0,15799.6,15744.7
434160,4.8906,-62.62,0.50,15.78,46.88,0.3138,0.0,100.0,0.0,0.0,0.0,15777.6,15794.4
434220,4.8912,-62.70,0.50,15.70,46.86,0.3138,0.0,100.0,0.0,0.0,0.0,15805.7,15794.6
434280,4.8919,-62.79,0.50,15.62,46.83,0.3138,0.0,100.0,0.0,0.0,0.0,15796.7,15769.2
434340,4.8926,-62.88,0.50,15.55,46.81,0.3138,0.0,100.0,0.0,0.0,0.0,15764.8,15827.7
434400,4.8933,-62.96,0.50,15.46,46.78,0.3138,0.0,100.0,0.0,0.0,0.0,15784.4,15811.5
434460,4.8939,-63.05,0.50,15.38,46.76,0.3138,0.0,100.0,0.0,0.0,0.0,15782.1,15792.9
434520,4.8946,-63.13,0.50,15.30,46.74,0.3138,0.0,100.0,0.0,0.0,0.0,15797.3,15808.7
434580,4.8953,-63.22,0.50,15.22,46.72,0.3138,0.0,100.0,0.0,0.0,0.0,15829.3,15786.0
434640,4.8960,-63.30,0.50,15.14,46.69,0.3138,0.0,100.0,0.0,0.0,0.0,15821.4,15769.8
434700,4.8966,-63.39,0.50,15.06,46.67,0.3138,0.0,100.0,0.0,0.0,0.0,15780.8,15824.6
434760,4.8973,-63.47,0.50,14.98,46.65,0.3138,0.0,100.0,0.0,0.0,0.0,15786.9,15785.1
434820,4.8980,-63.55,0.50,14.90,46.63,0.3138,0.0,100.0,0.0,0.0,0.0,15798.9,15789.4
434880,4.8987,-63.63,0.50,14.82,46.61,0.3138,0.0,100.0,0.0,0.0,0.0,15794.7,15811.2
434940,4.8994,-63.72,0.50,14.73,46.59,0.3138,0.0,100.0,0.0,0.0,0.0,15801.6,15799.7
435000,4.9000,-63.80,0.50,14.65,46.57,0.3138,0.0,100.0,0.0,0.0,0.0,15831.5,15801.4
435060,4.9007,-63.88,0.50,14.57,46.55,0.3138,0.0,100.0,0.0,0.0,0.0,15811.9,15794.0
435120,4.9014,-63.96,0.50,14.49,46.52,0.3138,0.0,100.0,0.0,0.0,0.0,15802.3,15798.5
435180,4.9021,-64.04,0.50,14.41,46.50,0.3138,0.0,100.0,0.0,0.0,0.0,15799.3,15834.1
435240,4.9027,-64.12,0.50,14.33,46.48,0.3138,0.0,100.0,0.0,0.0,0.0,15768.7,15806.6
435300,4.9034,-64.20,0.50,14.25,46.46,0.3138,0.0,100.0,0.0,0.0,0.0,15802.5,15798.6
435360,4.9041,-64.27,0.50,14.17,46.44,0.3138,0.0,100.0,0.0,0.0,0.0,15781.9,15817.5
435420,4.9048,-64.35,0.50,14.08,46.42,0.3138,0.0,100.0,0.0,0.0,100.0,15775.0,15794.0
435480,4.9054,-64.43,0.50,14.00,46.57,0.3141,0.0,100.0,0.0,0.0,0.0,15785.3,15822.7
435540,4.9061,-64.51,0.50,13.92,46.51,0.3141,0.0,100.0,0.0,0.0,0.0,15756.4,15834.3
435600,4.9068,-64.58,0.50,13.84,46.47,0.3141,0.0,100.0,0.0,0.0,0.0,15784.7,15807.1
435660,4.9075,-64.66,0.50,13.76,46.42,0.3141,0.0,100.0,0.0,0.0,0.0,15829.8,15832.0
435720,4.9081,-64.74,0.50,13.68,46.39,0.3141,0.0,100.0,0.0,0.0,0.0,15841.4,15787.8
435780,4.9088,-64.81,0.50,13.60,46.35,0.3141,0.0,100.0,0.0,0.0,0.0,15802.5,15846.5
435840,4.9095,-64.88,0.50,13.53,46.32,0.3141,0.0,100.0,0.0,0.0,0.0,15771.1,15763.6
435900,4.9102,-64.96,0.50,13.45,46.28,0.3141,0.0,100.0,0.0,0.0,0.0,15789.3,15793.9
435960,4.9108,-65.03,0.50,13.37,46.25,0.3141,0.0,100.0,0.0,0.0,0.0,15792.5,15817.1
436020,4.9115,-65.11,0.50,13.29,46.23,0.3141,0.0,100.0,0.0,0.0,100.0,15805.9,15814.4
436080,4.9122,-65.18,0.50,13.21,46.38,0.3144,0.0,100.0,0.0,0.0,0.0,15830.5,15855.6
436140,4.9129,-65.25,0.50,13.13,46.32,0.3144,0.0,100.0,0.0,0.0,0.0,15806.1,15776.6
436200,4.9135,-65.32,0.50,13.06,46.27,0.3144,0.0,100.0,0.0,0.0,0.0,15774.5,15790.3
436260,4.9142,-65.39,0.50,12.98,46.22,0.3144,0.0,100.0,0.0,0.0,0.0,15815.4,15818.2
436320,4.9149,-65.46,0.50,12.90,46.18,0.3144,0.0,100.0,0.0,0.0,100.0,15808.8,15796.2
436380,4.9156,-65.53,0.50,12.83,46.33,0.3147,0.0,100.0,0.0,0.0,0.0,15802.7,15800.5
436440,4.9162,-65.60,0.50,12.75,46.26,0.3147,0.0,100.0,0.0,0.0,0.0,15794.4,15777.9
436500,4.9169,-65.67,0.50,12.68,46.20,0.3147,0.0,100.0,0.0,0.0,0.0,15782.9,15772.1
436560,4.9176,-65.74,0.50,12.60,46.14,0.3147,0.0,100.0,0.0,0.0,0.0,15800.7,15786.9
436620,4.9183,-65.81,0.50,12.53,46.10,0.3147,0.0,100.0,0.0,0.0,0.0,15815.8,15794.3
436680,4.9190,-65.88,0.50,12.45,46.05,0.3147,0.0,100.0,0.0,0.0,0.0,15804.6,15821.1
436740,4.9196,-65.94,0.50,12.38,46.01,0.3147,0.0,100.0,0.0,0.0,0.0,15778.9,15783.5
436800,4.9203,-66.01,0.50,12.31,45.98,0.3147,0.0,100.0,0.0,0.0,0.0,15800.9,15783.8
436860,4.9210,-66.08,0.50,12.23,45.94,0.3147,0.0,100.0,0.0,0.0,0.0,15816.4,15825.5
436920,4.9217,-66.14,0.50,12.16,45.91,0.3147,0.0,100.0,0.0,0.0,100.0,15758.5,15797.0
436980,4.9223,-66.21,0.50,12.09,46.08,0.3151,0.0,100.0,0.0,0.0,0.0,15839.1,15810.2
437040,4.9230,-66.27,0.50,12.02,46.02,0.3151,0.0,100.0,0.0,0.0,0.0,15807.0,15816.4
437100,4.9237,-66.33,0.50,11.95,45.96,0.3151,0.0,100.0,0.0,0.0,0.0,15784.6,15813.3
437160,4.9244,-66.40,0.50,11.88,45.91,0.3151,0.0,100.0,0.0,0.0,0.0,15783.1,15797.0
437220,4.9250,-66.46,0.50,11.81,45.87,0.3151,0.0,100.0,0.0,0.0,0.0,15833.7,15809.7
437280,4.9257,-66.52,0.50,11.74,45.83,0.3151,0.0,100.0,0.0,0.0,0.0,15820.2,15786.5
437340,4.9264,-66.59,0.50,11.67,45.79,0.3151,0.0,100.0,0.0,0.0,0.0,15819.1,15826.4
437400,4.9271,-66.65,0.50,11.60,45.76,0.3150,0.0,100.0,0.0,0.0,0.0,15787.1,15783.3
437460,4.9277,-66.71,0.50,11.53,45.73,0.3150,0.0,100.0,0.0,0.0,0.0,15810.9,15813.7
437520,4.9284,-66.77,0.50,11.46,45.70,0.3150,0.0,100.0,0.0,0.0,0.0,15779.4,15799.0
437580,4.9291,-66.83,0.50,11.40,45.67,0.3150,0.0,100.0,0.0,0.0,0.0,15809.9,15808.4
437640,4.9298,-66.89,0.50,11.33,45.64,0.3150,0.0,100.0,0.0,0.0,100.0,15789.1,15794.6
437700,4.9304,-66.95,0.50,11.26,45.83,0.3154,0.0,100.0,0.0,0.0,0.0,15807.1,15803.2
437760,4.9311,-67.00,0.50,11.20,45.76,0.3154,0.0,100.0,0.0,0.0,0.0,15758.6,15791.9
437820,4.9318,-67.06,0.50,11.13,45.71,0.3154,0.0,100.0,0.0,0.0,0.0,15777.7,15833.9
437880,4.9325,-67.12,0.50,11.07,45.66,0.3154,0.0,100.0,0.0,0.0,0.0,15821.4,15778.0
437940,4.9331,-67.17,0.50,11.00,45.62,0.3154,0.0,100.0,0.0,0.0,0.0,15809.8,15784.8
438000,4.9338,-67.23,0.50,10.94,45.58,0.3154,0.0,100.0,0.0,0.0,0.0,15831.2,15822.0
438060,4.9345,-67.29,0.50,10.88,45.55,0.3154,0.0,100.0,0.0,0.0,0.0,15815.4,15779.5
438120,4.9352,-67.34,0.50,10.81,45.51,0.3154,0.0,100.0,0.0,0.0,0.0,15772.3,15825.2
438180,4.9358,-67.40,0.50,10.75,45.48,0.3154,0.0,100.0,0.0,0.0,0.0,15784.4,15812.4
438240,4.9365,-67.45,0.50,10.69,45.46,0.3154,0.0,100.0,0.0,0.0,0.0,15773.4,15830.2
438300,4.9372,-67.50,0.50,10.63,45.43,0.3154,0.0,100.0,0.0,0.0,0.0,15809.5,15793.0
438360,4.9379,-67.56,0.50,10.57,45.41,0.3154,0.0,100.0,0.0,0.0,0.0,15835.3,15774.1
438420,4.9386,-67.61,0.50,10.51,45.38,0.3154,0.0,100.0,0.0,0.0,0.0,15810.9,15777.0
438480,4.9392,-67.66,0.50,10.45,45.36,0.3153,0.0,100.0,0.0,0.0,0.0,15812.5,15830.0
438540,4.9399,-67.71,0.50,10.39,45.34,0.3153,0.0,100.0,0.0,0.0,0.0,15782.3,15812.1
438600,4.9406,-67.76,0.50,10.33,45.32,0.3153,0.0,100.0,0.0,0.0,0.0,15790.8,15797.2
438660,4.9413,-67.81,0.50,10.27,45.30,0.3153,0.0,100.0,0.0,0.0,0.0,15831.7,15768.3
438720,4.9419,-67.86,0.50,10.21,45.28,0.3153,0.0,100.0,0.0,0.0,0.0,15837.1,15777.8
438780,4.9426,-67.91,0.50,10.16,45.26,0.3153,0.0,100.0,0.0,0.0,100.0,15818.3,15804.9
438840,4.9433,-67.96,0.50,10.10,45.46,0.3157,0.0,100.0,0.0,0.0,0.0,15805.2,15771.1
438900,4.9440,-68.01,0.50,10.04,45.40,0.3157,0.0,100.0,0.0,0.0,0.0,15795.0,15839.2
438960,4.9446,-68.05,0.50,9.99,45.35,0.3157,0.0,100.0,0.0,0.0,0.0,15796.3,15796.9
439020,4.9453,-68.10,0.50,9.93,45.31,0.3157,0.0,100.0,0.0,0.0,0.0,15810.9,15817.4
439080,4.9460,-68.15,0.50,9.88,45.26,0.3157,0.0,100.0,0.0,0.0,0.0,15791.6,15812.8
439140,4.9467,-68.19,0.50,9.82,45.23,0.3157,0.0,100.0,0.0,0.0,0.0,15806.7,15796.0
439200,4.9473,-68.24,0.50,9.77,45.20,0.3157,0.0,100.0,0.0,0.0,0.0,15817.3,15812.5
439260,4.9480,-68.28,0.50,9.72,45.17,0.3157,0.0,100.0,0.0,0.0,0.0,15792.6,15805.4
439320,4.9487,-68.33,0.50,9.66,45.14,0.3157,0.0,100.0,0.0,0.0,0.0,15785.5,15824.5
439380,4.9494,-68.37,0.50,9.61,45.11,0.3157,0.0,100.0,0.0,0.0,0.0,15780.6,15790.3
439440,4.9500,-68.41,0.50,9.56,45.09,0.3157,0.0,100.0,0.0,0.0,0.0,15812.5,15773.1
439500,4.9507,-68.45,0.50,9.51,45.07,0.3157,0.0,100.0,0.0,0.0,0.0,15820.4,15822.8
439560,4.9514,-68.50,0.50,9.46,45.05,0.3156,0.0,100.0,0.0,0.0,0.0,15801.7,15803.6
439620,4.9521,-68.54,0.50,9.41,45.03,0.3156,0.0,100.0,0.0,0.0,100.0,15817.4,15826.3
439680,4.9527,-68.58,0.50,9.36,45.24,0.3160,0.0,100.0,0.0,0.0,0.0,15816.6,15825.6
439740,4.9534,-68.62,0.50,9.31,45.18,0.3160,0.0,100.0,0.0,0.0,0.0,15776.0,15807.8
439800,4.9541,-68.66,0.50,9.26,45.13,0.3160,0.0,100.0,0.0,0.0,100.0,15797.7,15797.7
439860,4.9548,-68.70,0.50,9.22,45.32,0.3163,0.0,100.0,0.0,0.0,0.0,15823.7,15797.6
439920,4.9554,-68.74,0.50,9.17,45.24,0.3163,0.0,100.0,0.0,0.0,0.0,15791.1,15810.0
439980,4.9561,-68.77,0.50,9.12,45.17,0.3163,0.0,100.0,0.0,0.0,0.0,15830.4,15828.6
440040,4.9568,-68.81,0.50,9.08,45.11,0.3163,0.0,100.0,0.0,0.0,0.0,15841.4,15810.4
440100,4.9575,-68.85,0.50,9.03,45.05,0.3163,0.0,100.0,0.0,0.0,0.0,15828.6,15788.2
440160,4.9582,-68.88,0.50,8.99,45.01,0.3163,0.0,100.0,0.0,0.0,0.0,15817.0,15808.8
440220,4.9588,-68.92,0.50,8.94,44.97,0.3163,0.0,100.0,0.0,0.0,0.0,15776.6,15788.6
440280,4.9595,-68.95,0.50,8.90,44.93,0.3163,0.0,100.0,0.0,0.0,100.0,15804.9,15800.4
440340,4.9602,-68.99,0.50,8.86,45.15,0.3166,0.0,100.0,0.0,0.0,0.0,15787.5,15802.9
440400,4.9609,-69.02,0.50,8.81,45.07,0.3166,0.0,100.0,0.0,0.0,0.0,15812.9,15849.1
440460,4.9615,-69.06,0.50,8.77,45.01,0.3166,0.0,100.0,0.0,0.0,0.0,15850.6,15797.1
440520,4.9622,-69.09,0.50,8.73,44.96,0.3166,0.0,100.0,0.0,0.0,0.0,15808.5,15791.2
440580,4.9629,-69.12,0.50,8.69,44.91,0.3166,0.0,100.0,0.0,0.0,0.0,15801.2,15788.7
440640,4.9636,-69.15,0.50,8.65,44.87,0.3166,0.0,100.0,0.0,0.0,0.0,15825.7,15810.0
440700,4.9642,-69.18,0.50,8.61,44.84,0.3166,0.0,100.0,0.0,0.0,0.0,15759.2,15805.6
440760,4.9649,-69.21,0.50,8.57,44.80,0.3166,0.0,100.0,0.0,0.0,100.0,15820.7,15795.3
440820,4.9656,-69.24,0.50,8.53,45.03,0.3169,0.0,100.0,0.0,0.0,0.0,15789.4,15763.6
440880,4.9663,-69.27,0.50,8.49,44.96,0.3169,0.0,100.0,0.0,0.0,0.0,15817.5,15805.0
440940,4.9669,-69.30,0.50,8.45,44.90,0.3169,0.0,100.0,0.0,0.0,0.0,15816.8,15780.2
441000,4.9676,-69.33,0.50,8.42,44.84,0.3169,0.0,100.0,0.0,0.0,0.0,15826.6,15792.2
441060,4.9683,-69.36,0.50,8.38,44.80,0.3169,0.0,100.0,0.0,0.0,0.0,15833.4,15817.3
441120,4.9690,-69.38,0.50,8.34,44.76,0.3169,0.0,100.0,0.0,0.0,0.0,15793.8,15797.1
441180,4.9696,-69.41,0.50,8.31,44.73,0.3169,0.0,100.0,0.0,0.0,0.0,15782.5,15830.8
441240,4.9703,-69.44,0.50,8.27,44.70,0.3169,0.0,100.0,0.0,0.0,0.0,15792.7,15776.1
441300,4.9710,-69.46,0.50,8.24,44.67,0.3169,0.0,100.0,0.0,0.0,0.0,15802.4,15820.1
441360,4.9717,-69.49,0.50,8.21,44.65,0.3169,0.0,100.0,0.0,0.0,0.0,15842.2,15814.0
441420,4.9723,-69.51,0.50,8.17,44.63,0.3169,0.0,100.0,0.0,0.0,0.0,15799.6,15806.4
441480,4.9730,-69.53,0.50,8.14,44.61,0.3169,0.0,100.0,0.0,0.0,0.0,15826.7,15793.7
441540,4.9737,-69.56,0.50,8.11,44.59,0.3169,0.0,100.0,0.0,0.0,0.0,15845.4,15791.6
441600,4.9744,-69.58,0.50,8.08,44.57,0.3169,0.0,100.0,0.0,0.0,0.0,15821.5,15820.4
441660,4.9750,-69.60,0.50,8.05,44.56,0.3169,0.0,100.0,0.0,0.0,0.0,15822.6,15808.3
441720,4.9757,-69.62,0.50,8.02,44.54,0.3169,0.0,100.0,0.0,0.0,0.0,15798.0,15810.4
441780,4.9764,-69.64,0.50,7.99,44.53,0.3169,0.0,100.0,0.0,0.0,0.0,15793.9,15825.7
441840,4.9771,-69.66,0.50,7.96,44.51,0.3169,0.0,100.0,0.0,0.0,0.0,15817.5,15785.4
441900,4.9778,-69.68,0.50,7.93,44.50,0.3169,0.0,100.0,0.0,0.0,0.0,15806.4,15824.6
441960,4.9784,-69.70,0.50,7.90,44.49,0.3169,0.0,100.0,0.0,0.0,0.0,15813.1,15794.3
442020,4.9791,-69.72,0.50,7.87,44.48,0.3169,0.0,100.0,0.0,0.0,0.0,15830.0,15805.9
442080,4.9798,-69.74,0.50,7.85,44.46,0.3169,0.0,100.0,0.0,0.0,100.0,15801.0,15857.2
442140,4.9805,-69.76,0.50,7.82,44.72,0.3172,0.0,100.0,0.0,0.0,0.0,15805.9,15791.7
442200,4.9811,-69.77,0.50,7.79,44.66,0.3172,0.0,100.0,0.0,0.0,0.0,15789.4,15776.7
442260,4.9818,-69.79,0.50,7.77,44.61,0.3172,0.0,100.0,0.0,0.0,0.0,15817.6,15801.7
442320,4.9825,-69.80,0.50,7.74,44.57,0.3172,0.0,100.0,0.0,0.0,0.0,15823.7,15804.8
442380,4.9832,-69.82,0.50,7.72,44.53,0.3172,0.0,100.0,0.0,0.0,0.0,15808.9,15810.3
442440,4.9838,-69.83,0.50,7.70,44.50,0.3172,0.0,100.0,0.0,0.0,0.0,15771.9,15831.1
442500,4.9845,-69.85,0.50,7.67,44.47,0.3172,0.0,100.0,0.0,0.0,0.0,15794.8,15830.4
442560,4.9852,-69.86,0.50,7.65,44.45,0.3172,0.0,100.0,0.0,0.0,100.0,15811.1,15824.0
442620,4.9859,-69.87,0.50,7.63,44.69,0.3175,0.0,100.0,0.0,0.0,0.0,15810.2,15826.4
442680,4.9865,-69.88,0.50,7.61,44.63,0.3175,0.0,100.0,0.0,0.0,0.0,15804.1,15784.1
442740,4.9872,-69.90,0.50,7.59,44.57,0.3175,0.0,100.0,0.0,0.0,0.0,15813.9,15820.3
442800,4.9879,-69.91,0.50,7.57,44.52,0.3175,0.0,100.0,0.0,0.0,0.0,15810.5,15811.2
442860,4.9886,-69.92,0.50,7.55,44.48,0.3175,0.0,100.0,0.0,0.0,0.0,15814.3,15790.5
442920,4.9892,-69.93,0.50,7.53,44.45,0.3175,0.0,100.0,0.0,0.0,0.0,15828.1,15793.0
442980,4.9899,-69.93,0.50,7.51,44.42,0.3175,0.0,100.0,0.0,0.0,0.0,15805.7,15804.3
443040,4.9906,-69.94,0.50,7.50,44.39,0.3175,0.0,100.0,0.0,0.0,0.0,15833.4,15815.0
443100,4.9913,-69.95,0.50,7.48,44.37,0.3175,0.0,100.0,0.0,0.0,0.0,15816.4,15776.7
443160,4.9919,-69.96,0.50,7.46,44.35,0.3175,0.0,100.0,0.0,0.0,0.0,15801.7,15794.0
443220,4.9926,-69.97,0.50,7.45,44.33,0.3175,0.0,100.0,0.0,0.0,0.0,15807.5,15826.4
443280,4.9933,-69.97,0.50,7.43,44.31,0.3175,0.0,100.0,0.0,0.0,100.0,15809.0,15788.5
443340,4.9940,-69.98,0.50,7.42,44.57,0.3179,0.0,100.0,0.0,0.0,0.0,15755.0,15820.7
443400,4.9946,-69.98,0.50,7.40,44.51,0.3179,0.0,100.0,0.0,0.0,0.0,15800.3,15809.0
443460,4.9953,-69.99,0.50,7.39,44.46,0.3178,0.0,100.0,0.0,0.0,0.0,15841.1,15833.0
443520,4.9960,-69.99,0.50,7.38,44.42,0.3178,0.0,100.0,0.0,0.0,0.0,15783.9,15835.0
443580,4.9967,-69.99,0.50,7.36,44.38,0.3178,0.0,100.0,0.0,0.0,0.0,15796.0,15769.6
443640,4.9974,-70.00,0.50,7.35,44.35,0.3178,0.0,100.0,0.0,0.0,0.0,15821.7,15812.2
443700,4.9980,-70.00,0.50,7.34,44.32,0.3178,0.0,100.0,0.0,0.0,0.0,15827.8,15847.9
443760,4.9987,-70.00,0.50,7.33,44.30,0.3178,0.0,100.0,0.0,0.0,0.0,15806.8,15819.4
443820,4.9994,-70.00,0.50,7.32,44.28,0.3178,0.0,100.0,0.0,0.0,100.0,15824.8,15793.8
443880,5.0001,-70.00,0.50,7.31,44.54,0.3182,0.0,100.0,0.0,0.0,0.0,15817.7,15824.0
443940,5.0007,-70.00,0.50,7.30,44.47,0.3182,0.0,100.0,0.0,0.0,0.0,15783.0,15798.2
444000,5.0014,-70.00,0.50,7.29,44.42,0.3182,0.0,100.0,0.0,0.0,0.0,15864.3,15817.9
444060,5.0021,-70.00,0.50,7.29,44.37,0.3182,0.0,100.0,0.0,0.0,0.0,15816.4,15798.0
444120,5.0028,-70.00,0.50,7.28,44.33,0.3182,0.0,100.0,0.0,0.0,0.0,15799.2,15764.4
444180,5.0034,-69.99,0.50,7.27,44.30,0.3182,0.0,100.0,0.0,0.0,0.0,15753.7,15840.1
444240,5.0041,-69.99,0.50,7.27,44.28,0.3182,0.0,100.0,0.0,0.0,0.0,15790.0,15802.9
444300,5.0048,-69.99,0.50,7.26,44.25,0.3182,0.0,100.0,0.0,0.0,0.0,15788.9,15824.7
444360,5.0055,-69.98,0.50,7.26,44.23,0.3182,0.0,100.0,0.0,0.0,0.0,15817.4,15794.0
444420,5.0061,-69.98,0.50,7.25,44.22,0.3182,0.0,100.0,0.0,0.0,0.0,15808.5,15824.3
444480,5.0068,-69.97,0.50,7.25,44.20,0.3182,0.0,100.0,0.0,0.0,0.0,15807.9,15818.7
444540,5.0075,-69.96,0.50,7.24,44.19,0.3181,0.0,100.0,0.0,0.0,0.0,15821.4,15827.1
444600,5.0082,-69.96,0.50,7.24,44.18,0.3181,0.0,100.0,0.0,0.0,0.0,15772.8,15831.8
444660,5.0088,-69.95,0.50,7.24,44.17,0.3181,0.0,100.0,0.0,0.0,0.0,15802.4,15824.4
444720,5.0095,-69.94,0.50,7.24,44.16,0.3181,0.0,100.0,0.0,0.0,0.0,15793.8,15813.4
444780,5.0102,-69.93,0.50,7.24,44.15,0.3181,0.0,100.0,0.0,0.0,0.0,15826.8,15800.6
444840,5.0109,-69.92,0.50,7.24,44.15,0.3181,0.0,100.0,0.0,0.0,0.0,15812.4,15816.8
444900,5.0115,-69.91,0.50,7.24,44.14,0.3181,0.0,100.0,0.0,0.0,0.0,15826.1,15824.3
444960,5.0122,-69.90,0.50,7.24,44.14,0.3181,0.0,100.0,0.0,0.0,0.0,15862.8,15842.2
445020,5.0129,-69.89,0.50,7.24,44.13,0.3181,0.0,100.0,0.0,0.0,0.0,15809.0,15825.3
445080,5.0136,-69.88,0.50,7.24,44.13,0.3181,0.0,100.0,0.0,0.0,0.0,15811.3,15778.7
445140,5.0142,-69.87,0.50,7.25,44.12,0.3181,0.0,100.0,0.0,0.0,0.0,15801.7,15798.5
445200,5.0149,-69.86,0.50,7.25,44.12,0.3181,0.0,100.0,0.0,0.0,0.0,15804.7,15816.9
445260,5.0156,-69.84,0.50,7.25,44.12,0.3181,0.0,100.0,0.0,0.0,0.0,15791.7,15835.4
445320,5.0163,-69.83,0.50,7.26,44.11,0.3181,0.0,100.0,0.0,0.0,0.0,15822.8,15809.8
445380,5.0170,-69.82,0.50,7.26,44.11,0.3181,0.0,100.0,0.0,0.0,0.0,15816.3,15844.6
445440,5.0176,-69.80,0.50,7.27,44.11,0.3181,0.0,100.0,0.0,0.0,0.0,15818.1,15804.2
445500,5.0183,-69.79,0.50,7.28,44.11,0.3181,0.0,100.0,0.0,0.0,0.0,15855.1,15803.0
445560,5.0190,-69.77,0.50,7.28,44.10,0.3181,0.0,100.0,0.0,0.0,0.0,15823.1,15807.9
445620,5.0197,-69.75,0.50,7.29,44.10,0.3181,0.0,100.0,0.0,0.0,0.0,15839.2,15803.5
445680,5.0203,-69.74,0.50,7.30,44.10,0.3181,0.0,100.0,0.0,0.0,0.0,15785.1,15808.0
445740,5.0210,-69.72,0.50,7.31,44.10,0.3181,0.0,100.0,0.0,0.0,0.0,15810.9,15800.8
445800,5.0217,-69.70,0.50,7.32,44.10,0.3181,0.0,100.0,0.0,0.0,0.0,15828.3,15795.2
445860,5.0224,-69.68,0.50,7.33,44.10,0.3181,0.0,100.0,0.0,0.0,0.0,15763.9,15829.3
445920,5.0230,-69.66,0.50,7.34,44.10,0.3181,0.0,100.0,0.0,0.0,0.0,15794.6,15839.0
445980,5.0237,-69.64,0.50,7.35,44.09,0.3181,0.0,100.0,0.0,0.0,0.0,15815.2,15805.9
446040,5.0244,-69.62,0.50,7.36,44.09,0.3181,0.0,100.0,0.0,0.0,0.0,15782.3,15822.8
446100,5.0251,-69.60,0.50,7.37,44.09,0.3181,0.0,100.0,0.0,0.0,0.0,15834.9,15821.5
446160,5.0257,-69.58,0.50,7.38,44.09,0.3181,0.0,100.0,0.0,0.0,0.0,15799.3,15785.2
446220,5.0264,-69.55,0.50,7.40,44.09,0.3181,0.0,100.0,0.0,0.0,0.0,15771.0,15842.4
446280,5.0271,-69.53,0.50,7.41,44.09,0.3181,0.0,100.0,0.0,0.0,0.0,15828.3,15824.2
446340,5.0278,-69.51,0.50,7.43,44.09,0.3181,0.0,100.0,0.0,0.0,0.0,15805.8,15837.3
446400,5.0284,-69.48,0.50,7.44,44.09,0.3181,0.0,100.0,0.0,0.0,0.0,15810.7,15793.7
446460,5.0291,-69.46,0.50,7.46,44.09,0.3181,0.0,100.0,0.0,0.0,0.0,15798.4,15863.3
446520,5.0298,-69.43,0.50,7.47,44.09,0.3181,0.0,100.0,0.0,0.0,0.0,15829.8,15785.3
446580,5.0305,-69.41,0.50,7.49,44.09,0.3181,0.0,100.0,0.0,0.0,0.0,15793.4,15802.1
446640,5.0311,-69.38,0.50,7.51,44.10,0.3181,0.0,100.0,0.0,0.0,0.0,15805.1,15798.0
446700,5.0318,-69.35,0.50,7.52,44.10,0.3181,0.0,100.0,0.0,0.0,0.0,15778.2,15817.4
446760,5.0325,-69.32,0.50,7.54,44.10,0.3181,0.0,100.0,0.0,0.0,0.0,15784.1,15811.1
446820,5.0332,-69.30,0.50,7.56,44.10,0.3181,0.0,100.0,0.0,0.0,0.0,15834.0,15839.0
446880,5.0338,-69.27,0.50,7.58,44.10,0.3181,0.0,100.0,0.0,0.0,0.0,15771.9,15804.3
446940,5.0345,-69.24,0.50,7.60,44.10,0.3181,0.0,100.0,0.0,0.0,0.0,15783.8,15812.7
447000,5.0352,-69.21,0.50,7.62,44.10,0.3181,0.0,100.0,0.0,0.0,0.0,15806.8,15798.3
447060,5.0359,-69.18,0.50,7.64,44.11,0.3181,0.0,100.0,0.0,0.0,0.0,15810.7,15821.6
447120,5.0366,-69.15,0.50,7.67,44.11,0.3181,0.0,100.0,0.0,0.0,0.0,15835.2,15835.7
447180,5.0372,-69.11,0.50,7.69,44.11,0.3181,0.0,100.0,0.0,0.0,0.0,15819.9,15789.8
447240,5.0379,-69.08,0.50,7.71,44.11,0.3181,0.0,100.0,0.0,0.0,0.0,15805.2,15837.2
447300,5.0386,-69.05,0.50,7.74,44.12,0.3181,0.0,100.0,0.0,0.0,0.0,15821.3,15745.2
447360,5.0393,-69.02,0.50,7.76,44.12,0.3181,0.0,100.0,0.0,0.0,0.0,15776.8,15799.8
447420,5.0399,-68.98,0.50,7.78,44.12,0.3181,0.0,100.0,0.0,0.0,0.0,15791.6,15811.2
447480,5.0406,-68.95,0.50,7.81,44.12,0.3181,0.0,100.0,0.0,0.0,0.0,15792.6,15784.2
447540,5.0413,-68.91,0.50,7.84,44.13,0.3181,0.0,100.0,0.0,0.0,0.0,15816.0,15794.9
447600,5.0420,-68.88,0.50,7.86,44.13,0.3181,0.0,100.0,0.0,0.0,0.0,15823.9,15807.4
447660,5.0426,-68.84,0.50,7.89,44.13,0.3181,0.0,100.0,0.0,0.0,0.0,15837.8,15821.3
447720,5.0433,-68.80,0.50,7.92,44.14,0.3181,0.0,100.0,0.0,0.0,0.0,15819.7,15817.2
447780,5.0440,-68.77,0.50,7.95,44.14,0.3181,0.0,100.0,0.0,0.0,0.0,15809.3,15810.0
447840,5.0447,-68.73,0.50,7.98,44.15,0.3181,0.0,100.0,0.0,0.0,0.0,15850.6,15822.7
447900,5.0453,-68.69,0.50,8.00,44.15,0.3181,0.0,100.0,0.0,0.0,0.0,15814.8,15821.8
447960,5.0460,-68.65,0.50,8.03,44.15,0.3181,0.0,100.0,0.0,0.0,0.0,15842.5,15819.4
448020,5.0467,-68.61,0.50,8.07,44.16,0.3181,0.0,100.0,0.0,0.0,0.0,15838.5,15791.3
448080,5.0474,-68.57,0.50,8.10,44.16,0.3181,0.0,100.0,0.0,0.0,0.0,15810.9,15836.8
448140,5.0480,-68.53,0.50,8.13,44.17,0.3180,0.0,100.0,0.0,0.0,0.0,15844.6,15828.4
448200,5.0487,-68.49,0.50,8.16,44.17,0.3180,0.0,100.0,0.0,0.0,0.0,15815.2,15819.3
448260,5.0494,-68.45,0.50,8.19,44.18,0.3180,0.0,100.0,0.0,0.0,0.0,15837.0,15823.2
448320,5.0501,-68.40,0.50,8.23,44.18,0.3180,0.0,100.0,0.0,0.0,0.0,15852.6,15798.7
448380,5.0507,-68.36,0.50,8.26,44.19,0.3180,0.0,100.0,0.0,0.0,0.0,15806.9,15801.7
448440,5.0514,-68.32,0.50,8.30,44.19,0.3180,0.0,100.0,0.0,0.0,0.0,15824.1,15821.6
448500,5.0521,-68.27,0.50,8.33,44.20,0.3180,0.0,100.0,0.0,0.0,0.0,15834.7,15789.8
448560,5.0528,-68.23,0.50,8.37,44.20,0.3180,0.0,100.0,0.0,0.0,0.0,15809.3,15818.8
448620,5.0534,-68.18,0.50,8.40,44.21,0.3180,0.0,100.0,0.0,0.0,0.0,15813.0,15847.7
448680,5.0541,-68.14,0.50,8.44,44.22,0.3180,0.0,100.0,0.0,0.0,0.0,15820.7,15854.3
448740,5.0548,-68.09,0.50,8.48,44.22,0.3180,0.0,100.0,0.0,0.0,0.0,15807.7,15832.1
448800,5.0555,-68.05,0.50,8.51,44.23,0.3180,0.0,100.0,0.0,0.0,0.0,15813.6,15835.5
448860,5.0562,-68.00,0.50,8.55,44.24,0.3180,0.0,100.0,0.0,0.0,0.0,15798.4,15801.5
448920,5.0568,-67.95,0.50,8.59,44.24,0.3180,0.0,100.0,0.0,0.0,0.0,15779.0,15818.3
448980,5.0575,-67.90,0.50,8.63,44.25,0.3180,0.0,100.0,0.0,0.0,0.0,15816.8,15807.4
449040,5.0582,-67.85,0.50,8.67,44.26,0.3180,0.0,100.0,0.0,0.0,0.0,15822.1,15830.1
449100,5.0589,-67.80,0.50,8.71,44.26,0.3180,0.0,100.0,0.0,0.0,0.0,15839.9,15797.6
449160,5.0595,-67.75,0.50,8.75,44.27,0.3180,0.0,100.0,0.0,0.0,0.0,15820.3,15821.0
449220,5.0602,-67.70,0.50,8.80,44.28,0.3180,0.0,100.0,0.0,0.0,0.0,15816.9,15793.5
449280,5.0609,-67.65,0.50,8.84,44.28,0.3180,0.0,100.0,0.0,0.0,0.0,15818.7,15831.5
449340,5.0616,-67.60,0.50,8.88,44.28,0.3180,0.0,100.0,0.0,0.0,0.0,15829.5,15806.9
449400,5.0622,-67.55,0.50,8.93,44.28,0.3180,0.0,100.0,0.0,0.0,0.0,15822.1,15781.0
449460,5.0629,-67.49,0.50,8.97,44.28,0.3180,0.0,100.0,0.0,0.0,0.0,15860.7,15823.1
449520,5.0636,-67.44,0.50,9.01,44.27,0.3180,0.0,100.0,0.0,0.0,0.0,15837.2,15829.6
449580,5.0643,-67.39,0.50,9.06,44.27,0.3180,0.0,100.0,0.0,0.0,0.0,15811.8,15821.4
449640,5.0649,-67.33,0.50,9.11,44.26,0.3180,0.0,100.0,0.0,0.0,0.0,15838.7,15796.1
449700,5.0656,-67.28,0.50,9.15,44.25,0.3180,0.0,100.0,0.0,0.0,0.0,15779.0,15810.9
449760,5.0663,-67.22,0.50,9.20,44.24,0.3180,0.0,100.0,0.0,0.0,0.0,15852.9,15892.8
449820,5.0670,-67.17,0.50,9.25,44.22,0.3180,0.0,100.0,0.0,0.0,0.0,15832.8,15808.9
449880,5.0676,-67.11,0.50,9.29,44.21,0.3180,0.0,100.0,0.0,0.0,0.0,15803.6,15830.4
449940,5.0683,-67.05,0.50,9.34,44.19,0.3180,0.0,100.0,0.0,0.0,0.0,15833.7,15801.7
450000,5.0690,-66.99,0.50,9.39,44.17,0.3180,0.0,100.0,0.0,0.0,0.0,15794.0,15821.4
450060,5.0697,-66.94,0.50,9.44,44.15,0.3180,0.0,100.0,0.0,0.0,0.0,15857.4,15824.6
450120,5.0703,-66.88,0.50,9.49,44.13,0.3180,0.0,100.0,0.0,0.0,0.0,15809.3,15816.6
450180,5.0710,-66.82,0.50,9.54,44.10,0.3180,0.0,100.0,0.0,0.0,0.0,15804.7,15823.7
450240,5.0717,-66.76,0.50,9.59,44.08,0.3180,0.0,100.0,0.0,0.0,0.0,15824.4,15841.4
450300,5.0724,-66.70,0.50,9.64,44.05,0.3180,0.0,100.0,0.0,0.0,0.0,15819.2,15819.9
450360,5.0730,-66.64,0.50,9.70,44.02,0.3180,0.0,100.0,0.0,0.0,0.0,15813.3,15846.7
450420,5.0737,-66.57,0.50,9.75,43.99,0.3180,0.0,100.0,0.0,0.0,0.0,15837.3,15774.2
450480,5.0744,-66.51,0.50,9.80,43.95,0.3180,0.0,100.0,0.0,0.0,0.0,15853.1,15837.8
450540,5.0751,-66.45,0.50,9.86,43.92,0.3180,0.0,100.0,0.0,0.0,0.0,15822.8,15873.3
450600,5.0758,-66.39,0.50,9.91,43.88,0.3180,0.0,100.0,0.0,0.0,0.0,15798.6,15808.5
450660,5.0764,-66.32,0.50,9.97,43.85,0.3180,0.0,100.0,0.0,0.0,0.0,15850.0,15817.0
450720,5.0771,-66.26,0.50,10.02,43.81,0.3180,0.0,100.0,0.0,0.0,100.0,15803.9,15801.8
450780,5.0778,-66.20,0.50,10.08,44.05,0.3183,0.0,100.0,0.0,0.0,0.0,15809.7,15824.6
450840,5.0785,-66.13,0.50,10.14,44.00,0.3183,0.0,100.0,0.0,0.0,0.0,15793.8,15803.2
450900,5.0791,-66.06,0.50,10.19,43.96,0.3183,0.0,100.0,0.0,0.0,0.0,15864.8,15835.3
450960,5.0798,-66.00,0.50,10.25,43.91,0.3183,0.0,100.0,0.0,0.0,0.0,15801.8,15851.5
451020,5.0805,-65.93,0.50,10.31,43.86,0.3183,0.0,100.0,0.0,0.0,0.0,15810.8,15830.3
451080,5.0812,-65.87,0.50,10.37,43.81,0.3183,0.0,100.0,0.0,0.0,0.0,15841.3,15824.3
451140,5.0818,-65.80,0.50,10.43,43.76,0.3183,0.0,100.0,0.0,0.0,0.0,15828.9,15812.3
451200,5.0825,-65.73,0.50,10.49,43.70,0.3183,0.0,100.0,0.0,0.0,0.0,15788.1,15792.0
451260,5.0832,-65.66,0.50,10.55,43.65,0.3183,0.0,100.0,0.0,0.0,0.0,15806.7,15827.7
451320,5.0839,-65.59,0.50,10.61,43.59,0.3183,0.0,100.0,0.0,0.0,0.0,15850.7,15785.4
451380,5.0845,-65.52,0.50,10.67,43.53,0.3183,0.0,100.0,0.0,0.0,0.0,15790.8,15829.5
451440,5.0852,-65.45,0.50,10.73,43.47,0.3183,0.0,100.0,0.0,0.0,0.0,15833.0,15800.5
451500,5.0859,-65.38,0.50,10.79,43.41,0.3183,0.0,100.0,0.0,0.0,0.0,15824.0,15799.0
451560,5.0866,-65.31,0.50,10.86,43.35,0.3183,0.0,100.0,0.0,0.0,0.0,15805.7,15830.6
451620,5.0872,-65.24,0.50,10.92,43.28,0.3183,0.0,100.0,0.0,0.0,0.0,15825.7,15822.6
451680,5.0879,-65.17,0.50,10.98,43.22,0.3183,0.0,100.0,0.0,0.0,100.0,15840.1,15808.8
451740,5.0886,-65.09,0.50,11.05,43.42,0.3186,0.0,100.0,0.0,0.0,0.0,15817.3,15819.5
451800,5.0893,-65.02,0.50,11.11,43.35,0.3186,0.0,100.0,0.0,0.0,0.0,15833.0,15784.8
451860,5.0899,-64.95,0.50,11.18,43.28,0.3186,0.0,100.0,0.0,0.0,0.0,15785.4,15830.5
451920,5.0906,-64.87,0.50,11.24,43.21,0.3186,0.0,100.0,0.0,0.0,0.0,15832.0,15817.9
451980,5.0913,-64.80,0.50,11.31,43.13,0.3186,0.0,100.0,0.0,0.0,0.0,15813.9,15814.5
452040,5.0920,-64.72,0.50,11.38,43.06,0.3186,0.0,100.0,0.0,0.0,0.0,15833.7,15852.5
452100,5.0926,-64.65,0.50,11.45,42.98,0.3186,0.0,100.0,0.0,0.0,0.0,15834.1,15810.9
452160,5.0933,-64.57,0.50,11.51,42.90,0.3186,0.0,100.0,0.0,0.0,0.0,15865.5,15787.2
452220,5.0940,-64.49,0.50,11.58,42.82,0.3186,0.0,100.0,0.0,0.0,0.0,15817.9,15802.2
452280,5.0947,-64.42,0.50,11.65,42.74,0.3186,0.0,100.0,0.0,0.0,0.0,15838.8,15809.7
452340,5.0954,-64.34,0.50,11.72,42.66,0.3186,0.0,100.0,0.0,0.0,0.0,15814.8,15807.0
452400,5.0960,-64.26,0.50,11.79,42.58,0.3186,0.0,100.0,0.0,0.0,0.0,15821.3,15814.4
452460,5.0967,-64.18,0.50,11.86,42.50,0.3186,0.0,100.0,0.0,0.0,0.0,15793.1,15801.2
452520,5.0974,-64.10,0.50,11.93,42.41,0.3186,0.0,100.0,0.0,0.0,100.0,15817.0,15803.2
452580,5.0981,-64.02,0.50,12.00,42.58,0.3189,0.0,100.0,0.0,0.0,0.0,15806.3,15850.4
452640,5.0987,-63.94,0.50,12.08,42.49,0.3189,0.0,100.0,0.0,0.0,0.0,15801.0,15794.4
452700,5.0994,-63.86,0.50,12.15,42.40,0.3189,0.0,100.0,0.0,0.0,0.0,15819.2,15822.8
452760,5.1001,-63.78,0.50,12.22,42.31,0.3189,0.0,100.0,0.0,0.0,0.0,15832.6,15819.9
452820,5.1008,-63.70,0.50,12.30,42.22,0.3189,0.0,100.0,0.0,0.0,0.0,15817.7,15811.8
452880,5.1014,-63.62,0.50,12.37,42.13,0.3189,0.0,100.0,0.0,0.0,0.0,15794.6,15815.7
452940,5.1021,-63.54,0.50,12.44,42.03,0.3189,0.0,100.0,0.0,0.0,0.0,15808.2,15823.4
453000,5.1028,-63.45,0.50,12.52,41.94,0.3189,0.0,100.0,0.0,0.0,0.0,15828.5,15816.9
453060,5.1035,-63.37,0.50,12.60,41.84,0.3189,0.0,100.0,0.0,0.0,100.0,15826.6,15804.1
453120,5.1041,-63.29,0.50,12.67,41.99,0.3192,0.0,100.0,0.0,0.0,0.0,15796.3,15813.3
453180,5.1048,-63.20,0.50,12.75,41.89,0.3192,0.0,100.0,0.0,0.0,0.0,15848.9,15812.6
453240,5.1055,-63.12,0.50,12.82,41.79,0.3192,0.0,100.0,0.0,0.0,0.0,15852.1,15841.1
453300,5.1062,-63.03,0.50,12.90,41.69,0.3192,0.0,100.0,0.0,0.0,0.0,15849.6,15850.1
453360,5.1068,-62.95,0.50,12.98,41.58,0.3192,0.0,100.0,0.0,0.0,0.0,15810.1,15820.5
453420,5.1075,-62.86,0.50,13.06,41.48,0.3192,0.0,100.0,0.0,0.0,0.0,15847.2,15839.3
453480,5.1082,-62.78,0.50,13.14,41.38,0.3192,0.0,100.0,0.0,0.0,0.0,15780.8,15857.6
453540,5.1089,-62.69,0.50,13.22,41.27,0.3192,0.0,100.0,0.0,0.0,100.0,15841.6,15856.4
453600,5.1095,-62.60,0.50,13.30,41.41,0.3195,0.0,100.0,0.0,0.0,0.0,15819.0,15842.1
453660,5.1102,-62.51,0.50,13.38,41.30,0.3195,0.0,100.0,0.0,0.0,0.0,15827.2,15818.0
453720,5.1109,-62.42,0.50,13.46,41.19,0.3195,0.0,100.0,0.0,0.0,0.0,15802.2,15846.3
453780,5.1116,-62.34,0.50,13.54,41.08,0.3195,0.0,100.0,0.0,0.0,0.0,15837.8,15820.3
453840,5.1123,-62.25,0.50,13.62,40.96,0.3195,0.0,100.0,0.0,0.0,0.0,15782.6,15795.3
453900,5.1129,-62.16,0.50,13.70,40.85,0.3195,0.0,100.0,0.0,0.0,0.0,15868.6,15836.3
453960,5.1136,-62.07,0.50,13.79,40.74,0.3195,0.0,100.0,0.0,0.0,100.0,15836.7,15803.9
454020,5.1143,-61.98,0.50,13.87,40.86,0.3199,0.0,100.0,0.0,0.0,0.0,15848.8,15834.9
454080,5.1150,-61.88,0.50,13.95,40.74,0.3199,0.0,100.0,0.0,0.0,0.0,15842.3,15821.2
454140,5.1156,-61.79,0.50,14.04,40.63,0.3199,0.0,100.0,0.0,0.0,0.0,15839.8,15836.4
454200,5.1163,-61.70,0.50,14.12,40.51,0.3199,0.0,100.0,0.0,0.0,0.0,15818.0,15832.9
454260,5.1170,-61.61,0.50,14.21,40.39,0.3199,0.0,100.0,0.0,0.0,100.0,15849.3,15795.8
454320,5.1177,-61.52,0.50,14.29,40.50,0.3202,0.0,100.0,0.0,0.0,0.0,15809.4,15773.3
454380,5.1183,-61.42,0.50,14.38,40.38,0.3202,0.0,100.0,0.0,0.0,0.0,15808.3,15852.7
454440,5.1190,-61.33,0.50,14.46,40.26,0.3202,0.0,100.0,0.0,0.0,0.0,15797.7,15841.2
454500,5.1197,-61.24,0.50,14.55,40.13,0.3202,0.0,100.0,0.0,0.0,0.0,15833.1,15810.3
454560,5.1204,-61.14,0.50,14.64,40.01,0.3202,0.0,100.0,0.0,0.0,0.0,15811.2,15803.3
454620,5.1210,-61.05,0.50,14.73,39.89,0.3202,0.0,100.0,0.0,0.0,0.0,15816.7,15818.7
454680,5.1217,-60.95,0.50,14.82,39.76,0.3202,0.0,100.0,0.0,0.0,0.0,15827.7,15782.4
454740,5.1224,-60.86,0.50,14.90,39.64,0.3202,0.0,100.0,0.0,0.0,0.0,15824.4,15842.9
454800,5.1231,-60.76,0.50,14.99,39.51,0.3202,0.0,100.0,0.0,0.0,0.0,15849.1,15857.8
454860,5.1237,-60.66,0.50,15.08,39.39,0.3202,0.0,100.0,0.0,0.0,0.0,15824.0,15878.8
454920,5.1244,-60.57,0.50,15.17,39.26,0.3202,0.0,100.0,0.0,0.0,0.0,15811.1,15813.9
454980,5.1251,-60.47,0.50,15.26,39.13,0.3202,0.0,100.0,0.0,0.0,0.0,15870.5,15827.0
455040,5.1258,-60.37,0.50,15.35,39.00,0.3202,0.0,100.0,0.0,0.0,0.0,15839.6,15827.3
455100,5.1264,-60.27,0.50,15.45,38.88,0.3202,0.0,100.0,0.0,0.0,0.0,15808.3,15841.2
455160,5.1271,-60.17,0.50,15.54,38.75,0.3202,0.0,100.0,0.0,0.0,0.0,15831.9,15839.6
455220,5.1278,-60.07,0.50,15.63,38.62,0.3202,0.0,100.0,0.0,0.0,0.0,15843.0,15808.6
455280,5.1285,-59.97,0.50,15.72,38.49,0.3201,0.0,100.0,0.0,0.0,0.0,15806.5,15833.5
455340,5.1291,-59.87,0.50,15.81,38.36,0.3201,0.0,100.0,0.0,0.0,0.0,15800.6,15818.9
455400,5.1298,-59.77,0.50,15.91,38.23,0.3201,0.0,100.0,0.0,0.0,0.0,15803.3,15862.1
455460,5.1305,-59.67,0.50,16.00,38.10,0.3201,0.0,100.0,0.0,0.0,100.0,15860.0,15833.2
455520,5.1312,-59.57,0.50,16.10,38.18,0.3205,0.0,100.0,0.0,0.0,0.0,15794.9,15799.6
455580,5.1319,-59.47,0.50,16.19,38.05,0.3205,0.0,100.0,0.0,0.0,0.0,15825.8,15800.2
455640,5.1325,-59.37,0.50,16.29,37.92,0.3205,0.0,100.0,0.0,0.0,0.0,15840.5,15833.9
455700,5.1332,-59.27,0.50,16.38,37.78,0.3205,0.0,100.0,0.0,0.0,0.0,15855.8,15864.9
455760,5.1339,-59.16,0.50,16.48,37.65,0.3205,0.0,100.0,0.0,0.0,0.0,15827.9,15846.4
455820,5.1346,-59.06,0.50,16.57,37.51,0.3205,0.0,100.0,0.0,0.0,0.0,15832.2,15868.1
455880,5.1352,-58.96,0.50,16.67,37.38,0.3205,0.0,100.0,0.0,0.0,0.0,15838.3,15839.1
455940,5.1359,-58.85,0.50,16.77,37.24,0.3205,0.0,100.0,0.0,0.0,0.0,15812.9,15836.0
456000,5.1366,-58.75,0.50,16.87,37.11,0.3205,0.0,100.0,0.0,0.0,0.0,15821.3,15822.4
456060,5.1373,-58.64,0.50,16.96,36.97,0.3205,0.0,100.0,0.0,0.0,0.0,15822.2,15805.6
456120,5.1379,-58.54,0.50,17.06,36.84,0.3205,0.0,100.0,0.0,0.0,0.0,15863.3,15809.5
456180,5.1386,-58.43,0.50,17.16,36.70,0.3205,0.0,100.0,0.0,0.0,0.0,15820.4,15841.0
456240,5.1393,-58.33,0.50,17.26,36.57,0.3204,0.0,100.0,0.0,0.0,0.0,15841.2,15825.8
456300,5.1400,-58.22,0.50,17.36,36.43,0.3204,0.0,100.0,0.0,0.0,0.0,15834.1,15812.0
456360,5.1406,-58.12,0.50,17.46,36.29,0.3204,0.0,100.0,0.0,0.0,0.0,15829.4,15845.2
456420,5.1413,-58.01,0.50,17.56,36.16,0.3204,0.0,100.0,0.0,0.0,0.0,15822.8,15822.5
456480,5.1420,-57.90,0.50,17.66,36.02,0.3204,0.0,100.0,0.0,0.0,0.0,15800.5,15850.9
456540,5.1427,-57.79,0.50,17.76,35.88,0.3204,0.0,100.0,0.0,0.0,0.0,15792.1,15842.5
456600,5.1433,-57.69,0.50,17.87,35.74,0.3204,0.0,0.0,0.0,0.0,0.0,15857.7,15800.0
456660,5.1440,-57.58,0.50,13.38,47.03,0.3204,0.0,100.0,0.0,0.0,0.0,15816.6,15802.6
456720,5.1447,-57.47,0.50,13.75,46.03,0.3204,0.0,100.0,0.0,0.0,0.0,15805.4,15841.7
456780,5.1454,-57.36,0.50,14.11,45.11,0.3204,0.0,100.0,0.0,0.0,0.0,15811.2,15810.6
456840,5.1460,-57.25,0.50,14.46,44.24,0.3204,0.0,100.0,0.0,0.0,0.0,15850.1,15828.7
456900,5.1467,-57.14,0.50,14.79,43.44,0.3204,0.0,100.0,0.0,0.0,0.0,15833.1,15833.0
456960,5.1474,-57.03,0.50,15.11,42.69,0.3204,0.0,100.0,0.0,0.0,0.0,15802.8,15783.9
457020,5.1481,-56.92,0.50,15.41,41.98,0.3204,0.0,100.0,0.0,0.0,0.0,15832.7,15802.3
457080,5.1487,-56.81,0.50,15.71,41.32,0.3204,0.0,100.0,0.0,0.0,0.0,15850.3,15841.2
457140,5.1494,-56.70,0.50,15.99,40.70,0.3204,0.0,100.0,0.0,0.0,0.0,15825.2,15835.4
457200,5.1501,-56.59,0.50,16.26,40.12,0.3204,0.0,100.0,0.0,0.0,0.0,15842.1,15815.9
457260,5.1508,-56.47,0.50,16.52,39.56,0.3204,0.0,100.0,0.0,0.0,0.0,15823.8,15819.8
457320,5.1515,-56.36,0.50,16.78,39.04,0.3204,0.0,100.0,0.0,0.0,0.0,15843.8,15831.3
457380,5.1521,-56.25,0.50,17.02,38.55,0.3204,0.0,100.0,0.0,0.0,0.0,15840.2,15822.6
457440,5.1528,-56.14,0.50,17.26,38.08,0.3204,0.0,100.0,0.0,0.0,0.0,15858.0,15796.5
457500,5.1535,-56.02,0.50,17.49,37.64,0.3204,0.0,100.0,0.0,0.0,0.0,15843.0,15845.1
457560,5.1542,-55.91,0.50,17.72,37.22,0.3204,0.0,0.0,0.0,0.0,0.0,15868.0,15824.8
457620,5.1548,-55.80,0.50,13.34,48.63,0.3204,0.0,100.0,0.0,0.0,0.0,15826.0,15832.1
457680,5.1555,-55.68,0.50,13.83,47.28,0.3204,0.0,100.0,0.0,0.0,0.0,15828.8,15903.6
457740,5.1562,-55.57,0.50,14.29,46.03,0.3204,0.0,100.0,0.0,0.0,0.0,15813.1,15826.2
457800,5.1569,-55.45,0.50,14.73,44.89,0.3204,0.0,100.0,0.0,0.0,0.0,15850.5,15798.9
457860,5.1575,-55.34,0.50,15.15,43.82,0.3204,0.0,100.0,0.0,0.0,0.0,15843.4,15776.0
457920,5.1582,-55.22,0.50,15.56,42.84,0.3204,0.0,100.0,0.0,0.0,0.0,15793.8,15811.4
457980,5.1589,-55.11,0.50,15.94,41.93,0.3204,0.0,100.0,0.0,0.0,0.0,15855.2,15843.3
458040,5.1596,-54.99,0.50,16.31,41.08,0.3204,0.0,100.0,0.0,0.0,0.0,15796.3,15818.8
458100,5.1602,-54.87,0.50,16.67,40.28,0.3204,0.0,100.0,0.0,0.0,0.0,15844.3,15818.9
458160,5.1609,-54.76,0.50,17.01,39.54,0.3204,0.0,100.0,0.0,0.0,0.0,15826.0,15838.3
458220,5.1616,-54.64,0.50,17.34,38.85,0.3204,0.0,100.0,0.0,0.0,0.0,15822.5,15844.9
458280,5.1623,-54.52,0.50,17.65,38.20,0.3204,0.0,100.0,0.0,0.0,0.0,15854.1,15838.0
458340,5.1629,-54.40,0.50,17.96,37.59,0.3204,0.0,100.0,0.0,0.0,0.0,15835.8,15842.3
458400,5.1636,-54.29,0.50,18.25,37.02,0.3204,0.0,0.0,0.0,0.0,0.0,15789.9,15846.1
458460,5.1643,-54.17,0.50,13.94,48.12,0.3204,0.0,100.0,0.0,0.0,0.0,15826.6,15793.5
458520,5.1650,-54.05,0.50,14.49,46.61,0.3204,0.0,100.0,0.0,0.0,0.0,15819.8,15840.2
458580,5.1656,-53.93,0.50,15.01,45.23,0.3204,0.0,100.0,0.0,0.0,0.0,15827.7,15819.3
458640,5.1663,-53.81,0.50,15.50,43.96,0.3204,0.0,100.0,0.0,0.0,0.0,15867.4,15846.1
458700,5.1670,-53.69,0.50,15.98,42.79,0.3204,0.0,100.0,0.0,0.0,100.0,15856.9,15810.3
458760,5.1677,-53.57,0.50,16.43,41.91,0.3207,0.0,100.0,0.0,0.0,0.0,15805.0,15866.5
458820,5.1683,-53.45,0.50,16.86,40.91,0.3207,0.0,100.0,0.0,0.0,0.0,15839.2,15855.3
458880,5.1690,-53.33,0.50,17.28,39.98,0.3207,0.0,100.0,0.0,0.0,0.0,15846.0,15828.4
458940,5.1697,-53.21,0.50,17.67,39.12,0.3207,0.0,100.0,0.0,0.0,0.0,15818.6,15866.7
459000,5.1704,-53.09,0.50,18.05,38.31,0.3207,0.0,100.0,0.0,0.0,0.0,15817.6,15804.7
459060,5.1711,-52.97,0.50,18.42,37.56,0.3207,0.0,0.0,0.0,0.0,0.0,15862.8,15854.8
459120,5.1717,-52.85,0.50,14.18,48.60,0.3207,0.0,100.0,0.0,0.0,0.0,15848.3,15821.6
459180,5.1724,-52.73,0.50,14.79,46.89,0.3207,0.0,100.0,0.0,0.0,100.0,15845.9,15847.5
459240,5.1731,-52.60,0.50,15.37,45.53,0.3210,0.0,100.0,0.0,0.0,0.0,15824.4,15817.4
459300,5.1738,-52.48,0.50,15.92,44.10,0.3210,0.0,100.0,0.0,0.0,0.0,15799.0,15833.9
459360,5.1744,-52.36,0.50,16.45,42.79,0.3210,0.0,100.0,0.0,0.0,0.0,15830.6,15848.3
459420,5.1751,-52.24,0.50,16.96,41.58,0.3210,0.0,100.0,0.0,0.0,0.0,15834.8,15841.7
459480,5.1758,-52.11,0.50,17.44,40.48,0.3210,0.0,100.0,0.0,0.0,0.0,15821.5,15826.0
459540,5.1765,-51.99,0.50,17.90,39.45,0.3210,0.0,100.0,0.0,0.0,0.0,15816.2,15850.8
459600,5.1771,-51.87,0.50,18.34,38.51,0.3210,0.0,0.0,0.0,0.0,0.0,15818.1,15811.3
459660,5.1778,-51.74,0.50,14.17,49.61,0.3210,0.0,100.0,0.0,0.0,0.0,15836.4,15829.7
459720,5.1785,-51.62,0.50,14.85,47.67,0.3210,0.0,100.0,0.0,0.0,0.0,15845.7,15843.2
459780,5.1792,-51.49,0.50,15.49,45.91,0.3210,0.0,100.0,0.0,0.0,0.0,15834.9,15854.8
459840,5.1798,-51.37,0.50,16.10,44.30,0.3210,0.0,100.0,0.0,0.0,0.0,15817.5,15864.1
459900,5.1805,-51.24,0.50,16.69,42.84,0.3210,0.0,100.0,0.0,0.0,0.0,15843.7,15833.2
459960,5.1812,-51.12,0.50,17.24,41.51,0.3210,0.0,100.0,0.0,0.0,0.0,15874.3,15830.4
460020,5.1819,-50.99,0.50,17.77,40.29,0.3210,0.0,100.0,0.0,0.0,0.0,15842.9,15851.4
460080,5.1825,-50.87,0.50,18.28,39.16,0.3210,0.0,100.0,0.0,0.0,0.0,15836.3,15850.0
460140,5.1832,-50.74,0.50,18.77,38.12,0.3210,0.0,0.0,0.0,0.0,0.0,15831.4,15804.9
460200,5.1839,-50.61,0.50,14.64,48.94,0.3210,0.0,100.0,0.0,0.0,0.0,15825.7,15821.7
460260,5.1846,-50.49,0.50,15.35,46.93,0.3210,0.0,100.0,0.0,0.0,0.0,15838.6,15842.8
460320,5.1852,-50.36,0.50,16.03,45.10,0.3210,0.0,100.0,0.0,0.0,0.0,15802.0,15863.0
460380,5.1859,-50.23,0.50,16.68,43.44,0.3210,0.0,100.0,0.0,0.0,0.0,15843.7,15821.4
460440,5.1866,-50.11,0.50,17.30,41.93,0.3210,0.0,100.0,0.0,0.0,0.0,15822.9,15838.0
460500,5.1873,-49.98,0.50,17.89,40.56,0.3210,0.0,100.0,0.0,0.0,0.0,15835.1,15856.5
460560,5.1879,-49.85,0.50,18.45,39.30,0.3210,0.0,0.0,0.0,0.0,0.0,15835.0,15834.4
460620,5.1886,-49.73,0.50,14.39,50.26,0.3210,0.0,100.0,0.0,0.0,0.0,15842.9,15848.8
460680,5.1893,-49.60,0.50,15.18,47.98,0.3210,0.0,100.0,0.0,0.0,0.0,15838.9,15852.5
460740,5.1900,-49.47,0.50,15.92,45.93,0.3210,0.0,100.0,0.0,0.0,0.0,15849.7,15858.2
460800,5.1907,-49.34,0.50,16.63,44.08,0.3210,0.0,100.0,0.0,0.0,0.0,15832.9,15790.6
460860,5.1913,-49.21,0.50,17.30,42.41,0.3210,0.0,100.0,0.0,0.0,0.0,15807.1,15855.5
460920,5.1920,-49.08,0.50,17.94,40.89,0.3210,0.0,100.0,0.0,0.0,0.0,15841.9,15816.4
460980,5.1927,-48.95,0.50,18.55,39.50,0.3210,0.0,0.0,0.0,0.0,0.0,15805.9,15834.5
461040,5.1934,-48.82,0.50,14.54,50.36,0.3210,0.0,100.0,0.0,0.0,0.0,15845.0,15827.2
461100,5.1940,-48.70,0.50,15.37,47.95,0.3210,0.0,100.0,0.0,0.0,0.0,15839.3,15833.8
461160,5.1947,-48.57,0.50,16.16,45.78,0.3210,0.0,100.0,0.0,0.0,0.0,15840.6,15824.9
461220,5.1954,-48.44,0.50,16.91,43.84,0.3210,0.0,100.0,0.0,0.0,0.0,15823.0,15882.3
461280,5.1961,-48.31,0.50,17.62,42.08,0.3210,0.0,100.0,0.0,0.0,0.0,15842.8,15896.9
461340,5.1967,-48.18,0.50,18.29,40.49,0.3210,0.0,0.0,0.0,0.0,0.0,15842.3,15809.3
461400,5.1974,-48.04,0.50,14.35,51.45,0.3210,0.0,100.0,0.0,0.0,0.0,15825.0,15834.7
461460,5.1981,-47.91,0.50,15.23,48.81,0.3210,0.0,100.0,0.0,0.0,0.0,15795.6,15844.3
461520,5.1988,-47.78,0.50,16.08,46.45,0.3210,0.0,100.0,0.0,0.0,0.0,15846.3,15801.6
461580,5.1994,-47.65,0.50,16.87,44.33,0.3210,0.0,100.0,0.0,0.0,0.0,15832.9,15813.3
461640,5.2001,-47.52,0.50,17.63,42.43,0.3210,0.0,100.0,0.0,0.0,0.0,15846.4,15835.5
461700,5.2008,-47.39,0.50,18.36,40.71,0.3210,0.0,0.0,0.0,0.0,0.0,15837.1,15859.4
461760,5.2015,-47.26,0.50,14.45,51.59,0.3209,0.0,100.0,0.0,0.0,0.0,15812.8,15853.8
461820,5.2021,-47.13,0.50,15.38,48.82,0.3209,0.0,100.0,0.0,0.0,0.0,15787.0,15891.5
461880,5.2028,-46.99,0.50,16.26,46.36,0.3209,0.0,100.0,0.0,0.0,0.0,15815.4,15860.5
461940,5.2035,-46.86,0.50,17.09,44.15,0.3209,0.0,100.0,0.0,0.0,0.0,15826.6,15816.8
462000,5.2042,-46.73,0.50,17.89,42.18,0.3209,0.0,0.0,0.0,0.0,0.0,15845.5,15817.4
462060,5.2048,-46.60,0.50,14.05,53.27,0.3209,0.0,100.0,0.0,0.0,0.0,15828.0,15854.6
462120,5.2055,-46.47,0.50,15.04,50.20,0.3209,0.0,100.0,0.0,0.0,0.0,15840.5,15817.3
462180,5.2062,-46.33,0.50,15.98,47.49,0.3209,0.0,100.0,0.0,0.0,100.0,15875.0,15839.3
462240,5.2069,-46.20,0.50,16.87,45.24,0.3213,0.0,100.0,0.0,0.0,0.0,15843.3,15819.5
462300,5.2075,-46.07,0.50,17.72,43.08,0.3213,0.0,100.0,0.0,0.0,0.0,15830.4,15850.2
462360,5.2082,-45.93,0.50,18.52,41.13,0.3213,0.0,0.0,0.0,0.0,0.0,15824.2,15845.3
462420,5.2089,-45.80,0.50,14.69,51.86,0.3213,0.0,100.0,0.0,0.0,0.0,15838.8,15860.2
462480,5.2096,-45.67,0.50,15.69,48.86,0.3213,0.0,100.0,0.0,0.0,0.0,15832.0,15856.0
462540,5.2103,-45.53,0.50,16.64,46.21,0.3213,0.0,100.0,0.0,0.0,0.0,15840.1,15846.0
462600,5.2109,-45.40,0.50,17.54,43.85,0.3213,0.0,100.0,0.0,0.0,0.0,15832.1,15819.5
462660,5.2116,-45.27,0.50,18.40,41.74,0.3213,0.0,0.0,0.0,0.0,0.0,15851.0,15821.1
462720,5.2123,-45.13,0.50,14.62,52.49,0.3213,0.0,100.0,0.0,0.0,0.0,15847.6,15848.7
462780,5.2130,-45.00,0.50,15.66,49.32,0.3213,0.0,100.0,0.0,0.0,0.0,15844.6,15843.9
462840,5.2136,-44.86,0.50,16.65,46.52,0.3213,0.0,100.0,0.0,0.0,0.0,15852.5,15841.2
462900,5.2143,-44.73,0.50,17.59,44.04,0.3212,0.0,100.0,0.0,0.0,0.0,15832.3,15825.6
462960,5.2150,-44.59,0.50,18.48,41.83,0.3212,0.0,0.0,0.0,0.0,0.0,15820.0,15861.5
463020,5.2157,-44.46,0.50,14.74,52.48,0.3212,0.0,100.0,0.0,0.0,0.0,15855.6,15826.5
463080,5.2163,-44.32,0.50,15.81,49.22,0.3212,0.0,100.0,0.0,100.0,0.0,417.0,15827.3
463140,5.2170,-44.19,0.50,16.83,46.34,0.3212,0.0,100.0,0.0,100.0,0.0,440.4,15910.2
463200,5.2177,-44.05,0.50,17.80,43.80,0.3212,0.0,100.0,0.0,100.0,0.0,446.0,15933.1
463260,5.2184,-43.92,0.50,18.72,41.54,0.3212,0.0,0.0,0.0,100.0,0.0,413.2,16000.9
463320,5.2190,-43.78,0.50,15.00,52.00,0.3212,0.0,100.0,0.0,100.0,0.0,430.1,16091.3
463380,5.2197,-43.65,0.50,16.10,48.70,0.3212,0.0,100.0,0.0,100.0,0.0,433.2,16136.9
463440,5.2204,-43.51,0.50,17.15,45.80,0.3212,0.0,100.0,0.0,100.0,0.0,412.4,16216.6
463500,5.2211,-43.38,0.50,18.14,43.24,0.3212,0.0,0.0,0.0,100.0,0.0,398.5,16255.2
463560,5.2217,-43.24,0.50,14.48,53.97,0.3212,0.0,100.0,0.0,100.0,0.0,444.6,16304.8
463620,5.2224,-43.10,0.50,15.65,50.33,0.3212,0.0,100.0,0.0,100.0,0.0,443.6,16376.7
463680,5.2231,-42.97,0.50,16.75,47.15,0.3212,0.0,100.0,0.0,100.0,100.0,422.6,16442.3
463740,5.2238,-42.83,0.50,17.80,44.52,0.3216,0.0,100.0,0.0,100.0,0.0,406.1,16531.9
463800,5.2244,-42.70,0.50,18.79,42.04,0.3216,0.0,0.0,0.0,100.0,0.0,448.3,16575.9
463860,5.2251,-42.56,0.50,15.14,52.41,0.3216,0.0,100.0,0.0,100.0,0.0,399.0,16604.7
463920,5.2258,-42.42,0.50,16.31,48.89,0.3216,0.0,100.0,0.0,100.0,0.0,421.5,16642.9
463980,5.2265,-42.29,0.50,17.41,45.82,0.3216,0.0,100.0,0.0,100.0,0.0,449.5,16697.9
464040,5.2271,-42.15,0.50,18.46,43.11,0.3215,0.0,0.0,0.0,100.0,0.0,454.9,16817.2
464100,5.2278,-42.01,0.50,14.86,53.60,0.3215,0.0,100.0,0.0,100.0,0.0,447.5,16851.4
464160,5.2285,-41.88,0.50,16.07,49.84,0.3215,0.0,100.0,0.0,100.0,0.0,477.5,16935.1
464220,5.2292,-41.74,0.50,17.23,46.57,0.3215,0.0,100.0,0.0,100.0,0.0,463.5,17005.8
464280,5.2299,-41.60,0.50,18.32,43.70,0.3215,0.0,0.0,0.0,100.0,0.0,458.4,17007.9
464340,5.2305,-41.47,0.50,14.76,54.21,0.3215,0.0,100.0,0.0,100.0,0.0,447.4,17102.2
464400,5.2312,-41.33,0.50,16.01,50.29,0.3215,0.0,100.0,0.0,100.0,0.0,430.5,17165.3
464460,5.2319,-41.19,0.50,17.20,46.89,0.3215,0.0,100.0,0.0,100.0,0.0,440.4,17250.8
464520,5.2326,-41.06,0.50,18.33,43.91,0.3215,0.0,0.0,0.0,100.0,0.0,444.1,17282.1
464580,5.2332,-40.92,0.50,14.80,54.36,0.3215,0.0,100.0,0.0,100.0,0.0,416.4,17317.1
464640,5.2339,-40.78,0.50,16.08,50.34,0.3215,0.0,100.0,0.0,100.0,100.0,443.1,17426.8
464700,5.2346,-40.64,0.50,17.30,47.01,0.3219,0.0,100.0,0.0,100.0,0.0,437.5,17437.7
464760,5.2353,-40.51,0.50,18.45,43.96,0.3219,0.0,0.0,0.0,100.0,0.0,430.2,17508.7
464820,5.2359,-40.37,0.50,14.95,54.32,0.3219,0.0,100.0,0.0,100.0,0.0,450.0,17567.0
464880,5.2366,-40.23,0.50,16.26,50.23,0.3219,0.0,100.0,0.0,100.0,0.0,447.1,17688.4
464940,5.2373,-40.09,0.50,17.50,46.70,0.3219,0.0,100.0,0.0,100.0,0.0,413.8,17735.8
465000,5.2380,-39.96,0.50,18.67,43.61,0.3219,0.0,0.0,0.0,100.0,0.0,432.7,17759.9
465060,5.2386,-39.82,0.50,15.19,53.81,0.3219,0.0,100.0,0.0,100.0,0.0,433.2,17829.1
465120,5.2393,-39.68,0.50,16.52,49.72,0.3219,0.0,100.0,0.0,100.0,0.0,428.1,17900.3
465180,5.2400,-39.54,0.50,17.77,46.18,0.3218,0.0,100.0,0.0,100.0,0.0,426.4,17955.1
465240,5.2407,-39.41,0.50,18.96,43.09,0.3218,0.0,0.0,0.0,100.0,0.0,414.4,17991.9
465300,5.2413,-39.27,0.50,15.50,53.09,0.3218,0.0,100.0,0.0,100.0,0.0,444.7,18070.3
465360,5.2420,-39.13,0.50,16.84,49.02,0.3218,0.0,100.0,0.0,100.0,0.0,448.7,18099.2
465420,5.2427,-38.99,0.50,18.11,45.50,0.3218,0.0,0.0,0.0,100.0,0.0,428.5,18219.4
465480,5.2434,-38.85,0.50,14.72,55.88,0.3218,0.0,100.0,0.0,100.0,0.0,385.6,18259.9
465540,5.2440,-38.72,0.50,16.13,51.34,0.3218,0.0,100.0,0.0,100.0,0.0,466.2,18274.4
465600,5.2447,-38.58,0.50,17.46,47.44,0.3218,0.0,100.0,0.0,100.0,0.0,436.7,18377.5
465660,5.2454,-38.44,0.50,18.73,44.07,0.3218,0.0,0.0,0.0,100.0,0.0,427.1,18424.4
465720,5.2461,-38.30,0.50,15.34,54.08,0.3218,0.0,100.0,0.0,100.0,0.0,443.0,18477.0
465780,5.2467,-38.16,0.50,16.74,49.72,0.3218,0.0,100.0,0.0,100.0,0.0,460.3,18521.1
465840,5.2474,-38.03,0.50,18.08,45.97,0.3218,0.0,100.0,0.0,100.0,0.0,427.7,18627.2
465900,5.2481,-37.89,0.50,19.34,42.73,0.3218,0.0,0.0,0.0,100.0,0.0,435.5,18690.2
465960,5.2488,-37.75,0.50,15.94,52.40,0.3218,0.0,100.0,0.0,100.0,0.0,471.5,18701.0
466020,5.2495,-37.61,0.50,17.35,48.21,0.3218,0.0,100.0,0.0,100.0,0.0,434.4,18770.8
466080,5.2501,-37.47,0.50,18.68,44.64,0.3218,0.6,100.0,100.0,100.0,0.0,419.3,18851.0
466140,5.2508,-37.34,0.50,20.42,48.53,0.3216,304.0,100.0,100.0,100.0,0.0,394.0,18904.6
466200,5.2515,-37.20,0.50,22.07,51.10,0.3214,307.4,100.0,100.0,100.0,0.0,423.4,18941.0
466260,5.2522,-37.06,0.50,23.63,52.84,0.3212,310.8,0.0,100.0,100.0,0.0,431.4,19015.4
466320,5.2528,-36.92,0.50,20.53,68.00,0.3211,314.2,100.0,100.0,100.0,0.0,434.1,19054.8
466380,5.2535,-36.78,0.50,22.20,64.50,0.3209,317.6,100.0,100.0,100.0,0.0,447.8,19123.5
466440,5.2542,-36.65,0.50,23.79,62.19,0.3208,321.0,0.0,100.0,100.0,0.0,441.7,19177.4
466500,5.2549,-36.51,0.50,20.71,75.97,0.3207,324.4,100.0,100.0,100.0,0.0,426.0,19233.4
466560,5.2555,-36.37,0.50,22.41,69.50,0.3206,327.8,100.0,100.0,100.0,0.0,412.5,19312.5
466620,5.2562,-36.23,0.50,24.02,65.40,0.3205,331.2,0.0,100.0,100.0,0.0,408.7,19375.9
466680,5.2569,-36.09,0.50,20.95,78.65,0.3203,334.6,100.0,100.0,100.0,0.0,417.2,19457.3
466740,5.2576,-35.96,0.50,22.67,71.16,0.3202,338.0,100.0,100.0,100.0,0.0,422.3,19449.5
466800,5.2582,-35.82,0.50,24.30,66.46,0.3201,341.4,0.0,100.0,100.0,0.0,433.9,19548.0
466860,5.2589,-35.68,0.50,21.25,79.49,0.3200,344.8,100.0,100.0,100.0,0.0,445.9,19614.8
466920,5.2596,-35.54,0.50,22.99,71.67,0.3199,348.2,100.0,100.0,100.0,0.0,411.8,19618.9
466980,5.2603,-35.41,0.50,24.63,66.77,0.3198,351.6,0.0,100.0,100.0,0.0,422.4,19708.6
467040,5.2609,-35.27,0.50,21.60,79.68,0.3197,355.0,100.0,100.0,100.0,0.0,456.0,19772.9
467100,5.2616,-35.13,0.50,23.34,71.77,0.3196,358.3,0.0,100.0,100.0,0.0,431.4,19840.7
467160,5.2623,-34.99,0.50,20.41,84.04,0.3195,361.7,100.0,100.0,100.0,0.0,405.4,19885.5
467220,5.2630,-34.85,0.50,22.25,74.35,0.3194,365.1,100.0,100.0,100.0,0.0,404.0,19929.7
467280,5.2636,-34.72,0.50,23.99,68.42,0.3193,368.5,0.0,100.0,100.0,0.0,458.8,19963.7
467340,5.2643,-34.58,0.50,21.05,81.11,0.3192,371.9,100.0,100.0,100.0,0.0,438.1,20010.3
467400,5.2650,-34.44,0.50,22.88,72.55,0.3191,375.3,100.0,100.0,100.0,0.0,431.5,19969.7
467460,5.2657,-34.30,0.50,24.62,67.27,0.3190,378.6,0.0,100.0,100.0,0.0,448.9,19981.2
467520,5.2663,-34.17,0.50,21.68,80.02,0.3188,382.0,100.0,100.0,100.0,0.0,442.6,20009.0
467580,5.2670,-34.03,0.50,23.51,71.88,0.3188,385.4,0.0,100.0,100.0,0.0,458.8,20007.8
467640,5.2677,-33.89,0.50,20.65,83.99,0.3186,388.8,100.0,100.0,100.0,0.0,410.9,19987.5
467700,5.2684,-33.76,0.50,22.57,74.20,0.3186,392.2,100.0,100.0,100.0,0.0,436.7,19982.1
467760,5.2691,-33.62,0.50,24.38,68.26,0.3185,395.5,0.0,100.0,100.0,0.0,421.9,20012.1
467820,5.2697,-33.48,0.50,21.50,80.82,0.3183,398.9,100.0,100.0,100.0,0.0,434.3,20008.1
467880,5.2704,-33.35,0.50,23.40,72.29,0.3182,402.3,0.0,100.0,100.0,0.0,427.3,19957.5
467940,5.2711,-33.21,0.50,20.60,84.26,0.3181,405.6,100.0,100.0,100.0,0.0,443.0,20010.7
468000,5.2718,-33.07,0.50,22.58,74.27,0.3180,409.0,100.0,100.0,100.0,0.0,417.3,19997.9
468060,5.2724,-32.93,0.50,24.44,68.25,0.3179,412.4,0.0,100.0,100.0,100.0,401.2,20019.1
468120,5.2731,-32.80,0.50,21.62,80.81,0.3181,415.7,100.0,100.0,100.0,0.0,424.0,19977.4
468180,5.2738,-32.66,0.50,23.56,72.22,0.3180,419.1,0.0,100.0,100.0,0.0,442.4,19992.0
468240,5.2745,-32.53,0.50,20.81,84.10,0.3179,422.5,100.0,100.0,100.0,0.0,436.7,19985.6
468300,5.2751,-32.39,0.50,22.83,74.10,0.3179,425.8,100.0,100.0,100.0,0.0,448.2,20004.0
468360,5.2758,-32.25,0.50,24.73,68.10,0.3177,429.2,0.0,100.0,100.0,0.0,423.2,19974.3
468420,5.2765,-32.12,0.50,21.95,80.52,0.3176,432.5,100.0,100.0,100.0,0.0,408.4,19995.2
468480,5.2772,-31.98,0.50,23.93,71.98,0.3175,435.9,0.0,100.0,100.0,0.0,432.8,20038.9
468540,5.2778,-31.84,0.50,21.21,83.78,0.3174,439.2,100.0,100.0,100.0,0.0,456.4,19972.4
468600,5.2785,-31.71,0.50,23.26,73.86,0.3173,442.6,0.0,100.0,100.0,0.0,454.1,19988.6
468660,5.2792,-31.57,0.50,20.60,85.34,0.3172,445.9,100.0,100.0,100.0,0.0,456.9,20010.7
468720,5.2799,-31.44,0.50,22.70,74.70,0.3171,449.2,0.0,100.0,100.0,0.0,441.3,20018.7
468780,5.2805,-31.30,0.50,20.10,86.04,0.3170,452.6,100.0,100.0,100.0,0.0,425.3,19993.5
468840,5.2812,-31.17,0.50,22.26,75.01,0.3169,455.9,100.0,100.0,100.0,0.0,440.4,20010.3
468900,5.2819,-31.03,0.50,24.30,68.55,0.3168,459.2,0.0,100.0,100.0,0.0,461.0,20016.7
468960,5.2826,-30.90,0.50,21.63,80.83,0.3167,462.6,100.0,100.0,100.0,0.0,415.2,19982.7
469020,5.2832,-30.76,0.50,23.73,72.01,0.3166,465.9,0.0,100.0,100.0,0.0,440.5,20015.9
469080,5.2839,-30.63,0.50,21.12,83.67,0.3165,469.2,100.0,100.0,100.0,0.0,416.6,20034.1
469140,5.2846,-30.49,0.50,23.27,73.63,0.3164,472.5,0.0,100.0,100.0,0.0,446.1,20002.1
469200,5.2853,-30.36,0.50,20.72,84.99,0.3163,475.8,100.0,100.0,100.0,0.0,419.0,19991.7
469260,5.2859,-30.22,0.50,22.91,74.33,0.3162,479.2,100.0,100.0,100.0,0.0,452.8,19999.4
469320,5.2866,-30.09,0.50,24.99,68.07,0.3161,482.5,0.0,100.0,100.0,0.0,454.2,19968.4
469380,5.2873,-29.95,0.50,22.36,80.23,0.3159,485.8,100.0,100.0,100.0,0.0,439.8,20022.8
469440,5.2880,-29.82,0.50,24.49,71.59,0.3158,489.1,0.0,100.0,100.0,0.0,456.4,20013.1
469500,5.2887,-29.68,0.50,21.91,83.11,0.3157,492.4,100.0,100.0,100.0,0.0,462.6,19996.6
469560,5.2893,-29.55,0.50,24.09,73.24,0.3156,495.7,0.0,100.0,100.0,0.0,419.1,19982.3
469620,5.2900,-29.42,0.50,21.56,84.45,0.3155,499.0,100.0,100.0,100.0,0.0,432.5,20005.1
469680,5.2907,-29.28,0.50,23.78,73.97,0.3154,502.3,0.0,100.0,100.0,0.0,455.9,19987.9
469740,5.2914,-29.15,0.50,21.29,85.03,0.3153,505.5,100.0,100.0,100.0,0.0,438.7,20003.3
469800,5.2920,-29.02,0.50,23.55,74.24,0.3152,508.8,0.0,100.0,100.0,100.0,446.6,20027.0
469860,5.2927,-28.88,0.50,21.09,85.28,0.3154,512.1,100.0,100.0,100.0,0.0,399.5,19991.2
469920,5.2934,-28.75,0.50,23.38,74.34,0.3153,515.4,0.0,100.0,100.0,0.0,421.7,20005.0
469980,5.2941,-28.62,0.50,20.96,85.28,0.3152,518.6,100.0,100.0,100.0,0.0,424.0,19986.5
470040,5.2947,-28.48,0.50,23.28,74.28,0.3151,521.9,0.0,100.0,100.0,0.0,424.6,19998.8
470100,5.2954,-28.35,0.50,20.88,85.22,0.3150,525.2,100.0,100.0,100.0,0.0,440.1,20026.8
470160,5.2961,-28.22,0.50,23.23,74.20,0.3149,528.4,0.0,100.0,100.0,0.0,449.0,19999.0
470220,5.2968,-28.09,0.50,20.85,85.12,0.3148,531.7,100.0,100.0,100.0,0.0,411.6,19989.3
470280,5.2974,-27.96,0.50,23.22,74.10,0.3147,534.9,0.0,100.0,100.0,0.0,445.3,19988.4
470340,5.2981,-27.82,0.50,20.87,85.00,0.3146,538.2,100.0,100.0,100.0,0.0,415.1,19995.5
470400,5.2988,-27.69,0.50,23.26,74.00,0.3145,541.4,0.0,100.0,100.0,0.0,438.8,19972.3
470460,5.2995,-27.56,0.50,20.93,84.88,0.3144,544.7,100.0,100.0,100.0,0.0,453.7,19996.7
470520,5.3001,-27.43,0.50,23.34,73.90,0.3143,547.9,0.0,100.0,100.0,0.0,426.2,19995.2
470580,5.3008,-27.30,0.50,21.02,84.76,0.3142,551.1,100.0,100.0,100.0,100.0,437.8,20003.2
470640,5.3015,-27.17,0.50,23.44,73.83,0.3145,554.3,0.0,100.0,100.0,0.0,469.3,19967.7
470700,5.3022,-27.04,0.50,21.14,84.65,0.3143,557.6,100.0,100.0,100.0,100.0,411.1,20021.0
470760,5.3028,-26.91,0.50,23.58,73.74,0.3146,560.8,0.0,100.0,100.0,0.0,442.5,20007.7
470820,5.3035,-26.78,0.50,21.29,84.53,0.3144,564.0,100.0,100.0,100.0,0.0,451.3,19973.9
470880,5.3042,-26.65,0.50,23.74,73.62,0.3144,567.2,0.0,100.0,100.0,0.0,448.6,20015.2
470940,5.3049,-26.52,0.50,21.46,84.37,0.3142,570.4,100.0,100.0,100.0,0.0,453.7,19998.5
471000,5.3055,-26.39,0.50,23.92,73.52,0.3142,573.6,0.0,100.0,100.0,0.0,433.9,19979.3
471060,5.3062,-26.26,0.50,21.66,84.23,0.3140,576.8,100.0,100.0,100.0,0.0,429.3,20012.1
471120,5.3069,-26.13,0.50,24.13,73.42,0.3139,580.0,0.0,100.0,100.0,0.0,413.1,19956.2
471180,5.3076,-26.00,0.50,21.87,84.09,0.3138,583.1,100.0,100.0,100.0,0.0,443.8,20017.7
471240,5.3083,-25.87,0.50,24.34,73.32,0.3137,586.3,0.0,100.0,100.0,0.0,439.1,20002.5
471300,5.3089,-25.74,0.50,22.09,83.94,0.3136,589.5,100.0,100.0,100.0,0.0,413.4,19981.5
471360,5.3096,-25.61,0.50,24.58,73.22,0.3135,592.6,0.0,100.0,100.0,0.0,417.5,20010.2
471420,5.3103,-25.48,0.50,22.34,83.80,0.3134,595.8,100.0,100.0,100.0,0.0,427.8,20020.1
471480,5.3110,-25.35,0.50,24.83,73.13,0.3133,599.0,0.0,100.0,100.0,0.0,482.9,20018.8
471540,5.3116,-25.23,0.50,22.59,83.66,0.3131,602.1,100.0,100.0,100.0,0.0,444.8,19982.9
471600,5.3123,-25.10,0.50,25.08,73.03,0.3130,605.2,0.0,100.0,100.0,0.0,431.9,19987.1
471660,5.3130,-24.97,0.50,22.85,83.52,0.3129,608.4,100.0,100.0,100.0,0.0,445.2,20042.3
471720,5.3137,-24.84,0.50,25.35,72.94,0.3128,611.5,0.0,100.0,100.0,0.0,445.4,19992.5
471780,5.3143,-24.72,0.50,23.13,83.37,0.3127,614.6,0.0,100.0,100.0,0.0,420.0,20018.7
471840,5.3150,-24.59,0.50,21.04,91.52,0.3126,617.8,100.0,100.0,100.0,100.0,435.8,20000.9
471900,5.3157,-24.46,0.50,23.68,77.22,0.3129,620.9,0.0,100.0,100.0,0.0,457.6,19996.0
471960,5.3164,-24.34,0.50,21.58,86.79,0.3127,624.0,100.0,100.0,100.0,0.0,440.9,20013.2
472020,5.3170,-24.21,0.50,24.21,74.59,0.3127,627.1,0.0,100.0,100.0,0.0,434.0,20010.1
472080,5.3177,-24.09,0.50,22.10,84.69,0.3125,630.2,100.0,100.0,100.0,0.0,470.9,20007.4
472140,5.3184,-23.96,0.50,24.72,73.42,0.3125,633.3,0.0,100.0,100.0,0.0,438.7,20007.6
472200,5.3191,-23.84,0.50,22.60,83.69,0.3123,636.4,100.0,100.0,100.0,0.0,468.9,19986.0
472260,5.3197,-23.71,0.50,25.21,72.86,0.3122,639.4,0.0,100.0,100.0,0.0,404.8,20018.4
472320,5.3204,-23.59,0.50,23.08,83.16,0.3121,642.5,0.0,100.0,100.0,0.0,429.9,19987.0
472380,5.3211,-23.46,0.50,21.09,91.13,0.3120,645.6,100.0,100.0,100.0,0.0,430.5,20015.4
472440,5.3218,-23.34,0.50,23.81,76.80,0.3119,648.6,0.0,100.0,100.0,0.0,403.2,20033.2
472500,5.3224,-23.21,0.50,21.80,86.26,0.3118,651.7,100.0,100.0,100.0,0.0,444.0,20054.5
472560,5.3231,-23.09,0.50,24.50,74.15,0.3117,654.7,0.0,100.0,100.0,0.0,450.6,19993.3
472620,5.3238,-22.96,0.50,22.47,84.15,0.3116,657.8,100.0,100.0,100.0,0.0,417.5,19994.3
472680,5.3245,-22.84,0.50,25.15,72.99,0.3115,660.8,0.0,100.0,100.0,0.0,472.1,19986.2
472740,5.3251,-22.72,0.50,23.10,83.14,0.3114,663.9,0.0,100.0,100.0,0.0,447.5,20007.0
472800,5.3258,-22.60,0.50,21.17,90.93,0.3113,666.9,100.0,100.0,100.0,0.0,447.9,20016.1
472860,5.3265,-22.47,0.50,23.97,76.56,0.3112,669.9,0.0,100.0,100.0,0.0,431.4,20025.9
472920,5.3272,-22.35,0.50,22.01,85.92,0.3111,672.9,100.0,100.0,100.0,0.0,444.0,19996.2
472980,5.3279,-22.23,0.50,24.77,73.86,0.3110,675.9,0.0,100.0,100.0,0.0,439.6,20007.9
473040,5.3285,-22.11,0.50,22.79,83.76,0.3109,678.9,0.0,100.0,100.0,0.0,420.0,19965.9
473100,5.3292,-21.99,0.50,20.93,91.27,0.3108,681.9,100.0,100.0,100.0,100.0,426.1,19994.3
473160,5.3299,-21.86,0.50,23.79,76.62,0.3111,684.9,0.0,100.0,100.0,0.0,407.7,19972.2
473220,5.3306,-21.74,0.50,21.89,85.88,0.3109,687.8,100.0,100.0,100.0,0.0,464.2,19980.3
473280,5.3312,-21.62,0.50,24.71,73.74,0.3108,690.8,0.0,100.0,100.0,0.0,436.6,20002.6
473340,5.3319,-21.50,0.50,22.78,83.58,0.3107,693.8,100.0,100.0,100.0,0.0,449.5,19984.2
473400,5.3326,-21.38,0.50,25.57,72.51,0.3106,696.7,0.0,100.0,100.0,0.0,422.4,20007.5
473460,5.3333,-21.26,0.50,23.60,82.51,0.3105,699.7,0.0,100.0,100.0,100.0,407.1,19997.0
473520,5.3339,-21.14,0.50,21.77,90.18,0.3107,702.6,100.0,100.0,100.0,100.0,444.5,19983.6
473580,5.3346,-21.02,0.50,24.64,76.02,0.3110,705.5,0.0,100.0,100.0,0.0,429.8,20026.3
473640,5.3353,-20.91,0.50,22.76,85.20,0.3108,708.5,100.0,100.0,100.0,0.0,440.1,19999.7
473700,5.3360,-20.79,0.50,25.60,73.33,0.3107,711.4,0.0,100.0,100.0,0.0,432.9,19983.5
473760,5.3366,-20.67,0.50,23.68,83.04,0.3106,714.3,0.0,100.0,100.0,0.0,411.6,19989.0
473820,5.3373,-20.55,0.50,21.89,90.41,0.3105,717.2,100.0,100.0,100.0,0.0,433.4,19965.4
473880,5.3380,-20.43,0.50,24.80,76.05,0.3104,720.1,0.0,100.0,100.0,0.0,444.7,19987.4
473940,5.3387,-20.32,0.50,22.96,85.11,0.3103,723.0,100.0,100.0,100.0,0.0,461.3,19984.6
474000,5.3393,-20.20,0.50,25.83,73.22,0.3102,725.9,0.0,100.0,100.0,0.0,417.9,20007.2
474060,5.3400,-20.08,0.50,23.94,82.83,0.3101,728.7,0.0,100.0,100.0,100.0,440.9,19997.7
474120,5.3407,-19.97,0.50,22.18,90.16,0.3103,731.6,100.0,100.0,100.0,0.0,441.6,20009.8
474180,5.3414,-19.85,0.50,25.13,75.86,0.3102,734.5,0.0,100.0,100.0,0.0,432.1,19989.9
474240,5.3420,-19.73,0.50,23.31,84.84,0.3101,737.3,0.0,100.0,100.0,0.0,450.4,19971.6
474300,5.3427,-19.62,0.50,21.62,91.54,0.3100,740.1,100.0,100.0,100.0,100.0,449.0,20000.2
474360,5.3434,-19.50,0.50,24.62,76.48,0.3103,743.0,0.0,100.0,100.0,100.0,428.2,20009.4
474420,5.3441,-19.39,0.50,22.87,85.34,0.3105,745.8,100.0,100.0,100.0,0.0,424.4,19999.9
474480,5.3447,-19.27,0.50,25.82,73.21,0.3104,748.6,0.0,100.0,100.0,0.0,473.3,19999.3
474540,5.3454,-19.16,0.50,24.01,82.69,0.3103,751.4,0.0,100.0,100.0,0.0,449.1,20018.8
474600,5.3461,-19.05,0.50,22.32,89.83,0.3102,754.2,100.0,100.0,100.0,0.0,465.3,20024.7
474660,5.3468,-18.93,0.50,25.33,75.56,0.3101,757.0,0.0,100.0,100.0,0.0,395.8,20013.5
474720,5.3475,-18.82,0.50,23.57,84.45,0.3100,759.8,0.0,100.0,100.0,0.0,449.4,19974.8
474780,5.3481,-18.71,0.50,21.94,91.05,0.3099,762.6,100.0,100.0,100.0,0.0,428.7,19974.4
474840,5.3488,-18.60,0.50,24.99,76.11,0.3098,765.3,0.0,100.0,100.0,0.0,405.7,19984.8
474900,5.3495,-18.48,0.50,23.29,84.83,0.3097,768.1,0.0,100.0,100.0,0.0,426.9,19999.1
474960,5.3502,-18.37,0.50,21.70,91.26,0.3096,770.9,100.0,100.0,100.0,0.0,445.9,19982.0
475020,5.3508,-18.26,0.50,24.80,76.13,0.3095,773.6,0.0,100.0,0.0,100.0,20003.6,20010.2
475080,5.3515,-18.15,0.50,23.13,84.86,0.3097,776.3,0.0,100.0,0.0,0.0,20004.0,19990.3
475140,5.3522,-18.04,0.50,21.57,91.21,0.3096,779.1,100.0,100.0,0.0,0.0,19981.5,20005.9
475200,5.3529,-17.93,0.50,24.71,76.03,0.3096,781.8,0.0,100.0,0.0,0.0,19992.0,19987.2
475260,5.3535,-17.82,0.50,23.07,84.70,0.3094,784.5,100.0,100.0,0.0,0.0,20001.3,19986.1
475320,5.3542,-17.71,0.50,26.14,72.66,0.3093,787.2,0.0,100.0,0.0,0.0,19985.5,19965.0
475380,5.3549,-17.60,0.50,24.43,82.01,0.3092,789.9,0.0,100.0,0.0,0.0,20005.1,19955.6
475440,5.3556,-17.49,0.50,22.84,89.01,0.3091,792.6,100.0,100.0,0.0,0.0,19984.8,19985.4
475500,5.3562,-17.38,0.50,25.95,74.94,0.3090,795.2,0.0,100.0,0.0,0.0,19966.9,19975.1
475560,5.3569,-17.27,0.50,24.28,83.67,0.3089,797.9,0.0,100.0,0.0,0.0,19963.2,19975.3
475620,5.3576,-17.17,0.50,22.73,90.15,0.3088,800.5,100.0,100.0,0.0,0.0,19970.1,19952.4
475680,5.3583,-17.06,0.50,25.86,75.50,0.3087,803.2,0.0,100.0,0.0,0.0,20015.6,19961.7
475740,5.3589,-16.95,0.50,24.23,84.04,0.3086,805.8,0.0,100.0,0.0,0.0,19966.1,19945.5
475800,5.3596,-16.84,0.50,22.70,90.35,0.3085,808.5,100.0,100.0,0.0,0.0,19941.0,19966.5
475860,5.3603,-16.74,0.50,25.86,75.55,0.3084,811.1,0.0,100.0,0.0,0.0,19977.9,19953.9
475920,5.3610,-16.63,0.50,24.26,84.03,0.3083,813.7,0.0,100.0,0.0,0.0,19950.0,19933.3
475980,5.3616,-16.53,0.50,22.75,90.28,0.3082,816.3,0.0,100.0,0.0,0.0,19939.6,19973.0
476040,5.3623,-16.42,0.50,21.35,94.67,0.3081,818.9,100.0,100.0,0.0,100.0,19946.4,19923.1
476100,5.3630,-16.32,0.50,24.63,77.55,0.3084,821.5,0.0,100.0,0.0,100.0,19938.3,19903.6
476160,5.3637,-16.21,0.50,23.13,85.58,0.3086,824.0,0.0,100.0,0.0,0.0,19931.2,19909.0
476220,5.3643,-16.11,0.50,21.72,91.31,0.3085,826.6,100.0,100.0,0.0,0.0,19944.7,19979.1
476280,5.3650,-16.00,0.50,25.00,75.80,0.3085,829.1,0.0,100.0,0.0,0.0,19942.9,19889.5
476340,5.3657,-15.90,0.50,23.51,84.19,0.3083,831.7,0.0,100.0,0.0,0.0,19916.3,19928.1
476400,5.3664,-15.80,0.50,22.11,90.26,0.3082,834.2,100.0,100.0,0.0,0.0,19923.9,19934.6
476460,5.3671,-15.69,0.50,25.39,75.26,0.3082,836.7,0.0,100.0,0.0,0.0,19924.3,19909.7
476520,5.3677,-15.59,0.50,23.89,83.70,0.3080,839.3,0.0,100.0,0.0,0.0,19907.8,19936.6
476580,5.3684,-15.49,0.50,22.50,89.84,0.3079,841.8,100.0,100.0,0.0,0.0,19906.4,19892.5
476640,5.3691,-15.39,0.50,25.78,75.04,0.3078,844.3,0.0,100.0,0.0,0.0,19886.6,19909.5
476700,5.3698,-15.29,0.50,24.29,83.45,0.3077,846.7,0.0,100.0,0.0,0.0,19864.0,19928.7
476760,5.3704,-15.19,0.50,22.89,89.59,0.3076,849.2,0.0,100.0,0.0,0.0,19886.5,19864.5
476820,5.3711,-15.09,0.50,21.58,93.88,0.3075,851.7,100.0,100.0,0.0,0.0,19914.9,19901.8
476880,5.3718,-14.99,0.50,24.95,76.95,0.3075,854.1,0.0,100.0,0.0,0.0,19883.5,19855.3
476940,5.3725,-14.89,0.50,23.54,84.86,0.3073,856.6,0.0,100.0,0.0,0.0,19880.2,19920.2
477000,5.3731,-14.79,0.50,22.22,90.52,0.3072,859.0,100.0,100.0,0.0,0.0,19885.7,19896.9
477060,5.3738,-14.69,0.50,25.58,75.25,0.3072,861.4,0.0,100.0,0.0,0.0,19873.2,19875.0
477120,5.3745,-14.59,0.50,24.15,83.52,0.3070,863.9,0.0,100.0,0.0,0.0,19868.3,19857.5
477180,5.3752,-14.50,0.50,22.82,89.51,0.3069,866.3,100.0,100.0,0.0,0.0,19913.0,19892.8
477240,5.3758,-14.40,0.50,26.16,74.76,0.3069,868.7,0.0,100.0,0.0,0.0,19868.2,19878.1
477300,5.3765,-14.30,0.50,24.72,83.05,0.3067,871.0,0.0,100.0,0.0,0.0,19876.6,19880.8
477360,5.3772,-14.21,0.50,23.38,89.10,0.3066,873.4,0.0,100.0,0.0,100.0,19865.6,19851.3
477420,5.3779,-14.11,0.50,22.12,93.35,0.3069,875.8,100.0,100.0,0.0,0.0,19863.3,19846.7
477480,5.3785,-14.01,0.50,25.54,76.61,0.3068,878.1,0.0,100.0,0.0,0.0,19879.4,19880.0
477540,5.3792,-13.92,0.50,24.17,84.39,0.3067,880.5,0.0,100.0,0.0,0.0,19830.6,19843.3
477600,5.3799,-13.82,0.50,22.89,89.99,0.3066,882.8,100.0,100.0,0.0,0.0,19844.3,19848.5
477660,5.3806,-13.73,0.50,26.29,74.92,0.3065,885.1,0.0,100.0,0.0,0.0,19824.7,19823.2
477720,5.3812,-13.64,0.50,24.89,83.05,0.3064,887.4,0.0,100.0,0.0,0.0,19824.7,19838.5
477780,5.3819,-13.54,0.50,23.59,88.97,0.3063,889.7,0.0,100.0,0.0,0.0,19813.2,19850.9
477840,5.3826,-13.45,0.50,22.38,93.09,0.3062,892.0,100.0,100.0,0.0,0.0,19818.2,19827.4
477900,5.3833,-13.36,0.50,25.83,76.41,0.3061,894.3,0.0,100.0,0.0,100.0,19809.2,19806.4
477960,5.3839,-13.26,0.50,24.50,84.16,0.3063,896.6,0.0,100.0,0.0,0.0,19843.8,19819.0
478020,5.3846,-13.17,0.50,23.25,89.68,0.3062,898.8,0.0,100.0,0.0,0.0,19810.2,19814.9
478080,5.3853,-13.08,0.50,22.08,93.49,0.3062,901.1,100.0,100.0,0.0,100.0,19776.2,19801.9
478140,5.3860,-12.99,0.50,25.59,76.52,0.3065,903.3,0.0,100.0,0.0,0.0,19828.5,19842.6
478200,5.3867,-12.90,0.50,24.30,84.16,0.3063,905.5,0.0,100.0,0.0,0.0,19807.7,19824.6
478260,5.3873,-12.81,0.50,23.09,89.62,0.3062,907.8,100.0,100.0,0.0,0.0,19804.6,19838.7
478320,5.3880,-12.72,0.50,26.55,74.61,0.3061,910.0,0.0,100.0,0.0,100.0,19832.1,19786.4
478380,5.3887,-12.63,0.50,25.23,82.69,0.3063,912.2,0.0,100.0,0.0,0.0,19786.1,19803.2
478440,5.3894,-12.54,0.50,23.99,88.50,0.3062,914.3,0.0,100.0,0.0,0.0,19817.8,19818.3
478500,5.3900,-12.45,0.50,22.83,92.55,0.3061,916.5,100.0,100.0,0.0,0.0,19824.1,19816.1
478560,5.3907,-12.37,0.50,26.34,76.05,0.3061,918.7,0.0,100.0,0.0,100.0,19767.8,19818.4
478620,5.3914,-12.28,0.50,25.05,83.69,0.3063,920.8,0.0,100.0,0.0,0.0,19791.0,19790.6
478680,5.3921,-12.19,0.50,23.85,89.15,0.3061,923.0,0.0,100.0,0.0,0.0,19767.1,19830.5
478740,5.3927,-12.11,0.50,22.73,92.92,0.3061,925.1,100.0,100.0,0.0,0.0,19784.2,19763.8
478800,5.3934,-12.02,0.50,26.27,76.17,0.3060,927.2,0.0,100.0,0.0,0.0,19806.3,19777.7
478860,5.3941,-11.93,0.50,25.02,83.69,0.3059,929.3,0.0,100.0,0.0,0.0,19797.5,19766.8
478920,5.3948,-11.85,0.50,23.84,89.08,0.3058,931.4,0.0,100.0,0.0,0.0,19758.4,19782.9
478980,5.3954,-11.77,0.50,22.75,92.79,0.3057,933.5,100.0,100.0,0.0,0.0,19798.5,19730.9
479040,5.3961,-11.68,0.50,26.32,76.05,0.3057,935.5,0.0,100.0,0.0,0.0,19776.9,19745.0
479100,5.3968,-11.60,0.50,25.09,83.55,0.3055,937.6,0.0,100.0,0.0,100.0,19764.6,19785.5
479160,5.3975,-11.51,0.50,23.94,88.94,0.3057,939.6,0.0,100.0,0.0,100.0,19718.4,19735.1
479220,5.3981,-11.43,0.50,22.86,92.65,0.3060,941.7,100.0,100.0,0.0,0.0,19761.1,19743.6
479280,5.3988,-11.35,0.50,26.45,75.95,0.3059,943.7,0.0,100.0,0.0,0.0,19720.8,19729.1
479340,5.3995,-11.27,0.50,25.24,83.41,0.3058,945.7,0.0,100.0,0.0,100.0,19707.9,19743.2
479400,5.4002,-11.19,0.50,24.11,88.78,0.3060,947.7,0.0,100.0,0.0,0.0,19751.1,19770.1
479460,5.4008,-11.11,0.50,23.05,92.45,0.3059,949.7,100.0,100.0,0.0,0.0,19742.6,19735.4
479520,5.4015,-11.03,0.50,26.65,75.82,0.3059,951.7,0.0,100.0,0.0,0.0,19753.4,19740.3
479580,5.4022,-10.95,0.50,25.46,83.25,0.3057,953.6,0.0,100.0,0.0,100.0,19722.0,19707.0
479640,5.4029,-10.87,0.50,24.34,88.60,0.3060,955.6,0.0,100.0,0.0,0.0,19732.7,19742.9
479700,5.4035,-10.79,0.50,23.29,92.26,0.3059,957.5,0.0,100.0,0.0,0.0,19703.7,19693.3
479760,5.4042,-10.71,0.50,22.32,94.69,0.3058,959.5,100.0,100.0,0.0,0.0,19714.2,19708.6
479820,5.4049,-10.63,0.50,25.99,76.78,0.3058,961.4,0.0,100.0,0.0,0.0,19741.3,19707.0
479880,5.4056,-10.55,0.50,24.87,83.94,0.3056,963.3,0.0,100.0,0.0,0.0,19694.9,19712.2
479940,5.4063,-10.48,0.50,23.82,88.99,0.3055,965.2,0.0,100.0,0.0,0.0,19713.4,19680.8
480000,5.4069,-10.40,0.50,22.83,92.43,0.3055,967.1,100.0,100.0,0.0,0.0,19704.1,19738.8
480060,5.4076,-10.32,0.50,26.50,75.67,0.3054,968.9,0.0,100.0,0.0,100.0,19712.1,19695.0
480120,5.4083,-10.25,0.50,25.37,83.09,0.3056,970.8,0.0,100.0,0.0,0.0,19693.4,19686.7
480180,5.4090,-10.17,0.50,24.31,88.33,0.3055,972.6,0.0,100.0,0.0,0.0,19692.3,19668.7
480240,5.4096,-10.10,0.50,23.33,91.93,0.3054,974.5,0.0,100.0,0.0,0.0,19701.9,19706.5
480300,5.4103,-10.03,0.50,22.40,94.30,0.3053,976.3,100.0,100.0,0.0,100.0,19706.4,19683.0
480360,5.4110,-9.95,0.50,26.13,76.50,0.3056,978.1,0.0,100.0,0.0,0.0,19698.6,19691.1
480420,5.4117,-9.88,0.50,25.05,83.62,0.3055,979.9,0.0,100.0,0.0,0.0,19658.3,19709.5
480480,5.4123,-9.81,0.50,24.04,88.64,0.3054,981.7,0.0,100.0,0.0,100.0,19667.4,19659.4
480540,5.4130,-9.73,0.50,23.10,92.08,0.3056,983.4,0.0,100.0,0.0,0.0,19641.6,19661.1
480600,5.4137,-9.66,0.50,22.22,94.30,0.3056,985.2,100.0,100.0,0.0,100.0,19651.5,19696.2
480660,5.4144,-9.59,0.50,25.98,76.41,0.3059,987.0,0.0,100.0,0.0,0.0,19709.5,19646.6
480720,5.4150,-9.52,0.50,24.94,83.52,0.3057,988.7,0.0,100.0,0.0,100.0,19637.5,19646.8
480780,5.4157,-9.45,0.50,23.97,88.54,0.3059,990.4,0.0,100.0,0.0,0.0,19643.6,19672.7
480840,5.4164,-9.38,0.50,23.06,91.91,0.3059,992.1,100.0,100.0,0.0,0.0,19595.6,19635.6
480900,5.4171,-9.31,0.50,26.80,75.29,0.3058,993.8,0.0,100.0,0.0,0.0,19624.0,19635.3
480960,5.4177,-9.25,0.50,25.73,82.60,0.3057,995.5,0.0,100.0,0.0,0.0,19653.7,19631.3
481020,5.4184,-9.18,0.50,24.73,87.80,0.3055,997.2,0.0,100.0,0.0,0.0,19670.2,19628.2
481080,5.4191,-9.11,0.50,23.80,91.36,0.3055,998.8,0.0,100.0,0.0,0.0,19622.8,19633.8
481140,5.4198,-9.04,0.50,22.92,93.73,0.3054,1000.5,100.0,100.0,0.0,0.0,19616.1,19619.1
481200,5.4204,-8.98,0.50,26.70,76.14,0.3054,1002.1,0.0,100.0,0.0,0.0,19645.8,19619.7
481260,5.4211,-8.91,0.50,25.66,83.17,0.3052,1003.7,0.0,100.0,0.0,0.0,19578.8,19661.3
481320,5.4218,-8.85,0.50,24.69,88.13,0.3051,1005.4,0.0,100.0,0.0,0.0,19584.1,19642.2
481380,5.4225,-8.78,0.50,23.79,91.52,0.3050,1006.9,0.0,100.0,0.0,0.0,19599.2,19634.0
481440,5.4231,-8.72,0.50,22.94,93.76,0.3049,1008.5,0.0,100.0,0.0,0.0,19630.9,19587.2
481500,5.4238,-8.65,0.50,22.15,95.16,0.3049,1010.1,100.0,100.0,0.0,100.0,19591.0,19605.2
481560,5.4245,-8.59,0.50,26.00,76.67,0.3052,1011.7,0.0,100.0,0.0,0.0,19634.9,19627.7
481620,5.4252,-8.53,0.50,25.04,83.55,0.3051,1013.2,0.0,100.0,0.0,100.0,19590.9,19609.1
481680,5.4259,-8.46,0.50,24.14,88.37,0.3053,1014.7,0.0,100.0,0.0,0.0,19572.9,19591.0
481740,5.4265,-8.40,0.50,23.30,91.59,0.3052,1016.3,0.0,100.0,0.0,0.0,19620.6,19617.2
481800,5.4272,-8.34,0.50,22.51,93.69,0.3051,1017.8,100.0,100.0,0.0,0.0,19582.6,19561.3
481860,5.4279,-8.28,0.50,26.37,75.94,0.3051,1019.3,0.0,100.0,0.0,100.0,19553.1,19604.1
481920,5.4286,-8.22,0.50,25.41,83.00,0.3053,1020.7,0.0,100.0,0.0,100.0,19597.5,19574.3
481980,5.4292,-8.16,0.50,24.51,87.93,0.3055,1022.2,0.0,100.0,0.0,0.0,19553.9,19551.6
482040,5.4299,-8.10,0.50,23.67,91.24,0.3054,1023.7,0.0,100.0,0.0,0.0,19556.5,19547.8
482100,5.4306,-8.04,0.50,22.88,93.41,0.3053,1025.1,100.0,100.0,0.0,0.0,19585.5,19587.7
482160,5.4313,-7.98,0.50,26.74,75.82,0.3053,1026.5,0.0,100.0,0.0,100.0,19539.6,19523.7
482220,5.4319,-7.93,0.50,25.78,82.84,0.3055,1027.9,0.0,100.0,0.0,100.0,19591.5,19533.0
482280,5.4326,-7.87,0.50,24.89,87.75,0.3057,1029.4,0.0,100.0,0.0,100.0,19538.3,19572.3
482340,5.4333,-7.81,0.50,24.05,91.09,0.3059,1030.7,0.0,100.0,0.0,0.0,19559.4,19529.2
482400,5.4340,-7.76,0.50,23.26,93.27,0.3059,1032.1,0.0,100.0,0.0,0.0,19555.0,19527.3
482460,5.4346,-7.70,0.50,22.53,94.64,0.3058,1033.5,100.0,100.0,0.0,0.0,19545.8,19544.7
482520,5.4353,-7.65,0.50,26.44,76.32,0.3058,1034.8,0.0,100.0,0.0,0.0,19533.4,19507.9
482580,5.4360,-7.59,0.50,25.52,83.13,0.3056,1036.2,0.0,100.0,0.0,0.0,19525.4,19537.3
482640,5.4367,-7.54,0.50,24.67,87.88,0.3055,1037.5,0.0,100.0,0.0,100.0,19512.5,19518.7
482700,5.4373,-7.49,0.50,23.87,91.10,0.3058,1038.8,0.0,100.0,0.0,100.0,19521.9,19523.0
482760,5.4380,-7.43,0.50,23.12,93.21,0.3060,1040.1,0.0,100.0,0.0,0.0,19515.3,19540.5
482820,5.4387,-7.38,0.50,22.42,94.52,0.3060,1041.4,100.0,100.0,0.0,100.0,19510.5,19509.9
482880,5.4394,-7.33,0.50,26.36,76.20,0.3063,1042.6,0.0,100.0,0.0,100.0,19501.8,19530.0
482940,5.4400,-7.28,0.50,25.47,83.05,0.3065,1043.9,0.0,100.0,0.0,0.0,19508.3,19523.9
483000,5.4407,-7.23,0.50,24.65,87.77,0.3063,1045.1,0.0,100.0,0.0,100.0,19484.7,19485.2
483060,5.4414,-7.18,0.50,23.87,90.97,0.3066,1046.4,0.0,100.0,0.0,100.0,19487.2,19498.3
483120,5.4421,-7.13,0.50,23.15,93.06,0.3069,1047.6,0.0,100.0,0.0,100.0,19492.9,19502.9
483180,5.4427,-7.08,0.50,22.47,94.37,0.3071,1048.8,100.0,100.0,0.0,0.0,19537.7,19526.4
483240,5.4434,-7.03,0.50,26.43,76.08,0.3071,1050.0,0.0,100.0,0.0,100.0,19534.7,19507.0
483300,5.4441,-6.98,0.50,25.57,82.92,0.3073,1051.2,0.0,100.0,0.0,0.0,19470.5,19510.0
483360,5.4448,-6.94,0.50,24.76,87.63,0.3072,1052.3,0.0,100.0,0.0,0.0,19522.2,19485.9
483420,5.4455,-6.89,0.50,24.00,90.80,0.3071,1053.5,0.0,100.0,0.0,0.0,19485.2,19459.8
483480,5.4461,-6.84,0.50,23.29,92.87,0.3070,1054.6,0.0,100.0,0.0,100.0,19467.6,19470.5
483540,5.4468,-6.80,0.50,22.63,94.19,0.3073,1055.7,100.0,100.0,0.0,0.0,19498.9,19464.3
483600,5.4475,-6.75,0.50,26.60,75.98,0.3072,1056.8,0.0,100.0,0.0,100.0,19476.1,19479.2
483660,5.4482,-6.71,0.50,25.75,82.80,0.3074,1057.9,0.0,100.0,0.0,0.0,19476.3,19426.7
483720,5.4488,-6.67,0.50,24.95,87.49,0.3073,1059.0,0.0,100.0,0.0,100.0,19492.2,19442.0
483780,5.4495,-6.62,0.50,24.21,90.68,0.3075,1060.1,0.0,100.0,0.0,100.0,19461.8,19473.7
483840,5.4502,-6.58,0.50,23.51,92.77,0.3078,1061.1,0.0,100.0,0.0,0.0,19462.6,19459.6
483900,5.4509,-6.54,0.50,22.85,94.07,0.3078,1062.2,100.0,100.0,0.0,0.0,19430.5,19452.6
483960,5.4515,-6.50,0.50,26.83,75.92,0.3077,1063.2,0.0,100.0,0.0,0.0,19469.4,19478.6
484020,5.4522,-6.45,0.50,25.99,82.66,0.3076,1064.2,0.0,100.0,0.0,0.0,19422.3,19426.3
484080,5.4529,-6.41,0.50,25.19,87.34,0.3074,1065.2,0.0,100.0,0.0,0.0,19432.2,19467.5
484140,5.4536,-6.37,0.50,24.45,90.51,0.3073,1066.2,0.0,100.0,0.0,0.0,19420.8,19435.8
484200,5.4542,-6.33,0.50,23.76,92.60,0.3073,1067.2,0.0,100.0,0.0,0.0,19441.5,19413.7
484260,5.4549,-6.30,0.50,23.11,93.92,0.3072,1068.1,0.0,100.0,0.0,0.0,19396.7,19409.8
484320,5.4556,-6.26,0.50,22.50,94.72,0.3072,1069.1,100.0,100.0,0.0,0.0,19390.7,19439.0
484380,5.4563,-6.22,0.50,26.52,76.14,0.3071,1070.0,0.0,100.0,0.0,100.0,19441.8,19417.3
484440,5.4569,-6.18,0.50,25.72,82.85,0.3073,1070.9,0.0,100.0,0.0,0.0,19446.5,19418.5
484500,5.4576,-6.15,0.50,24.96,87.44,0.3072,1071.8,0.0,100.0,0.0,0.0,19403.3,19410.7
484560,5.4583,-6.11,0.50,24.26,90.53,0.3071,1072.7,0.0,100.0,0.0,0.0,19386.4,19391.3
484620,5.4590,-6.07,0.50,23.60,92.54,0.3070,1073.6,0.0,100.0,0.0,0.0,19410.3,19397.6
484680,5.4596,-6.04,0.50,22.98,93.82,0.3070,1074.4,0.0,100.0,0.0,0.0,19431.2,19404.2
484740,5.4603,-6.00,0.50,22.40,94.58,0.3069,1075.3,100.0,100.0,0.0,0.0,19397.4,19398.8
484800,5.4610,-5.97,0.50,26.45,76.02,0.3069,1076.1,0.0,100.0,0.0,0.0,19400.0,19372.1
484860,5.4617,-5.94,0.50,25.67,82.71,0.3067,1076.9,0.0,100.0,0.0,0.0,19382.9,19387.4
484920,5.4623,-5.91,0.50,24.93,87.31,0.3066,1077.7,0.0,100.0,0.0,0.0,19382.7,19399.6
484980,5.4630,-5.87,0.50,24.25,90.39,0.3065,1078.5,0.0,100.0,0.0,0.0,19392.5,19398.5
485040,5.4637,-5.84,0.50,23.61,92.41,0.3065,1079.3,0.0,100.0,0.0,100.0,19346.6,19372.0
485100,5.4644,-5.81,0.50,23.00,93.70,0.3067,1080.0,100.0,100.0,0.0,0.0,19369.2,19397.8
485160,5.4651,-5.78,0.50,27.03,75.66,0.3067,1080.8,0.0,100.0,0.0,0.0,19382.2,19372.7
485220,5.4657,-5.75,0.50,26.23,82.38,0.3065,1081.5,0.0,100.0,0.0,0.0,19363.5,19378.2
485280,5.4664,-5.72,0.50,25.48,87.03,0.3064,1082.2,0.0,100.0,0.0,0.0,19329.5,19324.6
485340,5.4671,-5.69,0.50,24.78,90.18,0.3063,1082.9,0.0,100.0,0.0,0.0,19356.7,19338.7
485400,5.4678,-5.66,0.50,24.12,92.26,0.3062,1083.6,0.0,100.0,0.0,100.0,19322.7,19306.0
485460,5.4684,-5.64,0.50,23.50,93.59,0.3065,1084.3,0.0,100.0,0.0,0.0,19336.6,19347.8
485520,5.4691,-5.61,0.50,22.92,94.40,0.3065,1085.0,0.0,100.0,0.0,0.0,19308.4,19322.5
485580,5.4698,-5.58,0.50,22.38,94.85,0.3064,1085.6,100.0,100.0,0.0,0.0,19318.1,19346.6
485640,5.4705,-5.56,0.50,26.46,76.09,0.3064,1086.3,0.0,100.0,0.0,0.0,19320.0,19316.3
485700,5.4711,-5.53,0.50,25.71,82.71,0.3062,1086.9,0.0,100.0,0.0,0.0,19355.9,19317.4
485760,5.4718,-5.51,0.50,25.01,87.25,0.3061,1087.5,0.0,100.0,0.0,100.0,19337.8,19324.5
485820,5.4725,-5.48,0.50,24.35,90.31,0.3064,1088.1,0.0,100.0,0.0,0.0,19337.2,19308.4
485880,5.4732,-5.46,0.50,23.73,92.28,0.3063,1088.7,0.0,100.0,0.0,0.0,19324.6,19298.5
485940,5.4738,-5.44,0.50,23.15,93.53,0.3062,1089.2,0.0,100.0,0.0,100.0,19314.7,19306.4
486000,5.4745,-5.42,0.50,22.61,94.30,0.3065,1089.8,100.0,100.0,0.0,0.0,19314.0,19277.2
486060,5.4752,-5.39,0.50,26.69,75.83,0.3065,1090.3,0.0,100.0,0.0,0.0,19307.3,19267.4
486120,5.4759,-5.37,0.50,25.94,82.50,0.3063,1090.8,0.0,100.0,0.0,0.0,19280.1,19303.3
486180,5.4765,-5.35,0.50,25.24,87.07,0.3062,1091.3,0.0,100.0,0.0,100.0,19304.3,19291.2
486240,5.4772,-5.33,0.50,24.58,90.17,0.3064,1091.8,0.0,100.0,0.0,100.0,19296.8,19310.4
486300,5.4779,-5.31,0.50,23.96,92.19,0.3067,1092.3,0.0,100.0,0.0,0.0,19269.3,19284.0
486360,5.4786,-5.29,0.50,23.38,93.46,0.3066,1092.8,0.0,100.0,0.0,100.0,19274.5,19306.0
486420,5.4792,-5.28,0.50,22.83,94.24,0.3069,1093.2,0.0,100.0,0.0,100.0,19296.4,19299.0
486480,5.4799,-5.26,0.50,22.32,94.68,0.3072,1093.6,100.0,100.0,0.0,0.0,19241.3,19307.6
486540,5.4806,-5.24,0.50,26.44,75.95,0.3072,1094.1,0.0,100.0,0.0,0.0,19260.2,19283.7
486600,5.4813,-5.22,0.50,25.71,82.59,0.3070,1094.5,0.0,100.0,0.0,0.0,19250.5,19274.0
486660,5.4819,-5.21,0.50,25.03,87.13,0.3069,1094.9,0.0,100.0,0.0,100.0,19263.7,19219.1
486720,5.4826,-5.19,0.50,24.40,90.18,0.3071,1095.2,0.0,100.0,0.0,100.0,19269.4,19254.7
486780,5.4833,-5.18,0.50,23.80,92.17,0.3074,1095.6,0.0,100.0,0.0,0.0,19250.2,19266.9
486840,5.4840,-5.16,0.50,23.24,93.41,0.3073,1095.9,0.0,100.0,0.0,0.0,19265.3,19261.5
486900,5.4847,-5.15,0.50,22.71,94.16,0.3073,1096.3,100.0,100.0,0.0,0.0,19229.0,19259.2
486960,5.4853,-5.14,0.50,26.81,75.75,0.3072,1096.6,0.0,100.0,0.0,0.0,19255.5,19236.1
487020,5.4860,-5.13,0.50,26.07,82.41,0.3071,1096.9,0.0,100.0,0.0,0.0,19265.9,19263.5
487080,5.4867,-5.11,0.50,25.38,86.98,0.3069,1097.2,0.0,100.0,0.0,100.0,19245.5,19275.7
487140,5.4874,-5.10,0.50,24.73,90.08,0.3072,1097.5,0.0,100.0,0.0,0.0,19219.2,19228.7
487200,5.4880,-5.09,0.50,24.12,92.08,0.3071,1097.7,0.0,100.0,0.0,0.0,19228.8,19211.1
487260,5.4887,-5.08,0.50,23.55,93.36,0.3070,1098.0,0.0,100.0,0.0,0.0,19217.3,19216.2
487320,5.4894,-5.07,0.50,23.01,94.13,0.3070,1098.2,0.0,100.0,0.0,0.0,19248.5,19203.3
487380,5.4901,-5.06,0.50,22.50,94.58,0.3070,1098.4,100.0,100.0,0.0,100.0,19224.5,19231.5
487440,5.4907,-5.06,0.50,26.62,75.92,0.3072,1098.6,0.0,100.0,0.0,0.0,19194.6,19224.4
487500,5.4914,-5.05,0.50,25.90,82.55,0.3071,1098.8,0.0,100.0,0.0,0.0,19186.0,19205.2
487560,5.4921,-5.04,0.50,25.22,87.08,0.3070,1099.0,0.0,100.0,0.0,0.0,19199.6,19195.9
487620,5.4928,-5.03,0.50,24.59,90.11,0.3069,1099.2,0.0,100.0,0.0,0.0,19201.8,19214.6
487680,5.4934,-5.03,0.50,23.99,92.09,0.3068,1099.3,0.0,100.0,0.0,0.0,19183.1,19188.7
487740,5.4941,-5.02,0.50,23.43,93.34,0.3067,1099.5,0.0,100.0,0.0,0.0,19193.6,19181.9
487800,5.4948,-5.02,0.50,22.90,94.11,0.3067,1099.6,0.0,100.0,0.0,0.0,19179.0,19195.3
487860,5.4955,-5.01,0.50,22.41,94.55,0.3066,1099.7,100.0,100.0,0.0,0.0,19182.5,19164.9
487920,5.4961,-5.01,0.50,26.53,75.87,0.3066,1099.8,0.0,100.0,0.0,100.0,19155.9,19168.0
487980,5.4968,-5.01,0.50,25.82,82.57,0.3068,1099.8,0.0,100.0,0.0,0.0,19167.4,19135.8
488040,5.4975,-5.00,0.50,25.15,87.10,0.3066,1099.9,0.0,100.0,0.0,0.0,19195.1,19139.7
488100,5.4982,-5.00,0.50,24.52,90.13,0.3065,1099.9,0.0,100.0,0.0,0.0,19171.7,19192.1
488160,5.4988,-5.00,0.50,23.93,92.10,0.3065,1100.0,0.0,100.0,0.0,0.0,19170.5,19143.2
488220,5.4995,-5.00,0.50,23.38,93.35,0.3064,1100.0,100.0,100.0,0.0,0.0,19132.4,19161.8
488280,5.5002,-5.00,0.50,27.45,75.46,0.3064,1100.0,0.0,100.0,0.0,0.0,19179.8,19141.3
488340,5.5009,-5.00,0.50,26.68,82.16,0.3062,1100.0,0.0,100.0,0.0,100.0,19138.0,19142.4
488400,5.5015,-5.00,0.50,25.96,86.82,0.3064,1100.0,0.0,100.0,0.0,0.0,19136.3,19148.3
488460,5.5022,-5.00,0.50,25.29,89.95,0.3063,1099.9,0.0,100.0,0.0,100.0,19141.3,19138.5
488520,5.5029,-5.01,0.50,24.65,92.04,0.3066,1099.9,0.0,100.0,0.0,0.0,19133.7,19142.2
488580,5.5036,-5.01,0.50,24.05,93.36,0.3065,1099.8,0.0,100.0,0.0,0.0,19133.7,19129.5
488640,5.5043,-5.01,0.50,23.49,94.17,0.3065,1099.7,0.0,100.0,0.0,0.0,19126.0,19078.5
488700,5.5049,-5.02,0.50,22.96,94.65,0.3064,1099.6,0.0,100.0,0.0,0.0,19076.6,19114.8
488760,5.5056,-5.02,0.50,22.46,94.91,0.3064,1099.5,100.0,100.0,0.0,100.0,19113.4,19114.8
488820,5.5063,-5.03,0.50,26.58,76.07,0.3067,1099.4,0.0,100.0,0.0,0.0,19125.1,19097.5
488880,5.5070,-5.03,0.50,25.86,82.69,0.3065,1099.2,0.0,100.0,0.0,0.0,19104.6,19115.3
488940,5.5076,-5.04,0.50,25.19,87.21,0.3064,1099.1,0.0,100.0,0.0,0.0,19117.7,19109.6
489000,5.5083,-5.04,0.50,24.56,90.22,0.3063,1098.9,0.0,100.0,0.0,0.0,19078.3,19091.3
489060,5.5090,-5.05,0.50,23.96,92.18,0.3062,1098.7,0.0,100.0,0.0,0.0,19108.7,19095.3
489120,5.5097,-5.06,0.50,23.40,93.43,0.3061,1098.5,0.0,100.0,0.0,0.0,19125.0,19092.8
489180,5.5103,-5.07,0.50,22.87,94.19,0.3061,1098.3,0.0,100.0,0.0,0.0,19069.0,19088.5
489240,5.5110,-5.08,0.50,22.37,94.62,0.3061,1098.1,100.0,100.0,0.0,100.0,19085.9,19143.8
489300,5.5117,-5.09,0.50,26.49,75.93,0.3064,1097.8,0.0,100.0,0.0,0.0,19060.4,19062.0
489360,5.5124,-5.10,0.50,25.77,82.64,0.3062,1097.6,0.0,100.0,0.0,0.0,19092.8,19082.0
489420,5.5130,-5.11,0.50,25.10,87.20,0.3061,1097.3,0.0,100.0,0.0,0.0,19064.5,19081.1
489480,5.5137,-5.12,0.50,24.47,90.24,0.3060,1097.0,0.0,100.0,0.0,0.0,19044.3,19053.4
489540,5.5144,-5.13,0.50,23.87,92.22,0.3059,1096.7,0.0,100.0,0.0,100.0,19089.9,19089.4
489600,5.5151,-5.15,0.50,23.30,93.48,0.3062,1096.4,0.0,100.0,0.0,0.0,19082.0,19051.3
489660,5.5157,-5.16,0.50,22.77,94.24,0.3061,1096.1,100.0,100.0,0.0,100.0,19073.1,19048.5
489720,5.5164,-5.17,0.50,26.86,75.83,0.3064,1095.7,0.0,100.0,0.0,0.0,19051.1,19073.0
489780,5.5171,-5.19,0.50,26.12,82.55,0.3062,1095.4,0.0,100.0,0.0,0.0,19037.7,19040.9
489840,5.5178,-5.20,0.50,25.42,87.15,0.3061,1095.0,0.0,100.0,0.0,0.0,19040.1,19012.0
489900,5.5184,-5.22,0.50,24.75,90.24,0.3060,1094.6,0.0,100.0,0.0,0.0,19012.5,19035.9
489960,5.5191,-5.23,0.50,24.13,92.26,0.3059,1094.2,0.0,100.0,0.0,100.0,18992.6,19062.9
490020,5.5198,-5.25,0.50,23.54,93.55,0.3062,1093.8,0.0,100.0,0.0,100.0,19057.0,19035.2
490080,5.5205,-5.27,0.50,22.99,94.35,0.3065,1093.4,100.0,100.0,0.0,0.0,19002.4,19031.8
490140,5.5211,-5.29,0.50,27.06,75.94,0.3065,1092.9,0.0,100.0,0.0,0.0,19015.0,19027.8
490200,5.5218,-5.31,0.50,26.29,82.63,0.3063,1092.5,0.0,100.0,0.0,0.0,18989.0,19026.0
490260,5.5225,-5.32,0.50,25.57,87.23,0.3062,1092.0,0.0,100.0,0.0,0.0,19016.7,19014.2
490320,5.5232,-5.34,0.50,24.89,90.33,0.3061,1091.5,0.0,100.0,0.0,100.0,19001.4,19012.3
490380,5.5239,-5.36,0.50,24.25,92.37,0.3063,1091.0,0.0,100.0,0.0,100.0,19028.6,18995.4
490440,5.5245,-5.39,0.50,23.64,93.67,0.3066,1090.5,0.0,100.0,0.0,0.0,19004.4,18997.9
490500,5.5252,-5.41,0.50,23.07,94.45,0.3066,1090.0,0.0,100.0,0.0,0.0,18973.8,18978.8
490560,5.5259,-5.43,0.50,22.53,94.91,0.3065,1089.4,100.0,100.0,0.0,0.0,18965.6,18988.8
490620,5.5266,-5.45,0.50,26.61,76.15,0.3065,1088.9,0.0,100.0,0.0,0.0,18964.9,18987.2
490680,5.5272,-5.47,0.50,25.86,82.87,0.3063,1088.3,0.0,100.0,0.0,100.0,19001.6,18990.2
490740,5.5279,-5.50,0.50,25.15,87.49,0.3065,1087.7,0.0,100.0,0.0,0.0,18948.0,18951.8
490800,5.5286,-5.52,0.50,24.48,90.54,0.3064,1087.1,0.0,100.0,0.0,100.0,18950.1,18968.5
490860,5.5293,-5.55,0.50,23.85,92.54,0.3067,1086.5,0.0,100.0,0.0,0.0,18977.2,18988.4
490920,5.5299,-5.57,0.50,23.25,93.79,0.3066,1085.9,0.0,100.0,0.0,0.0,18978.0,18968.9
490980,5.5306,-5.60,0.50,22.69,94.55,0.3066,1085.2,100.0,100.0,0.0,100.0,18945.3,18955.4
491040,5.5313,-5.63,0.50,26.75,76.05,0.3069,1084.6,0.0,100.0,0.0,0.0,18981.1,18935.4
491100,5.5320,-5.65,0.50,25.97,82.83,0.3067,1083.9,0.0,100.0,0.0,100.0,18954.0,18931.8
491160,5.5326,-5.68,0.50,25.24,87.50,0.3069,1083.2,0.0,100.0,0.0,0.0,18938.2,18927.0
491220,5.5333,-5.71,0.50,24.55,90.59,0.3068,1082.5,0.0,100.0,0.0,100.0,18919.5,18961.8
491280,5.5340,-5.74,0.50,23.90,92.63,0.3071,1081.8,0.0,100.0,0.0,100.0,18907.4,18932.8
491340,5.5347,-5.77,0.50,23.28,93.91,0.3074,1081.1,0.0,100.0,0.0,0.0,18973.2,18970.8
491400,5.5353,-5.80,0.50,22.70,94.68,0.3073,1080.4,100.0,100.0,0.0,100.0,18971.6,18940.8
491460,5.5360,-5.83,0.50,26.74,76.15,0.3076,1079.6,0.0,100.0,0.0,100.0,18929.1,18925.5
491520,5.5367,-5.86,0.50,25.95,82.98,0.3078,1078.8,0.0,100.0,0.0,0.0,18947.4,18916.6
491580,5.5374,-5.89,0.50,25.20,87.62,0.3076,1078.0,0.0,100.0,0.0,100.0,18890.9,18910.6
491640,5.5380,-5.92,0.50,24.50,90.75,0.3079,1077.3,0.0,100.0,0.0,0.0,18867.6,18908.4
491700,5.5387,-5.96,0.50,23.83,92.77,0.3078,1076.4,0.0,100.0,0.0,0.0,18876.4,18912.3
491760,5.5394,-5.99,0.50,23.20,94.04,0.3078,1075.6,100.0,100.0,0.0,0.0,18924.9,18922.1
491820,5.5401,-6.02,0.50,27.20,75.95,0.3077,1074.8,0.0,100.0,0.0,0.0,18912.7,18915.1
491880,5.5407,-6.06,0.50,26.36,82.80,0.3075,1073.9,0.0,100.0,0.0,0.0,18867.2,18890.4
491940,5.5414,-6.09,0.50,25.57,87.53,0.3074,1073.1,0.0,100.0,0.0,100.0,18889.8,18837.5
492000,5.5421,-6.13,0.50,24.83,90.74,0.3077,1072.2,0.0,100.0,0.0,0.0,18856.5,18892.3
492060,5.5428,-6.17,0.50,24.13,92.83,0.3076,1071.3,0.0,100.0,0.0,100.0,18901.4,18877.8
492120,5.5435,-6.20,0.50,23.46,94.17,0.3079,1070.4,0.0,100.0,0.0,0.0,18931.6,18875.2
492180,5.5441,-6.24,0.50,22.83,94.97,0.3078,1069.4,100.0,100.0,0.0,0.0,18904.4,18862.9
492240,5.5448,-6.28,0.50,26.83,76.38,0.3078,1068.5,0.0,100.0,0.0,0.0,18867.6,18852.3
492300,5.5455,-6.32,0.50,26.00,83.19,0.3076,1067.6,0.0,100.0,0.0,0.0,18885.7,18881.1
492360,5.5462,-6.36,0.50,25.21,87.87,0.3075,1066.6,0.0,100.0,0.0,0.0,18882.1,18864.7
492420,5.5468,-6.40,0.50,24.47,91.01,0.3074,1065.6,0.0,100.0,0.0,100.0,18857.9,18867.9
492480,5.5475,-6.44,0.50,23.76,93.07,0.3077,1064.6,0.0,100.0,0.0,100.0,18863.0,18872.2
492540,5.5482,-6.48,0.50,23.10,94.37,0.3080,1063.6,0.0,100.0,0.0,0.0,18832.7,18837.3
492600,5.5489,-6.52,0.50,22.47,95.14,0.3079,1062.6,100.0,100.0,0.0,0.0,18853.7,18862.7
492660,5.5495,-6.56,0.50,26.47,76.44,0.3079,1061.6,0.0,100.0,0.0,0.0,18821.6,18818.6
492720,5.5502,-6.60,0.50,25.63,83.34,0.3077,1060.5,0.0,100.0,0.0,0.0,18840.8,18827.3
492780,5.5509,-6.65,0.50,24.84,88.05,0.3076,1059.5,0.0,100.0,0.0,0.0,18875.4,18867.2
492840,5.5516,-6.69,0.50,24.10,91.19,0.3075,1058.4,0.0,100.0,0.0,0.0,18840.9,18826.9
492900,5.5522,-6.73,0.50,23.39,93.23,0.3074,1057.3,0.0,100.0,0.0,100.0,18839.9,18828.9
492960,5.5529,-6.78,0.50,22.72,94.52,0.3077,1056.2,100.0,100.0,0.0,0.0,18788.8,18834.5
493020,5.5536,-6.83,0.50,26.68,76.23,0.3077,1055.1,0.0,100.0,0.0,0.0,18816.6,18792.4
493080,5.5543,-6.87,0.50,25.81,83.23,0.3075,1053.9,0.0,100.0,0.0,0.0,18830.6,18795.5
493140,5.5549,-6.92,0.50,24.99,88.03,0.3074,1052.8,0.0,100.0,0.0,0.0,18837.7,18788.1
493200,5.5556,-6.96,0.50,24.22,91.25,0.3073,1051.6,0.0,100.0,0.0,0.0,18804.9,18821.7
493260,5.5563,-7.01,0.50,23.48,93.34,0.3072,1050.5,0.0,100.0,0.0,100.0,18778.6,18770.9
493320,5.5570,-7.06,0.50,22.79,94.67,0.3075,1049.3,100.0,100.0,0.0,0.0,18765.8,18825.5
493380,5.5576,-7.11,0.50,26.72,76.36,0.3075,1048.1,0.0,100.0,0.0,100.0,18770.2,18787.1
493440,5.5583,-7.16,0.50,25.82,83.41,0.3076,1046.9,0.0,100.0,0.0,100.0,18799.7,18776.1
493500,5.5590,-7.21,0.50,24.98,88.25,0.3078,1045.7,0.0,100.0,0.0,0.0,18793.9,18754.0
493560,5.5597,-7.26,0.50,24.18,91.46,0.3077,1044.4,0.0,100.0,0.0,0.0,18783.2,18769.7
493620,5.5603,-7.31,0.50,23.42,93.55,0.3077,1043.2,0.0,100.0,0.0,100.0,18749.3,18758.5
493680,5.5610,-7.36,0.50,22.71,94.87,0.3080,1041.9,100.0,100.0,0.0,0.0,18756.9,18786.3
493740,5.5617,-7.41,0.50,26.62,76.50,0.3079,1040.6,0.0,100.0,0.0,100.0,18760.1,18740.5
493800,5.5624,-7.46,0.50,25.71,83.58,0.3081,1039.3,0.0,100.0,0.0,0.0,18755.6,18743.1
493860,5.5631,-7.52,0.50,24.84,88.40,0.3080,1038.0,0.0,100.0,0.0,100.0,18746.9,18730.8
493920,5.5637,-7.57,0.50,24.03,91.66,0.3082,1036.7,0.0,100.0,0.0,0.0,18788.6,18754.7
493980,5.5644,-7.62,0.50,23.25,93.75,0.3082,1035.4,0.0,100.0,0.0,0.0,18776.5,18763.8
494040,5.5651,-7.68,0.50,22.52,95.06,0.3081,1034.0,100.0,100.0,0.0,0.0,18744.8,18724.7
494100,5.5658,-7.73,0.50,26.42,76.61,0.3081,1032.7,0.0,100.0,0.0,0.0,18756.5,18750.7
494160,5.5664,-7.79,0.50,25.49,83.70,0.3079,1031.3,0.0,100.0,0.0,0.0,18728.6,18690.9
494220,5.5671,-7.85,0.50,24.62,88.57,0.3078,1029.9,0.0,100.0,0.0,0.0,18721.7,18733.9
494280,5.5678,-7.90,0.50,23.79,91.82,0.3077,1028.5,0.0,100.0,0.0,0.0,18708.2,18727.0
494340,5.5685,-7.96,0.50,23.00,93.93,0.3076,1027.1,0.0,100.0,0.0,0.0,18737.9,18710.3
494400,5.5691,-8.02,0.50,22.26,95.24,0.3076,1025.7,100.0,100.0,0.0,0.0,18722.2,18710.5
494460,5.5698,-8.08,0.50,26.14,76.71,0.3076,1024.3,0.0,100.0,0.0,0.0,18708.2,18732.3
494520,5.5705,-8.14,0.50,25.20,83.87,0.3074,1022.8,0.0,100.0,0.0,100.0,18694.0,18685.2
494580,5.5712,-8.20,0.50,24.32,88.80,0.3076,1021.4,0.0,100.0,0.0,0.0,18724.8,18716.9
494640,5.5718,-8.25,0.50,23.47,92.06,0.3075,1019.9,0.0,100.0,0.0,0.0,18697.2,18713.5
494700,5.5725,-8.32,0.50,22.68,94.15,0.3075,1018.4,100.0,100.0,0.0,0.0,18715.2,18685.3
494760,5.5732,-8.38,0.50,26.52,76.31,0.3074,1016.9,0.0,100.0,0.0,0.0,18691.2,18674.1
494820,5.5739,-8.44,0.50,25.53,83.62,0.3072,1015.4,0.0,100.0,0.0,0.0,18659.1,18707.1
494880,5.5745,-8.50,0.50,24.60,88.66,0.3071,1013.8,0.0,100.0,0.0,0.0,18687.0,18655.3
494940,5.5752,-8.56,0.50,23.72,92.04,0.3070,1012.3,0.0,100.0,0.0,0.0,18672.1,18653.6
495000,5.5759,-8.63,0.50,22.88,94.23,0.3070,1010.8,0.0,100.0,0.0,100.0,18640.9,18689.5
495060,5.5766,-8.69,0.50,22.09,95.60,0.3073,1009.2,100.0,100.0,0.0,0.0,18656.1,18662.8
495120,5.5772,-8.75,0.50,25.93,76.97,0.3072,1007.6,0.0,100.0,0.0,0.0,18674.1,18681.5
495180,5.5779,-8.82,0.50,24.95,84.21,0.3071,1006.0,0.0,100.0,0.0,0.0,18634.5,18698.4
495240,5.5786,-8.88,0.50,24.02,89.17,0.3069,1004.4,0.0,100.0,0.0,0.0,18655.3,18651.8
495300,5.5793,-8.95,0.50,23.14,92.46,0.3069,1002.8,0.0,100.0,0.0,0.0,18654.0,18625.1
495360,5.5799,-9.02,0.50,22.31,94.56,0.3068,1001.2,100.0,100.0,0.0,0.0,18639.7,18658.8
495420,5.5806,-9.08,0.50,26.11,76.56,0.3068,999.5,0.0,100.0,0.0,0.0,18613.4,18609.0
495480,5.5813,-9.15,0.50,25.09,83.98,0.3066,997.9,0.0,100.0,0.0,0.0,18632.3,18628.3
495540,5.5820,-9.22,0.50,24.13,89.09,0.3065,996.2,0.0,100.0,0.0,100.0,18631.8,18630.5
495600,5.5827,-9.28,0.50,23.22,92.51,0.3067,994.5,100.0,100.0,0.0,0.0,18606.2,18601.5
495660,5.5833,-9.35,0.50,26.95,75.75,0.3067,992.8,0.0,100.0,0.0,100.0,18655.1,18651.6
495720,5.5840,-9.42,0.50,25.85,83.42,0.3068,991.1,0.0,100.0,0.0,0.0,18652.0,18592.5
495780,5.5847,-9.49,0.50,24.82,88.74,0.3067,989.4,0.0,100.0,0.0,0.0,18622.5,18600.0
495840,5.5854,-9.56,0.50,23.85,92.33,0.3066,987.7,0.0,100.0,0.0,100.0,18617.3,18589.6
495900,5.5860,-9.63,0.50,22.92,94.70,0.3069,985.9,100.0,100.0,0.0,0.0,18578.7,18612.3
495960,5.5867,-9.71,0.50,26.64,76.84,0.3069,984.2,0.0,100.0,0.0,0.0,18603.0,18595.0
496020,5.5874,-9.78,0.50,25.54,84.24,0.3067,982.4,0.0,100.0,0.0,0.0,18620.1,18594.5
496080,5.5881,-9.85,0.50,24.50,89.38,0.3066,980.6,0.0,100.0,0.0,0.0,18655.4,18624.0
496140,5.5887,-9.92,0.50,23.51,92.85,0.3065,978.8,0.0,100.0,0.0,0.0,18576.0,18621.9
496200,5.5894,-10.00,0.50,22.58,95.09,0.3064,977.0,100.0,100.0,0.0,0.0,18589.2,18580.3
496260,5.5901,-10.07,0.50,26.29,77.03,0.3064,975.2,0.0,100.0,0.0,0.0,18586.6,18594.5
496320,5.5908,-10.14,0.50,25.18,84.49,0.3062,973.4,0.0,100.0,0.0,0.0,18574.9,18531.7
496380,5.5914,-10.22,0.50,24.13,89.65,0.3061,971.6,0.0,100.0,0.0,0.0,18565.9,18598.4
496440,5.5921,-10.29,0.50,23.13,93.10,0.3060,969.7,0.0,100.0,0.0,0.0,18547.8,18563.8
496500,5.5928,-10.37,0.50,22.19,95.32,0.3060,967.8,100.0,100.0,0.0,0.0,18572.2,18566.1
496560,5.5935,-10.45,0.50,25.89,77.14,0.3060,966.0,0.0,100.0,0.0,0.0,18564.6,18570.6
496620,5.5941,-10.52,0.50,24.78,84.68,0.3058,964.1,0.0,100.0,0.0,0.0,18564.4,18523.5
496680,5.5948,-10.60,0.50,23.72,89.88,0.3057,962.2,0.0,100.0,0.0,100.0,18532.4,18577.0
496740,5.5955,-10.68,0.50,22.72,93.36,0.3059,960.3,100.0,100.0,0.0,100.0,18557.7,18601.7
496800,5.5962,-10.75,0.50,26.36,76.34,0.3062,958.3,0.0,100.0,0.0,100.0,18584.2,18541.5
496860,5.5968,-10.83,0.50,25.19,84.17,0.3064,956.4,0.0,100.0,0.0,0.0,18549.1,18542.8
496920,5.5975,-10.91,0.50,24.09,89.59,0.3063,954.5,0.0,100.0,0.0,0.0,18521.3,18536.5
496980,5.5982,-10.99,0.50,23.04,93.24,0.3062,952.5,0.0,100.0,0.0,100.0,18543.0,18528.3
497040,5.5989,-11.07,0.50,22.05,95.60,0.3065,950.5,100.0,100.0,0.0,0.0,18526.2,18507.8
497100,5.5995,-11.15,0.50,25.70,77.37,0.3064,948.5,0.0,100.0,0.0,0.0,18565.7,18552.9
497160,5.6002,-11.23,0.50,24.54,85.01,0.3063,946.5,0.0,100.0,0.0,0.0,18532.6,18532.1
497220,5.6009,-11.32,0.50,23.44,90.27,0.3062,944.5,0.0,100.0,0.0,0.0,18492.9,18496.2
497280,5.6016,-11.40,0.50,22.39,93.76,0.3061,942.5,100.0,100.0,0.0,0.0,18477.1,18511.8
497340,5.6023,-11.48,0.50,26.00,76.59,0.3060,940.5,0.0,100.0,0.0,0.0,18509.9,18527.4
497400,5.6029,-11.56,0.50,24.79,84.50,0.3059,938.5,0.0,100.0,0.0,100.0,18458.9,18532.7
497460,5.6036,-11.65,0.50,23.65,90.03,0.3061,936.4,0.0,100.0,0.0,0.0,18466.8,18494.8
497520,5.6043,-11.73,0.50,22.57,93.69,0.3060,934.3,100.0,100.0,0.0,0.0,18489.1,18538.8
497580,5.6050,-11.81,0.50,26.14,76.65,0.3060,932.3,0.0,100.0,0.0,100.0,18505.8,18479.9
497640,5.6056,-11.90,0.50,24.89,84.63,0.3061,930.2,0.0,100.0,0.0,0.0,18500.7,18457.0
497700,5.6063,-11.98,0.50,23.72,90.15,0.3060,928.1,0.0,100.0,0.0,0.0,18473.5,18467.8
497760,5.6070,-12.07,0.50,22.61,93.86,0.3059,926.0,100.0,100.0,0.0,0.0,18454.4,18436.4
497820,5.6077,-12.16,0.50,26.14,76.80,0.3059,923.8,0.0,100.0,0.0,100.0,18468.1,18488.0
497880,5.6083,-12.24,0.50,24.87,84.80,0.3061,921.7,0.0,100.0,0.0,0.0,18457.0,18467.2
497940,5.6090,-12.33,0.50,23.67,90.35,0.3059,919.6,0.0,100.0,0.0,0.0,18471.6,18474.6
498000,5.6097,-12.42,0.50,22.53,94.08,0.3059,917.4,100.0,100.0,0.0,0.0,18462.7,18467.2
498060,5.6104,-12.51,0.50,26.05,76.95,0.3058,915.2,0.0,100.0,0.0,0.0,18423.3,18473.2
498120,5.6110,-12.59,0.50,24.76,84.95,0.3057,913.1,0.0,100.0,0.0,0.0,18459.7,18443.4
498180,5.6117,-12.68,0.50,23.53,90.54,0.3055,910.9,0.0,100.0,0.0,0.0,18468.6,18462.5
498240,5.6124,-12.77,0.50,22.37,94.29,0.3055,908.7,100.0,100.0,0.0,0.0,18441.1,18441.4
498300,5.6131,-12.86,0.50,25.87,77.09,0.3054,906.5,0.0,100.0,0.0,100.0,18469.3,18448.2
498360,5.6137,-12.95,0.50,24.56,85.18,0.3056,904.2,0.0,100.0,0.0,0.0,18443.5,18448.0
498420,5.6144,-13.04,0.50,23.32,90.78,0.3055,902.0,0.0,100.0,0.0,0.0,18422.1,18436.3
498480,5.6151,-13.13,0.50,22.14,94.53,0.3054,899.8,100.0,100.0,0.0,100.0,18388.0,18409.2
498540,5.6158,-13.23,0.50,25.62,77.24,0.3057,897.5,0.0,100.0,0.0,0.0,18420.7,18436.9
498600,5.6164,-13.32,0.50,24.30,85.35,0.3056,895.3,0.0,100.0,0.0,0.0,18409.0,18415.4
498660,5.6171,-13.41,0.50,23.04,90.99,0.3054,893.0,100.0,100.0,0.0,0.0,18426.9,18420.3
498720,5.6178,-13.50,0.50,26.45,75.65,0.3054,890.7,0.0,100.0,0.0,0.0,18418.4,18415.6
498780,5.6185,-13.60,0.50,25.05,84.19,0.3052,888.4,0.0,100.0,0.0,100.0,18358.6,18409.6
498840,5.6191,-13.69,0.50,23.73,90.27,0.3054,886.1,0.0,100.0,0.0,0.0,18396.4,18401.0
498900,5.6198,-13.78,0.50,22.47,94.37,0.3053,883.8,100.0,100.0,0.0,0.0,18421.8,18401.0
498960,5.6205,-13.88,0.50,25.88,77.33,0.3053,881.4,0.0,100.0,0.0,0.0,18371.7,18409.5
499020,5.6212,-13.97,0.50,24.49,85.51,0.3051,879.1,0.0,100.0,0.0,0.0,18393.7,18361.9
499080,5.6219,-14.07,0.50,23.17,91.24,0.3050,876.8,0.0,100.0,0.0,0.0,18370.6,18406.1
499140,5.6225,-14.16,0.50,21.92,95.09,0.3050,874.4,100.0,100.0,0.0,0.0,18395.7,18372.8
499200,5.6232,-14.26,0.50,25.33,77.65,0.3049,872.0,0.0,100.0,0.0,100.0,18393.4,18390.2
499260,5.6239,-14.36,0.50,23.94,85.92,0.3051,869.7,0.0,100.0,0.0,0.0,18366.5,18342.2
499320,5.6246,-14.46,0.50,22.62,91.63,0.3050,867.3,100.0,100.0,0.0,0.0,18369.0,18355.2
499380,5.6252,-14.55,0.50,25.96,76.09,0.3049,864.9,0.0,100.0,0.0,0.0,18363.2,18345.3
499440,5.6259,-14.65,0.50,24.51,84.77,0.3048,862.4,0.0,100.0,0.0,0.0,18391.8,18399.4
499500,5.6266,-14.75,0.50,23.13,90.90,0.3047,860.0,0.0,100.0,0.0,0.0,18352.7,18341.6
499560,5.6273,-14.85,0.50,21.83,95.04,0.3046,857.6,100.0,100.0,0.0,0.0,18325.4,18334.5
499620,5.6279,-14.95,0.50,25.19,77.73,0.3046,855.2,0.0,100.0,0.0,0.0,18343.2,18323.2
499680,5.6286,-15.05,0.50,23.75,86.09,0.3044,852.7,0.0,100.0,0.0,0.0,18318.2,18344.1
499740,5.6293,-15.15,0.50,22.39,91.91,0.3043,850.2,100.0,100.0,0.0,0.0,18336.4,18335.2
499800,5.6300,-15.25,0.50,25.69,76.32,0.3042,847.8,0.0,100.0,0.0,0.0,18360.0,18385.8
499860,5.6306,-15.35,0.50,24.20,85.11,0.3041,845.3,0.0,100.0,0.0,0.0,18353.0,18338.2
499920,5.6313,-15.45,0.50,22.79,91.31,0.3040,842.8,100.0,100.0,0.0,0.0,18326.2,18336.3
499980,5.6320,-15.55,0.50,26.04,76.12,0.3039,840.3,0.0,100.0,0.0,0.0,18305.5,18339.3
500040,5.6327,-15.65,0.50,24.50,84.98,0.3037,837.8,0.0,100.0,0.0,100.0,18336.7,18356.6
500100,5.6333,-15.75,0.50,23.05,91.31,0.3039,835.3,100.0,100.0,0.0,100.0,18345.6,18269.7
500160,5.6340,-15.86,0.50,26.26,76.23,0.3042,832.7,0.0,100.0,0.0,0.0,18302.5,18309.9
500220,5.6347,-15.96,0.50,24.68,85.09,0.3040,830.2,0.0,100.0,0.0,0.0,18298.3,18291.1
500280,5.6354,-16.06,0.50,23.19,91.42,0.3039,827.7,0.0,100.0,0.0,0.0,18290.3,18284.6
500340,5.6360,-16.17,0.50,21.78,95.73,0.3039,825.1,100.0,100.0,0.0,100.0,18298.0,18289.2
500400,5.6367,-16.27,0.50,25.04,78.31,0.3042,822.5,0.0,100.0,0.0,100.0,18313.5,18268.6
500460,5.6374,-16.38,0.50,23.50,86.82,0.3043,819.9,0.0,100.0,0.0,100.0,18292.4,18308.1
500520,5.6381,-16.48,0.50,22.04,92.76,0.3046,817.4,100.0,100.0,0.0,100.0,18297.9,18277.4
500580,5.6387,-16.59,0.50,25.26,76.93,0.3049,814.8,0.0,100.0,0.0,0.0,18275.0,18264.8
500640,5.6394,-16.69,0.50,23.68,85.86,0.3047,812.2,0.0,100.0,0.0,100.0,18286.6,18298.2
500700,5.6401,-16.80,0.50,22.19,92.18,0.3049,809.5,100.0,100.0,0.0,100.0,18258.2,18274.7
500760,5.6408,-16.91,0.50,25.37,76.72,0.3052,806.9,0.0,100.0,0.0,0.0,18281.6,18293.4
500820,5.6415,-17.01,0.50,23.76,85.76,0.3050,804.3,0.0,100.0,0.0,0.0,18250.0,18288.4
500880,5.6421,-17.12,0.50,22.24,92.16,0.3049,801.6,100.0,100.0,0.0,0.0,18262.9,18252.7
500940,5.6428,-17.23,0.50,25.39,76.76,0.3049,799.0,0.0,100.0,0.0,100.0,18232.9,18235.5
501000,5.6435,-17.34,0.50,23.76,85.89,0.3050,796.3,0.0,100.0,0.0,100.0,18254.8,18246.8
501060,5.6442,-17.44,0.50,22.21,92.36,0.3053,793.7,100.0,100.0,0.0,100.0,18260.2,18282.4
501120,5.6448,-17.55,0.50,25.33,76.93,0.3056,791.0,0.0,100.0,0.0,100.0,18234.9,18236.7
501180,5.6455,-17.66,0.50,23.68,86.08,0.3057,788.3,0.0,100.0,0.0,0.0,18225.2,18238.1
501240,5.6462,-17.77,0.50,22.11,92.54,0.3056,785.6,100.0,100.0,0.0,0.0,18255.2,18252.0
501300,5.6469,-17.88,0.50,25.21,77.05,0.3056,782.9,0.0,100.0,0.0,100.0,18236.3,18233.5
501360,5.6475,-17.99,0.50,23.54,86.25,0.3057,780.2,0.0,100.0,0.0,100.0,18218.1,18239.6
501420,5.6482,-18.10,0.50,21.95,92.76,0.3060,777.5,100.0,100.0,0.0,0.0,18237.9,18236.2
501480,5.6489,-18.21,0.50,25.04,77.20,0.3059,774.7,0.0,100.0,0.0,100.0,18214.2,18235.3
501540,5.6496,-18.32,0.50,23.34,86.44,0.3061,772.0,0.0,100.0,0.0,0.0,18236.6,18191.4
501600,5.6502,-18.44,0.50,21.74,92.95,0.3060,769.3,100.0,100.0,0.0,0.0,18203.4,18209.5
501660,5.6509,-18.55,0.50,24.81,77.32,0.3059,766.5,0.0,100.0,0.0,0.0,18195.2,18191.7
501720,5.6516,-18.66,0.50,23.11,86.59,0.3058,763.7,0.0,100.0,0.0,0.0,18228.0,18202.1
501780,5.6523,-18.77,0.50,21.49,93.14,0.3057,761.0,100.0,100.0,0.0,100.0,18209.4,18216.9
501840,5.6529,-18.89,0.50,24.55,77.44,0.3060,758.2,0.0,100.0,0.0,100.0,18202.4,18173.3
501900,5.6536,-19.00,0.50,22.83,86.82,0.3061,755.4,100.0,100.0,0.0,0.0,18179.7,18167.7
501960,5.6543,-19.11,0.50,25.80,74.41,0.3060,752.6,0.0,100.0,0.0,0.0,18193.8,18187.9
502020,5.6550,-19.23,0.50,23.98,84.49,0.3059,749.8,0.0,100.0,0.0,0.0,18164.8,18169.4
502080,5.6556,-19.34,0.50,22.27,91.80,0.3057,747.0,100.0,100.0,0.0,0.0,18194.3,18199.8
502140,5.6563,-19.46,0.50,25.24,76.98,0.3057,744.2,0.0,100.0,0.0,0.0,18143.1,18162.7
502200,5.6570,-19.57,0.50,23.43,86.47,0.3055,741.3,0.0,100.0,0.0,0.0,18180.6,18202.1
502260,5.6577,-19.69,0.50,21.72,93.27,0.3054,738.5,100.0,100.0,0.0,0.0,18163.5,18213.5
502320,5.6583,-19.80,0.50,24.70,77.70,0.3054,735.6,0.0,100.0,0.0,0.0,18141.6,18162.0
502380,5.6590,-19.92,0.50,22.90,87.12,0.3052,732.8,0.0,100.0,0.0,100.0,18156.2,18130.1
502440,5.6597,-20.03,0.50,21.19,93.85,0.3055,729.9,100.0,100.0,0.0,0.0,18118.7,18164.9
502500,5.6604,-20.15,0.50,24.17,77.97,0.3054,727.1,0.0,100.0,0.0,0.0,18187.9,18140.5
502560,5.6611,-20.27,0.50,22.37,87.45,0.3053,724.2,100.0,100.0,0.0,100.0,18123.7,18155.1
502620,5.6617,-20.38,0.50,25.26,74.92,0.3055,721.3,0.0,100.0,0.0,0.0,18141.6,18145.4
502680,5.6624,-20.50,0.50,23.38,85.18,0.3053,718.4,0.0,100.0,0.0,0.0,18109.5,18108.8
502740,5.6631,-20.62,0.50,21.60,92.61,0.3052,715.5,100.0,100.0,0.0,0.0,18185.0,18131.5
502800,5.6638,-20.74,0.50,24.50,77.52,0.3052,712.6,0.0,100.0,0.0,0.0,18104.5,18108.9
502860,5.6644,-20.86,0.50,22.64,87.21,0.3050,709.7,100.0,100.0,0.0,100.0,18137.1,18130.8
502920,5.6651,-20.98,0.50,25.46,74.92,0.3053,706.8,0.0,100.0,0.0,0.0,18105.0,18158.3
502980,5.6658,-21.09,0.50,23.52,85.26,0.3051,703.8,0.0,100.0,0.0,0.0,18099.8,18109.9
503040,5.6665,-21.21,0.50,21.68,92.80,0.3050,700.9,100.0,100.0,0.0,100.0,18112.0,18097.4
503100,5.6671,-21.33,0.50,24.54,77.75,0.3053,698.0,0.0,100.0,0.0,0.0,18118.4,18112.8
503160,5.6678,-21.45,0.50,22.62,87.49,0.3051,695.0,100.0,100.0,0.0,0.0,18137.1,18134.9
503220,5.6685,-21.57,0.50,25.40,75.14,0.3050,692.0,0.0,100.0,0.0,100.0,18115.5,18050.5
503280,5.6692,-21.69,0.50,23.41,85.58,0.3052,689.1,0.0,100.0,0.0,0.0,18083.3,18118.7
503340,5.6698,-21.81,0.50,21.53,93.18,0.3051,686.1,100.0,100.0,0.0,0.0,18111.0,18069.5
503400,5.6705,-21.94,0.50,24.35,78.01,0.3050,683.1,0.0,100.0,0.0,0.0,18082.9,18089.7
503460,5.6712,-22.06,0.50,22.39,87.82,0.3049,680.1,100.0,100.0,0.0,0.0,18082.2,18090.8
503520,5.6719,-22.18,0.50,25.14,75.39,0.3048,677.2,0.0,100.0,0.0,0.0,18083.6,18094.4
503580,5.6725,-22.30,0.50,23.12,85.88,0.3046,674.2,100.0,100.0,0.0,0.0,18099.9,18074.8
503640,5.6732,-22.42,0.50,25.80,74.46,0.3045,671.1,0.0,100.0,0.0,0.0,18062.5,18060.9
503700,5.6739,-22.54,0.50,23.72,85.15,0.3044,668.1,0.0,100.0,0.0,100.0,18094.7,18073.5
503760,5.6746,-22.67,0.50,21.75,93.09,0.3046,665.1,100.0,100.0,0.0,0.0,18070.2,18080.9
503820,5.6752,-22.79,0.50,24.48,78.16,0.3045,662.1,0.0,100.0,0.0,100.0,18028.8,18022.4
503880,5.6759,-22.91,0.50,22.45,88.13,0.3047,659.1,100.0,100.0,0.0,0.0,18070.6,18079.4
503940,5.6766,-23.04,0.50,25.12,75.70,0.3046,656.0,0.0,100.0,0.0,100.0,18056.4,18056.0
504000,5.6773,-23.16,0.50,23.03,86.31,0.3048,653.0,100.0,100.0,0.0,0.0,18048.6,18090.5
504060,5.6779,-23.28,0.50,25.65,74.82,0.3047,649.9,0.0,100.0,0.0,0.0,18047.3,18030.6
504120,5.6786,-23.41,0.50,23.51,85.59,0.3045,646.9,0.0,100.0,0.0,100.0,18025.1,18047.6
504180,5.6793,-23.53,0.50,21.49,93.62,0.3048,643.8,100.0,100.0,0.0,0.0,18030.5,18036.9
504240,5.6800,-23.66,0.50,24.16,78.56,0.3047,640.7,0.0,100.0,0.0,0.0,18029.6,18009.3
504300,5.6807,-23.78,0.50,22.08,88.59,0.3046,637.6,100.0,100.0,0.0,0.0,18003.4,18045.8
504360,5.6813,-23.91,0.50,24.71,76.04,0.3045,634.6,0.0,100.0,0.0,0.0,18032.5,18032.2
504420,5.6820,-24.03,0.50,22.57,86.75,0.3043,631.5,100.0,100.0,0.0,0.0,17995.3,18003.7
504480,5.6827,-24.16,0.50,25.14,75.16,0.3042,628.4,0.0,100.0,0.0,0.0,18011.8,17992.8
504540,5.6834,-24.29,0.50,22.96,86.08,0.3041,625.3,0.0,100.0,0.0,0.0,17999.4,18034.1
504600,5.6840,-24.41,0.50,20.90,94.17,0.3040,622.2,100.0,100.0,0.0,0.0,17983.8,18032.4
504660,5.6847,-24.54,0.50,23.54,78.90,0.3039,619.1,0.0,100.0,0.0,0.0,18025.6,18004.5
504720,5.6854,-24.66,0.50,21.43,89.09,0.3038,615.9,100.0,100.0,0.0,0.0,18023.1,17985.8
504780,5.6861,-24.79,0.50,24.02,76.39,0.3037,612.8,0.0,100.0,0.0,0.0,17990.5,17956.3
504840,5.6867,-24.92,0.50,21.85,87.27,0.3036,609.7,100.0,100.0,0.0,0.0,17998.4,18034.1
504900,5.6874,-25.05,0.50,24.40,75.51,0.3035,606.6,0.0,100.0,0.0,0.0,17963.7,17984.1
504960,5.6881,-25.17,0.50,22.19,86.62,0.3033,603.4,100.0,100.0,0.0,0.0,17988.3,17976.6
505020,5.6888,-25.30,0.50,24.69,75.24,0.3032,600.3,0.0,100.0,0.0,0.0,17981.5,17980.8
505080,5.6894,-25.43,0.50,22.45,86.42,0.3031,597.1,100.0,100.0,0.0,0.0,17970.7,17990.3
505140,5.6901,-25.56,0.50,24.92,75.19,0.3030,594.0,0.0,100.0,0.0,100.0,17966.4,17976.1
505200,5.6908,-25.69,0.50,22.63,86.45,0.3031,590.8,0.0,100.0,0.0,100.0,17957.7,17944.1
505260,5.6915,-25.82,0.50,20.48,94.82,0.3034,587.6,100.0,100.0,0.0,100.0,17965.9,18001.8
505320,5.6921,-25.94,0.50,23.03,79.44,0.3037,584.5,0.0,100.0,0.0,0.0,17973.0,17983.8
505380,5.6928,-26.07,0.50,20.83,89.83,0.3035,581.3,100.0,100.0,0.0,100.0,17999.3,17971.0
505440,5.6935,-26.20,0.50,23.35,76.96,0.3038,578.1,0.0,100.0,0.0,0.0,17968.7,17974.9
505500,5.6942,-26.33,0.50,21.11,88.06,0.3037,574.9,100.0,100.0,0.0,100.0,17923.0,17949.0
505560,5.6948,-26.46,0.50,23.58,76.11,0.3039,571.7,0.0,100.0,0.0,0.0,17956.0,17956.7
505620,5.6955,-26.59,0.50,21.31,87.45,0.3037,568.5,100.0,100.0,0.0,0.0,17930.4,17921.8
505680,5.6962,-26.72,0.50,23.75,75.83,0.3037,565.3,0.0,100.0,0.0,0.0,17919.0,17942.5
505740,5.6969,-26.85,0.50,21.45,87.27,0.3035,562.1,100.0,100.0,0.0,100.0,17940.2,17917.7
505800,5.6975,-26.98,0.50,23.86,75.81,0.3038,558.9,0.0,100.0,0.0,0.0,17936.6,17913.8
505860,5.6982,-27.11,0.50,21.53,87.28,0.3036,555.7,100.0,100.0,0.0,0.0,17941.7,17909.4
505920,5.6989,-27.24,0.50,23.91,75.84,0.3035,552.5,0.0,100.0,0.0,0.0,17923.4,17927.3
505980,5.6996,-27.37,0.50,21.56,87.35,0.3034,549.2,100.0,100.0,0.0,100.0,17937.8,17918.6
506040,5.7003,-27.51,0.50,23.92,75.94,0.3036,546.0,0.0,100.0,0.0,100.0,17899.5,17940.2
506100,5.7009,-27.64,0.50,21.54,87.52,0.3038,542.8,100.0,100.0,0.0,0.0,17898.8,17892.2
506160,5.7016,-27.77,0.50,23.89,76.06,0.3037,539.5,0.0,100.0,0.0,100.0,17901.3,17897.8
506220,5.7023,-27.90,0.50,21.49,87.65,0.3039,536.3,100.0,100.0,0.0,100.0,17920.9,17916.2
506280,5.7030,-28.03,0.50,23.82,76.19,0.3041,533.0,0.0,100.0,0.0,0.0,17911.3,17909.2
506340,5.7036,-28.17,0.50,21.40,87.76,0.3040,529.8,100.0,100.0,0.0,100.0,17848.9,17893.2
506400,5.7043,-28.30,0.50,23.71,76.28,0.3042,526.5,0.0,100.0,0.0,0.0,17882.6,17901.1
506460,5.7050,-28.43,0.50,21.28,87.89,0.3041,523.3,100.0,100.0,0.0,100.0,17883.8,17849.1
506520,5.7057,-28.56,0.50,23.58,76.38,0.3043,520.0,0.0,100.0,0.0,0.0,17892.3,17864.2
506580,5.7063,-28.70,0.50,21.13,88.04,0.3042,516.7,100.0,100.0,0.0,100.0,17873.6,17841.7
506640,5.7070,-28.83,0.50,23.42,76.49,0.3044,513.5,0.0,100.0,0.0,0.0,17885.0,17869.4
506700,5.7077,-28.96,0.50,20.96,88.19,0.3043,510.2,100.0,100.0,0.0,100.0,17922.2,17869.7
506760,5.7084,-29.09,0.50,23.23,76.60,0.3045,506.9,0.0,100.0,0.0,0.0,17879.3,17850.0
506820,5.7090,-29.23,0.50,20.77,88.34,0.3044,503.6,100.0,100.0,0.0,100.0,17840.1,17848.4
506880,5.7097,-29.36,0.50,23.03,76.70,0.3046,500.3,0.0,100.0,0.0,0.0,17868.7,17897.0
506940,5.7104,-29.50,0.50,20.55,88.50,0.3045,497.0,100.0,100.0,0.0,0.0,17844.2,17879.5
507000,5.7111,-29.63,0.50,22.81,76.79,0.3044,493.8,100.0,100.0,0.0,0.0,17888.6,17871.5
507060,5.7117,-29.76,0.50,24.92,70.45,0.3043,490.5,0.0,100.0,0.0,0.0,17832.7,17876.8
507120,5.7124,-29.90,0.50,22.30,83.52,0.3041,487.2,100.0,100.0,0.0,0.0,17865.8,17848.4
507180,5.7131,-30.03,0.50,24.41,74.26,0.3040,483.8,0.0,100.0,0.0,0.0,17856.7,17816.3
507240,5.7138,-30.17,0.50,21.80,86.56,0.3038,480.5,100.0,100.0,0.0,0.0,17838.8,17844.3
507300,5.7144,-30.30,0.50,23.93,75.96,0.3037,477.2,0.0,100.0,0.0,100.0,17849.7,17829.9
507360,5.7151,-30.43,0.50,21.32,88.02,0.3039,473.9,100.0,100.0,0.0,100.0,17813.2,17853.5
507420,5.7158,-30.57,0.50,23.45,76.78,0.3042,470.6,0.0,100.0,0.0,0.0,17823.8,17855.8
507480,5.7165,-30.70,0.50,20.86,88.71,0.3040,467.3,100.0,100.0,0.0,100.0,17818.1,17809.2
507540,5.7172,-30.84,0.50,22.99,77.16,0.3043,464.0,100.0,100.0,0.0,100.0,17834.3,17837.8
507600,5.7178,-30.97,0.50,24.99,70.82,0.3045,460.6,0.0,100.0,0.0,0.0,17807.9,17808.2
507660,5.7185,-31.11,0.50,22.27,83.96,0.3043,457.3,100.0,100.0,0.0,0.0,17830.0,17793.3
507720,5.7192,-31.25,0.50,24.29,74.68,0.3042,454.0,0.0,100.0,0.0,100.0,17832.4,17843.4
507780,5.7199,-31.38,0.50,21.59,87.14,0.3044,450.6,100.0,100.0,0.0,0.0,17785.4,17816.1
507840,5.7205,-31.52,0.50,23.63,76.45,0.3043,447.3,0.0,100.0,0.0,0.0,17775.0,17793.3
507900,5.7212,-31.65,0.50,20.95,88.59,0.3042,443.9,100.0,100.0,0.0,0.0,17800.7,17821.9
507960,5.7219,-31.79,0.50,23.00,77.24,0.3041,440.6,0.0,100.0,0.0,0.0,17788.4,17776.0
508020,5.7226,-31.92,0.50,20.33,89.32,0.3040,437.3,100.0,100.0,0.0,0.0,17780.8,17802.2
508080,5.7232,-32.06,0.50,22.40,77.61,0.3039,433.9,100.0,100.0,0.0,0.0,17806.3,17802.4
508140,5.7239,-32.20,0.50,24.34,71.17,0.3038,430.6,0.0,100.0,0.0,100.0,17789.9,17807.9
508200,5.7246,-32.33,0.50,21.56,84.58,0.3039,427.2,100.0,100.0,0.0,100.0,17840.1,17733.9
508260,5.7253,-32.47,0.50,23.52,75.18,0.3042,423.9,0.0,100.0,0.0,100.0,17772.7,17774.3
508320,5.7259,-32.60,0.50,20.77,87.84,0.3043,420.5,100.0,100.0,0.0,0.0,17764.5,17767.3
508380,5.7266,-32.74,0.50,22.76,76.95,0.3043,417.1,100.0,100.0,0.0,100.0,17763.2,17747.2
508440,5.7273,-32.88,0.50,24.62,70.90,0.3045,413.8,0.0,100.0,0.0,0.0,17755.3,17766.6
508500,5.7280,-33.01,0.50,21.76,84.33,0.3043,410.4,100.0,100.0,0.0,0.0,17769.6,17768.7
508560,5.7286,-33.15,0.50,23.66,75.12,0.3042,407.0,0.0,100.0,0.0,0.0,17769.7,17752.9
508620,5.7293,-33.29,0.50,20.84,87.82,0.3041,403.7,100.0,100.0,0.0,0.0,17724.7,17741.5
508680,5.7300,-33.42,0.50,22.77,77.06,0.3040,400.3,100.0,100.0,0.0,0.0,17789.1,17759.3
508740,5.7307,-33.56,0.50,24.58,70.98,0.3039,396.9,0.0,100.0,0.0,0.0,17758.8,17753.7
508800,5.7313,-33.70,0.50,21.67,84.48,0.3037,393.6,100.0,100.0,0.0,100.0,17754.1,17726.0
508860,5.7320,-33.84,0.50,23.52,75.32,0.3039,390.2,0.0,100.0,0.0,0.0,17742.3,17779.1
508920,5.7327,-33.97,0.50,20.65,88.09,0.3038,386.8,100.0,100.0,0.0,0.0,17733.7,17763.3
508980,5.7334,-34.11,0.50,22.54,77.30,0.3037,383.4,100.0,100.0,0.0,0.0,17735.0,17742.3
509040,5.7340,-34.25,0.50,24.30,71.18,0.3036,380.1,0.0,100.0,0.0,0.0,17722.3,17751.1
509100,5.7347,-34.39,0.50,21.36,84.77,0.3034,376.7,100.0,100.0,0.0,0.0,17712.1,17738.0
509160,5.7354,-34.52,0.50,23.17,75.53,0.3033,373.3,0.0,100.0,0.0,100.0,17724.4,17743.0
509220,5.7361,-34.66,0.50,20.27,88.46,0.3035,369.9,100.0,100.0,0.0,100.0,17684.5,17748.7
509280,5.7368,-34.80,0.50,22.12,77.59,0.3038,366.5,100.0,100.0,0.0,0.0,17730.2,17748.1
509340,5.7374,-34.94,0.50,23.86,71.41,0.3037,363.1,0.0,100.0,0.0,0.0,17735.2,17745.5
509400,5.7381,-35.07,0.50,20.88,85.11,0.3035,359.8,100.0,100.0,0.0,0.0,17725.4,17725.5
509460,5.7388,-35.21,0.50,22.67,75.77,0.3034,356.4,100.0,100.0,0.0,0.0,17705.6,17743.4
509520,5.7395,-35.35,0.50,24.33,70.37,0.3033,353.0,0.0,100.0,0.0,0.0,17704.9,17736.3
509580,5.7401,-35.49,0.50,21.30,84.22,0.3031,349.6,100.0,100.0,0.0,100.0,17696.1,17685.3
509640,5.7408,-35.62,0.50,23.02,75.37,0.3034,346.2,0.0,100.0,0.0,0.0,17673.1,17721.2
509700,5.7415,-35.76,0.50,20.05,88.45,0.3032,342.8,100.0,100.0,0.0,0.0,17697.6,17717.7
509760,5.7422,-35.90,0.50,21.82,77.71,0.3032,339.4,100.0,100.0,0.0,100.0,17695.1,17686.6
509820,5.7428,-36.04,0.50,23.48,71.61,0.3034,336.0,0.0,100.0,0.0,0.0,17727.6,17694.8
509880,5.7435,-36.17,0.50,20.44,85.43,0.3032,332.6,100.0,100.0,0.0,0.0,17685.8,17683.9
509940,5.7442,-36.31,0.50,22.17,76.07,0.3032,329.2,100.0,100.0,0.0,0.0,17699.0,17692.8
510000,5.7449,-36.45,0.50,23.77,70.62,0.3030,325.8,0.0,100.0,0.0,100.0,17650.0,17681.6
510060,5.7455,-36.59,0.50,20.68,84.68,0.3032,322.4,100.0,100.0,0.0,100.0,17680.4,17680.3
510120,5.7462,-36.73,0.50,22.36,75.73,0.3035,319.0,100.0,100.0,0.0,0.0,17671.8,17669.1
510180,5.7469,-36.86,0.50,23.92,70.44,0.3033,315.6,0.0,100.0,0.0,0.0,17683.3,17653.4
510240,5.7476,-37.00,0.50,20.79,84.47,0.3032,312.2,100.0,100.0,0.0,0.0,17678.1,17680.2
510300,5.7482,-37.14,0.50,22.42,75.63,0.3031,308.8,100.0,100.0,0.0,0.0,17676.5,17688.4
510360,5.7489,-37.28,0.50,23.95,70.40,0.3030,305.4,0.0,100.0,0.0,0.0,17666.6,17702.3
510420,5.7496,-37.42,0.50,20.78,84.46,0.3028,302.1,100.0,100.0,0.0,100.0,17656.3,17670.6
510480,5.7503,-37.55,0.50,22.38,75.70,0.3031,300.0,0.0,0.0,0.0,0.0,17681.7,17682.2
510540,5.7509,-37.69,0.50,18.81,86.81,0.3031,0.0,0.0,0.0,0.0,0.0,17667.8,17669.8
510600,5.7516,-37.83,0.50,15.44,97.63,0.3031,0.0,100.0,0.0,0.0,100.0,17673.8,17654.4
510660,5.7523,-37.97,0.50,16.85,83.96,0.3034,0.0,100.0,0.0,0.0,0.0,17666.2,17670.0
510720,5.7530,-38.11,0.50,18.17,74.00,0.3034,0.0,0.0,0.0,0.0,0.0,17651.8,17665.6
510780,5.7536,-38.24,0.50,14.81,84.83,0.3034,0.0,100.0,0.0,0.0,100.0,17676.6,17677.4
510840,5.7543,-38.38,0.50,16.24,74.31,0.3037,0.0,100.0,0.0,0.0,0.0,17641.8,17658.1
510900,5.7550,-38.52,0.50,17.57,66.65,0.3037,0.0,100.0,0.0,0.0,0.0,17665.4,17665.0
510960,5.7557,-38.66,0.50,18.82,61.08,0.3037,0.0,0.0,0.0,0.0,0.0,17627.3,17690.2
511020,5.7564,-38.80,0.50,15.39,72.01,0.3037,0.0,100.0,0.0,0.0,0.0,17671.1,17640.3
511080,5.7570,-38.93,0.50,16.75,64.81,0.3037,0.0,100.0,0.0,0.0,0.0,17649.6,17638.1
511140,5.7577,-39.07,0.50,18.02,59.60,0.3037,0.0,0.0,0.0,0.0,0.0,17673.5,17657.4
511200,5.7584,-39.21,0.50,14.61,70.52,0.3037,0.0,100.0,0.0,0.0,100.0,17650.1,17649.2
511260,5.7591,-39.35,0.50,15.99,63.68,0.3040,0.0,100.0,0.0,0.0,0.0,17617.3,17670.3
511320,5.7597,-39.49,0.50,17.28,58.66,0.3040,0.0,100.0,0.0,0.0,0.0,17676.1,17679.6
511380,5.7604,-39.62,0.50,18.49,54.64,0.3040,0.0,0.0,0.0,0.0,0.0,17657.1,17640.9
511440,5.7611,-39.76,0.50,15.02,65.62,0.3040,0.0,100.0,0.0,0.0,0.0,17692.3,17647.5
511500,5.7618,-39.90,0.50,16.35,60.01,0.3040,0.0,100.0,0.0,0.0,0.0,17675.9,17658.7
511560,5.7624,-40.04,0.50,17.58,55.77,0.3040,0.0,100.0,0.0,0.0,0.0,17664.7,17642.9
511620,5.7631,-40.17,0.50,18.74,52.12,0.3040,0.0,0.0,0.0,0.0,0.0,17668.0,17630.7
511680,5.7638,-40.31,0.50,15.22,63.14,0.3040,0.0,100.0,0.0,0.0,0.0,17649.4,17653.1
511740,5.7645,-40.45,0.50,16.50,58.21,0.3040,0.0,100.0,0.0,0.0,0.0,17638.4,17650.7
511800,5.7651,-40.59,0.50,17.70,54.24,0.3040,0.0,100.0,0.0,0.0,100.0,17661.1,17667.6
511860,5.7658,-40.72,0.50,18.81,50.94,0.3044,0.0,0.0,0.0,0.0,0.0,17668.1,17667.0
511920,5.7665,-40.86,0.50,15.26,62.01,0.3044,0.0,100.0,0.0,0.0,100.0,17701.0,17680.8
511980,5.7672,-41.00,0.50,16.50,57.50,0.3047,0.0,100.0,0.0,0.0,0.0,17668.4,17638.8
512040,5.7678,-41.14,0.50,17.67,53.68,0.3047,0.0,100.0,0.0,0.0,100.0,17710.7,17632.7
512100,5.7685,-41.27,0.50,18.75,50.52,0.3050,0.0,0.0,0.0,0.0,0.0,17649.6,17665.0
512160,5.7692,-41.41,0.50,15.17,61.62,0.3050,0.0,100.0,0.0,0.0,100.0,17640.9,17661.5
512220,5.7699,-41.55,0.50,16.39,57.23,0.3053,0.0,100.0,0.0,0.0,100.0,17659.8,17716.4
512280,5.7705,-41.68,0.50,17.52,53.65,0.3057,0.0,100.0,0.0,0.0,0.0,17662.7,17663.1
512340,5.7712,-41.82,0.50,18.58,50.42,0.3057,0.0,0.0,0.0,0.0,0.0,17639.3,17639.7
512400,5.7719,-41.96,0.50,14.98,61.56,0.3057,0.0,100.0,0.0,0.0,0.0,17644.4,17664.8
512460,5.7726,-42.09,0.50,16.18,57.09,0.3057,0.0,100.0,0.0,0.0,0.0,17666.1,17672.9
512520,5.7732,-42.23,0.50,17.29,53.43,0.3057,0.0,100.0,0.0,0.0,0.0,17663.0,17648.8
512580,5.7739,-42.37,0.50,18.33,50.27,0.3057,0.0,0.0,0.0,0.0,0.0,17706.6,17647.0
512640,5.7746,-42.50,0.50,14.71,61.44,0.3057,0.0,100.0,0.0,0.0,0.0,17640.1,17679.1
512700,5.7753,-42.64,0.50,15.89,57.00,0.3057,0.0,100.0,0.0,0.0,0.0,17633.1,17697.4
512760,5.7760,-42.78,0.50,16.99,53.39,0.3057,0.0,100.0,0.0,0.0,0.0,17644.2,17688.3
512820,5.7766,-42.91,0.50,18.02,50.27,0.3057,0.0,0.0,0.0,0.0,100.0,17695.0,17648.9
512880,5.7773,-43.05,0.50,14.39,61.63,0.3060,0.0,100.0,0.0,0.0,0.0,17661.3,17639.9
512940,5.7780,-43.18,0.50,15.55,57.14,0.3060,0.0,100.0,0.0,0.0,100.0,17665.0,17656.1
513000,5.7787,-43.32,0.50,16.64,53.70,0.3063,0.0,100.0,0.0,0.0,0.0,17692.1,17658.4
513060,5.7793,-43.46,0.50,17.66,50.58,0.3063,0.0,100.0,0.0,0.0,0.0,17693.2,17677.2
513120,5.7800,-43.59,0.50,18.60,47.87,0.3063,0.0,0.0,0.0,0.0,0.0,17671.7,17638.0
513180,5.7807,-43.73,0.50,14.89,59.10,0.3063,0.0,100.0,0.0,0.0,0.0,17710.7,17655.1
513240,5.7814,-43.86,0.50,15.99,55.32,0.3063,0.0,100.0,0.0,0.0,100.0,17692.5,17648.2
513300,5.7820,-44.00,0.50,17.01,52.22,0.3066,0.0,100.0,0.0,0.0,100.0,17660.6,17682.5
513360,5.7827,-44.13,0.50,17.96,49.53,0.3070,0.0,100.0,0.0,0.0,0.0,17699.6,17666.6
513420,5.7834,-44.27,0.50,18.85,47.04,0.3070,0.0,0.0,0.0,0.0,0.0,17669.6,17657.6
513480,5.7841,-44.40,0.50,15.09,58.32,0.3070,0.0,100.0,0.0,0.0,0.0,17643.8,17685.9
513540,5.7847,-44.54,0.50,16.13,54.79,0.3070,0.0,100.0,0.0,0.0,0.0,17676.9,17727.8
513600,5.7854,-44.67,0.50,17.10,51.72,0.3070,0.0,100.0,0.0,0.0,0.0,17676.3,17668.0
513660,5.7861,-44.81,0.50,18.01,49.05,0.3070,0.0,100.0,0.0,0.0,0.0,17655.3,17669.0
513720,5.7868,-44.94,0.50,18.86,46.71,0.3070,0.0,0.0,0.0,0.0,0.0,17624.9,17671.9
513780,5.7874,-45.08,0.50,15.05,58.02,0.3070,0.0,100.0,0.0,0.0,0.0,17665.4,17660.5
513840,5.7881,-45.21,0.50,16.06,54.60,0.3070,0.0,100.0,0.0,0.0,0.0,17662.8,17677.7
513900,5.7888,-45.34,0.50,17.00,51.66,0.3070,0.0,100.0,0.0,0.0,100.0,17713.2,17688.1
513960,5.7895,-45.48,0.50,17.87,49.23,0.3073,0.0,0.0,0.0,0.0,0.0,17658.7,17693.9
514020,5.7901,-45.61,0.50,14.09,60.63,0.3073,0.0,100.0,0.0,0.0,0.0,17672.8,17668.0
514080,5.7908,-45.74,0.50,15.12,56.50,0.3073,0.0,100.0,0.0,0.0,0.0,17639.6,17670.6
514140,5.7915,-45.88,0.50,16.09,53.36,0.3073,0.0,100.0,0.0,0.0,0.0,17655.4,17668.1
514200,5.7922,-46.01,0.50,16.98,50.61,0.3073,0.0,100.0,0.0,0.0,0.0,17613.9,17690.9
514260,5.7928,-46.14,0.50,17.82,48.20,0.3073,0.0,100.0,0.0,0.0,0.0,17681.1,17653.8
514320,5.7935,-46.28,0.50,18.59,46.09,0.3073,0.0,0.0,0.0,0.0,0.0,17687.9,17661.4
514380,5.7942,-46.41,0.50,14.73,57.48,0.3073,0.0,100.0,0.0,0.0,0.0,17686.8,17678.5
514440,5.7949,-46.54,0.50,15.67,54.22,0.3073,0.0,100.0,0.0,0.0,0.0,17676.0,17678.3
514500,5.7956,-46.68,0.50,16.55,51.46,0.3073,0.0,100.0,0.0,0.0,0.0,17695.9,17644.6
514560,5.7962,-46.81,0.50,17.37,49.05,0.3073,0.0,100.0,0.0,0.0,0.0,17672.8,17631.0
514620,5.7969,-46.94,0.50,18.14,46.92,0.3073,0.0,0.0,0.0,0.0,100.0,17671.5,17685.4
514680,5.7976,-47.07,0.50,14.26,58.54,0.3076,0.0,100.0,0.0,0.0,100.0,17702.3,17672.6
514740,5.7983,-47.20,0.50,15.19,55.14,0.3079,0.0,100.0,0.0,0.0,0.0,17678.3,17659.2
514800,5.7989,-47.33,0.50,16.06,52.37,0.3079,0.0,100.0,0.0,0.0,0.0,17688.4,17667.2
514860,5.7996,-47.47,0.50,16.87,49.93,0.3079,0.0,100.0,0.0,0.0,0.0,17685.1,17651.8
514920,5.8003,-47.60,0.50,17.63,47.78,0.3079,0.0,100.0,0.0,0.0,0.0,17637.0,17697.4
514980,5.8010,-47.73,0.50,18.33,45.88,0.3079,0.0,0.0,0.0,0.0,0.0,17683.9,17678.6
515040,5.8016,-47.86,0.50,14.39,57.37,0.3079,0.0,100.0,0.0,0.0,100.0,17673.6,17722.8
515100,5.8023,-47.99,0.50,15.27,54.31,0.3083,0.0,100.0,0.0,0.0,100.0,17689.3,17668.0
515160,5.8030,-48.12,0.50,16.09,51.89,0.3086,0.0,100.0,0.0,0.0,0.0,17663.1,17669.8
515220,5.8037,-48.25,0.50,16.85,49.62,0.3086,0.0,100.0,0.0,0.0,0.0,17677.5,17673.6
515280,5.8043,-48.38,0.50,17.56,47.62,0.3086,0.0,100.0,0.0,0.0,0.0,17678.4,17674.3
515340,5.8050,-48.51,0.50,18.22,45.84,0.3086,0.0,0.0,0.0,0.0,0.0,17660.8,17688.0
515400,5.8057,-48.64,0.50,14.24,57.38,0.3086,0.0,100.0,0.0,0.0,100.0,17653.4,17660.4
515460,5.8064,-48.77,0.50,15.09,54.35,0.3089,0.0,100.0,0.0,0.0,0.0,17646.0,17688.1
515520,5.8070,-48.90,0.50,15.87,51.89,0.3089,0.0,100.0,0.0,0.0,0.0,17666.2,17664.8
515580,5.8077,-49.03,0.50,16.60,49.71,0.3089,0.0,100.0,0.0,0.0,0.0,17652.6,17665.6
515640,5.8084,-49.16,0.50,17.28,47.79,0.3089,0.0,100.0,0.0,0.0,0.0,17654.4,17646.6
515700,5.8091,-49.29,0.50,17.91,46.08,0.3089,0.0,100.0,0.0,0.0,0.0,17655.4,17691.9
515760,5.8097,-49.42,0.50,18.49,44.57,0.3089,0.0,0.0,0.0,0.0,0.0,17686.0,17645.8
515820,5.8104,-49.54,0.50,14.45,56.13,0.3089,0.0,100.0,0.0,0.0,0.0,17691.8,17690.4
515880,5.8111,-49.67,0.50,15.22,53.34,0.3089,0.0,100.0,0.0,0.0,0.0,17672.0,17650.9
515940,5.8118,-49.80,0.50,15.94,51.11,0.3089,0.0,100.0,0.0,0.0,0.0,17674.1,17655.8
516000,5.8124,-49.93,0.50,16.62,49.14,0.3089,0.0,100.0,0.0,0.0,0.0,17681.3,17674.2
516060,5.8131,-50.05,0.50,17.24,47.40,0.3089,0.0,100.0,0.0,0.0,100.0,17680.5,17687.6
516120,5.8138,-50.18,0.50,17.82,46.01,0.3092,0.0,100.0,0.0,0.0,0.0,17700.3,17673.4
516180,5.8145,-50.31,0.50,18.36,44.62,0.3092,0.0,0.0,0.0,100.0,0.0,426.3,17653.2
516240,5.8152,-50.44,0.50,14.26,56.25,0.3092,0.0,100.0,0.0,100.0,0.0,447.9,17757.7
516300,5.8158,-50.56,0.50,15.00,53.46,0.3092,0.0,100.0,0.0,100.0,0.0,441.9,17808.4
516360,5.8165,-50.69,0.50,15.68,51.35,0.3092,0.0,100.0,0.0,100.0,0.0,419.0,17834.0
516420,5.8172,-50.81,0.50,16.31,49.48,0.3092,0.0,100.0,0.0,100.0,0.0,448.4,17864.1
516480,5.8179,-50.94,0.50,16.90,47.82,0.3092,0.0,100.0,0.0,100.0,0.0,428.4,17969.0
516540,5.8185,-51.07,0.50,17.45,46.34,0.3092,0.0,100.0,0.0,100.0,100.0,449.7,17980.6
516600,5.8192,-51.19,0.50,17.96,45.19,0.3095,0.0,100.0,0.0,100.0,100.0,436.8,18121.5
516660,5.8199,-51.32,0.50,18.43,44.17,0.3099,0.0,0.0,0.0,100.0,0.0,432.0,18165.3
516720,5.8206,-51.44,0.50,14.27,55.85,0.3099,0.0,100.0,0.0,100.0,0.0,468.6,18196.8
516780,5.8212,-51.57,0.50,14.94,53.22,0.3099,0.0,100.0,0.0,100.0,0.0,437.6,18264.6
516840,5.8219,-51.69,0.50,15.57,51.24,0.3099,0.0,100.0,0.0,100.0,0.0,477.3,18336.7
516900,5.8226,-51.81,0.50,16.15,49.53,0.3099,0.0,100.0,0.0,100.0,0.0,418.6,18389.2
516960,5.8233,-51.94,0.50,16.69,48.00,0.3099,0.0,100.0,0.0,100.0,0.0,457.7,18447.6
517020,5.8239,-52.06,0.50,17.19,46.65,0.3099,0.0,100.0,0.0,100.0,0.0,463.7,18507.0
517080,5.8246,-52.18,0.50,17.66,45.44,0.3099,0.0,100.0,0.0,100.0,0.0,407.5,18562.2
517140,5.8253,-52.31,0.50,18.08,44.36,0.3099,0.0,0.0,0.0,100.0,0.0,437.1,18611.6
517200,5.8260,-52.43,0.50,13.89,56.11,0.3098,0.0,100.0,0.0,100.0,0.0,435.6,18669.3
517260,5.8266,-52.55,0.50,14.53,53.44,0.3098,0.0,100.0,0.0,100.0,0.0,435.3,18710.9
517320,5.8273,-52.67,0.50,15.12,51.42,0.3098,0.0,100.0,0.0,100.0,0.0,417.5,18813.0
517380,5.8280,-52.80,0.50,15.67,49.79,0.3098,0.0,100.0,0.0,100.0,0.0,405.5,18868.7
517440,5.8287,-52.92,0.50,16.18,48.34,0.3098,0.0,100.0,0.0,100.0,0.0,442.3,18915.0
517500,5.8293,-53.04,0.50,16.65,47.05,0.3098,0.0,100.0,0.0,100.0,0.0,421.6,19030.0
517560,5.8300,-53.16,0.50,17.09,45.90,0.3098,0.0,100.0,0.0,100.0,0.0,466.7,19063.3
517620,5.8307,-53.28,0.50,17.49,44.86,0.3098,0.0,100.0,0.0,100.0,0.0,419.5,19098.8
517680,5.8314,-53.40,0.50,17.87,43.94,0.3098,0.0,100.0,0.0,100.0,0.0,455.5,19157.9
517740,5.8320,-53.52,0.50,18.21,43.12,0.3098,0.0,0.0,0.0,100.0,0.0,434.2,19250.9
517800,5.8327,-53.64,0.50,13.93,54.90,0.3098,0.0,100.0,0.0,100.0,0.0,478.3,19261.5
517860,5.8334,-53.76,0.50,14.50,52.57,0.3098,0.0,100.0,0.0,100.0,0.0,467.4,19375.7
517920,5.8341,-53.88,0.50,15.02,50.80,0.3098,0.0,100.0,0.0,100.0,0.0,420.2,19422.1
517980,5.8348,-54.00,0.50,15.50,49.39,0.3098,0.0,100.0,0.0,100.0,0.0,406.6,19481.0
518040,5.8354,-54.12,0.50,15.95,48.13,0.3098,0.0,100.0,0.0,100.0,0.0,472.5,19534.8
518100,5.8361,-54.24,0.50,16.37,47.01,0.3098,0.0,100.0,0.0,100.0,0.0,429.7,19596.9
518160,5.8368,-54.36,0.50,16.75,46.00,0.3098,0.0,100.0,0.0,100.0,0.0,431.7,19652.9
518220,5.8375,-54.47,0.50,17.10,45.10,0.3098,0.0,100.0,0.0,100.0,0.0,434.4,19697.5
518280,5.8381,-54.59,0.50,17.43,44.30,0.3098,0.0,100.0,0.0,100.0,0.0,435.4,19792.9
518340,5.8388,-54.71,0.50,17.73,43.59,0.3098,0.0,100.0,0.0,100.0,0.0,462.5,19838.0
518400,5.8395,-54.82,0.50,18.00,42.95,0.3098,0.0,0.0,0.0,100.0,0.0,457.6,19874.6
518460,5.8402,-54.94,0.50,13.66,54.81,0.3098,0.0,100.0,0.0,100.0,0.0,446.8,19945.6
518520,5.8408,-55.06,0.50,14.16,52.55,0.3098,0.0,100.0,0.0,100.0,0.0,430.9,20018.1
518580,5.8415,-55.17,0.50,14.63,50.82,0.3098,0.0,100.0,0.0,100.0,0.0,413.1,19974.0
518640,5.8422,-55.29,0.50,15.06,49.51,0.3098,0.0,100.0,0.0,100.0,0.0,421.0,19992.1
518700,5.8429,-55.40,0.50,15.46,48.39,0.3098,0.0,100.0,0.0,100.0,0.0,453.2,19996.6
518760,5.8435,-55.52,0.50,15.83,47.39,0.3098,0.0,100.0,0.0,100.0,0.0,397.2,19993.5
518820,5.8442,-55.63,0.50,16.17,46.50,0.3098,0.0,100.0,0.0,100.0,0.0,413.7,19997.4
518880,5.8449,-55.75,0.50,16.48,45.70,0.3098,0.0,100.0,0.0,100.0,0.0,431.1,20009.7
518940,5.8456,-55.86,0.50,16.76,44.99,0.3098,0.0,100.0,0.0,100.0,0.0,431.8,20016.5
519000,5.8462,-55.98,0.50,17.03,44.35,0.3098,0.0,100.0,0.0,100.0,0.0,447.6,19999.5
519060,5.8469,-56.09,0.50,17.27,43.78,0.3098,0.0,100.0,0.0,100.0,0.0,439.1,20018.0
519120,5.8476,-56.20,0.50,17.49,43.28,0.3098,0.0,100.0,0.0,100.0,0.0,463.0,19981.4
519180,5.8483,-56.32,0.50,17.69,42.84,0.3098,0.0,100.0,0.0,100.0,0.0,454.9,19995.0
519240,5.8489,-56.43,0.50,17.87,42.44,0.3098,0.0,100.0,0.0,100.0,0.0,403.5,19999.3
519300,5.8496,-56.54,0.50,18.03,42.10,0.3098,0.0,0.0,0.0,100.0,0.0,442.0,19965.4
519360,5.8503,-56.65,0.50,13.59,54.04,0.3098,0.0,100.0,0.0,100.0,100.0,441.5,20000.9
519420,5.8510,-56.76,0.50,13.99,52.19,0.3101,0.0,100.0,0.0,100.0,0.0,388.8,19991.4
519480,5.8516,-56.87,0.50,14.37,50.62,0.3101,0.0,100.0,0.0,100.0,100.0,448.1,20024.8
519540,5.8523,-56.98,0.50,14.71,49.56,0.3104,0.0,100.0,0.0,100.0,0.0,450.7,20003.7
519600,5.8530,-57.10,0.50,15.03,48.61,0.3104,0.0,100.0,0.0,100.0,0.0,451.6,19976.0
519660,5.8537,-57.21,0.50,15.32,47.82,0.3104,0.0,100.0,0.0,100.0,0.0,438.8,20006.1
519720,5.8544,-57.31,0.50,15.59,47.12,0.3104,0.0,100.0,0.0,100.0,0.0,422.8,19997.7
519780,5.8550,-57.42,0.50,15.84,46.49,0.3104,0.0,100.0,0.0,100.0,0.0,460.8,20022.9
519840,5.8557,-57.53,0.50,16.07,45.93,0.3104,0.0,100.0,0.0,100.0,0.0,423.8,20028.9
519900,5.8564,-57.64,0.50,16.27,45.44,0.3104,0.0,100.0,0.0,100.0,0.0,408.8,19999.4
519960,5.8571,-57.75,0.50,16.46,45.00,0.3104,0.0,100.0,0.0,100.0,0.0,459.1,19993.2
520020,5.8577,-57.86,0.50,16.63,44.61,0.3104,0.0,100.0,0.0,100.0,0.0,439.3,19945.8
520080,5.8584,-57.96,0.50,16.78,44.27,0.3104,0.0,100.0,0.0,100.0,100.0,422.5,19991.9
520140,5.8591,-58.07,0.50,16.92,44.16,0.3108,0.0,100.0,0.0,100.0,0.0,418.6,20003.2
520200,5.8598,-58.18,0.50,17.04,43.91,0.3108,0.0,100.0,0.0,100.0,0.0,434.8,20009.1
520260,5.8604,-58.28,0.50,17.15,43.69,0.3108,0.0,100.0,0.0,100.0,0.0,417.3,20028.7
520320,5.8611,-58.39,0.50,17.25,43.51,0.3108,0.0,100.0,0.0,100.0,0.0,441.0,19995.1
520380,5.8618,-58.50,0.50,17.33,43.36,0.3108,0.0,100.0,0.0,100.0,0.0,441.5,20035.8
520440,5.8625,-58.60,0.50,17.40,43.24,0.3108,0.0,100.0,0.0,100.0,0.0,437.6,19980.6
520500,5.8631,-58.71,0.50,17.47,43.15,0.3108,0.0,100.0,0.0,100.0,0.0,414.4,20002.1
520560,5.8638,-58.81,0.50,17.52,43.08,0.3108,0.0,100.0,0.0,100.0,0.0,430.0,20016.6
520620,5.8645,-58.91,0.50,17.56,43.04,0.3107,0.0,100.0,0.0,100.0,0.0,447.6,19984.6
520680,5.8652,-59.02,0.50,17.60,43.02,0.3107,0.0,100.0,0.0,100.0,0.0,462.5,20005.7
520740,5.8658,-59.12,0.50,17.62,43.02,0.3107,0.0,100.0,0.0,100.0,0.0,405.0,20017.8
520800,5.8665,-59.22,0.50,17.64,43.04,0.3107,0.0,100.0,0.0,100.0,0.0,468.2,20002.7
520860,5.8672,-59.33,0.50,17.65,43.08,0.3107,0.0,100.0,0.0,100.0,0.0,442.0,19990.7
520920,5.8679,-59.43,0.50,17.66,43.14,0.3107,0.0,100.0,0.0,100.0,0.0,431.2,19989.1
520980,5.8685,-59.53,0.50,17.66,43.21,0.3107,0.0,100.0,0.0,100.0,0.0,422.2,20015.9
521040,5.8692,-59.63,0.50,17.65,43.30,0.3107,0.0,100.0,0.0,100.0,0.0,416.4,19993.0
521100,5.8699,-59.73,0.50,17.64,43.40,0.3107,0.0,100.0,0.0,100.0,0.0,442.2,19995.0
521160,5.8706,-59.83,0.50,17.62,43.51,0.3107,0.0,100.0,0.0,100.0,0.0,442.5,20034.3
521220,5.8712,-59.93,0.50,17.59,43.64,0.3107,0.0,100.0,0.0,100.0,0.0,450.6,19998.3
521280,5.8719,-60.03,0.50,17.57,43.78,0.3107,0.0,100.0,0.0,100.0,0.0,444.8,20008.6
521340,5.8726,-60.13,0.50,17.53,43.93,0.3107,0.0,100.0,0.0,100.0,0.0,430.2,19962.8
521400,5.8733,-60.23,0.50,17.50,44.09,0.3107,0.0,100.0,0.0,100.0,100.0,406.6,19987.1
521460,5.8740,-60.33,0.50,17.46,44.44,0.3111,0.0,100.0,0.0,100.0,0.0,447.1,19997.2
521520,5.8746,-60.43,0.50,17.42,44.62,0.3111,0.0,100.0,0.0,100.0,0.0,449.1,20013.6
521580,5.8753,-60.52,0.50,17.37,44.82,0.3111,0.0,100.0,0.0,100.0,100.0,456.5,19972.9
521640,5.8760,-60.62,0.50,17.32,45.19,0.3114,0.0,100.0,0.0,100.0,0.0,472.0,19984.5
521700,5.8767,-60.72,0.50,17.27,45.40,0.3114,0.0,100.0,0.0,100.0,0.0,458.6,19972.8
521760,5.8773,-60.81,0.50,17.21,45.62,0.3114,0.0,100.0,0.0,100.0,0.0,450.9,19999.0
521820,5.8780,-60.91,0.50,17.16,45.84,0.3114,0.0,100.0,0.0,100.0,0.0,396.9,19994.2
521880,5.8787,-61.01,0.50,17.10,46.05,0.3114,0.0,100.0,0.0,100.0,0.0,452.9,19995.7
521940,5.8794,-61.10,0.50,17.03,46.22,0.3114,0.0,100.0,0.0,100.0,100.0,450.1,19989.7
522000,5.8800,-61.20,0.50,16.97,46.50,0.3117,0.0,100.0,0.0,100.0,0.0,414.4,20004.4
522060,5.8807,-61.29,0.50,16.90,46.58,0.3117,0.0,100.0,0.0,100.0,0.0,446.1,20031.7
522120,5.8814,-61.38,0.50,16.84,46.65,0.3117,0.0,100.0,0.0,100.0,0.0,431.1,19979.5
522180,5.8821,-61.48,0.50,16.77,46.71,0.3117,0.0,100.0,0.0,100.0,0.0,413.6,19998.0
522240,5.8827,-61.57,0.50,16.70,46.75,0.3117,0.0,100.0,0.0,100.0,0.0,503.0,19981.4
522300,5.8834,-61.66,0.50,16.63,46.78,0.3117,0.0,100.0,0.0,100.0,0.0,441.5,20008.2
522360,5.8841,-61.76,0.50,16.55,46.81,0.3117,0.0,100.0,0.0,100.0,0.0,446.5,20013.6
522420,5.8848,-61.85,0.50,16.48,46.83,0.3117,0.0,100.0,0.0,100.0,0.0,430.0,19972.0
522480,5.8854,-61.94,0.50,16.41,46.84,0.3117,0.0,100.0,0.0,100.0,100.0,463.7,20019.2
522540,5.8861,-62.03,0.50,16.33,46.99,0.3120,0.0,100.0,0.0,100.0,0.0,460.4,20006.6
522600,5.8868,-62.12,0.50,16.25,46.97,0.3120,0.0,100.0,0.0,100.0,100.0,428.2,19961.3
522660,5.8875,-62.21,0.50,16.18,47.10,0.3123,0.0,100.0,0.0,100.0,100.0,440.4,19988.7
522720,5.8881,-62.30,0.50,16.10,47.20,0.3127,0.0,100.0,0.0,100.0,0.0,458.6,19973.5
522780,5.8888,-62.39,0.50,16.02,47.13,0.3127,0.0,100.0,0.0,100.0,0.0,440.2,20000.5
522840,5.8895,-62.48,0.50,15.94,47.07,0.3127,0.0,100.0,0.0,100.0,100.0,467.2,19990.4
522900,5.8902,-62.56,0.50,15.86,47.17,0.3130,0.0,100.0,0.0,100.0,0.0,476.1,19981.7
522960,5.8908,-62.65,0.50,15.78,47.10,0.3130,0.0,100.0,0.0,100.0,0.0,443.1,19998.3
523020,5.8915,-62.74,0.50,15.70,47.03,0.3130,0.0,100.0,0.0,100.0,0.0,417.8,19970.7
523080,5.8922,-62.83,0.50,15.62,46.98,0.3130,0.0,100.0,0.0,100.0,0.0,442.1,19991.3
523140,5.8929,-62.91,0.50,15.54,46.93,0.3130,0.0,100.0,0.0,100.0,0.0,465.2,19966.1
523200,5.8936,-63.00,0.50,15.45,46.88,0.3130,0.0,100.0,0.0,100.0,0.0,437.1,20020.8
523260,5.8942,-63.08,0.50,15.37,46.84,0.3130,0.0,100.0,0.0,100.0,0.0,439.5,20004.0
523320,5.8949,-63.17,0.50,15.29,46.81,0.3130,0.0,100.0,0.0,100.0,0.0,437.7,19981.2
523380,5.8956,-63.25,0.50,15.21,46.77,0.3130,0.0,100.0,0.0,100.0,0.0,420.9,19993.3
523440,5.8963,-63.34,0.50,15.13,46.74,0.3130,0.0,100.0,0.0,100.0,0.0,450.4,20035.6
523500,5.8969,-63.42,0.50,15.04,46.71,0.3130,0.0,100.0,0.0,100.0,0.0,432.1,19994.2
523560,5.8976,-63.50,0.50,14.96,46.68,0.3130,0.0,100.0,0.0,100.0,0.0,436.3,20037.5
523620,5.8983,-63.59,0.50,14.88,46.66,0.3130,0.0,100.0,0.0,100.0,100.0,445.6,19996.3
523680,5.8990,-63.67,0.50,14.80,46.80,0.3133,0.0,100.0,0.0,100.0,0.0,421.2,20002.5
523740,5.8996,-63.75,0.50,14.71,46.74,0.3133,0.0,100.0,0.0,100.0,0.0,440.9,20027.0
523800,5.9003,-63.83,0.50,14.63,46.69,0.3133,0.0,100.0,0.0,100.0,100.0,439.5,19983.0
523860,5.9010,-63.91,0.50,14.55,46.81,0.3136,0.0,100.0,0.0,100.0,0.0,409.7,19999.2
523920,5.9017,-63.99,0.50,14.47,46.74,0.3136,0.0,100.0,0.0,100.0,100.0,445.3,19993.7
523980,5.9023,-64.07,0.50,14.38,46.85,0.3140,0.0,100.0,0.0,100.0,0.0,445.9,19996.1
524040,5.9030,-64.15,0.50,14.30,46.77,0.3140,0.0,100.0,0.0,100.0,0.0,427.9,19960.5
524100,5.9037,-64.23,0.50,14.22,46.69,0.3140,0.0,100.0,0.0,100.0,0.0,422.0,19989.5
524160,5.9044,-64.31,0.50,14.14,46.63,0.3140,0.0,100.0,0.0,100.0,0.0,419.4,19996.1
524220,5.9050,-64.38,0.50,14.06,46.57,0.3139,0.0,100.0,0.0,100.0,0.0,409.5,20008.9
524280,5.9057,-64.46,0.50,13.98,46.52,0.3139,0.0,100.0,0.0,100.0,0.0,448.5,20026.5
524340,5.9064,-64.54,0.50,13.90,46.48,0.3139,0.0,100.0,0.0,100.0,0.0,463.1,19995.4
524400,5.9071,-64.62,0.50,13.82,46.43,0.3139,0.0,100.0,0.0,100.0,0.0,417.1,19983.0
524460,5.9077,-64.69,0.50,13.74,46.40,0.3139,0.0,100.0,0.0,100.0,100.0,466.4,19990.9
524520,5.9084,-64.77,0.50,13.66,46.54,0.3143,0.0,100.0,0.0,100.0,0.0,448.2,19988.8
524580,5.9091,-64.84,0.50,13.58,46.47,0.3143,0.0,100.0,0.0,100.0,100.0,432.0,19962.6
524640,5.9098,-64.92,0.50,13.50,46.60,0.3146,0.0,100.0,0.0,100.0,0.0,472.4,20013.1
524700,5.9104,-64.99,0.50,13.42,46.51,0.3146,0.0,100.0,0.0,100.0,0.0,442.5,20039.5
524760,5.9111,-65.06,0.50,13.34,46.44,0.3146,0.0,100.0,0.0,100.0,0.0,457.3,19974.5
524820,5.9118,-65.14,0.50,13.26,46.38,0.3146,0.0,100.0,0.0,100.0,0.0,437.4,20023.9
524880,5.9125,-65.21,0.50,13.18,46.32,0.3146,0.0,100.0,0.0,100.0,0.0,404.4,20023.3
524940,5.9132,-65.28,0.50,13.11,46.27,0.3146,0.0,100.0,0.0,100.0,0.0,455.0,19991.9
525000,5.9138,-65.35,0.50,13.03,46.23,0.3146,0.0,100.0,0.0,100.0,0.0,412.8,20014.8
525060,5.9145,-65.42,0.50,12.95,46.19,0.3146,0.0,100.0,0.0,100.0,0.0,472.9,19974.1
525120,5.9152,-65.49,0.50,12.88,46.15,0.3146,0.0,100.0,0.0,100.0,100.0,406.9,20001.6
525180,5.9159,-65.56,0.50,12.80,46.30,0.3149,0.0,100.0,0.0,100.0,0.0,447.2,20001.2
525240,5.9165,-65.63,0.50,12.72,46.24,0.3149,0.0,100.0,0.0,100.0,0.0,418.6,19959.8
525300,5.9172,-65.70,0.50,12.65,46.18,0.3149,0.0,100.0,0.0,100.0,0.0,398.7,20020.2
525360,5.9179,-65.77,0.50,12.57,46.13,0.3149,0.0,100.0,0.0,100.0,0.0,414.8,19981.0
525420,5.9186,-65.84,0.50,12.50,46.08,0.3149,0.0,100.0,0.0,100.0,0.0,440.6,20017.9
525480,5.9192,-65.90,0.50,12.43,46.04,0.3149,0.0,100.0,0.0,100.0,0.0,430.6,19984.5
525540,5.9199,-65.97,0.50,12.35,46.00,0.3149,0.0,100.0,0.0,100.0,0.0,467.9,20001.6
525600,5.9206,-66.04,0.50,12.28,45.96,0.3149,0.0,100.0,0.0,100.0,0.0,450.3,20015.3
525660,5.9213,-66.10,0.50,12.21,45.93,0.3149,0.0,100.0,0.0,100.0,0.0,442.2,19978.8
525720,5.9219,-66.17,0.50,12.13,45.90,0.3149,0.0,100.0,0.0,100.0,0.0,421.4,19986.6
525780,5.9226,-66.23,0.50,12.06,45.87,0.3149,0.0,100.0,0.0,100.0,0.0,410.1,19995.7
525840,5.9233,-66.30,0.50,11.99,45.84,0.3149,0.0,100.0,0.0,100.0,0.0,406.7,20003.5
525900,5.9240,-66.36,0.50,11.92,45.82,0.3149,0.0,100.0,0.0,100.0,0.0,405.8,19988.3
525960,5.9246,-66.42,0.50,11.85,45.79,0.3149,0.0,100.0,0.0,100.0,0.0,445.3,20001.9
526020,5.9253,-66.49,0.50,11.78,45.77,0.3149,0.0,100.0,0.0,100.0,0.0,416.3,19999.8
526080,5.9260,-66.55,0.50,11.71,45.75,0.3149,0.0,100.0,0.0,100.0,0.0,447.7,19971.0
526140,5.9267,-66.61,0.50,11.64,45.72,0.3149,0.0,100.0,0.0,100.0,0.0,445.0,19987.7
526200,5.9273,-66.67,0.50,11.57,45.70,0.3149,0.0,100.0,0.0,100.0,0.0,450.0,19992.4
526260,5.9280,-66.73,0.50,11.50,45.68,0.3149,0.0,100.0,0.0,100.0,0.0,406.6,20014.0
526320,5.9287,-66.79,0.50,11.44,45.65,0.3149,0.0,100.0,0.0,100.0,0.0,462.9,20002.6
526380,5.9294,-66.85,0.50,11.37,45.63,0.3149,0.0,100.0,0.0,100.0,0.0,439.8,20006.6
526440,5.9300,-66.91,0.50,11.30,45.61,0.3149,0.0,100.0,0.0,100.0,0.0,450.0,19996.3
526500,5.9307,-66.97,0.50,11.24,45.59,0.3149,0.0,100.0,0.0,100.0,0.0,455.6,19967.7
526560,5.9314,-67.03,0.50,11.17,45.57,0.3149,0.0,100.0,0.0,100.0,0.0,400.0,19946.3
526620,5.9321,-67.08,0.50,11.11,45.55,0.3149,0.0,100.0,0.0,100.0,0.0,452.7,20030.4
526680,5.9328,-67.14,0.50,11.04,45.53,0.3149,0.0,100.0,0.0,100.0,0.0,446.1,19983.3
526740,5.9334,-67.20,0.50,10.98,45.51,0.3149,0.0,100.0,0.0,100.0,0.0,459.2,20020.3
526800,5.9341,-67.25,0.50,10.91,45.49,0.3149,0.0,100.0,0.0,100.0,0.0,416.2,20020.7
526860,5.9348,-67.31,0.50,10.85,45.47,0.3149,0.0,100.0,0.0,100.0,0.0,486.8,19998.9
526920,5.9355,-67.36,0.50,10.79,45.45,0.3149,0.0,100.0,0.0,100.0,0.0,460.5,20008.4
526980,5.9361,-67.42,0.50,10.73,45.43,0.3149,0.0,100.0,0.0,100.0,0.0,441.1,20015.3
527040,5.9368,-67.47,0.50,10.66,45.41,0.3149,0.0,100.0,0.0,100.0,0.0,462.7,20012.3
527100,5.9375,-67.52,0.50,10.60,45.39,0.3149,0.0,100.0,0.0,100.0,0.0,452.2,19993.1
527160,5.9382,-67.58,0.50,10.54,45.37,0.3149,0.0,100.0,0.0,100.0,0.0,433.0,19958.2
527220,5.9388,-67.63,0.50,10.48,45.35,0.3149,0.0,100.0,0.0,100.0,0.0,445.3,20015.9
527280,5.9395,-67.68,0.50,10.42,45.33,0.3149,0.0,100.0,0.0,100.0,0.0,420.3,19994.3
527340,5.9402,-67.73,0.50,10.36,45.32,0.3149,0.0,100.0,0.0,100.0,0.0,428.5,20000.2
527400,5.9409,-67.78,0.50,10.30,45.30,0.3149,0.0,100.0,0.0,100.0,0.0,418.1,20001.3
527460,5.9415,-67.83,0.50,10.25,45.28,0.3149,0.0,100.0,0.0,100.0,0.0,413.8,19994.2
527520,5.9422,-67.88,0.50,10.19,45.26,0.3148,0.0,100.0,0.0,100.0,0.0,431.4,19983.9
527580,5.9429,-67.93,0.50,10.13,45.24,0.3148,0.0,100.0,0.0,100.0,0.0,443.7,19984.7
527640,5.9436,-67.98,0.50,10.08,45.22,0.3148,0.0,100.0,0.0,100.0,0.0,406.7,20025.3
527700,5.9442,-68.03,0.50,10.02,45.21,0.3148,0.0,100.0,0.0,100.0,0.0,422.7,20024.2
527760,5.9449,-68.07,0.50,9.96,45.19,0.3148,0.0,100.0,0.0,100.0,0.0,421.0,19987.0
527820,5.9456,-68.12,0.50,9.91,45.17,0.3148,0.0,100.0,0.0,100.0,0.0,409.6,20002.6
527880,5.9463,-68.17,0.50,9.85,45.15,0.3148,0.0,100.0,0.0,100.0,0.0,458.0,19989.9
527940,5.9469,-68.21,0.50,9.80,45.14,0.3148,0.0,100.0,0.0,100.0,0.0,416.9,19973.2
528000,5.9476,-68.26,0.50,9.75,45.12,0.3148,0.0,100.0,0.0,100.0,0.0,447.9,19982.1
528060,5.9483,-68.30,0.50,9.69,45.10,0.3148,0.0,100.0,0.0,100.0,0.0,420.4,19995.9
528120,5.9490,-68.34,0.50,9.64,45.08,0.3148,0.0,100.0,0.0,100.0,100.0,439.9,20019.2
528180,5.9496,-68.39,0.50,9.59,45.30,0.3152,0.0,100.0,0.0,100.0,0.0,429.2,19992.5
528240,5.9503,-68.43,0.50,9.54,45.24,0.3152,0.0,100.0,0.0,100.0,0.0,397.4,20023.8
528300,5.9510,-68.47,0.50,9.49,45.19,0.3152,0.0,100.0,0.0,100.0,0.0,436.4,19972.9
528360,5.9517,-68.51,0.50,9.44,45.15,0.3152,0.0,100.0,0.0,100.0,0.0,425.8,20021.2
528420,5.9524,-68.55,0.50,9.39,45.11,0.3152,0.0,100.0,0.0,100.0,0.0,438.6,19993.6
528480,5.9530,-68.59,0.50,9.34,45.07,0.3152,0.0,100.0,0.0,100.0,0.0,396.6,20032.2
528540,5.9537,-68.63,0.50,9.29,45.04,0.3152,0.0,100.0,0.0,100.0,0.0,431.4,20008.7
528600,5.9544,-68.67,0.50,9.24,45.01,0.3151,0.0,100.0,0.0,100.0,0.0,451.2,19980.2
528660,5.9551,-68.71,0.50,9.20,44.99,0.3151,0.0,100.0,0.0,100.0,0.0,426.8,20024.6
528720,5.9557,-68.75,0.50,9.15,44.96,0.3151,0.0,100.0,0.0,100.0,0.0,439.2,20010.8
528780,5.9564,-68.79,0.50,9.10,44.94,0.3151,0.0,100.0,0.0,100.0,0.0,458.7,19986.5
528840,5.9571,-68.83,0.50,9.06,44.92,0.3151,0.0,100.0,0.0,100.0,0.0,426.2,19991.2
528900,5.9578,-68.86,0.50,9.01,44.90,0.3151,0.0,100.0,0.0,100.0,0.0,477.4,19996.7
528960,5.9584,-68.90,0.50,8.97,44.88,0.3151,0.0,100.0,0.0,100.0,0.0,427.9,19966.6
529020,5.9591,-68.93,0.50,8.92,44.86,0.3151,0.0,100.0,0.0,100.0,0.0,422.6,20001.9
529080,5.9598,-68.97,0.50,8.88,44.84,0.3151,0.0,100.0,0.0,100.0,0.0,427.9,19978.6
529140,5.9605,-69.00,0.50,8.84,44.83,0.3151,0.0,100.0,0.0,100.0,0.0,464.7,20016.1
529200,5.9611,-69.04,0.50,8.79,44.81,0.3151,0.0,100.0,0.0,100.0,0.0,433.7,20014.4
529260,5.9618,-69.07,0.50,8.75,44.79,0.3151,0.0,100.0,0.0,100.0,0.0,443.9,19980.4
529320,5.9625,-69.10,0.50,8.71,44.78,0.3151,0.0,100.0,0.0,100.0,0.0,466.2,19987.7
529380,5.9632,-69.13,0.50,8.67,44.76,0.3151,0.0,100.0,0.0,0.0,100.0,19996.9,19978.3
529440,5.9638,-69.16,0.50,8.63,45.00,0.3155,0.0,100.0,0.0,0.0,0.0,20024.4,19985.3
529500,5.9645,-69.20,0.50,8.59,44.94,0.3155,0.0,100.0,0.0,0.0,0.0,20010.8,20027.7
529560,5.9652,-69.23,0.50,8.55,44.89,0.3155,0.0,100.0,0.0,0.0,0.0,19993.6,20005.8
529620,5.9659,-69.26,0.50,8.51,44.84,0.3155,0.0,100.0,0.0,0.0,0.0,20018.3,20034.5
529680,5.9665,-69.28,0.50,8.48,44.81,0.3154,0.0,100.0,0.0,0.0,0.0,20003.2,19976.5
529740,5.9672,-69.31,0.50,8.44,44.77,0.3154,0.0,100.0,0.0,0.0,0.0,20005.5,20020.0
529800,5.9679,-69.34,0.50,8.40,44.74,0.3154,0.0,100.0,0.0,0.0,0.0,19986.3,19980.1
529860,5.9686,-69.37,0.50,8.37,44.72,0.3154,0.0,100.0,0.0,0.0,0.0,20044.1,19965.9
529920,5.9692,-69.40,0.50,8.33,44.69,0.3154,0.0,100.0,0.0,0.0,0.0,19971.7,20002.5
529980,5.9699,-69.42,0.50,8.29,44.67,0.3154,0.0,100.0,0.0,0.0,0.0,20015.1,20013.9
530040,5.9706,-69.45,0.50,8.26,44.65,0.3154,0.0,100.0,0.0,0.0,0.0,19997.7,19979.0
530100,5.9713,-69.47,0.50,8.23,44.63,0.3154,0.0,100.0,0.0,0.0,0.0,20012.8,19988.4
530160,5.9720,-69.50,0.50,8.19,44.61,0.3154,0.0,100.0,0.0,0.0,0.0,19980.3,19982.2
530220,5.9726,-69.52,0.50,8.16,44.60,0.3154,0.0,100.0,0.0,0.0,0.0,19995.5,20030.7
530280,5.9733,-69.54,0.50,8.13,44.58,0.3154,0.0,100.0,0.0,0.0,0.0,20020.3,19965.6
530340,5.9740,-69.57,0.50,8.10,44.57,0.3154,0.0,100.0,0.0,0.0,0.0,20015.0,20007.7
530400,5.9747,-69.59,0.50,8.06,44.55,0.3154,0.0,100.0,0.0,0.0,0.0,19997.5,19959.3
530460,5.9753,-69.61,0.50,8.03,44.54,0.3154,0.0,100.0,0.0,0.0,0.0,20014.6,20029.0
530520,5.9760,-69.63,0.50,8.00,44.53,0.3154,0.0,100.0,0.0,0.0,0.0,19989.4,20007.5
530580,5.9767,-69.65,0.50,7.97,44.51,0.3154,0.0,100.0,0.0,0.0,0.0,19994.6,20011.2
530640,5.9774,-69.67,0.50,7.95,44.50,0.3154,0.0,100.0,0.0,0.0,0.0,20007.6,19994.2
530700,5.9780,-69.69,0.50,7.92,44.49,0.3154,0.0,100.0,0.0,0.0,0.0,20008.7,20003.8
530760,5.9787,-69.71,0.50,7.89,44.48,0.3154,0.0,100.0,0.0,0.0,0.0,20006.6,19984.4
530820,5.9794,-69.73,0.50,7.86,44.47,0.3154,0.0,100.0,0.0,0.0,0.0,20021.1,19974.7
530880,5.9801,-69.75,0.50,7.84,44.46,0.3154,0.0,100.0,0.0,0.0,0.0,20009.4,19994.3
530940,5.9807,-69.76,0.50,7.81,44.45,0.3154,0.0,100.0,0.0,0.0,0.0,20040.8,19988.7
531000,5.9814,-69.78,0.50,7.78,44.44,0.3154,0.0,100.0,0.0,0.0,0.0,19979.2,19997.3
531060,5.9821,-69.79,0.50,7.76,44.43,0.3154,0.0,100.0,0.0,0.0,0.0,20021.6,20031.7
531120,5.9828,-69.81,0.50,7.73,44.42,0.3154,0.0,100.0,0.0,0.0,0.0,19986.0,20035.4
531180,5.9834,-69.82,0.50,7.71,44.41,0.3154,0.0,100.0,0.0,0.0,0.0,19991.0,20031.4
531240,5.9841,-69.84,0.50,7.69,44.40,0.3154,0.0,100.0,0.0,0.0,0.0,20008.4,19994.0
531300,5.9848,-69.85,0.50,7.67,44.39,0.3154,0.0,100.0,0.0,0.0,0.0,20028.6,19997.8
531360,5.9855,-69.86,0.50,7.64,44.38,0.3154,0.0,100.0,0.0,0.0,0.0,20034.2,20010.5
531420,5.9861,-69.88,0.50,7.62,44.37,0.3154,0.0,100.0,0.0,0.0,0.0,20009.4,20000.7
531480,5.9868,-69.89,0.50,7.60,44.36,0.3154,0.0,100.0,0.0,0.0,0.0,19988.6,20019.5
531540,5.9875,-69.90,0.50,7.58,44.35,0.3154,0.0,100.0,0.0,0.0,0.0,19996.8,19998.8
531600,5.9882,-69.91,0.50,7.56,44.34,0.3154,0.0,100.0,0.0,0.0,0.0,19991.5,19991.6
531660,5.9888,-69.92,0.50,7.54,44.33,0.3154,0.0,100.0,0.0,0.0,0.0,19956.5,19969.3
531720,5.9895,-69.93,0.50,7.52,44.32,0.3154,0.0,100.0,0.0,0.0,0.0,19996.3,19977.4
531780,5.9902,-69.94,0.50,7.51,44.32,0.3154,0.0,100.0,0.0,0.0,0.0,19992.5,19978.8
531840,5.9909,-69.95,0.50,7.49,44.31,0.3154,0.0,100.0,0.0,0.0,0.0,19988.8,19993.6
531900,5.9916,-69.95,0.50,7.47,44.30,0.3154,0.0,100.0,0.0,0.0,0.0,19989.2,20016.3
531960,5.9922,-69.96,0.50,7.46,44.29,0.3154,0.0,100.0,0.0,0.0,100.0,20028.4,19942.4
532020,5.9929,-69.97,0.50,7.44,44.56,0.3157,0.0,100.0,0.0,0.0,0.0,20023.7,19998.4
532080,5.9936,-69.97,0.50,7.42,44.50,0.3157,0.0,100.0,0.0,0.0,0.0,19989.7,20011.9
532140,5.9943,-69.98,0.50,7.41,44.45,0.3157,0.0,100.0,0.0,0.0,0.0,20002.3,19985.2
532200,5.9949,-69.98,0.50,7.40,44.41,0.3157,0.0,100.0,0.0,0.0,0.0,20020.1,19967.2
532260,5.9956,-69.99,0.50,7.38,44.38,0.3157,0.0,100.0,0.0,0.0,0.0,19995.2,20003.6
532320,5.9963,-69.99,0.50,7.37,44.35,0.3157,0.0,100.0,0.0,0.0,0.0,19998.0,20002.6
532380,5.9970,-69.99,0.50,7.36,44.32,0.3157,0.0,100.0,0.0,0.0,0.0,20023.7,19964.2
532440,5.9976,-70.00,0.50,7.35,44.30,0.3157,0.0,100.0,0.0,0.0,0.0,20000.8,20001.0
532500,5.9983,-70.00,0.50,7.34,44.28,0.3157,0.0,100.0,0.0,0.0,0.0,20000.9,20047.9
532560,5.9990,-70.00,0.50,7.33,44.27,0.3157,0.0,100.0,0.0,0.0,0.0,20024.4,20001.0
532620,5.9997,-70.00,0.50,7.32,44.25,0.3157,0.0,100.0,0.0,0.0,0.0,20009.9,20001.6
532680,6.0003,-70.00,0.50,7.31,44.24,0.3157,0.0,100.0,0.0,0.0,0.0,20003.6,19995.9
532740,6.0010,-70.00,0.50,7.30,44.23,0.3157,0.0,100.0,0.0,0.0,0.0,20005.8,19986.0
532800,6.0017,-70.00,0.50,7.29,44.22,0.3157,0.0,100.0,0.0,0.0,0.0,19997.0,19991.6
532860,6.0024,-70.00,0.50,7.28,44.21,0.3157,0.0,100.0,0.0,0.0,0.0,20009.1,19992.7
532920,6.0030,-69.99,0.50,7.28,44.20,0.3157,0.0,100.0,0.0,0.0,0.0,20026.0,19996.8
532980,6.0037,-69.99,0.50,7.27,44.19,0.3157,0.0,100.0,0.0,0.0,0.0,20019.3,20008.9
533040,6.0044,-69.99,0.50,7.26,44.19,0.3157,0.0,100.0,0.0,0.0,0.0,20013.6,19969.0
533100,6.0051,-69.98,0.50,7.26,44.18,0.3157,0.0,100.0,0.0,0.0,0.0,20035.4,20040.5
533160,6.0057,-69.98,0.50,7.25,44.17,0.3157,0.0,100.0,0.0,0.0,0.0,19992.7,20000.1
533220,6.0064,-69.97,0.50,7.25,44.17,0.3157,0.0,100.0,0.0,0.0,0.0,20007.5,19980.3
533280,6.0071,-69.97,0.50,7.25,44.16,0.3157,0.0,100.0,0.0,0.0,0.0,19984.3,20010.8
533340,6.0078,-69.96,0.50,7.24,44.16,0.3157,0.0,100.0,0.0,0.0,0.0,19998.2,20009.4
533400,6.0084,-69.95,0.50,7.24,44.15,0.3157,0.0,100.0,0.0,0.0,0.0,20001.5,20001.0
533460,6.0091,-69.95,0.50,7.24,44.15,0.3157,0.0,100.0,0.0,0.0,0.0,19992.3,20010.5
533520,6.0098,-69.94,0.50,7.24,44.14,0.3157,0.0,100.0,0.0,0.0,0.0,19995.2,19985.4
533580,6.0105,-69.93,0.50,7.24,44.14,0.3157,0.0,100.0,0.0,0.0,0.0,20015.2,20020.9
533640,6.0112,-69.92,0.50,7.24,44.14,0.3157,0.0,100.0,0.0,0.0,0.0,20007.6,20018.0
533700,6.0118,-69.91,0.50,7.24,44.13,0.3157,0.0,100.0,0.0,0.0,0.0,19984.3,20013.6
533760,6.0125,-69.90,0.50,7.24,44.13,0.3157,0.0,100.0,0.0,0.0,0.0,20014.2,20010.0
533820,6.0132,-69.89,0.50,7.24,44.12,0.3157,0.0,100.0,0.0,0.0,0.0,19963.3,19990.3
533880,6.0139,-69.88,0.50,7.24,44.12,0.3157,0.0,100.0,0.0,0.0,0.0,19978.8,20011.5
533940,6.0145,-69.86,0.50,7.25,44.12,0.3157,0.0,100.0,0.0,0.0,100.0,19971.4,20001.2
534000,6.0152,-69.85,0.50,7.25,44.39,0.3160,0.0,100.0,0.0,0.0,0.0,20013.2,20011.2
534060,6.0159,-69.84,0.50,7.26,44.34,0.3160,0.0,100.0,0.0,0.0,100.0,20010.2,20036.3
534120,6.0166,-69.82,0.50,7.26,44.57,0.3163,0.0,100.0,0.0,0.0,0.0,19994.4,19985.0
534180,6.0172,-69.81,0.50,7.27,44.48,0.3163,0.0,100.0,0.0,0.0,0.0,19990.9,19988.8
534240,6.0179,-69.79,0.50,7.27,44.41,0.3163,0.0,100.0,0.0,0.0,0.0,19992.5,20023.6
534300,6.0186,-69.78,0.50,7.28,44.35,0.3163,0.0,100.0,0.0,0.0,0.0,19994.2,20028.2
534360,6.0193,-69.76,0.50,7.29,44.31,0.3163,0.0,100.0,0.0,0.0,0.0,19996.0,20048.6
534420,6.0199,-69.75,0.50,7.29,44.27,0.3163,0.0,100.0,0.0,0.0,0.0,20022.1,20025.8
534480,6.0206,-69.73,0.50,7.30,44.23,0.3163,0.0,100.0,0.0,0.0,0.0,19984.9,19984.3
534540,6.0213,-69.71,0.50,7.31,44.21,0.3163,0.0,100.0,0.0,0.0,0.0,19970.7,19972.5
534600,6.0220,-69.69,0.50,7.32,44.19,0.3163,0.0,100.0,0.0,0.0,0.0,19975.8,19973.2
534660,6.0226,-69.67,0.50,7.33,44.17,0.3163,0.0,100.0,0.0,0.0,0.0,19997.9,19998.4
534720,6.0233,-69.65,0.50,7.34,44.15,0.3163,0.0,100.0,0.0,0.0,0.0,20023.8,19987.7
534780,6.0240,-69.63,0.50,7.35,44.14,0.3163,0.0,100.0,0.0,0.0,0.0,20003.4,19998.0
534840,6.0247,-69.61,0.50,7.36,44.13,0.3163,0.0,100.0,0.0,0.0,0.0,20010.9,19979.3
534900,6.0253,-69.59,0.50,7.38,44.13,0.3163,0.0,100.0,0.0,0.0,0.0,19973.3,19989.7
534960,6.0260,-69.57,0.50,7.39,44.12,0.3163,0.0,100.0,0.0,0.0,0.0,20012.8,19983.8
535020,6.0267,-69.54,0.50,7.40,44.11,0.3163,0.0,100.0,0.0,0.0,0.0,20014.5,20016.1
535080,6.0274,-69.52,0.50,7.42,44.11,0.3163,0.0,100.0,0.0,0.0,0.0,19998.1,20013.3
535140,6.0280,-69.50,0.50,7.43,44.11,0.3163,0.0,100.0,0.0,0.0,0.0,20000.6,19988.2
535200,6.0287,-69.47,0.50,7.45,44.10,0.3163,0.0,100.0,0.0,0.0,0.0,20030.4,20024.2
535260,6.0294,-69.45,0.50,7.46,44.10,0.3163,0.0,100.0,0.0,0.0,0.0,19990.0,19992.2
535320,6.0301,-69.42,0.50,7.48,44.10,0.3163,0.0,100.0,0.0,0.0,100.0,19962.4,19982.9
535380,6.0308,-69.40,0.50,7.50,44.37,0.3166,0.0,100.0,0.0,0.0,0.0,19979.9,20014.8
535440,6.0314,-69.37,0.50,7.51,44.32,0.3166,0.0,100.0,0.0,0.0,0.0,19954.8,19983.1
535500,6.0321,-69.34,0.50,7.53,44.28,0.3166,0.0,100.0,0.0,0.0,0.0,19993.7,20028.6
535560,6.0328,-69.31,0.50,7.55,44.25,0.3166,0.0,100.0,0.0,0.0,0.0,19999.0,20022.1
535620,6.0335,-69.28,0.50,7.57,44.22,0.3166,0.0,100.0,0.0,0.0,0.0,20031.1,20008.2
535680,6.0341,-69.26,0.50,7.59,44.20,0.3166,0.0,100.0,0.0,0.0,0.0,19993.2,19999.6
535740,6.0348,-69.23,0.50,7.61,44.18,0.3166,0.0,100.0,0.0,0.0,0.0,20013.2,20013.9
535800,6.0355,-69.20,0.50,7.63,44.17,0.3166,0.0,100.0,0.0,0.0,0.0,20024.6,20019.2
535860,6.0362,-69.16,0.50,7.65,44.16,0.3166,0.0,100.0,0.0,0.0,0.0,19987.0,19975.4
535920,6.0368,-69.13,0.50,7.68,44.15,0.3166,0.0,100.0,0.0,0.0,0.0,19981.2,19983.0
535980,6.0375,-69.10,0.50,7.70,44.15,0.3166,0.0,100.0,0.0,0.0,0.0,19993.0,20023.4
536040,6.0382,-69.07,0.50,7.72,44.14,0.3166,0.0,100.0,0.0,0.0,0.0,20005.7,19982.4
536100,6.0389,-69.04,0.50,7.75,44.14,0.3166,0.0,100.0,0.0,0.0,0.0,19983.4,20029.7
536160,6.0395,-69.00,0.50,7.77,44.14,0.3166,0.0,100.0,0.0,0.0,0.0,20033.8,20032.3
536220,6.0402,-68.97,0.50,7.80,44.14,0.3166,0.0,100.0,0.0,0.0,0.0,20016.1,19977.4
536280,6.0409,-68.93,0.50,7.82,44.14,0.3166,0.0,100.0,0.0,0.0,0.0,19992.6,19992.6
536340,6.0416,-68.90,0.50,7.85,44.14,0.3166,0.0,100.0,0.0,0.0,0.0,20030.9,19985.9
536400,6.0422,-68.86,0.50,7.87,44.14,0.3166,0.0,100.0,0.0,0.0,0.0,20021.7,19979.5
536460,6.0429,-68.83,0.50,7.90,44.14,0.3166,0.0,100.0,0.0,0.0,0.0,20013.2,20015.6
536520,6.0436,-68.79,0.50,7.93,44.14,0.3166,0.0,100.0,0.0,0.0,0.0,19978.6,19969.7
536580,6.0443,-68.75,0.50,7.96,44.15,0.3166,0.0,100.0,0.0,0.0,0.0,20008.8,20014.5
536640,6.0449,-68.71,0.50,7.99,44.15,0.3166,0.0,100.0,0.0,0.0,0.0,20000.7,19974.6
536700,6.0456,-68.67,0.50,8.02,44.15,0.3166,0.0,100.0,0.0,0.0,0.0,20012.8,20015.3
536760,6.0463,-68.63,0.50,8.05,44.16,0.3166,0.0,100.0,0.0,0.0,0.0,20021.5,19976.6
536820,6.0470,-68.59,0.50,8.08,44.16,0.3166,0.0,100.0,0.0,0.0,0.0,19957.7,20005.5
536880,6.0476,-68.55,0.50,8.11,44.17,0.3166,0.0,100.0,0.0,0.0,0.0,19992.8,19988.1
536940,6.0483,-68.51,0.50,8.14,44.17,0.3166,0.0,100.0,0.0,0.0,0.0,19973.0,20008.9
537000,6.0490,-68.47,0.50,8.17,44.18,0.3166,0.0,100.0,0.0,0.0,0.0,20015.5,20001.7
537060,6.0497,-68.43,0.50,8.21,44.18,0.3166,0.0,100.0,0.0,0.0,0.0,19963.3,19990.1
537120,6.0504,-68.39,0.50,8.24,44.19,0.3166,0.0,100.0,0.0,0.0,0.0,20022.1,19992.9
537180,6.0510,-68.34,0.50,8.28,44.19,0.3166,0.0,100.0,0.0,0.0,0.0,20016.7,20043.4
537240,6.0517,-68.30,0.50,8.31,44.20,0.3166,0.0,100.0,0.0,0.0,0.0,19975.1,19998.1
537300,6.0524,-68.26,0.50,8.35,44.20,0.3166,0.0,100.0,0.0,0.0,0.0,19997.3,20003.1
537360,6.0531,-68.21,0.50,8.38,44.21,0.3166,0.0,100.0,0.0,0.0,0.0,20005.9,19989.9
537420,6.0537,-68.17,0.50,8.42,44.21,0.3166,0.0,100.0,0.0,0.0,0.0,19986.2,20025.8
537480,6.0544,-68.12,0.50,8.45,44.22,0.3165,0.0,100.0,0.0,0.0,0.0,20018.1,20030.1
537540,6.0551,-68.07,0.50,8.49,44.23,0.3165,0.0,100.0,0.0,0.0,0.0,20001.2,20025.9
537600,6.0558,-68.03,0.50,8.53,44.23,0.3165,0.0,100.0,0.0,0.0,0.0,19973.4,20009.5
537660,6.0564,-67.98,0.50,8.57,44.24,0.3165,0.0,100.0,0.0,0.0,0.0,20012.6,20030.5
537720,6.0571,-67.93,0.50,8.61,44.25,0.3165,0.0,100.0,0.0,0.0,0.0,20020.3,20008.9
537780,6.0578,-67.88,0.50,8.65,44.25,0.3165,0.0,100.0,0.0,0.0,0.0,19973.8,19972.6
537840,6.0585,-67.83,0.50,8.69,44.26,0.3165,0.0,100.0,0.0,0.0,0.0,20006.7,20029.6
537900,6.0591,-67.78,0.50,8.73,44.27,0.3165,0.0,100.0,0.0,0.0,100.0,19968.7,20023.9
537960,6.0598,-67.73,0.50,8.77,44.52,0.3169,0.0,100.0,0.0,0.0,0.0,19969.1,20003.6
538020,6.0605,-67.68,0.50,8.81,44.48,0.3169,0.0,100.0,0.0,0.0,0.0,19989.3,20019.7
538080,6.0612,-67.63,0.50,8.86,44.45,0.3169,0.0,100.0,0.0,0.0,0.0,20029.9,19982.6
538140,6.0618,-67.58,0.50,8.90,44.43,0.3169,0.0,100.0,0.0,0.0,0.0,20021.8,20010.6
538200,6.0625,-67.52,0.50,8.94,44.41,0.3169,0.0,100.0,0.0,0.0,0.0,19966.0,20016.8
538260,6.0632,-67.47,0.50,8.99,44.40,0.3169,0.0,100.0,0.0,0.0,0.0,19994.6,20033.0
538320,6.0639,-67.42,0.50,9.03,44.39,0.3169,0.0,100.0,0.0,0.0,0.0,20026.0,20005.2
538380,6.0645,-67.36,0.50,9.08,44.39,0.3169,0.0,100.0,0.0,0.0,100.0,19982.6,19998.9
538440,6.0652,-67.31,0.50,9.12,44.63,0.3172,0.0,100.0,0.0,0.0,0.0,19987.5,20042.9
538500,6.0659,-67.25,0.50,9.17,44.58,0.3172,0.0,100.0,0.0,0.0,0.0,19968.7,20009.5
538560,6.0666,-67.20,0.50,9.22,44.55,0.3172,0.0,100.0,0.0,0.0,0.0,20022.4,19990.7
538620,6.0672,-67.14,0.50,9.27,44.52,0.3172,0.0,100.0,0.0,0.0,0.0,20001.8,19980.0
538680,6.0679,-67.08,0.50,9.31,44.50,0.3172,0.0,100.0,0.0,0.0,0.0,19993.8,19968.0
538740,6.0686,-67.03,0.50,9.36,44.48,0.3172,0.0,100.0,0.0,0.0,0.0,19985.5,19998.6
538800,6.0693,-66.97,0.50,9.41,44.46,0.3172,0.0,100.0,0.0,0.0,0.0,20024.7,20052.1
538860,6.0700,-66.91,0.50,9.46,44.44,0.3172,0.0,100.0,0.0,0.0,0.0,20005.5,19977.2
538920,6.0706,-66.85,0.50,9.51,44.41,0.3172,0.0,100.0,0.0,0.0,0.0,20008.4,20011.3
538980,6.0713,-66.79,0.50,9.56,44.38,0.3172,0.0,100.0,0.0,0.0,0.0,19999.8,19988.6
539040,6.0720,-66.73,0.50,9.61,44.36,0.3172,0.0,100.0,0.0,0.0,0.0,19986.1,20003.6
539100,6.0727,-66.67,0.50,9.67,44.33,0.3172,0.0,100.0,0.0,0.0,100.0,19983.3,19992.8
539160,6.0733,-66.61,0.50,9.72,44.58,0.3175,0.0,100.0,0.0,0.0,0.0,19988.4,20018.7
539220,6.0740,-66.55,0.50,9.77,44.55,0.3175,0.0,100.0,0.0,0.0,0.0,20009.0,20018.5
539280,6.0747,-66.49,0.50,9.83,44.51,0.3175,0.0,100.0,0.0,0.0,0.0,19997.9,19998.6
539340,6.0754,-66.42,0.50,9.88,44.47,0.3175,0.0,100.0,0.0,0.0,0.0,20015.4,20009.7
539400,6.0760,-66.36,0.50,9.93,44.43,0.3175,0.0,100.0,0.0,0.0,0.0,20044.8,20023.7
539460,6.0767,-66.30,0.50,9.99,44.39,0.3175,0.0,100.0,0.0,0.0,0.0,19968.3,20005.7
539520,6.0774,-66.23,0.50,10.05,44.34,0.3175,0.0,100.0,0.0,0.0,0.0,20007.8,19987.2
539580,6.0781,-66.17,0.50,10.10,44.30,0.3175,0.0,100.0,0.0,0.0,0.0,20009.0,19968.8
539640,6.0787,-66.10,0.50,10.16,44.25,0.3175,0.0,100.0,0.0,0.0,0.0,19985.2,20001.4
539700,6.0794,-66.04,0.50,10.22,44.20,0.3175,0.0,100.0,0.0,0.0,0.0,19986.0,19982.1
539760,6.0801,-65.97,0.50,10.27,44.15,0.3175,0.0,100.0,0.0,0.0,0.0,19968.4,20004.1
539820,6.0808,-65.90,0.50,10.33,44.10,0.3175,0.0,100.0,0.0,0.0,0.0,20025.8,20012.0
539880,6.0814,-65.84,0.50,10.39,44.05,0.3175,0.0,100.0,0.0,0.0,0.0,19979.6,20032.2
539940,6.0821,-65.77,0.50,10.45,43.99,0.3175,0.0,100.0,0.0,0.0,0.0,19971.4,20007.2
540000,6.0828,-65.70,0.50,10.51,43.94,0.3175,0.0,100.0,0.0,0.0,0.0,19969.5,19996.8
540060,6.0835,-65.63,0.50,10.57,43.88,0.3175,0.0,100.0,0.0,0.0,0.0,19994.2,20007.2
540120,6.0841,-65.56,0.50,10.63,43.82,0.3175,0.0,100.0,0.0,0.0,0.0,19985.5,20002.9
540180,6.0848,-65.49,0.50,10.69,43.76,0.3175,0.0,100.0,0.0,0.0,0.0,20055.9,20031.5
540240,6.0855,-65.42,0.50,10.76,43.70,0.3175,0.0,100.0,0.0,0.0,0.0,19993.4,20039.2
540300,6.0862,-65.35,0.50,10.82,43.63,0.3175,0.0,100.0,0.0,0.0,0.0,19989.6,19991.3
540360,6.0868,-65.28,0.50,10.88,43.57,0.3175,0.0,100.0,0.0,0.0,0.0,19972.7,19978.3
540420,6.0875,-65.21,0.50,10.95,43.50,0.3175,0.0,100.0,0.0,0.0,0.0,19995.9,20010.8
540480,6.0882,-65.14,0.50,11.01,43.44,0.3175,0.0,100.0,0.0,0.0,0.0,20043.6,19986.6
540540,6.0889,-65.06,0.50,11.07,43.37,0.3175,0.0,100.0,0.0,0.0,0.0,19990.2,20017.1
540600,6.0896,-64.99,0.50,11.14,43.30,0.3175,0.0,100.0,0.0,0.0,0.0,20028.7,19967.5
540660,6.0902,-64.92,0.50,11.21,43.22,0.3174,0.0,100.0,0.0,0.0,0.0,20011.0,19969.0
540720,6.0909,-64.84,0.50,11.27,43.15,0.3174,0.0,100.0,0.0,0.0,0.0,19980.7,20016.0
540780,6.0916,-64.77,0.50,11.34,43.08,0.3174,0.0,100.0,0.0,0.0,0.0,19991.3,19972.3
540840,6.0923,-64.69,0.50,11.41,43.00,0.3174,0.0,100.0,0.0,0.0,0.0,19960.1,19994.5
540900,6.0929,-64.62,0.50,11.47,42.92,0.3174,0.0,100.0,0.0,0.0,0.0,20036.2,19980.6
540960,6.0936,-64.54,0.50,11.54,42.85,0.3174,0.0,100.0,0.0,0.0,0.0,19972.7,19977.9
541020,6.0943,-64.46,0.50,11.61,42.77,0.3174,0.0,100.0,0.0,0.0,0.0,19975.5,20005.8
541080,6.0950,-64.38,0.50,11.68,42.69,0.3174,0.0,100.0,0.0,0.0,0.0,20011.6,19978.9
541140,6.0956,-64.31,0.50,11.75,42.60,0.3174,0.0,100.0,0.0,0.0,0.0,20041.7,20016.9
541200,6.0963,-64.23,0.50,11.82,42.52,0.3174,0.0,100.0,0.0,0.0,0.0,20020.5,20007.8
541260,6.0970,-64.15,0.50,11.89,42.44,0.3174,0.0,100.0,0.0,0.0,0.0,19993.1,19998.9
541320,6.0977,-64.07,0.50,11.96,42.35,0.3174,0.0,100.0,0.0,0.0,0.0,19987.6,20001.1
541380,6.0983,-63.99,0.50,12.03,42.27,0.3174,0.0,100.0,0.0,0.0,0.0,20010.1,20017.3
541440,6.0990,-63.91,0.50,12.11,42.18,0.3174,0.0,100.0,0.0,0.0,0.0,19968.7,19978.8
541500,6.0997,-63.83,0.50,12.18,42.09,0.3174,0.0,0.0,0.0,0.0,0.0,20032.5,20003.1
541560,6.1004,-63.75,0.50,7.66,54.46,0.3174,0.0,0.0,0.0,0.0,0.0,19998.4,20027.6
541620,6.1010,-63.67,0.50,3.42,67.72,0.3174,0.0,0.0,0.0,0.0,0.0,19971.9,20001.4
541680,6.1017,-63.59,0.50,-0.57,81.68,0.3174,0.0,0.0,0.0,0.0,0.0,19991.8,19980.4
541740,6.1024,-63.50,0.50,-4.31,96.11,0.3174,0.0,0.0,0.0,0.0,0.0,19971.1,20010.7
541800,6.1031,-63.42,0.50,-7.83,100.00,0.3174,0.0,0.0,0.0,0.0,0.0,20012.4,20003.1
541860,6.1037,-63.34,0.50,-11.13,100.00,0.3174,0.0,0.0,0.0,0.0,0.0,20026.4,19972.3
541920,6.1044,-63.25,0.50,-14.24,100.00,0.3174,0.0,0.0,0.0,0.0,0.0,19968.1,19998.4
541980,6.1051,-63.17,0.50,-17.15,100.00,0.3174,0.0,0.0,0.0,0.0,0.0,19994.2,20011.8
542040,6.1058,-63.08,0.50,-19.88,100.00,0.3174,0.0,0.0,0.0,0.0,0.0,19977.7,20020.2
542100,6.1064,-63.00,0.50,-22.45,100.00,0.3174,0.0,0.0,0.0,0.0,0.0,19981.6,20018.5
542160,6.1071,-62.91,0.50,-24.85,100.00,0.3174,0.0,0.0,0.0,0.0,0.0,19990.1,19999.3
542220,6.1078,-62.83,0.50,-27.11,100.00,0.3174,0.0,0.0,0.0,0.0,0.0,19984.1,19984.3
542280,6.1085,-62.74,0.50,-29.23,100.00,0.3174,0.0,0.0,0.0,0.0,0.0,20008.1,20036.6
542340,6.1092,-62.65,0.50,-31.22,100.00,0.3174,0.0,0.0,0.0,0.0,0.0,19984.2,20015.8
542400,6.1098,-62.56,0.50,-33.09,100.00,0.3174,0.0,0.0,0.0,0.0,0.0,19995.3,19961.7
542460,6.1105,-62.48,0.50,-34.83,100.00,0.3174,0.0,0.0,0.0,0.0,0.0,20002.7,20010.7
542520,6.1112,-62.39,0.50,-36.47,100.00,0.3174,0.0,0.0,0.0,0.0,0.0,19980.5,19980.3
542580,6.1119,-62.30,0.50,-38.01,100.00,0.3174,0.0,0.0,0.0,0.0,0.0,20048.7,20038.1
542640,6.1125,-62.21,0.50,-39.45,100.00,0.3174,0.0,0.0,0.0,0.0,0.0,19980.6,20004.7
542700,6.1132,-62.12,0.50,-40.80,100.00,0.3174,0.0,0.0,0.0,0.0,0.0,20007.5,20012.4
542760,6.1139,-62.03,0.50,-42.06,100.00,0.3174,0.0,0.0,0.0,0.0,0.0,20037.1,20029.3
542820,6.1146,-61.94,0.50,-43.25,100.00,0.3174,0.0,0.0,0.0,0.0,0.0,19983.0,20002.4
542880,6.1152,-61.85,0.50,-44.35,100.00,0.3174,0.0,0.0,0.0,0.0,0.0,19984.8,20008.1
542940,6.1159,-61.76,0.50,-45.39,100.00,0.3174,0.0,0.0,0.0,0.0,0.0,19998.1,19982.0
543000,6.1166,-61.66,0.50,-46.36,100.00,0.3174,0.0,0.0,0.0,0.0,0.0,19992.5,19970.8
543060,6.1173,-61.57,0.50,-47.26,100.00,0.3174,0.0,0.0,0.0,0.0,0.0,19975.4,19994.7
543120,6.1179,-61.48,0.50,-48.11,100.00,0.3174,0.0,0.0,0.0,0.0,0.0,20000.9,19981.7
543180,6.1186,-61.38,0.50,-48.90,100.00,0.3174,0.0,0.0,0.0,0.0,0.0,20007.6,20029.5
543240,6.1193,-61.29,0.50,-49.63,100.00,0.3174,0.0,0.0,0.0,0.0,0.0,19989.5,20021.6
543300,6.1200,-61.20,0.50,-50.32,100.00,0.3174,0.0,0.0,0.0,0.0,0.0,20003.0,19986.8
543360,6.1206,-61.10,0.50,-50.96,100.00,0.3174,0.0,0.0,0.0,0.0,0.0,20025.8,20028.3
543420,6.1213,-61.01,0.50,-51.56,100.00,0.3174,0.0,0.0,0.0,0.0,0.0,19999.7,19972.4
543480,6.1220,-60.91,0.50,-52.12,100.00,0.3174,0.0,0.0,0.0,0.0,0.0,20010.1,19986.6
543540,6.1227,-60.81,0.50,-52.64,100.00,0.3174,0.0,0.0,0.0,0.0,0.0,20016.7,19997.7
543600,6.1233,-60.72,0.50,-53.12,100.00,0.3174,0.0,0.0,0.0,0.0,0.0,19993.0,19968.3
543660,6.1240,-60.62,0.50,-53.56,100.00,0.3174,0.0,0.0,0.0,0.0,0.0,20010.3,19982.1
543720,6.1247,-60.52,0.50,-53.98,100.00,0.3174,0.0,0.0,0.0,0.0,0.0,19961.4,19996.1
543780,6.1254,-60.43,0.50,-54.36,100.00,0.3174,0.0,0.0,0.0,0.0,0.0,19988.4,19994.8
543840,6.1260,-60.33,0.50,-54.72,100.00,0.3174,0.0,0.0,0.0,0.0,0.0,19992.3,19997.9
543900,6.1267,-60.23,0.50,-55.04,100.00,0.3174,0.0,0.0,0.0,0.0,0.0,20030.1,19966.8
543960,6.1274,-60.13,0.50,-55.35,100.00,0.3174,0.0,0.0,0.0,0.0,0.0,19986.4,19973.4
544020,6.1281,-60.03,0.50,-55.63,100.00,0.3174,0.0,0.0,0.0,0.0,0.0,20020.2,20030.5
544080,6.1288,-59.93,0.50,-55.88,100.00,0.3174,0.0,0.0,0.0,0.0,0.0,19998.8,19994.7
544140,6.1294,-59.83,0.50,-56.12,100.00,0.3174,0.0,0.0,0.0,0.0,0.0,19990.5,20004.7
544200,6.1301,-59.73,0.50,-56.33,100.00,0.3174,0.0,0.0,0.0,0.0,0.0,19965.4,19999.8
544260,6.1308,-59.63,0.50,-56.53,100.00,0.3174,0.0,0.0,0.0,0.0,0.0,20009.9,19989.6
544320,6.1315,-59.53,0.50,-56.71,100.00,0.3174,0.0,0.0,0.0,0.0,0.0,19989.5,20013.1
544380,6.1321,-59.43,0.50,-56.87,100.00,0.3174,0.0,0.0,0.0,0.0,0.0,19995.1,20006.1
544440,6.1328,-59.33,0.50,-57.02,100.00,0.3174,0.0,0.0,0.0,0.0,0.0,20014.8,20029.7
544500,6.1335,-59.22,0.50,-57.15,100.00,0.3174,0.0,0.0,0.0,0.0,0.0,20002.9,19980.1
544560,6.1342,-59.12,0.50,-57.26,100.00,0.3174,0.0,0.0,0.0,0.0,0.0,19981.6,19960.8
544620,6.1348,-59.02,0.50,-57.37,100.00,0.3174,0.0,0.0,0.0,0.0,0.0,20039.9,20029.4
544680,6.1355,-58.91,0.50,-57.46,100.00,0.3174,0.0,0.0,0.0,0.0,0.0,20043.8,19997.2
544740,6.1362,-58.81,0.50,-57.54,100.00,0.3174,0.0,0.0,0.0,0.0,0.0,20024.3,20014.0
544800,6.1369,-58.71,0.50,-57.61,100.00,0.3174,0.0,0.0,0.0,0.0,0.0,19948.3,19994.8
544860,6.1375,-58.60,0.50,-57.67,100.00,0.3174,0.0,0.0,0.0,0.0,0.0,19969.9,19971.1
544920,6.1382,-58.50,0.50,-57.72,100.00,0.3174,0.0,0.0,0.0,0.0,0.0,19994.5,20036.4
544980,6.1389,-58.39,0.50,-57.76,100.00,0.3174,0.0,0.0,0.0,0.0,0.0,20007.0,19991.0
545040,6.1396,-58.28,0.50,-57.79,100.00,0.3174,0.0,0.0,0.0,0.0,0.0,19992.3,19992.7
545100,6.1402,-58.18,0.50,-57.81,100.00,0.3174,0.0,0.0,0.0,0.0,0.0,19995.0,20003.3
545160,6.1409,-58.07,0.50,-57.83,100.00,0.3174,0.0,0.0,0.0,0.0,0.0,19956.7,19986.4
545220,6.1416,-57.96,0.50,-57.84,100.00,0.3174,0.0,0.0,0.0,0.0,0.0,20006.7,19988.5
545280,6.1423,-57.86,0.50,-57.84,99.98,0.3174,0.0,0.0,0.0,0.0,0.0,19997.3,20012.5
545340,6.1429,-57.75,0.50,-57.83,99.89,0.3174,0.0,0.0,0.0,0.0,0.0,20018.4,19997.7
545400,6.1436,-57.64,0.50,-57.82,99.72,0.3174,0.0,0.0,0.0,0.0,0.0,19990.4,20015.1
545460,6.1443,-57.53,0.50,-57.80,99.48,0.3174,0.0,0.0,0.0,0.0,0.0,19986.4,19978.7
545520,6.1450,-57.42,0.50,-57.78,99.17,0.3174,0.0,0.0,0.0,0.0,0.0,19979.5,20004.4
545580,6.1456,-57.31,0.50,-57.75,98.81,0.3174,0.0,0.0,0.0,0.0,0.0,20044.1,19992.0
545640,6.1463,-57.21,0.50,-57.72,98.38,0.3174,0.0,0.0,0.0,0.0,0.0,19979.7,20006.9
545700,6.1470,-57.10,0.50,-57.68,97.91,0.3174,0.0,0.0,0.0,0.0,0.0,20010.9,20027.4
545760,6.1477,-56.98,0.50,-57.64,97.38,0.3174,0.0,0.0,0.0,0.0,0.0,19980.7,19991.4
545820,6.1484,-56.87,0.50,-57.60,96.81,0.3174,0.0,0.0,0.0,0.0,0.0,19997.7,19961.7
545880,6.1490,-56.76,0.50,-57.55,96.20,0.3174,0.0,0.0,0.0,0.0,0.0,19963.2,19996.0
545940,6.1497,-56.65,0.50,-57.49,95.54,0.3174,0.0,0.0,0.0,0.0,0.0,20018.1,20005.3
546000,6.1504,-56.54,0.50,-57.44,94.86,0.3174,0.0,0.0,0.0,0.0,0.0,19966.5,20018.3
546060,6.1511,-56.43,0.50,-57.38,94.14,0.3174,0.0,0.0,0.0,0.0,0.0,20008.7,19991.2
546120,6.1517,-56.32,0.50,-57.31,93.39,0.3174,0.0,0.0,0.0,0.0,0.0,19982.7,19977.6
546180,6.1524,-56.20,0.50,-57.25,92.61,0.3174,0.0,0.0,0.0,0.0,0.0,20007.1,20019.2
546240,6.1531,-56.09,0.50,-57.18,91.81,0.3174,0.0,0.0,0.0,0.0,0.0,20003.6,20012.7
546300,6.1538,-55.98,0.50,-57.11,90.99,0.3174,0.0,0.0,0.0,0.0,0.0,20001.2,19989.9
546360,6.1544,-55.86,0.50,-57.03,90.14,0.3174,0.0,0.0,0.0,0.0,0.0,19979.9,19972.6
546420,6.1551,-55.75,0.50,-56.96,89.28,0.3174,0.0,0.0,0.0,0.0,0.0,19985.9,19986.0
546480,6.1558,-55.63,0.50,-56.88,88.41,0.3174,0.0,0.0,0.0,0.0,0.0,19999.6,20013.9
546540,6.1565,-55.52,0.50,-56.80,87.52,0.3174,0.0,0.0,0.0,0.0,0.0,19984.7,20019.1
546600,6.1571,-55.40,0.50,-56.71,86.62,0.3174,0.0,0.0,0.0,0.0,0.0,19993.8,20003.4
546660,6.1578,-55.29,0.50,-56.63,85.71,0.3174,0.0,0.0,0.0,0.0,0.0,20021.9,20014.7
546720,6.1585,-55.17,0.50,-56.54,84.79,0.3174,0.0,0.0,0.0,0.0,0.0,19995.2,19989.8
546780,6.1592,-55.06,0.50,-56.45,83.87,0.3174,0.0,0.0,0.0,0.0,0.0,19988.6,20001.5
546840,6.1598,-54.94,0.50,-56.36,82.94,0.3174,0.0,0.0,0.0,0.0,0.0,20001.6,20021.3
546900,6.1605,-54.82,0.50,-56.27,82.00,0.3174,0.0,0.0,0.0,0.0,0.0,20013.5,20020.5
546960,6.1612,-54.71,0.50,-56.18,81.07,0.3174,0.0,0.0,0.0,0.0,0.0,20023.8,20029.8
547020,6.1619,-54.59,0.50,-56.09,80.12,0.3174,0.0,0.0,0.0,0.0,0.0,19994.9,19953.9
547080,6.1625,-54.47,0.50,-55.99,79.18,0.3174,0.0,0.0,0.0,0.0,0.0,20022.1,19973.0
547140,6.1632,-54.36,0.50,-55.89,78.24,0.3174,0.0,0.0,0.0,0.0,0.0,19981.2,20004.8
547200,6.1639,-54.24,0.50,-55.79,77.30,0.3174,0.0,0.0,0.0,0.0,0.0,19981.4,19964.7
547260,6.1646,-54.12,0.50,-55.69,76.36,0.3174,0.0,0.0,0.0,0.0,0.0,19983.6,20008.3
547320,6.1652,-54.00,0.50,-55.59,75.42,0.3174,0.0,0.0,0.0,0.0,0.0,19976.5,19980.8
547380,6.1659,-53.88,0.50,-55.49,74.49,0.3174,0.0,0.0,0.0,0.0,0.0,20001.4,19999.8
547440,6.1666,-53.76,0.50,-55.39,73.56,0.3174,0.0,0.0,0.0,0.0,0.0,20005.8,19992.1
547500,6.1673,-53.64,0.50,-55.28,72.63,0.3174,0.0,0.0,0.0,0.0,0.0,20006.5,20027.3
547560,6.1680,-53.52,0.50,-55.18,71.71,0.3174,0.0,0.0,0.0,0.0,0.0,19999.6,20028.7
547620,6.1686,-53.40,0.50,-55.07,70.79,0.3174,0.0,0.0,0.0,0.0,0.0,20012.2,20006.3
547680,6.1693,-53.28,0.50,-54.97,69.88,0.3174,0.0,0.0,0.0,0.0,0.0,20013.6,19992.2
547740,6.1700,-53.16,0.50,-54.86,68.97,0.3174,0.0,0.0,0.0,0.0,0.0,20018.3,19986.3
547800,6.1707,-53.04,0.50,-54.75,68.07,0.3174,0.0,0.0,0.0,0.0,0.0,20007.9,20012.3
547860,6.1713,-52.92,0.50,-54.64,67.18,0.3174,0.0,0.0,0.0,0.0,0.0,19979.1,19979.0
547920,6.1720,-52.80,0.50,-54.53,66.29,0.3174,0.0,0.0,0.0,0.0,0.0,20005.0,19987.5
547980,6.1727,-52.67,0.50,-54.42,65.41,0.3174,0.0,0.0,0.0,0.0,0.0,20002.6,19997.4
548040,6.1734,-52.55,0.50,-54.31,64.54,0.3174,0.0,0.0,0.0,0.0,0.0,20020.1,19973.2
548100,6.1740,-52.43,0.50,-54.20,63.68,0.3174,0.0,0.0,0.0,0.0,0.0,19981.7,20050.4
548160,6.1747,-52.31,0.50,-54.09,62.82,0.3174,0.0,0.0,0.0,0.0,0.0,19946.8,20009.5
548220,6.1754,-52.18,0.50,-53.97,61.97,0.3174,0.0,0.0,0.0,0.0,0.0,19986.0,19969.5
548280,6.1761,-52.06,0.50,-53.86,61.13,0.3174,0.0,0.0,0.0,0.0,0.0,20024.2,19985.5
548340,6.1767,-51.94,0.50,-53.74,60.30,0.3174,0.0,0.0,0.0,0.0,0.0,19992.0,19996.0
548400,6.1774,-51.81,0.50,-53.63,59.48,0.3174,0.0,0.0,0.0,0.0,0.0,19969.4,19981.3
548460,6.1781,-51.69,0.50,-53.51,58.66,0.3174,0.0,0.0,0.0,0.0,0.0,19996.5,20023.8
548520,6.1788,-51.57,0.50,-53.40,57.86,0.3174,0.0,0.0,0.0,0.0,0.0,20012.6,20007.3
548580,6.1794,-51.44,0.50,-53.28,57.06,0.3174,0.0,0.0,0.0,0.0,0.0,19995.6,20016.2
548640,6.1801,-51.32,0.50,-53.17,56.27,0.3174,0.0,0.0,0.0,0.0,0.0,19963.6,19998.7
548700,6.1808,-51.19,0.50,-53.05,55.49,0.3174,0.0,0.0,0.0,0.0,0.0,20004.2,19984.4
